{
  "schemaVersion": "1.1.0",
  "id": "account-ownership",
  "providerCode": "FX.OWN.TOTL.ZS",
  "title": "Account ownership at a financial institution or with a mobile-money-service provider (% of population ages 15+)",
  "shortTitle": "Account ownership",
  "category": "development",
  "difficulty": "standard",
  "definition": "Account denotes the percentage of respondents who report having an account (by themselves or together with someone else) at a bank or another type of financial institution or report personally using a mobile money service in the past 12 months (% age 15+).",
  "unit": "percent of population ages 15+",
  "year": 2024,
  "valuesByIso3": {
    "ALB": 46.069250627042,
    "ARG": 81.7442446865007,
    "ARM": 71.3734734683257,
    "AUS": 98.0103778290099,
    "AUT": 99.5084974640411,
    "AZE": 56.3046655573957,
    "BEL": 98.2369093220798,
    "BEN": 51.8432060403598,
    "BFA": 51.4274911911242,
    "BGD": 43.2839733431322,
    "BGR": 84.7243949771558,
    "BIH": 77.4588922946912,
    "BLZ": 67.9682001512007,
    "BOL": 56.849052664469,
    "BRA": 86.3811782311541,
    "BWA": 61.4384690565565,
    "CAN": 98.4047126063262,
    "CHE": 98.412309687795,
    "CHL": 85.0691778196127,
    "CHN": 89.3830319754266,
    "CIV": 57.5676269730853,
    "CMR": 60.8737908565624,
    "COD": 39.2140115142227,
    "COG": 55.5760387811851,
    "COL": 57.0594856281374,
    "CRI": 71.3527070793642,
    "CYP": 96.1259312935907,
    "CZE": 92.2832885462025,
    "DEU": 98.2983235670699,
    "DNK": 98.6505141065248,
    "DOM": 64.777963876998,
    "DZA": 35.2901069097173,
    "ECU": 64.5052103870577,
    "EGY": 43.1134368034247,
    "ESP": 98.3807416463989,
    "EST": 98.9011091256392,
    "ETH": 48.8302767819942,
    "FIN": 99.842681813058,
    "FRA": 99.1902372350206,
    "GAB": 68.1812562934141,
    "GBR": 99.2843092777584,
    "GEO": 78.8236410959339,
    "GHA": 81.2430252454858,
    "GIN": 36.0480250155865,
    "GMB": 38.1609042069027,
    "GRC": 88.5519759112244,
    "GTM": 38.2819483827324,
    "HND": 42.4429707366343,
    "HRV": 92.6404988027313,
    "HUN": 86.9605630769545,
    "IDN": 56.3278493718021,
    "IND": 89.0248224502547,
    "IRL": 98.2929182250875,
    "IRN": 91.0610044635676,
    "IRQ": 30.1610517779513,
    "ISL": 99.8548358099717,
    "ISR": 89.2691974119826,
    "ITA": 86.0191093278992,
    "JOR": 46.4573138115455,
    "JPN": 98.5235592091779,
    "KAZ": 87.0486447464415,
    "KEN": 90.1199173733613,
    "KGZ": 72.2642375946654,
    "KHM": 39.0314428535,
    "KOR": 96.8949448884961,
    "KWT": 74.4578561430281,
    "LAO": 37.6501969468659,
    "LBN": 23.0438575680739,
    "LBR": 52.2139331485699,
    "LBY": 33.1190908215163,
    "LKA": 81.6921293527248,
    "LSO": 61.5710444951092,
    "LTU": 98.9947155941499,
    "LVA": 94.9733099977296,
    "MAR": 44.3863291468524,
    "MDA": 55.544249263449,
    "MDG": 24.4501397197571,
    "MEX": 53.0320833316729,
    "MKD": 84.2548648905347,
    "MLI": 54.7454806007539,
    "MNE": 75.4116297013886,
    "MNG": 98.2787007982729,
    "MOZ": 54.38528750107,
    "MRT": 27.3142609920985,
    "MWI": 50.3696725002439,
    "MYS": 88.6918012421116,
    "NAM": 72.9187672893525,
    "NER": 14.8268991865027,
    "NGA": 63.2613514491542,
    "NIC": 23.470592686629,
    "NLD": 99.171512250031,
    "NOR": 98.5561571037813,
    "NPL": 59.9911157064883,
    "NZL": 97.8647563722742,
    "OMN": 69.5361597212358,
    "PAK": 27.2960071761925,
    "PAN": 64.0952131164981,
    "PER": 59.3098978248017,
    "PHL": 50.1824221429254,
    "POL": 86.1367117566539,
    "PRT": 91.3973440748621,
    "PRY": 60.9167610080401,
    "PSE": 39.6209836077699,
    "ROU": 71.3366719002898,
    "RUS": 79.3421267068262,
    "SAU": 78.8409517231945,
    "SEN": 76.4609257473503,
    "SLE": 38.6205210606339,
    "SLV": 43.4036648969414,
    "SRB": 83.2544458500274,
    "SVK": 92.2151184719611,
    "SVN": 98.7472573239817,
    "SWE": 98.5654945145745,
    "SWZ": 65.1160267166079,
    "TCD": 20.8983599359361,
    "TGO": 57.4329534151865,
    "THA": 91.8249814693343,
    "TJK": 54.5193771390539,
    "TTO": 74.5920641469519,
    "TUN": 37.8444860328559,
    "TUR": 81.5545478352063,
    "TZA": 59.8275253090773,
    "UGA": 72.8273757556063,
    "UKR": 87.581225854266,
    "URY": 73.7451275567861,
    "USA": 97.0230983290589,
    "UZB": 59.6583830145186,
    "VEN": 87.3184627954851,
    "VNM": 70.5507533567583,
    "ZAF": 81.1259662052011,
    "ZMB": 72.7024245599811,
    "ZWE": 49.5216018025126
  },
  "stats": {
    "coverage": 132,
    "min": 14.8268991865027,
    "max": 99.8548358099717,
    "median": 72.48333107732324,
    "quantileBreaks": [
      14.8268991865027,
      41.63668869981589,
      55.55787334247876,
      64.82625856837085,
      78.62867698147063,
      88.13594017252794,
      98.24884974384925,
      99.8548358099717
    ]
  },
  "formatting": {
    "maximumFractionDigits": 1,
    "suffix": "%"
  },
  "source": {
    "provider": "World Bank",
    "dataset": "World Development Indicators",
    "attribution": "The World Bank",
    "sourceReference": "https://api.worldbank.org/v2/indicator/FX.OWN.TOTL.ZS?format=json&per_page=1",
    "valuesReference": "https://api.worldbank.org/v2/country/all/indicator/FX.OWN.TOTL.ZS?format=json&per_page=20000&page=1&date=2015%3A2025",
    "license": "Creative Commons Attribution 4.0 International unless specifically labeled otherwise by World Bank metadata",
    "licenseReference": "https://www.worldbank.org/en/about/legal/terms-of-use-for-datasets",
    "retrievedAt": "2026-07-02T22:36:14.389934+00:00",
    "checksum": "7d2661c0301cb730cc7a08c8f9ce07b70a442717e1c82e1c1c7544a5748183a3",
    "sourceOrganization": "Global Findex Database, World Bank (WB), uri: https://www.worldbank.org/en/publication/globalfindex"
  },
  "reviewStatus": "approved",
  "contentVersion": "2026.07.02-exp4-content50",
  "editorial": {
    "shortHook": "A candidate map for account ownership.",
    "patternNote": "The darkest countries include Iceland, Finland, Austria, while the lightest include Niger, Chad, Lebanon; that contrast is the fastest way to read the account ownership pattern.",
    "whyItMatters": "Account ownership may add useful WORLDPRINT variety once source coverage, unit clarity, map interest, and distractor ambiguity are reviewed.",
    "bestProbeCountries": [
      {
        "iso3": "ISL",
        "reason": "High anchor: this country sits near the darkest end of the map."
      },
      {
        "iso3": "NER",
        "reason": "Low anchor: this country clarifies the lightest end of the scale."
      },
      {
        "iso3": "ZMB",
        "reason": "Middle check: this country helps separate a true pattern from one-off outliers."
      }
    ],
    "commonConfusions": [
      {
        "confusedWithIndicatorCode": "FX.OWN.TOTL.40.ZS",
        "reason": "Account ownership, poorest 40% can tempt players because it shares a strong country ranking with this map, but its unit and definition point to a different story."
      },
      {
        "confusedWithIndicatorCode": "FX.OWN.TOTL.YG.ZS",
        "reason": "Young-adult account ownership can tempt players because it shares a strong country ranking with this map, but its unit and definition point to a different story."
      },
      {
        "confusedWithIndicatorCode": "HD_HCIP_OVRL_TO",
        "reason": "Human Capital Index can tempt players because it shares a strong country ranking with this map, but its unit and definition point to a different story."
      }
    ],
    "difficultyReason": "Standard difficulty: the map has readable regional structure, but the best answer still depends on checking the unit and country anchors.",
    "regionalSignals": [
      "Per-person development maps are shaped by income, resource rents, and city-state scale.",
      "Check high-income small states and large emerging economies."
    ]
  },
  "editorialReview": {
    "status": "daily_eligible",
    "reviewedAt": "2026-07-02",