{
  "schemaVersion": "1.1.0",
  "id": "account-ownership-poorest40",
  "providerCode": "FX.OWN.TOTL.40.ZS",
  "title": "Account ownership at a financial institution or with a mobile-money-service provider, poorest 40% (% of population ages 15+)",
  "shortTitle": "Account ownership, poorest 40%",
  "category": "development",
  "difficulty": "expert",
  "definition": "Account denotes the percentage of respondents who report having an account (by themselves or together with someone else) at a bank or another type of financial institution or report personally using a mobile money service in the past 12 months (poorest 40%, share of population ages 15+).",
  "unit": "percent of population ages 15+",
  "year": 2024,
  "valuesByIso3": {
    "ALB": 30.1748781570827,
    "ARG": 74.6649664777064,
    "ARM": 64.0431618561374,
    "AUS": 96.8175014225166,
    "AUT": 99.1909686711131,
    "AZE": 41.1579115269579,
    "BEL": 98.7161845506194,
    "BEN": 41.5027170713603,
    "BFA": 38.5347843936538,
    "BGD": 35.5467073317195,
    "BGR": 77.655004985327,
    "BIH": 70.3836261798032,
    "BLZ": 63.7647608887268,
    "BOL": 45.5603933987213,
    "BRA": 78.0975446578644,
    "BWA": 49.4372680058526,
    "CAN": 98.6214334795616,
    "CHE": 98.2819631242269,
    "CHL": 75.3603235793929,
    "CHN": 82.7432333438411,
    "CIV": 43.526253371749,
    "CMR": 44.8919869724807,
    "COD": 26.5410578898936,
    "COG": 41.7082699764933,
    "COL": 42.9248421374649,
    "CRI": 62.8158143627092,
    "CYP": 94.1780470487871,
    "CZE": 85.6046020555067,
    "DEU": 98.5525412015415,
    "DNK": 97.7544565980559,
    "DOM": 52.9502779958097,
    "DZA": 31.248963734877,
    "ECU": 56.4453858938692,
    "EGY": 33.080949427223,
    "ESP": 98.7573470200723,
    "EST": 98.0471531434544,
    "ETH": 42.5762685391233,
    "FIN": 100.0,
    "FRA": 98.7136082123328,
    "GAB": 59.956979111285,
    "GBR": 100.0,
    "GEO": 69.1241033260113,
    "GHA": 69.5783204095408,
    "GIN": 29.3012686641546,
    "GMB": 34.4089976084921,
    "GRC": 79.597500484544,
    "GTM": 28.3362046477051,
    "HND": 33.70730362306,
    "HRV": 87.6323883407511,
    "HUN": 78.8623054417773,
    "IDN": 48.4188044924569,
    "IND": 86.3166812876253,
    "IRL": 99.0245742017698,
    "IRN": 86.8646774136072,
    "IRQ": 20.2214445724835,
    "ISL": 100.0,
    "ISR": 80.3519531382311,
    "ITA": 82.1215678248643,
    "JOR": 35.7152731126413,
    "JPN": 97.6785123935915,
    "KAZ": 83.3413414717717,
    "KEN": 83.8761640610762,
    "KGZ": 65.5888049897545,
    "KHM": 28.1273292851866,
    "KOR": 94.1886846132518,
    "KWT": 63.6048709496818,
    "LAO": 18.2733611108504,
    "LBN": 17.553656509439,
    "LBR": 43.0083046077259,
    "LBY": 30.0230794011172,
    "LKA": 80.186232208266,
    "LTU": 97.7831157645526,
    "LVA": 91.6439398308994,
    "MAR": 41.2388909006007,
    "MDA": 43.5496377819456,
    "MDG": 14.1117475374701,
    "MEX": 39.604436945858,
    "MKD": 78.3945632616455,
    "MLI": 45.4853738151214,
    "MNE": 66.7159776755659,
    "MNG": 97.3968423935397,
    "MOZ": 35.307869498617,
    "MRT": 24.3259402241594,
    "MWI": 38.0829684230523,
    "MYS": 82.0441782944544,
    "NAM": 59.9327543605384,
    "NER": 17.5059704418951,
    "NGA": 46.7443880832654,
    "NIC": 19.5936528210773,
    "NLD": 98.2593267814023,
    "NOR": 97.7236874330182,
    "NPL": 53.0095282322869,
    "NZL": 96.8077986231673,
    "OMN": 67.4150180357039,
    "PAK": 13.6062537929128,
    "PAN": 45.4815775753491,
    "PER": 44.6241136416496,
    "PHL": 34.4399006408424,
    "POL": 80.0821560050964,
    "PRT": 87.698375834765,
    "PRY": 50.0776335460214,
    "PSE": 33.1063553167404,
    "ROU": 55.4182775439009,
    "RUS": 70.6261391166153,
    "SAU": 74.6153434071134,
    "SEN": 68.994436090772,
    "SLE": 27.4565690881933,
    "SLV": 24.7330513543203,
    "SRB": 75.1389893523283,
    "SVK": 87.0148493589641,
    "SVN": 98.0833524484911,
    "SWE": 96.6188778443266,
    "SWZ": 54.4790274550679,
    "TCD": 21.0676398615485,
    "TGO": 43.6513631462085,
    "THA": 91.1856150388769,
    "TJK": 49.9650557404033,
    "TTO": 73.9723506545314,
    "TUN": 21.6558127729451,
    "TUR": 75.5367583458805,
    "TZA": 50.8519090423491,
    "UGA": 66.8868869234163,
    "UKR": 81.5206322830376,
    "URY": 62.8504097371847,
    "USA": 95.5767682441686,
    "UZB": 61.6991328968796,
    "VEN": 84.4291999175201,
    "VNM": 48.1091971005892,
    "ZAF": 74.2156414653987,
    "ZMB": 58.7956699275909,
    "ZWE": 38.2144157150038
  },
  "stats": {
    "coverage": 131,
    "min": 13.6062537929128,
    "max": 100.0,
    "median": 63.7647608887268,
    "quantileBreaks": [
      13.6062537929128,
      32.29581270193185,
      43.08229728830062,
      55.149920375662894,
      70.45291559032094,
      82.11051217766288,
      97.06579041009792,
      100.0
    ]
  },
  "formatting": {
    "maximumFractionDigits": 1,
    "suffix": "%"
  },
  "source": {
    "provider": "World Bank",
    "dataset": "World Development Indicators",
    "attribution": "The World Bank",
    "sourceReference": "https://api.worldbank.org/v2/indicator/FX.OWN.TOTL.40.ZS?format=json&per_page=1",
    "valuesReference": "https://api.worldbank.org/v2/country/all/indicator/FX.OWN.TOTL.40.ZS?format=json&per_page=20000&page=1&date=2015%3A2025",
    "license": "Creative Commons Attribution 4.0 International unless specifically labeled otherwise by World Bank metadata",
    "licenseReference": "https://www.worldbank.org/en/about/legal/terms-of-use-for-datasets",
    "retrievedAt": "2026-07-02T22:55:01.971459+00:00",
    "checksum": "8d346721188ec3fe9f1c7691f604b064e28d64dcd09191bcc0f3672692a4f9d9",
    "sourceOrganization": "Global Findex Database, World Bank (WB), uri: https://www.worldbank.org/en/publication/globalfindex"
  },
  "reviewStatus": "approved",
  "contentVersion": "2026.07.02-exp4-content50",
  "editorial": {
    "shortHook": "A financial-inclusion map for poorer adults.",
    "patternNote": "The darkest countries include Iceland, United Kingdom, Finland, while the lightest include Pakistan, Madagascar, Niger; that contrast is the fastest way to read the account ownership, poorest 40% pattern.",
    "whyItMatters": "Account ownership among the poorest 40 percent reveals inclusion patterns that average finance maps can hide.",
    "bestProbeCountries": [
      {
        "iso3": "ISL",
        "reason": "High anchor: this country sits near the darkest end of the map."
      },
      {
        "iso3": "PAK",
        "reason": "Low anchor: this country clarifies the lightest end of the scale."
      },
      {
        "iso3": "BLZ",
        "reason": "Middle check: this country helps separate a true pattern from one-off outliers."
      }
    ],
    "commonConfusions": [
      {
        "confusedWithIndicatorCode": "FX.OWN.TOTL.ZS",
        "reason": "Account ownership can tempt players because it shares a strong country ranking with this map, but its unit and definition point to a different story."
      },
      {
        "confusedWithIndicatorCode": "FX.OWN.TOTL.YG.ZS",
        "reason": "Young-adult account ownership can tempt players because it shares a strong country ranking with this map, but its unit and definition point to a different story."
      },
      {
        "confusedWithIndicatorCode": "HD_HCIP_EDUC_TO",
        "reason": "Human capital education index can tempt players because it shares a strong country ranking with this map, but its unit and definition point to a different story."
      }
    ],
    "difficultyReason": "Expert difficulty: the map can be mistaken for adjacent indicators unless players probe a high, low, and middle country.",
    "dataCaveat": "Financial-inclusion indicators come from survey waves rather than annual administrative data.",
    "regionalSignals": [
      "Per-person development maps are shaped by income, resource rents, and city-state scale.",
      "Check high-income small states and large emerging economies."
    ]
  },