{
  "schemaVersion": "1.1.0",
  "id": "adjusted-net-savings",
  "providerCode": "NY.ADJ.SVNG.GN.ZS",
  "title": "Adjusted net savings, including particulate emission damage (% of GNI)",
  "shortTitle": "Adjusted net savings",
  "category": "development",
  "difficulty": "expert",
  "definition": "Adjusted net savings are equal to net national savings plus education expenditure and minus energy depletion, mineral depletion, net forest depletion, and carbon dioxide and particulate emissions damage. This indicator is expressed as a percentage of Gross National Income (GNI) which is the total income earned by all residents within an economic territory during an accounting period. It is equal to gross domestic product plus earned income receivable from abroad minus earned income payable abroad.",
  "unit": "percent of GNI",
  "year": 2020,
  "valuesByIso3": {
    "AGO": 9.01910160243336,
    "ALB": -2.601183339583,
    "ARG": 7.79059616219267,
    "ARM": 2.53678691758363,
    "AUS": 7.1579707777786,
    "AUT": 12.9896215048242,
    "AZE": 7.99326933010466,
    "BEL": 10.4311369854454,
    "BEN": 9.41249126325175,
    "BGD": 33.856065757834,
    "BGR": 7.6282737158078,
    "BHS": 8.55909411311701,
    "BLR": 12.0051851558509,
    "BLZ": 15.0543722481692,
    "BOL": 2.43036278299196,
    "BRA": -1.48531985079293,
    "BRN": 31.0905218238377,
    "BTN": 18.2501901068399,
    "BWA": 8.4023404177525,
    "CAN": 3.82743705649688,
    "CHE": 11.8492434229743,
    "CHL": 4.61735069965192,
    "CHN": 15.2973701078229,
    "CIV": 19.0057193327568,
    "CMR": -1.73193139315001,
    "COD": 4.07933218603575,
    "COG": -33.4737651339424,
    "COL": 4.82723447420149,
    "CRI": 15.3086884431399,
    "CYP": 1.13477611194028,
    "CZE": 8.58188031662089,
    "DEU": 13.1828972942106,
    "DJI": 6.96159690685926,
    "DNK": 18.5528904768575,
    "DOM": 17.4312745759205,
    "DZA": 13.901686050324,
    "ECU": 6.07757543603542,
    "EGY": 3.75200099929822,
    "ESP": 6.83101667664745,
    "EST": 14.2637729938878,
    "ETH": 15.3541249457311,
    "FIN": 10.685782079631,
    "FJI": 4.55035877577106,
    "FRA": 5.92837098927895,
    "GEO": -3.33443480649743,
    "GHA": 13.8782453711843,
    "GIN": -14.3478765112439,
    "GMB": 7.45737719791889,
    "GNB": -3.69318087072925,
    "GRC": -7.04737985599571,
    "GTM": 8.05259355048381,
    "HND": 22.7979508721921,
    "HRV": 6.81326666011052,
    "HTI": 11.7556136832533,
    "HUN": 11.4649432664901,
    "IDN": 8.69286031591265,
    "IND": 14.4411360277761,
    "IRL": 14.1575555567503,
    "IRQ": 3.13710291231303,
    "ISL": 7.82948807358889,
    "ISR": 18.7876729042037,
    "ITA": 5.48350854525662,
    "JAM": 23.2220859106971,
    "JOR": 5.2802686070306,
    "JPN": 4.73441170625144,
    "KAZ": 7.92305046817169,
    "KEN": 4.990639774005,
    "KGZ": 13.2718416281665,
    "KHM": 16.6469981140806,
    "KOR": 17.636380860062,
    "LBN": -20.0921381126374,
    "LBY": -27.2106786183186,
    "LKA": 25.321573159814,
    "LSO": 5.77732482843156,
    "LTU": 11.4015046990944,
    "LUX": 15.2091915549495,
    "LVA": 5.10184658752564,
    "MAR": 20.1951495379397,
    "MDA": 6.86923247820038,
    "MDG": -4.32996980710368,
    "MEX": 6.75007919585769,
    "MKD": 11.5920969428881,
    "MLI": 3.38044159790187,
    "MNG": -4.42626822219065,
    "MOZ": -4.09066820215541,
    "MRT": 28.0763671501216,
    "MYS": 0.151688568649163,
    "NAM": 10.7735714732492,
    "NER": 9.6390398635406,
    "NGA": 14.3936994414279,
    "NIC": 17.3317033403216,
    "NLD": 13.6364363297938,
    "NOR": 13.5808900722214,
    "NPL": 24.6853009615042,
    "NZL": 11.3098981651036,
    "OMN": -8.79347432930901,
    "PAK": 6.45640716661394,
    "PAN": 18.4470968601953,
    "PER": 10.9495467393979,
    "PHL": 12.9361499491434,
    "POL": 11.0646124928818,
    "PRT": 1.55050719542476,
    "PRY": 17.0503169384607,
    "QAT": 17.9278556351708,
    "ROU": 6.03697216475646,
    "RUS": 8.47395994872301,
    "RWA": -4.22211181318176,
    "SAU": 10.9027906874939,
    "SDN": 17.8414826174739,
    "SLB": 16.8786506775925,
    "SLE": -9.65505645472094,
    "SLV": 8.73512287711409,
    "SRB": 5.6015350994066,
    "SVK": 4.90016323490689,
    "SVN": 11.5973096460067,
    "SWE": 19.6410057135243,
    "SWZ": 0.502610218728373,
    "TGO": 12.2549814176599,
    "THA": 9.88861440222553,
    "TJK": 16.4395860545753,
    "TLS": -23.3959369114594,
    "TUN": -4.1037319415643,
    "TUR": 13.0553078261866,
    "TZA": 25.1783103531985,
    "UGA": -1.14439705552833,
    "UKR": -0.954187735039662,
    "URY": 13.9795723410772,
    "USA": 5.69015783378962,
    "UZB": 10.3298374924047,
    "VNM": 19.8871574483186,
    "VUT": 37.984459067282,
    "ZAF": -2.53622105825838,
    "ZMB": 22.4509165549466,
    "ZWE": 1.45449220565206
  },
  "stats": {
    "coverage": 134,
    "min": -33.4737651339424,
    "max": 37.984459067282,
    "median": 8.71399159651337,
    "quantileBreaks": [
      -33.4737651339424,
      -1.14439705552833,
      4.990639774005,
      7.79059616219267,
      10.9027906874939,
      13.8782453711843,
      17.8414826174739,
      37.984459067282
    ]
  },
  "formatting": {
    "maximumFractionDigits": 1,
    "suffix": "% of GNI"
  },
  "source": {
    "provider": "World Bank",
    "dataset": "World Development Indicators",
    "attribution": "The World Bank",
    "sourceReference": "https://api.worldbank.org/v2/indicator/NY.ADJ.SVNG.GN.ZS?format=json&per_page=1",
    "valuesReference": "https://api.worldbank.org/v2/country/all/indicator/NY.ADJ.SVNG.GN.ZS?format=json&per_page=20000&page=1&date=2015%3A2025",
    "license": "Creative Commons Attribution 4.0 International unless specifically labeled otherwise by World Bank metadata",
    "licenseReference": "https://www.worldbank.org/en/about/legal/terms-of-use-for-datasets",
    "retrievedAt": "2026-07-02T22:54:14.377912+00:00",
    "checksum": "c4dcbabd708018faae63aea4df5bff08fe12fb39a0f38bd6b80865dcf74fcb36",
    "sourceOrganization": "Staff estimates, World Bank (WB);\nThe Changing Wealth of Nations: Measuring Sustainable Development in the New Millennium, World Bank (WB)"
  },
  "reviewStatus": "approved",
  "contentVersion": "2026.07.02-exp4-content50",
  "editorial": {
    "shortHook": "A sustainable-savings map.",
    "patternNote": "The darkest countries include Vanuatu, Bangladesh, Brunei Darussalam, while the lightest include Congo, Rep., Libya, Timor-Leste; that contrast is the fastest way to read the adjusted net savings pattern.",
    "whyItMatters": "Adjusted net savings combines investment, depletion, and environmental damage into a difficult development-sustainability clue.",
    "bestProbeCountries": [
      {
        "iso3": "VUT",
        "reason": "High anchor: this country sits near the darkest end of the map."
      },
      {
        "iso3": "COG",
        "reason": "Low anchor: this country clarifies the lightest end of the scale."
      },
      {
        "iso3": "SLV",
        "reason": "Middle check: this country helps separate a true pattern from one-off outliers."
      }
    ],
    "commonConfusions": [
      {
        "confusedWithIndicatorCode": "NY.GNS.ICTR.ZS",
        "reason": "Gross savings overlaps with part of the visible pattern, but the full country spread does not match."
      },
      {
        "confusedWithIndicatorCode": "BN.CAB.XOKA.GD.ZS",
        "reason": "Current account balance overlaps with part of the visible pattern, but the full country spread does not match."
      },
      {
        "confusedWithIndicatorCode": "NY.ADJ.DNGY.GN.ZS",
        "reason": "Energy depletion share overlaps with part of the visible pattern, but the full country spread does not match."
      }
    ],
    "difficultyReason": "Expert difficulty: the map can be mistaken for adjacent indicators unless players probe a high, low, and middle country.",