{
  "schemaVersion": "1.1.0",
  "id": "age-dependency",
  "providerCode": "SP.POP.DPND",
  "title": "Age dependency ratio (% of working-age population)",
  "shortTitle": "Age dependency ratio",
  "category": "demography",
  "difficulty": "standard",
  "definition": "Age dependency ratio is the ratio of dependents--people younger than 15 or older than 64--to the working-age population--those ages 15-64. Data are shown as the proportion of dependents per 100 working-age population.",
  "unit": "dependents per 100 working-age people",
  "year": 2025,
  "valuesByIso3": {
    "AFG": 81.7735722442193,
    "AGO": 88.6557825017491,
    "ALB": 52.0410467729505,
    "ARE": 21.609697214495,
    "ARG": 50.7162339547915,
    "ARM": 50.2187800971675,
    "AUS": 55.6968355853145,
    "AUT": 54.4209859928476,
    "AZE": 43.6138885770503,
    "BDI": 87.018537835051,
    "BEL": 57.8899137274854,
    "BEN": 79.8968642766814,
    "BFA": 78.1075218541557,
    "BGD": 52.2398280353678,
    "BGR": 57.8166346575358,
    "BHS": 42.1322321044428,
    "BIH": 55.5413393091102,
    "BLR": 51.9142537893753,
    "BLZ": 45.9809948534919,
    "BOL": 54.2742478853241,
    "BRA": 44.6486379446561,
    "BRN": 38.6277832278011,
    "BTN": 36.964601922052,
    "BWA": 56.3467509263192,
    "CAF": 103.585626770159,
    "CAN": 54.4179177883457,
    "CHE": 54.5966931972385,
    "CHL": 45.2153293896903,
    "CHN": 43.5105718441117,
    "CIV": 75.774285110462,
    "CMR": 78.3643636318919,
    "COD": 96.2079825806326,
    "COG": 75.4522244186846,
    "COL": 43.2521594151681,
    "CRI": 45.0548429730198,
    "CUB": 47.1860360899868,
    "CYP": 44.9554692176076,
    "CZE": 56.9015469681577,
    "DEU": 60.2284213984744,
    "DJI": 51.0008263703976,
    "DNK": 57.9303428245687,
    "DOM": 52.4086962411681,
    "DZA": 58.0563649914135,
    "ECU": 48.1380745343627,
    "EGY": 58.2966196543545,
    "ERI": 71.9650482641175,
    "ESP": 52.1171983566767,
    "EST": 58.8699045019195,
    "ETH": 72.6383993060212,
    "FIN": 62.6862889328563,
    "FJI": 50.293047549562,
    "FRA": 63.3100081428841,
    "GAB": 67.7091100997473,
    "GBR": 57.8967293083298,
    "GEO": 57.4292946222073,
    "GHA": 64.5206917510292,
    "GIN": 78.6396897717819,
    "GMB": 75.1565774961628,
    "GNB": 71.122646841574,
    "GNQ": 69.0634675597652,
    "GRC": 59.3658946559129,
    "GRL": 47.6475020134577,
    "GTM": 56.2237303919704,
    "GUY": 56.0405039664022,
    "HND": 53.3854167029602,
    "HRV": 59.5201801546723,
    "HTI": 55.2283478651774,
    "HUN": 55.06259383534,
    "IDN": 46.6061121871889,
    "IND": 46.1386620179175,
    "IRL": 52.2163425670995,
    "IRN": 44.0981981660308,
    "IRQ": 65.2242230039068,
    "ISL": 50.3644124950185,
    "ISR": 66.2664181682213,
    "ITA": 58.1160267505234,
    "JAM": 36.7316763079883,
    "JOR": 53.7274152854704,
    "JPN": 70.1620638979948,
    "KAZ": 61.6556043520026,
    "KEN": 64.6869771994706,
    "KGZ": 60.9626371776391,
    "KHM": 55.9439537843445,
    "KOR": 43.9571507924701,
    "KWT": 26.8197986334013,
    "LAO": 53.0168515795744,
    "LBN": 56.3249314841515,
    "LBR": 73.6572273170483,
    "LBY": 47.1427373654177,
    "LKA": 51.9191842450952,
    "LSO": 61.2449289541876,
    "LTU": 54.3856930076355,
    "LUX": 46.1097380969599,
    "LVA": 59.6993189518081,
    "MAR": 50.7154014206338,
    "MDA": 57.2129306739199,
    "MDG": 73.6429466863019,
    "MEX": 48.3954637764632,
    "MKD": 53.9728415877668,
    "MLI": 92.8900095064012,
    "MMR": 46.2006615921466,
    "MNE": 56.6770174622531,
    "MNG": 58.7082165471123,
    "MOZ": 88.3324550531064,
    "MRT": 83.9294038095587,
    "MWI": 74.5659369447606,
    "MYS": 41.5274856756766,
    "NAM": 67.9083284336799,
    "NCL": 48.9582124933801,
    "NER": 95.4818820710142,
    "NGA": 77.2712069555623,
    "NIC": 51.538589293453,
    "NLD": 55.7701131647018,
    "NOR": 53.8559621457851,
    "NPL": 53.0834685604877,
    "NZL": 55.0071729412436,
    "OMN": 37.0001396258028,
    "PAK": 68.3670728422197,
    "PAN": 51.9369077414487,
    "PER": 49.4335606299582,
    "PHL": 48.9488685879186,
    "PNG": 58.0619655147954,
    "POL": 54.3548387096774,
    "PRI": 57.5113305228757,
    "PRK": 46.2808430931296,
    "PRT": 60.4019255586633,
    "PRY": 54.0589789034059,
    "PSE": 70.7725051521058,
    "QAT": 20.049623922883,
    "ROU": 55.5057277535752,
    "RUS": 53.4195812682232,
    "RWA": 69.6169080663881,
    "SAU": 36.3844574144974,
    "SDN": 77.3060775636206,
    "SEN": 70.6163540376813,
    "SLB": 67.2975070268847,
    "SLE": 69.3031935896705,
    "SLV": 48.5738966604908,
    "SOM": 96.7394370384369,
    "SRB": 59.5107663170447,
    "SSD": 69.6686858180737,
    "SUR": 50.4407300907323,
    "SVK": 52.9201296617676,
    "SVN": 57.9614307507335,
    "SWE": 60.3059613354841,
    "SWZ": 59.5959583126349,
    "SYR": 49.8799108691544,
    "TCD": 92.6061106803711,
    "TGO": 78.2600188932176,
    "THA": 43.7434423954487,
    "TJK": 66.4860952051687,
    "TKM": 56.3142778182528,
    "TLS": 62.1911145260212,
    "TTO": 43.7148071756324,
    "TUN": 50.3725896202428,
    "TUR": 46.1856736686322,
    "TZA": 83.0906817860939,
    "UGA": 82.9480166289537,
    "UKR": 48.5136547806343,
    "URY": 51.9270485228497,
    "USA": 55.0057553311598,
    "UZB": 59.6418459559503,
    "VEN": 53.6906919485552,
    "VNM": 47.8208691230641,
    "VUT": 73.4322689475672,
    "YEM": 77.1973485559311,
    "ZAF": 48.3864805816276,
    "ZMB": 75.3495969672683,
    "ZWE": 78.0787184480585
  },
  "stats": {
    "coverage": 169,
    "min": 20.049623922883,
    "max": 103.585626770159,
    "median": 56.0405039664022,
    "quantileBreaks": [
      20.049623922883,
      46.1856736686322,
      51.0008263703976,
      54.4179177883457,
      57.8967293083298,
      64.5206917510292,
      75.3495969672683,
      103.585626770159
    ]
  },
  "formatting": {
    "maximumFractionDigits": 1,
    "suffix": " per 100"
  },
  "source": {
    "provider": "World Bank",
    "dataset": "World Development Indicators",
    "attribution": "The World Bank",
    "sourceReference": "https://api.worldbank.org/v2/indicator/SP.POP.DPND?format=json&per_page=1",
    "valuesReference": "https://api.worldbank.org/v2/country/all/indicator/SP.POP.DPND?format=json&per_page=20000&page=1&date=2015%3A2025",
    "license": "Creative Commons Attribution 4.0 International unless specifically labeled otherwise by World Bank metadata",
    "licenseReference": "https://www.worldbank.org/en/about/legal/terms-of-use-for-datasets",
    "retrievedAt": "2026-07-02T22:06:14.919390+00:00",
    "checksum": "6a05ff132e72e7cbf780d20c04d800a66d7e5e0ba2ece0da5d1d4a024ef2d050",
    "sourceOrganization": "World Population Prospects, United Nations (UN), publisher: UN Population Division;\nStaff estimates, World Bank (WB)"
  },
  "reviewStatus": "approved",
  "contentVersion": "2026.07.02-exp4-content50",
  "editorial": {
    "shortHook": "A map of who supports whom.",
    "patternNote": "The darkest countries include Central African Republic, Somalia, Fed. Rep., Congo, Dem. Rep., while the lightest include Qatar, United Arab Emirates, Kuwait; that contrast is the fastest way to read the age dependency ratio pattern.",
    "whyItMatters": "Age dependency condenses child and older-age pressure into one strategic demographic signal.",
    "bestProbeCountries": [
      {
        "iso3": "CAF",
        "reason": "High anchor: this country sits near the darkest end of the map."
      },
      {
        "iso3": "QAT",
        "reason": "Low anchor: this country clarifies the lightest end of the scale."
      },
      {
        "iso3": "GUY",
        "reason": "Middle check: this country helps separate a true pattern from one-off outliers."
      }
    ],
    "commonConfusions": [
      {
        "confusedWithIndicatorCode": "SP.POP.1564.TO.ZS",