{
  "schemaVersion": "1.1.0",
  "id": "age-dependency",
  "providerCode": "SP.POP.DPND",
  "title": "Age dependency ratio (% of working-age population)",
  "shortTitle": "Age dependency ratio",
  "category": "demography",
  "difficulty": "standard",
  "definition": "Age dependency ratio is the ratio of dependents--people younger than 15 or older than 64--to the working-age population--those ages 15-64. Data are shown as the proportion of dependents per 100 working-age population.",
  "unit": "dependents per 100 working-age people",
  "year": 2024,
  "valuesByIso3": {
    "AFG": 82.7768483158234,
    "AGO": 89.4060806363382,
    "ALB": 50.9742938346485,
    "ARE": 21.769960468876,
    "ARG": 51.5609570038159,
    "ARM": 49.1198808417762,
    "AUS": 55.211692188952,
    "AUT": 53.4552149204625,
    "AZE": 43.6108909062656,
    "BDI": 89.5041466801602,
    "BEL": 57.6148666582755,
    "BEN": 80.7358613009806,
    "BFA": 80.0303169928442,
    "BGD": 52.6423780619832,
    "BGR": 57.4922255368163,
    "BHS": 42.2242936331287,
    "BIH": 54.4832427940866,
    "BLR": 51.4320720058658,
    "BLZ": 46.203569976303,
    "BOL": 54.8659781441531,
    "BRA": 44.3299763860952,
    "BRN": 38.2994748624391,
    "BTN": 37.7478603176371,
    "BWA": 56.655146530662,
    "CAF": 104.726849849797,
    "CAN": 53.6355843539122,
    "CHE": 53.7748649242138,
    "CHL": 45.1405085154006,
    "CHN": 44.2441142865473,
    "CIV": 76.9295481519821,
    "CMR": 79.3304617054918,
    "COD": 96.4966566644987,
    "COG": 76.7764848143794,
    "COL": 42.9603769785689,
    "CRI": 44.9788533469365,
    "CUB": 46.7631927747239,
    "CYP": 44.2758859500322,
    "CZE": 56.8447265644664,
    "DEU": 58.9970399490838,
    "DJI": 51.563000494091,
    "DNK": 57.6353557296981,
    "DOM": 52.5742155868587,
    "DZA": 58.5067834220209,
    "ECU": 48.8091845545471,
    "EGY": 59.0101954565221,
    "ERI": 73.4301367632134,
    "ESP": 51.6695519755033,
    "EST": 58.5663479181206,
    "ETH": 73.2798951679715,
    "FIN": 62.6820794456911,
    "FJI": 50.5576304595912,
    "FRA": 63.003655783096,
    "GAB": 68.2569535704085,
    "GBR": 57.9399912449235,
    "GEO": 57.3228523922316,
    "GHA": 65.3615857268255,
    "GIN": 79.7147834280458,
    "GMB": 76.4484982313518,
    "GNB": 72.3477499737723,
    "GNQ": 69.4149705171208,
    "GRC": 59.1322060504029,
    "GRL": 46.2244976716664,
    "GTM": 57.2981463861187,
    "GUY": 55.9953375228056,
    "HND": 53.9383402159092,
    "HRV": 59.0102882477899,
    "HTI": 55.9912955357223,
    "HUN": 54.7857651144164,
    "IDN": 46.8135550051726,
    "IND": 46.5639973059355,
    "IRL": 52.5496229649835,
    "IRN": 44.2576475929094,
    "IRQ": 66.6548244604985,
    "ISL": 50.1688158799601,
    "ISR": 66.5610464169687,
    "ITA": 57.5226887063978,
    "JAM": 36.8213630495345,
    "JOR": 54.3009741648251,
    "JPN": 70.1168403833763,
    "KAZ": 61.3593284528818,
    "KEN": 66.1190997974295,
    "KGZ": 61.3514807542057,
    "KHM": 56.1447301469383,
    "KOR": 42.5346866514455,
    "KWT": 27.1029912369309,
    "LAO": 53.5253966955507,
    "LBN": 57.0475892933219,
    "LBR": 74.930982144805,
    "LBY": 47.9982306839978,
    "LKA": 51.8239202756772,
    "LSO": 62.2736686010548,
    "LTU": 53.5449086261818,
    "LUX": 45.4622803870045,
    "LVA": 59.106810188639,
    "MAR": 50.9925352190748,
    "MDA": 56.2505935075156,
    "MDG": 74.4044379155376,
    "MEX": 48.7167150891959,
    "MKD": 53.4859870639466,
    "MLI": 94.2739621678949,
    "MMR": 46.2094250408467,
    "MNE": 56.1495772729094,
    "MNG": 59.5684105260823,
    "MOZ": 89.5117827853714,
    "MRT": 84.978354637561,
    "MWI": 76.3409449778756,
    "MYS": 41.8927658645277,
    "NAM": 68.4996560642518,
    "NCL": 48.6593989393047,
    "NER": 96.8325672256489,
    "NGA": 78.7709744526654,
    "NIC": 52.1895509332864,
    "NLD": 55.0909942337838,
    "NOR": 53.7846035980815,
    "NPL": 53.6868554776039,
    "NZL": 54.5939916672758,
    "OMN": 37.6631602323536,
    "PAK": 69.3926431439163,
    "PAN": 52.086689450372,
    "PER": 49.6973010705299,
    "PHL": 50.0600272907847,
    "PNG": 58.5895021011812,
    "POL": 53.7259735061021,
    "PRI": 57.102662014672,
    "PRK": 45.6599941348635,
    "PRT": 59.5712560251323,
    "PRY": 54.1439537929832,
    "PSE": 72.0721491548406,
    "QAT": 20.1151630671203,
    "ROU": 55.5131705543589,
    "RUS": 52.5688404175722,
    "RWA": 70.3196484501421,
    "SAU": 36.5549841438871,
    "SDN": 77.8507021774661,
    "SEN": 71.8215628365833,
    "SLB": 68.3761263483294,
    "SLE": 70.4490063510929,
    "SLV": 49.152974332256,
    "SOM": 96.7915743356176,
    "SRB": 58.7227716497179,
    "SSD": 72.1441308683101,
    "SUR": 50.4628213246437,
    "SVK": 52.2037685532826,
    "SVN": 57.4487296195149,
    "SWE": 60.5975578774891,
    "SWZ": 60.2929796322665,
    "SYR": 51.2977156907185,
    "TCD": 92.9204543197374,
    "TGO": 74.6397124343511,
    "THA": 43.0865648827834,
    "TJK": 66.9813440301354,
    "TKM": 56.3406372282943,
    "TLS": 63.7629138391458,
    "TTO": 43.1406495832357,
    "TUN": 50.531188748014,
    "TUR": 46.483848695231,
    "TZA": 83.7597146713438,
    "UGA": 84.2692386918341,
    "UKR": 48.9225090613665,
    "URY": 52.2955026226606,
    "USA": 54.4480428025866,
    "UZB": 58.6494292141216,
    "VEN": 54.3357993626306,
    "VNM": 47.6476510341859,
    "VUT": 74.2451305605171,
    "YEM": 77.466898203994,
    "ZAF": 48.3114173367099,
    "ZMB": 76.6912407389232,
    "ZWE": 80.1004117942445
  },
  "stats": {
    "coverage": 169,
    "min": 20.1151630671203,
    "max": 104.726849849797,
    "median": 56.1447301469383,
    "quantileBreaks": [
      20.1151630671203,
      46.2094250408467,
      51.4320720058658,
      54.3009741648251,
      57.5226887063978,
      65.3615857268255,
      76.4484982313518,
      104.726849849797
    ]
  },
  "formatting": {
    "maximumFractionDigits": 1,
    "suffix": " per 100"
  },
  "source": {
    "provider": "World Bank",
    "dataset": "World Development Indicators",
    "attribution": "The World Bank",
    "sourceReference": "https://api.worldbank.org/v2/indicator/SP.POP.DPND?format=json&per_page=1",
    "valuesReference": "https://api.worldbank.org/v2/country/all/indicator/SP.POP.DPND?format=json&per_page=20000&page=1&date=2015%3A2025",
    "license": "Creative Commons Attribution 4.0 International unless specifically labeled otherwise by World Bank metadata",
    "licenseReference": "https://www.worldbank.org/en/about/legal/terms-of-use-for-datasets",
    "retrievedAt": "2026-06-27T17:13:54.622386+00:00",
    "checksum": "6595183cfe94edf065b8734d16538e5adee88339c19efd7351c11c6bf6a5548f",
    "sourceOrganization": "World Population Prospects, United Nations (UN), publisher: UN Population Division;\nStaff estimates, World Bank (WB)"
  },
  "reviewStatus": "approved",
  "contentVersion": "2026.06.22-exp2-qa1",
  "editorial": {
    "shortHook": "A map of who supports whom.",
    "patternNote": "The darkest countries include Central African Republic, Niger, Somalia, Fed. Rep., while the lightest include Qatar, United Arab Emirates, Kuwait; that contrast is the fastest way to read the age dependency ratio pattern.",
    "whyItMatters": "Age dependency condenses child and older-age pressure into one strategic demographic signal.",
    "bestProbeCountries": [
      {
        "iso3": "CAF",
        "reason": "High anchor: this country sits near the darkest end of the map."
      },
      {
        "iso3": "QAT",
        "reason": "Low anchor: this country clarifies the lightest end of the scale."
      },
      {
        "iso3": "KHM",
        "reason": "Middle check: this country helps separate a true pattern from one-off outliers."
      }
    ],
    "commonConfusions": [
      {
        "confusedWithIndicatorCode": "SP.DYN.TFRT.IN",