{
  "schemaVersion": "1.1.0",
  "id": "agriculture-growth",
  "providerCode": "NV.AGR.TOTL.KD.ZG",
  "title": "Agriculture, forestry, and fishing, value added (annual % growth)",
  "shortTitle": "Agriculture value growth",
  "category": "agriculture",
  "difficulty": "expert",
  "definition": "Agriculture, forestry, and fishing corresponds to ISIC (Rev. 4) divisions 01-03 and includes the exploitation of vegetal and animal natural resources, comprising the activities of growing of crops, raising and breeding of animals, harvesting of timber and other plants, animals or animal products from a farm or their natural habitats.Value added is the contribution to the economy by a producer or an industry or an institutional sector, which is estimated by the total value of output produced and deducting the total value of intermediate consumption of goods and services used to produce that output. This indicator denotes the percentage change over each previous year of the constant price (base year 2015) series in United States dollars.",
  "unit": "annual percent change",
  "year": 2025,
  "valuesByIso3": {
    "AGO": 3.2480202948896,
    "ALB": -1.94757049411403,
    "ARG": 5.13344328691147,
    "ARM": 5.3,
    "AUS": 8.89544688026982,
    "AUT": 1.56869211848507,
    "AZE": 0.755142610756664,
    "BDI": 1.72836167997576,
    "BEL": -0.154942671211657,
    "BEN": 5.7100027255383,
    "BFA": 11.6419058480559,
    "BGD": 2.41921729878898,
    "BGR": 1.40089649905796,
    "BIH": 0.423349388417236,
    "BLR": 0.799999999999883,
    "BLZ": 9.09513512033094,
    "BRA": 11.7034148274609,
    "BRN": 0.0522818339413504,
    "BTN": 3.33738045967891,
    "BWA": 1.43057933642055,
    "CAF": 3.00000001431864,
    "CAN": 6.35706431761389,
    "CHE": 4.55902588620998,
    "CHL": 7.52096427629677,
    "CHN": 3.93645437931254,
    "CIV": 3.93874582831629,
    "CMR": 1.39742312251603,
    "COD": 2.4782863073867,
    "COG": 3.69999999031114,
    "COL": 3.10023723835191,
    "CRI": -1.52692186564262,
    "CYP": 0.819440179662706,
    "CZE": 3.40883606189728,
    "DEU": 0.549810373793221,
    "DJI": 7.52011744625578,
    "DNK": -1.91627076344771,
    "DOM": 3.67757189059017,
    "DZA": 5.19247435073105,
    "ECU": 8.81905101707181,
    "EGY": 2.76000000009486,
    "ESP": 1.18494496242477,
    "EST": -10.2385493607795,
    "ETH": 7.33730761841518,
    "FIN": 3.8105664866567,
    "FJI": 2.5258055217313,
    "FRA": 6.94996001908332,
    "GAB": 0.808439998713141,
    "GBR": 2.44489295626332,
    "GEO": -5.67461824536608,
    "GHA": 6.77850858838065,
    "GIN": 5.80000000007132,
    "GMB": 5.09999898258691,
    "GNB": 5.78711612874392,
    "GNQ": 5.69175354837364,
    "GRC": 0.966830234658488,
    "GTM": 1.55524758135624,
    "GUY": 11.531259975935,
    "HND": 3.48248455513034,
    "HRV": -1.06544901065449,
    "HTI": -4.75819032761311,
    "HUN": -4.31377699252263,
    "IDN": 5.32629868511422,
    "IND": 2.42388035785608,
    "IRL": 2.43737750713338,
    "IRN": -5.57499999999915,
    "IRQ": -16.7750654217883,
    "ISL": -1.24286741206201,
    "ITA": -0.143010812861021,
    "JAM": 2.9259010870752,
    "JOR": 7.43380605448256,
    "KAZ": 5.89999999999999,
    "KEN": 3.10428881300604,
    "KGZ": 2.1865219439952,
    "KHM": 1.21262059560084,
    "KOR": 1.445319973216,
    "KWT": 2.98526384318446,
    "LAO": 3.51640046750261,
    "LBR": 2.58161499084333,
    "LBY": 2.00027834583049,
    "LKA": 1.38469137438588,
    "LSO": -2.50903877070721,
    "LTU": -0.0218258106837652,
    "LUX": 0.85508842391657,
    "LVA": -3.15854450188951,
    "MAR": 3.72322781109212,
    "MDA": 10.6933641258288,
    "MDG": 1.58562168976188,
    "MEX": 4.20226049299075,
    "MKD": 1.79319937108005,
    "MLI": 7.00563743506717,
    "MMR": -1.0997614433924,
    "MNE": -0.938485383486423,
    "MNG": 33.2396433990869,
    "MOZ": 1.34265921129835,
    "MRT": 4.20677426068909,
    "MWI": 1.19998273984474,
    "MYS": 2.15379394959258,
    "NAM": -3.27942712494331,
    "NER": 5.70001000002445,
    "NGA": 2.91736301384763,
    "NIC": 0.586964130576021,
    "NLD": 1.50237955821859,
    "NOR": 4.64029027035235,
    "NPL": 3.04960047390317,
    "OMN": 10.1648803880103,
    "PAK": 1.52505476282082,
    "PAN": -1.69077148861008,
    "PER": 4.65018144991139,
    "PHL": 3.08712915291048,
    "POL": 1.54994655850329,
    "PRT": -2.81997429870749,
    "PRY": 9.1212080750656,
    "PSE": 6.95517774343122,
    "QAT": 8.68716447047339,
    "ROU": 6.5772580133161,
    "RUS": 2.34185312779118,
    "RWA": 7.37500692491444,
    "SAU": 3.02657897413296,
    "SDN": 4.03693971292243,
    "SEN": 7.02187027604428,
    "SLE": 3.60057532130236,
    "SLV": 1.9657013844438,
    "SRB": -0.117610536766051,
    "SVK": -0.747406489058889,
    "SVN": 0.728021276418843,
    "SWE": -7.02447402318592,
    "SWZ": 0.661361033564134,
    "TCD": 4.89998437662744,
    "TGO": 1.10132073043128,
    "THA": 3.64808864641017,
    "TKM": 6.99999959146274,
    "TUN": 10.3494932167148,
    "TUR": -8.80120851773299,
    "TZA": 3.56906005631264,
    "UGA": 6.75453094673517,
    "UKR": -6.24884825605851,
    "URY": 1.78471120968449,
    "UZB": 4.35122595899169,
    "VNM": 3.78279864922166,
    "ZAF": 17.427318343066,
    "ZMB": 51.1283485977671,
    "ZWE": 25.8716567699759
  },
  "stats": {
    "coverage": 142,
    "min": -16.7750654217883,
    "max": 51.1283485977671,
    "median": 2.9216320504614153,
    "quantileBreaks": [
      -16.7750654217883,
      -0.9111883985682039,
      1.2035935557750543,
      2.2530924513363333,
      3.3782122323751214,
      4.828612111851428,
      7.019551298761836,
      51.1283485977671
    ]
  },
  "formatting": {
    "maximumFractionDigits": 1,
    "suffix": "%"
  },
  "source": {
    "provider": "World Bank",
    "dataset": "World Development Indicators",
    "attribution": "The World Bank",
    "sourceReference": "https://api.worldbank.org/v2/indicator/NV.AGR.TOTL.KD.ZG?format=json&per_page=1",
    "valuesReference": "https://api.worldbank.org/v2/country/all/indicator/NV.AGR.TOTL.KD.ZG?format=json&per_page=20000&page=1&date=2015%3A2025",
    "license": "Creative Commons Attribution 4.0 International unless specifically labeled otherwise by World Bank metadata",
    "licenseReference": "https://www.worldbank.org/en/about/legal/terms-of-use-for-datasets",
    "retrievedAt": "2026-07-02T22:28:37.704758+00:00",
    "checksum": "0dcb51e01ed63889fe6b9e4a659dfc3b1c78e4bc7a4e1e315c8ce4e5eba00311",
    "sourceOrganization": "Country official statistics, National Statistical Organizations and/or Central Banks;\nNational Accounts data files, Organisation for Economic Co-operation and Development (OECD);\nStaff estimates, World Bank (WB)"
  },
  "reviewStatus": "approved",
  "contentVersion": "2026.07.02-exp4-content50",
  "editorial": {
    "shortHook": "A candidate map for agriculture value growth.",
    "patternNote": "The darkest countries include Zambia, Mongolia, Zimbabwe, while the lightest include Iraq, Estonia, Turkiye; that contrast is the fastest way to read the agriculture value growth pattern.",
    "whyItMatters": "Agriculture value growth may add useful WORLDPRINT variety once source coverage, unit clarity, map interest, and distractor ambiguity are reviewed.",
    "bestProbeCountries": [
      {
        "iso3": "ZMB",
        "reason": "High anchor: this country sits near the darkest end of the map."
      },
      {
        "iso3": "IRQ",
        "reason": "Low anchor: this country clarifies the lightest end of the scale."
      },
      {
        "iso3": "JAM",
        "reason": "Middle check: this country helps separate a true pattern from one-off outliers."
      }
    ],
    "commonConfusions": [
      {
        "confusedWithIndicatorCode": "NY.GDP.MINR.RT.ZS",
        "reason": "Mineral rents overlaps with part of the visible pattern, but the full country spread does not match."
      },
      {
        "confusedWithIndicatorCode": "NY.ADJ.DMIN.GN.ZS",