{
  "schemaVersion": "1.1.0",
  "id": "agriculture-value-added",
  "providerCode": "NV.AGR.TOTL.ZS",
  "title": "Agriculture, forestry, and fishing, value added (% of GDP)",
  "shortTitle": "Agriculture value added",
  "category": "economy",
  "difficulty": "standard",
  "definition": "Agriculture, forestry, and fishing corresponds to ISIC (Rev. 4) divisions 01-03 and includes the exploitation of vegetal and animal natural resources, comprising the activities of growing of crops, raising and breeding of animals, harvesting of timber and other plants, animals or animal products from a farm or their natural habitats.Value added is the contribution to the economy by a producer or an industry or an institutional sector, which is estimated by the total value of output produced and deducting the total value of intermediate consumption of goods and services used to produce that output. This indicator is expressed as a percentage of Gross Domestic Product (GDP) which is the total income earned through the production of goods and services in an economic territory during an accounting period. Note: For VAB countries, gross value added at factor cost is used as the denominator.",
  "unit": "percent of GDP",
  "year": 2024,
  "valuesByIso3": {
    "AGO": 22.0693262844667,
    "ALB": 15.4519031294331,
    "ARE": 0.769419245488961,
    "ARG": 5.80601710915959,
    "ARM": 7.80588621754673,
    "AUS": 2.03565265249391,
    "AUT": 1.21663375792448,
    "AZE": 5.65717090005303,
    "BDI": 34.9089728751407,
    "BEL": 0.791636827597192,
    "BEN": 24.2317229519649,
    "BFA": 20.9326147949123,
    "BGD": 11.1648014276903,
    "BGR": 2.35105625712058,
    "BHS": 0.514754181193472,
    "BIH": 4.53391375315725,
    "BLR": 6.86597984969187,
    "BLZ": 7.94787809260727,
    "BOL": 8.82625884280481,
    "BRA": 5.7522764094249,
    "BRN": 1.17447674380916,
    "BWA": 1.71216219230959,
    "CAF": 27.8986367879887,
    "CHE": 0.628699475474558,
    "CHL": 3.91236351235161,
    "CHN": 6.77599881291286,
    "CIV": 15.8594343780948,
    "CMR": 18.4619478775351,
    "COD": 9.63547904603754,
    "COG": 9.44033974046224,
    "COL": 9.28279635992211,
    "CRI": 3.56242614167823,
    "CUB": 1.23974637193497,
    "CYP": 1.15512812146527,
    "CZE": 1.89923535118143,
    "DEU": 0.914397651173374,
    "DJI": 2.5119476858486,
    "DNK": 0.927722262099888,
    "DOM": 4.45398448187972,
    "DZA": 13.9597061505767,
    "ECU": 9.47610095074641,
    "EGY": 13.7121128792805,
    "ESP": 2.75300596488807,
    "EST": 1.76684782957851,
    "ETH": 34.7737782043855,
    "FIN": 2.46735975474973,
    "FJI": 13.190027700831,
    "FRA": 1.29979455802577,
    "GAB": 6.55914438063524,
    "GBR": 0.638070794582258,
    "GEO": 5.48544272121412,
    "GHA": 20.8867457674884,
    "GIN": 30.9605751418076,
    "GMB": 20.4335632419718,
    "GNB": 42.1674326567232,
    "GNQ": 3.14907045947484,
    "GRC": 3.765512541308,
    "GTM": 9.7799315643005,
    "GUY": 7.62253326656522,
    "HND": 11.2186537185053,
    "HRV": 2.89588951437996,
    "HTI": 15.8601607482058,
    "HUN": 2.71112134044753,
    "IDN": 12.6086658797584,
    "IND": 16.2854335605917,
    "IRL": 1.02114448018423,
    "IRN": 10.8003685937198,
    "IRQ": 3.39457505861722,
    "ISL": 3.98201137564491,
    "ISR": 1.28207722826492,
    "ITA": 1.99727734716288,
    "JAM": 7.96876352019587,
    "JOR": 5.06726012545217,
    "KAZ": 3.88229151651226,
    "KEN": 22.4728462758555,
    "KGZ": 8.60760362906387,
    "KHM": 16.576872609135,
    "KOR": 1.45825105459538,
    "KWT": 0.492980678536301,
    "LAO": 16.771883812878,
    "LBR": 33.8327272928139,
    "LBY": 2.39197609901835,
    "LKA": 8.2996858332285,
    "LSO": 6.50245582420134,
    "LTU": 2.57325294659349,
    "LUX": 0.20948876007365,
    "LVA": 4.04219078834273,
    "MAR": 10.5673287621047,
    "MDA": 7.10653748230631,
    "MDG": 22.4578773705892,
    "MEX": 3.72451065844835,
    "MKD": 6.08292801881823,
    "MLI": 33.2515839930836,
    "MMR": 20.8341766680744,
    "MNE": 3.49344410359799,
    "MNG": 7.2909521026131,
    "MOZ": 25.1764811733064,
    "MRT": 19.3310648282597,
    "MWI": 31.774775046638,
    "MYS": 8.12846782241948,
    "NAM": 7.29120638562693,
    "NER": 34.4620899774356,
    "NGA": 25.8733343605401,
    "NIC": 14.411507510728,
    "NLD": 1.72968455863421,
    "NOR": 2.07595111116756,
    "NPL": 21.8720119555441,
    "OMN": 2.60311077029303,
    "PAK": 23.7432862338836,
    "PAN": 2.68214078025339,
    "PER": 7.3374218616047,
    "PHL": 9.08252678487007,
    "POL": 2.54032372848325,
    "PRI": 0.700867503663465,
    "PRT": 2.02167120867754,
    "PRY": 10.7149976827803,
    "QAT": 0.287307333607437,
    "ROU": 2.81143528363417,
    "RUS": 2.74357243387426,
    "RWA": 24.5807696089078,
    "SAU": 2.53573305211338,
    "SDN": 22.1813816000123,
    "SEN": 16.6344112501138,
    "SLB": 29.7259898810403,
    "SLE": 29.15848297879,
    "SLV": 4.38040930910144,
    "SRB": 3.17227014092271,
    "SUR": 6.77008395773172,
    "SVK": 1.58278262269337,
    "SVN": 1.53730419088458,
    "SWE": 1.4222920532684,
    "SWZ": 6.477307702895,
    "TCD": 37.6986952016608,
    "TGO": 21.3288248148543,
    "THA": 8.7111266189882,
    "TKM": 12.1667430789981,
    "TLS": 20.1605204711386,
    "TTO": 0.777630166856125,
    "TUN": 9.73863393101929,
    "TUR": 5.82042467876951,
    "TZA": 23.3180780856465,
    "UGA": 24.618950598633,
    "UKR": 7.11116658934678,
    "URY": 6.42188821840422,
    "UZB": 18.325982693232,
    "VNM": 11.8634906983546,
    "ZAF": 2.81119526983539,
    "ZMB": 2.83370764465019,
    "ZWE": 8.68845082778603
  },
  "stats": {
    "coverage": 149,
    "min": 0.20948876007365,
    "max": 42.1674326567232,
    "median": 6.86597984969187,
    "quantileBreaks": [
      0.20948876007365,
      1.543801109714407,
      2.769631480587304,
      5.697930404069545,
      8.226306685738919,
      13.56294568543779,
      22.1653736977915,
      42.1674326567232
    ]
  },
  "formatting": {
    "maximumFractionDigits": 1,
    "suffix": "% of GDP"
  },
  "source": {
    "provider": "World Bank",
    "dataset": "World Development Indicators",
    "attribution": "The World Bank",
    "sourceReference": "https://api.worldbank.org/v2/indicator/NV.AGR.TOTL.ZS?format=json&per_page=1",
    "valuesReference": "https://api.worldbank.org/v2/country/all/indicator/NV.AGR.TOTL.ZS?format=json&per_page=20000&page=1&date=2015%3A2025",
    "license": "Creative Commons Attribution 4.0 International unless specifically labeled otherwise by World Bank metadata",
    "licenseReference": "https://www.worldbank.org/en/about/legal/terms-of-use-for-datasets",
    "retrievedAt": "2026-06-27T17:14:08.505312+00:00",
    "checksum": "72c672ac677d652660e6b0cd31b880a24b05efba0cb892aade9e1f1d830c3083",
    "sourceOrganization": "Country official statistics, National Statistical Organizations and/or Central Banks;\nNational Accounts data files, Organisation for Economic Co-operation and Development (OECD);\nStaff estimates, World Bank (WB)"
  },
  "reviewStatus": "approved",
  "contentVersion": "2026.06.22-exp2-qa1",
  "editorial": {
    "shortHook": "An economy-structure map.",
    "patternNote": "The darkest countries include Guinea-Bissau, Chad, Burundi, while the lightest include Luxembourg, Qatar, Kuwait; that contrast is the fastest way to read the agriculture value added pattern.",
    "whyItMatters": "Agriculture's GDP share shows how central farming remains to national output.",
    "bestProbeCountries": [
      {
        "iso3": "GNB",
        "reason": "High anchor: this country sits near the darkest end of the map."
      },
      {
        "iso3": "LUX",
        "reason": "Low anchor: this country clarifies the lightest end of the scale."
      },
      {
        "iso3": "BLR",
        "reason": "Middle check: this country helps separate a true pattern from one-off outliers."
      }
    ],
    "commonConfusions": [
      {
        "confusedWithIndicatorCode": "NY.GNP.PCAP.CD",