{
  "schemaVersion": "1.1.0",
  "id": "agricultural-raw-material-exports",
  "providerCode": "TX.VAL.AGRI.ZS.UN",
  "title": "Agricultural raw materials exports (% of merchandise exports)",
  "shortTitle": "Agricultural raw material exports",
  "category": "economy",
  "difficulty": "expert",
  "definition": "Agricultural raw materials comprise section 2 of SITC Rev. 3 (crude materials, inedible, except fuels) excluding divisions 22 (oil-seeds and oleaginous fruits), 27 (crude fertilizers and minerals excluding coal, petroleum, and precious stones), and 28 (metalliferous ores and scrap). This indicator is expressed as a percentage of merchandise exports which is comprised of goods whose economic ownership is changed between a resident and a non-resident and that are not included in the following specific categories: goods under merchanting, non-monetary gold, and parts of travel, construction, and government goods and services n.i.e.",
  "unit": "percent of merchandise exports",
  "year": 2023,
  "valuesByIso3": {
    "AGO": 0.0027480777886125,
    "ALB": 0.406032063201426,
    "ARE": 0.0362459239654586,
    "ARG": 0.685733538526298,
    "ARM": 0.354837107790077,
    "AUS": 1.78724864922609,
    "AUT": 1.30562299873442,
    "AZE": 0.397627602641352,
    "BDI": 0.532985372462077,
    "BEL": 1.13670124865182,
    "BEN": 58.1404591119706,
    "BFA": 5.724577980467,
    "BGR": 0.724153243627335,
    "BHS": 0.92548614959154,
    "BIH": 4.13084727807037,
    "BLZ": 0.947409999711035,
    "BOL": 0.79110162902739,
    "BRA": 4.1679968006038,
    "BRN": 0.00944233107905367,
    "BTN": 0.228640685902316,
    "BWA": 0.0389509889048396,
    "CAF": 11.6748806347761,
    "CAN": 2.67498843761139,
    "CHE": 0.11313827715134,
    "CHL": 4.83618753107765,
    "CHN": 0.361516629965364,
    "CIV": 12.6077414739267,
    "CMR": 14.8855657415823,
    "COD": 0.254197238413813,
    "COG": 2.41749351627059,
    "COL": 4.51438004401259,
    "CRI": 1.23696114075763,
    "CYP": 0.551221391714315,
    "CZE": 0.971968527604669,
    "DEU": 0.727106894783502,
    "DJI": 0.188264059950052,
    "DNK": 1.72926846756407,
    "DOM": 0.475740235154142,
    "ECU": 3.93218000246846,
    "EGY": 1.21468303641588,
    "ESP": 0.948147308115668,
    "EST": 6.59262398568298,
    "ETH": 9.67258056201782,
    "FIN": 6.78824390461196,
    "FJI": 5.71609592024298,
    "FRA": 0.957011026568878,
    "GAB": 3.85732777875465,
    "GBR": 0.453417232450306,
    "GEO": 0.811455355136733,
    "GHA": 1.11581950206246,
    "GMB": 1.77990876981106,
    "GRC": 1.25124221160542,
    "GTM": 2.74581200544463,
    "GUY": 0.172924084768137,
    "HND": 0.79496349652812,
    "HRV": 3.62517574489447,
    "HUN": 0.495226631761349,
    "IDN": 3.70578423750861,
    "IND": 0.822662153689855,
    "IRL": 0.29113734355515,
    "ISL": 0.497270498805328,
    "ISR": 0.635169323255661,
    "ITA": 0.647951739517679,
    "JAM": 0.140788580810614,
    "JOR": 0.343928093112301,
    "JPN": 0.544697659577189,
    "KAZ": 0.228557028680944,
    "KEN": 12.5710697931939,
    "KGZ": 1.45760854929375,
    "KHM": 2.35291884385706,
    "KOR": 0.773242780796918,
    "KWT": 0.0241165078560618,
    "LAO": 10.3443748546534,
    "LBN": 0.509306920497827,
    "LBR": 63.7030677905837,
    "LKA": 3.20419695764938,
    "LSO": 6.55658869273009,
    "LTU": 2.54713586329661,
    "LUX": 0.720667806670954,
    "LVA": 9.80303908626811,
    "MAR": 0.62238211150077,
    "MDA": 0.390492151267804,
    "MDG": 1.21262317849784,
    "MEX": 0.156213305490195,
    "MKD": 0.425628885809381,
    "MLI": 8.41194986648113,
    "MMR": 2.12008305563185,
    "MNE": 6.86239495247464,
    "MNG": 2.70848197810823,
    "MOZ": 0.658822835695573,
    "MRT": 0.19832752920628,
    "MWI": 1.13193249378244,
    "MYS": 1.17817215757273,
    "NAM": 2.00788483264223,
    "NER": 0.246150289788406,
    "NGA": 0.381121967530461,
    "NIC": 0.646688809040754,
    "NLD": 2.6667564328767,
    "NOR": 0.570032264326234,
    "NZL": 9.78468749266808,
    "OMN": 0.021285877804052,
    "PAK": 2.01520902162634,
    "PAN": 1.29676064581857,
    "PER": 0.765411496396335,
    "PHL": 1.2011901338258,
    "PNG": 2.63812690974419,
    "POL": 0.921340903261567,
    "PRT": 2.05478107777047,
    "PRY": 1.42074483089047,
    "PSE": 0.763068238375391,
    "QAT": 0.0104866693908734,
    "ROU": 0.825639375176134,
    "SAU": 0.226769481581452,
    "SEN": 1.13668275601735,
    "SLV": 0.669720779257599,
    "SUR": 3.46714059406088,
    "SVK": 0.654491646487604,
    "SVN": 1.14720764531202,
    "SWE": 3.65079321244009,
    "SWZ": 6.16729407334149,
    "TGO": 3.10070963571848,
    "THA": 3.64809895880756,
    "TJK": 16.1619096248011,
    "TLS": 0.228148829483447,
    "TTO": 0.0173810966946994,
    "TUN": 0.297207522526696,
    "TUR": 0.701191792654954,
    "TZA": 3.07478653756642,
    "UGA": 1.91069565543869,
    "UKR": 2.1978986993464,
    "URY": 14.0853800371243,
    "USA": 1.72824160090593,
    "UZB": 1.39424682979597,
    "VNM": 1.90086966976382,
    "ZAF": 2.00362282362047,
    "ZMB": 0.575244361988637,
    "ZWE": 1.24930371914693
  },
  "stats": {
    "coverage": 137,
    "min": 0.0027480777886125,
    "max": 63.7030677905837,
    "median": 1.13668275601735,
    "quantileBreaks": [
      0.0027480777886125,
      0.27002871204581447,
      0.5744997766082938,
      0.8235127884002205,
      1.283755378900527,
      2.5601345842176926,
      5.338992324886409,
      63.7030677905837
    ]
  },
  "formatting": {
    "maximumFractionDigits": 1,
    "suffix": "%"
  },
  "source": {
    "provider": "World Bank",
    "dataset": "World Development Indicators",
    "attribution": "The World Bank",
    "sourceReference": "https://api.worldbank.org/v2/indicator/TX.VAL.AGRI.ZS.UN?format=json&per_page=1",
    "valuesReference": "https://api.worldbank.org/v2/country/all/indicator/TX.VAL.AGRI.ZS.UN?format=json&per_page=20000&page=1&date=2015%3A2025",
    "license": "Creative Commons Attribution 4.0 International unless specifically labeled otherwise by World Bank metadata",
    "licenseReference": "https://www.worldbank.org/en/about/legal/terms-of-use-for-datasets",
    "retrievedAt": "2026-06-27T17:14:52.628605+00:00",
    "checksum": "34e1cb5fe3545903200b5f1072a1ba6de1fd202ff345a2a1e805b7ac17cdd82e",
    "sourceOrganization": "Comtrade database, United Nations (UN), publisher: UN Statistics Division;\nWorld Integrated Trade Solution system (WITS);\nStaff estimates, World Bank (WB)"
  },
  "reviewStatus": "approved",
  "contentVersion": "2026.06.22-exp2-qa1",
  "editorial": {
    "shortHook": "A candidate map for agricultural raw material exports.",
    "patternNote": "The darkest countries include Liberia, Benin, Tajikistan, while the lightest include Angola, Brunei Darussalam, Qatar; that contrast is the fastest way to read the agricultural raw material exports pattern.",
    "whyItMatters": "Agricultural raw material exports may add useful WORLDPRINT variety once source coverage, unit clarity, map interest, and distractor ambiguity are reviewed.",
    "bestProbeCountries": [
      {
        "iso3": "LBR",
        "reason": "High anchor: this country sits near the darkest end of the map."
      },
      {
        "iso3": "AGO",
        "reason": "Low anchor: this country clarifies the lightest end of the scale."
      },
      {
        "iso3": "SEN",
        "reason": "Middle check: this country helps separate a true pattern from one-off outliers."
      }
    ],
    "commonConfusions": [
      {
        "confusedWithIndicatorCode": "SH.STA.ODFC.UR.ZS",
        "reason": "Urban open defecation overlaps with part of the visible pattern, but the full country spread does not match."
      },
      {
        "confusedWithIndicatorCode": "SH.STA.ODFC.RU.ZS",
        "reason": "Rural open defecation overlaps with part of the visible pattern, but the full country spread does not match."
      },
      {
        "confusedWithIndicatorCode": "EG.FEC.RNEW.ZS",