{
  "schemaVersion": "1.1.0",
  "id": "agricultural-water-withdrawals",
  "providerCode": "ER.H2O.FWAG.ZS",
  "title": "Annual freshwater withdrawals, agriculture (% of total freshwater withdrawal)",
  "shortTitle": "Agricultural water withdrawals",
  "category": "environment",
  "difficulty": "standard",
  "definition": "Annual freshwater withdrawals refer to total water withdrawals, not counting evaporation losses from storage basins. Withdrawals also include water from desalination plants in countries where they are a significant source. Withdrawals can exceed 100 percent of total renewable resources where extraction from nonrenewable aquifers or desalination plants is considerable or where there is significant water reuse. Withdrawals for agriculture are total withdrawals for irrigation and livestock production. Data are for the most recent year available for 1987-2002.",
  "unit": "percent of total freshwater withdrawal",
  "year": 2022,
  "valuesByIso3": {
    "AFG": 98.1696273,
    "AGO": 20.78492491,
    "ALB": 70.89084065,
    "ARE": 51.1797143,
    "ARG": 73.92800424,
    "ARM": 77.47395833,
    "AUS": 66.88583383,
    "AUT": 5.23569052,
    "AZE": 92.24244294,
    "BDI": 79.25740807,
    "BEL": 0.852681365,
    "BEN": 25.21367521,
    "BFA": 51.43031785,
    "BGD": 87.81711737,
    "BGR": 13.34513986,
    "BLR": 27.22772277,
    "BLZ": 67.72277228,
    "BOL": 87.07838123,
    "BRA": 60.84191934,
    "BRN": 5.760869565,
    "BTN": 94.08284024,
    "BWA": 27.97257339,
    "CAF": 0.551724138,
    "CAN": 10.69419426,
    "CHE": 9.239381348,
    "CHL": 90.88662342,
    "CHN": 62.14454059,
    "CIV": 51.63511188,
    "CMR": 67.71407571,
    "COD": 10.51784669,
    "COG": 4.362050164,
    "COL": 82.17445509,
    "CRI": 60.71932866,
    "CUB": 64.93749102,
    "CYP": 61.24567474,
    "CZE": 3.042876902,
    "DEU": 4.166591548,
    "DJI": 15.78947368,
    "DNK": 54.20741692,
    "DOM": 83.31221979,
    "DZA": 67.42997902,
    "ECU": 81.4277072,
    "EGY": 79.16129032,
    "ERI": 94.50171821,
    "ESP": 65.33425224,
    "EST": 0.414783445,
    "ETH": 91.83644448,
    "FIN": 35.72602427,
    "FJI": 58.89281508,
    "FRA": 10.29637556,
    "GAB": 28.97196262,
    "GBR": 14.04988124,
    "GEO": 33.55239759,
    "GHA": 73.0574901,
    "GIN": 67.41573034,
    "GMB": 38.58267717,
    "GNB": 75.78947368,
    "GNQ": 5.050505051,
    "GRC": 80.47448878,
    "GTM": 56.73716194,
    "GUY": 94.34484668,
    "HND": 73.30429372,
    "HRV": 7.480314961,
    "HTI": 83.37931034,
    "HUN": 11.04662266,
    "IDN": 85.2067285,
    "IND": 90.40735874,
    "IRL": 2.368798566,
    "IRN": 92.17577706,
    "IRQ": 73.47020554,
    "ISL": 0.107797341,
    "ITA": 50.22453321,
    "JAM": 17.06287064,
    "JOR": 51.64545734,
    "JPN": 66.66666667,
    "KAZ": 56.74729472,
    "KEN": 80.20833333,
    "KGZ": 92.68929504,
    "KHM": 94.0018315,
    "KOR": 58.93213204,
    "KWT": 62.272,
    "LAO": 95.91836735,
    "LBN": 38.04347826,
    "LBR": 8.430431803,
    "LBY": 83.19039451,
    "LKA": 87.36289201,
    "LSO": 8.675799087,
    "LTU": 19.55653216,
    "LUX": 1.026392962,
    "LVA": 29.07029373,
    "MAR": 87.7768191,
    "MDA": 6.892230576,
    "MDG": 95.89212873,
    "MEX": 76.30113801,
    "MKD": 6.401105227,
    "MLI": 97.85962206,
    "MMR": 88.55573591,
    "MNE": 0.306292591,
    "MNG": 54.26038062,
    "MOZ": 73.04820095,
    "MRT": 90.57917346,
    "MWI": 85.9375,
    "MYS": 45.64504373,
    "NAM": 71.48492106,
    "NER": 91.02310611,
    "NGA": 44.16833667,
    "NIC": 85.04495457,
    "NLD": 3.219295516,
    "NOR": 31.41698056,
    "NPL": 98.13522023,
    "NZL": 64.94532199,
    "OMN": 80.78328982,
    "PAK": 93.97656037,
    "PAN": 36.82516097,
    "PER": 81.45375979,
    "PHL": 74.62601713,
    "PNG": 0.25503698,
    "POL": 13.01933649,
    "PRI": 3.466178042,
    "PRK": 76.34733997,
    "PRT": 55.42852604,
    "PRY": 78.61583092,
    "QAT": 33.30727837,
    "ROU": 36.25322046,
    "RUS": 28.75655662,
    "RWA": 60.06655574,
    "SAU": 81.56355802,
    "SDN": 96.19454242,
    "SEN": 91.31389425,
    "SLE": 21.53628652,
    "SLV": 72.78630208,
    "SOM": 99.48453608,
    "SRB": 8.289137694,
    "SSD": 36.47416413,
    "SUR": 69.99512908,
    "SVK": 5.828544912,
    "SVN": 0.411124547,
    "SWE": 4.932301741,
    "SWZ": 94.19475655,
    "SYR": 87.52774397,
    "TCD": 76.4211005,
    "TGO": 34.08071749,
    "THA": 90.37448086,
    "TJK": 74.52525253,
    "TKM": 92.74870448,
    "TLS": 91.38225256,
    "TTO": 4.358037578,
    "TUN": 75.54217539,
    "TUR": 86.92701174,
    "TZA": 89.35185185,
    "UGA": 40.65934066,
    "UKR": 21.1318125,
    "URY": 77.19047446,
    "USA": 39.65878143,
    "UZB": 92.13483146,
    "VEN": 73.85211016,
    "VNM": 94.78239668,
    "YEM": 90.74333801,
    "ZAF": 59.39992976,
    "ZMB": 73.28244275,
    "ZWE": 87.20018255
  },
  "stats": {
    "coverage": 161,
    "min": 0.107797341,
    "max": 99.48453608,
    "median": 64.94532199,
    "quantileBreaks": [
      0.107797341,
      8.173591589285712,
      30.746498608571414,
      56.7429521,
      72.89854445285714,
      81.43515079714285,
      90.90612094714285,
      99.48453608
    ]
  },
  "formatting": {
    "maximumFractionDigits": 1,
    "suffix": "%"
  },
  "source": {
    "provider": "World Bank",
    "dataset": "World Development Indicators",
    "attribution": "The World Bank",
    "sourceReference": "https://api.worldbank.org/v2/indicator/ER.H2O.FWAG.ZS?format=json&per_page=1",
    "valuesReference": "https://api.worldbank.org/v2/country/all/indicator/ER.H2O.FWAG.ZS?format=json&per_page=20000&page=1&date=2015%3A2025",
    "license": "Creative Commons Attribution 4.0 International unless specifically labeled otherwise by World Bank metadata",
    "licenseReference": "https://www.worldbank.org/en/about/legal/terms-of-use-for-datasets",
    "retrievedAt": "2026-06-27T17:14:54.664970+00:00",
    "checksum": "f5581ea6048e26ea0873b885b699a37bea78f1fa241bf52e92373ef1d01cc804",
    "sourceOrganization": "AQUASTAT - FAO's Global Information System on Water and Agriculture, Food and Agriculture Organization of the United Nations (FAO), uri: https://data.apps.fao.org/aquastat/, publisher: Food and Agriculture Organization of the United Nations (FAO), date accessed: 20240529"
  },
  "reviewStatus": "approved",
  "contentVersion": "2026.06.22-exp2-qa1",
  "editorial": {
    "shortHook": "A candidate map for agricultural water withdrawals.",
    "patternNote": "The darkest countries include Somalia, Fed. Rep., Afghanistan, Nepal, while the lightest include Iceland, Papua New Guinea, Montenegro; that contrast is the fastest way to read the agricultural water withdrawals pattern.",
    "whyItMatters": "Agricultural water withdrawals may add useful WORLDPRINT variety once source coverage, unit clarity, map interest, and distractor ambiguity are reviewed.",
    "bestProbeCountries": [
      {
        "iso3": "SOM",
        "reason": "High anchor: this country sits near the darkest end of the map."
      },
      {
        "iso3": "ISL",
        "reason": "Low anchor: this country clarifies the lightest end of the scale."
      },
      {
        "iso3": "NZL",
        "reason": "Middle check: this country helps separate a true pattern from one-off outliers."
      }
    ],
    "commonConfusions": [
      {
        "confusedWithIndicatorCode": "ER.H2O.FWIN.ZS",
        "reason": "Industrial water withdrawals can tempt players because it shares a strong country ranking with this map, but its unit and definition point to a different story."
      },
      {
        "confusedWithIndicatorCode": "ER.H2O.FWDM.ZS",
        "reason": "Domestic water withdrawals can tempt players because it shares a strong country ranking with this map, but its unit and definition point to a different story."
      },
      {
        "confusedWithIndicatorCode": "ER.GDP.FWTL.M3.KD",