{
  "schemaVersion": "1.1.0",
  "id": "agriculture-value-per-worker",
  "providerCode": "NV.AGR.EMPL.KD",
  "title": "Agriculture, forestry, and fishing, value added per worker (constant 2015 US$)",
  "shortTitle": "Agriculture value per worker",
  "category": "agriculture",
  "difficulty": "expert",
  "definition": "Agriculture, forestry, and fishing corresponds to ISIC (Rev. 4) divisions 01-03 and includes the exploitation of vegetal and animal natural resources, comprising the activities of growing of crops, raising and breeding of animals, harvesting of timber and other plants, animals or animal products from a farm or their natural habitats.Value added is the contribution to the economy by a producer or an industry or an institutional sector, which is estimated by the total value of output produced and deducting the total value of intermediate consumption of goods and services used to produce that output. This indicator is expressed in constant prices, meaning the series has been adjusted to account for price changes over time. The reference year for this adjustment is 2015. This indicator is expressed in United States dollars.",
  "unit": "constant 2015 US dollars per worker",
  "year": 2025,
  "valuesByIso3": {
    "AGO": 2574.40539238908,
    "ALB": 5888.03830075331,
    "ARG": 20488.9861350509,
    "ARM": 4070.4073696151,
    "AUS": 126573.881601244,
    "AUT": 38658.1444577981,
    "AZE": 2755.23678282158,
    "BDI": 210.772082124726,
    "BEL": 65052.0031945847,
    "BEN": 1994.48072392123,
    "BFA": 778.064430456213,
    "BGD": 1236.21733725699,
    "BGR": 18625.6508234666,
    "BIH": 5250.15755399608,
    "BLR": 9357.04805205501,
    "BLZ": 9344.2670405845,
    "BRA": 14203.4719579544,
    "BRN": 56267.7925153849,
    "BTN": 1990.37537011567,
    "BWA": 1899.1742369351,
    "CAF": 548.389395166999,
    "CAN": 150631.622595632,
    "CHE": 43560.8915440262,
    "CHL": 20487.8687709515,
    "CHN": 8631.39833395582,
    "CIV": 2367.97128973991,
    "CMR": 1573.95727213563,
    "COD": 286.20747974032,
    "COG": 1271.41968873424,
    "COL": 6622.19674019432,
    "CRI": 11286.2580476119,
    "CYP": 21668.4751959929,
    "CZE": 37308.4096359258,
    "DEU": 59655.6552038623,
    "DJI": 49474.599678473,
    "DNK": 38515.7443471267,
    "DOM": 13405.8839309794,
    "DZA": 21681.4026682013,
    "ECU": 3802.1219365912,
    "EGY": 8942.41826869151,
    "ESP": 45338.657511827,
    "EST": 18594.3768883385,
    "ETH": 1154.34147848884,
    "FIN": 57267.2660517134,
    "FJI": 3699.11828002586,
    "FRA": 44475.0969524936,
    "GAB": 6502.86938199958,
    "GBR": 69477.524475087,
    "GEO": 2458.65873702237,
    "GHA": 3746.51315852838,
    "GIN": 1608.17946414124,
    "GMB": 2217.91256547409,
    "GNB": 1148.56442292976,
    "GNQ": 723.712377850497,
    "GRC": 15023.5184648753,
    "GTM": 3459.32951291834,
    "GUY": 46094.3322713678,
    "HND": 3255.72604038561,
    "HRV": 26140.2164763814,
    "HTI": 943.64035639419,
    "HUN": 22155.5493361681,
    "IDN": 3936.09486889661,
    "IND": 2159.14939313346,
    "IRL": 45252.2817293386,
    "IRN": 12862.9049780143,
    "IRQ": 12375.1921093789,
    "ISL": 118432.923411105,
    "ITA": 42171.052646852,
    "JAM": 5189.21495499859,
    "JOR": 33122.7038000805,
    "KAZ": 11438.8599113419,
    "KEN": 1633.03437474929,
    "KGZ": 2740.5724420478,
    "KHM": 1552.84043272058,
    "KOR": 18552.4094197207,
    "KWT": 15744.5776724023,
    "LAO": 1301.16981374535,
    "LBR": 1424.16658722553,
    "LBY": 8539.82990196093,
    "LKA": 3333.75675707564,
    "LSO": 602.083708215702,
    "LTU": 22069.9439223939,
    "LUX": 45678.673467295,
    "LVA": 15094.9140528051,
    "MAR": 3898.19206937542,
    "MDA": 1612.47798462757,
    "MDG": 305.704691218799,
    "MEX": 6489.97442020278,
    "MKD": 12078.390515006,
    "MLI": 1276.5834415023,
    "MMR": 1206.44426050377,
    "MNE": 19314.9934718885,
    "MNG": 5004.45736592877,
    "MOZ": 498.447057292178,
    "MRT": 5079.73573280742,
    "MWI": 495.228541824063,
    "MYS": 16359.1630686474,
    "NAM": 3835.65341387554,
    "NER": 756.134827209179,
    "NGA": 3494.89275307711,
    "NIC": 2673.22698311821,
    "NLD": 89044.6419957065,
    "NOR": 75589.7589292427,
    "NPL": 5039.37190969192,
    "OMN": 20237.1125934096,
    "PAK": 3185.77158105505,
    "PAN": 6741.93258077476,
    "PER": 4348.42662149068,
    "PHL": 3498.61861258726,
    "POL": 11727.3676986107,
    "PRT": 27607.0654755319,
    "PRY": 7663.49517851382,
    "QAT": 17056.6195004943,
    "ROU": 10834.2325185367,
    "RUS": 16787.4344881693,
    "RWA": 1615.48815089774,
    "SAU": 57181.0788254375,
    "SEN": 2432.42588169001,
    "SLE": 2549.6443865674,
    "SLV": 3482.26600295307,
    "SRB": 3977.01774015542,
    "SVK": 30451.6043415293,
    "SVN": 23973.1859218364,
    "SWE": 61284.7209717569,
    "SWZ": 6089.6817068016,
    "TCD": 1538.96763147223,
    "TGO": 1576.58924586902,
    "THA": 3668.56464750368,
    "TKM": 12672.2068720458,
    "TUN": 10314.8769836831,
    "TUR": 13844.895944299,
    "TZA": 855.371850898835,
    "UGA": 803.962705857132,
    "URY": 30148.2883381338,
    "UZB": 9912.78121083614,
    "VNM": 3417.53418188576,
    "ZAF": 10818.0859900212,
    "ZMB": 304.357159307968,
    "ZWE": 826.378657933929
  },
  "stats": {
    "coverage": 139,
    "min": 210.772082124726,
    "max": 150631.622595632,
    "median": 6489.97442020278,
    "quantileBreaks": [
      210.772082124726,
      1275.1080835685686,
      2560.256246205263,
      3990.3591157925166,
      9833.390759581687,
      17911.356597195096,
      39661.83251181347,
      150631.622595632
    ]
  },
  "formatting": {
    "maximumFractionDigits": 0,
    "prefix": "$"
  },
  "source": {
    "provider": "World Bank",
    "dataset": "World Development Indicators",
    "attribution": "The World Bank",
    "sourceReference": "https://api.worldbank.org/v2/indicator/NV.AGR.EMPL.KD?format=json&per_page=1",
    "valuesReference": "https://api.worldbank.org/v2/country/all/indicator/NV.AGR.EMPL.KD?format=json&per_page=20000&page=1&date=2015%3A2025",
    "license": "Creative Commons Attribution 4.0 International unless specifically labeled otherwise by World Bank metadata",
    "licenseReference": "https://www.worldbank.org/en/about/legal/terms-of-use-for-datasets",
    "retrievedAt": "2026-07-02T22:28:35.562420+00:00",
    "checksum": "58d4398713d54cf4e8aa696624170d0eaffa494a425ba627b3b908dbdef34ed9",
    "sourceOrganization": "World Development Indicators database, World Bank (WB);\nILOSTAT database, International Labour Organization (ILO)"
  },
  "reviewStatus": "approved",
  "contentVersion": "2026.07.02-exp4-content50",
  "editorial": {
    "shortHook": "A candidate map for agriculture value per worker.",
    "patternNote": "The darkest countries include Canada, Australia, Iceland, while the lightest include Burundi, Congo, Dem. Rep., Zambia; that contrast is the fastest way to read the agriculture value per worker pattern.",
    "whyItMatters": "Agriculture value per worker may add useful WORLDPRINT variety once source coverage, unit clarity, map interest, and distractor ambiguity are reviewed.",
    "bestProbeCountries": [
      {
        "iso3": "CAN",
        "reason": "High anchor: this country sits near the darkest end of the map."
      },
      {
        "iso3": "BDI",
        "reason": "Low anchor: this country clarifies the lightest end of the scale."
      },
      {
        "iso3": "MEX",
        "reason": "Middle check: this country helps separate a true pattern from one-off outliers."
      }
    ],
    "commonConfusions": [
      {
        "confusedWithIndicatorCode": "SL.AGR.EMPL.ZS",
        "reason": "Employment in agriculture can tempt players because it shares a strong country ranking with this map, but its unit and definition point to a different story."
      },
      {
        "confusedWithIndicatorCode": "SL.AGR.EMPL.MA.ZS",