{
  "schemaVersion": "1.1.0",
  "id": "agricultural-raw-material-imports",
  "providerCode": "TM.VAL.AGRI.ZS.UN",
  "title": "Agricultural raw materials imports (% of merchandise imports)",
  "shortTitle": "Agricultural raw material imports",
  "category": "economy",
  "difficulty": "expert",
  "definition": "Agricultural raw materials comprise section 2 of SITC Rev. 3 (crude materials, inedible, except fuels) excluding divisions 22 (oil-seeds and oleaginous fruits), 27 (crude fertilizers and minerals excluding coal, petroleum, and precious stones), and 28 (metalliferous ores and scrap). This indicator is expressed as a percentage of merchandise imports which is comprised of goods whose economic ownership is changed between a non-resident and a resident and that are not included in the following specific categories: goods under merchanting, non-monetary gold, and parts of travel, construction, and government goods and services n.i.e.",
  "unit": "percent of merchandise imports",
  "year": 2023,
  "valuesByIso3": {
    "AGO": 0.776801114480266,
    "ALB": 0.841705172099359,
    "ARE": 0.432439166066339,
    "ARG": 0.865446359057474,
    "ARM": 0.855575540962114,
    "AUS": 0.538321882876914,
    "AUT": 1.55557189058329,
    "AZE": 1.50427877621296,
    "BDI": 1.9773402348912,
    "BEL": 0.881529515103643,
    "BEN": 1.53359251929053,
    "BFA": 0.425437628188896,
    "BGR": 0.980484832079389,
    "BHS": 1.9544002866604,
    "BIH": 1.09265741281455,
    "BLZ": 1.78908084485317,
    "BOL": 0.835846431127817,
    "BRA": 0.796975113612751,
    "BRN": 0.0710873171116611,
    "BTN": 2.89771523343481,
    "BWA": 0.770088859309378,
    "CAF": 1.11305915154563,
    "CAN": 0.715084737464956,
    "CHE": 0.452976003702593,
    "CHL": 0.654366070666175,
    "CHN": 2.62287621856784,
    "CIV": 0.484519698911895,
    "CMR": 0.997976569624003,
    "COD": 0.590000579224947,
    "COG": 1.04177415084238,
    "COL": 0.824174167467311,
    "CRI": 0.995764455929772,
    "CYP": 0.424221955913547,
    "CZE": 0.925115258737999,
    "DEU": 1.00312542797056,
    "DJI": 1.14222701382242,
    "DNK": 2.11060826102444,
    "DOM": 0.943397106503999,
    "ECU": 0.686528493548347,
    "EGY": 2.11109100782752,
    "ESP": 0.963815719337849,
    "EST": 2.40843313707563,
    "ETH": 0.544494871375907,
    "FIN": 1.5236116837566,
    "FJI": 0.304456769855093,
    "FRA": 0.998478969740346,
    "GAB": 0.303430015089412,
    "GBR": 1.06562849121524,
    "GEO": 0.791339692214871,
    "GHA": 1.59282472079679,
    "GMB": 0.120399937082132,
    "GRC": 0.801225308478253,
    "GTM": 1.79753945769898,
    "GUY": 0.0930189942644633,
    "HND": 1.09753603350907,
    "HRV": 0.959702346699265,
    "HUN": 0.837994739762772,
    "IDN": 1.97367765908005,
    "IND": 1.47455951661399,
    "IRL": 0.491784044878447,
    "ISL": 1.14433922855345,
    "ISR": 0.770058976439323,
    "ITA": 1.62778400074078,
    "JAM": 0.863846444355202,
    "JOR": 1.10263074553829,
    "JPN": 1.54130141040524,
    "KAZ": 0.459048115129821,
    "KEN": 1.90917836030752,
    "KGZ": 0.330212978845345,
    "KHM": 2.48561651431336,
    "KOR": 0.90819000570106,
    "KWT": 0.46852146243414,
    "LAO": 4.57200173262801,
    "LBN": 0.997437944901828,
    "LBR": 1.65203191803295,
    "LKA": 1.48874920008668,
    "LSO": 1.86137035277711,
    "LTU": 1.9845944419703,
    "LUX": 1.59253449492195,
    "LVA": 2.09506080322295,
    "MAR": 1.23422795103278,
    "MDA": 1.22528800654221,
    "MDG": 2.05894467315161,
    "MEX": 0.835146550892983,
    "MKD": 0.631024073734557,
    "MLI": 0.445011724651114,
    "MMR": 0.484233506161459,
    "MNE": 0.549520374694937,
    "MNG": 0.427672549448203,
    "MOZ": 0.882484118625192,
    "MRT": 0.210838782208721,
    "MWI": 3.41204856357139,
    "MYS": 1.41487510340471,
    "NAM": 0.551635513703471,
    "NER": 0.688213767404628,
    "NGA": 0.401266211824229,
    "NIC": 1.31871111622187,
    "NLD": 1.32751410044991,
    "NOR": 0.991986448265137,
    "NZL": 0.624005601884121,
    "OMN": 0.425888210200736,
    "PAK": 4.99390910078626,
    "PAN": 0.320661900548888,
    "PER": 0.936303790027092,
    "PHL": 0.558985779815437,
    "PNG": 0.510558309393381,
    "POL": 1.20201375180755,
    "PRT": 1.67314445440289,
    "PRY": 0.975665512943881,
    "PSE": 0.471109887382479,
    "QAT": 0.417109986826396,
    "ROU": 1.31568595338088,
    "SAU": 0.619983705378245,
    "SEN": 1.28225144430845,
    "SLV": 1.8724898533264,
    "SUR": 0.0998188422439274,
    "SVK": 0.96110819609556,
    "SVN": 1.46773563216032,
    "SWE": 1.1218587750003,
    "SWZ": 1.8747166760686,
    "TGO": 1.27031493886015,
    "THA": 1.35251613351367,
    "TJK": 4.12170589324958,
    "TLS": 0.832579681263799,
    "TTO": 0.413864537553977,
    "TUN": 1.43189037979994,
    "TUR": 1.81430342452576,
    "TZA": 1.09698959027462,
    "UGA": 1.40577674909197,
    "UKR": 0.855372531392914,
    "URY": 0.819909782479756,
    "USA": 0.835369768685517,
    "UZB": 1.70808538602168,
    "VNM": 2.5155735307542,
    "ZAF": 0.85769131023547,
    "ZMB": 1.07313976263078,
    "ZWE": 0.32339062092522
  },
  "stats": {
    "coverage": 137,
    "min": 0.0710873171116611,
    "max": 4.99390910078626,
    "median": 0.975665512943881,
    "quantileBreaks": [
      0.0710873171116611,
      0.45557833717140495,
      0.7112460274563377,
      0.8700415464992366,
      1.0709936850834827,
      1.417305857175457,
      1.86772435309099,
      4.99390910078626
    ]
  },
  "formatting": {
    "maximumFractionDigits": 1,
    "suffix": "%"
  },
  "source": {
    "provider": "World Bank",
    "dataset": "World Development Indicators",
    "attribution": "The World Bank",
    "sourceReference": "https://api.worldbank.org/v2/indicator/TM.VAL.AGRI.ZS.UN?format=json&per_page=1",
    "valuesReference": "https://api.worldbank.org/v2/country/all/indicator/TM.VAL.AGRI.ZS.UN?format=json&per_page=20000&page=1&date=2015%3A2025",
    "license": "Creative Commons Attribution 4.0 International unless specifically labeled otherwise by World Bank metadata",
    "licenseReference": "https://www.worldbank.org/en/about/legal/terms-of-use-for-datasets",
    "retrievedAt": "2026-07-02T22:28:50.133032+00:00",
    "checksum": "05c3880cdfce45df8f9bdcef9bbcd5f18463c059aa86037694a92f8e5b70678f",
    "sourceOrganization": "Comtrade database, United Nations (UN), publisher: UN Statistics Division;\nWorld Integrated Trade Solution system (WITS);\nStaff estimates, World Bank (WB)"
  },
  "reviewStatus": "approved",
  "contentVersion": "2026.07.02-exp4-content50",
  "editorial": {
    "shortHook": "A candidate map for agricultural raw material imports.",
    "patternNote": "The darkest countries include Pakistan, Lao PDR, Tajikistan, while the lightest include Brunei Darussalam, Guyana, Suriname; that contrast is the fastest way to read the agricultural raw material imports pattern.",
    "whyItMatters": "Agricultural raw material imports may add useful WORLDPRINT variety once source coverage, unit clarity, map interest, and distractor ambiguity are reviewed.",
    "bestProbeCountries": [
      {
        "iso3": "PAK",
        "reason": "High anchor: this country sits near the darkest end of the map."
      },
      {
        "iso3": "BRN",
        "reason": "Low anchor: this country clarifies the lightest end of the scale."
      },
      {
        "iso3": "PRY",
        "reason": "Middle check: this country helps separate a true pattern from one-off outliers."
      }
    ],
    "commonConfusions": [
      {
        "confusedWithIndicatorCode": "EN.GHG.CO2.ZG.AR5",
        "reason": "CO2 emissions change overlaps with part of the visible pattern, but the full country spread does not match."
      },
      {
        "confusedWithIndicatorCode": "AG.LND.ARBL.ZS",
        "reason": "Arable land overlaps with part of the visible pattern, but the full country spread does not match."
      },
      {
        "confusedWithIndicatorCode": "SL.SRV.EMPL.FE.ZS",