{
  "schemaVersion": "1.1.0",
  "id": "air-freight",
  "providerCode": "IS.AIR.GOOD.MT.K1",
  "title": "Air transport, freight (million ton-km)",
  "shortTitle": "Air freight",
  "category": "connectivity",
  "difficulty": "expert",
  "definition": "Air freight is the volume of freight, express, and diplomatic bags carried on each flight stage (operation of an aircraft from takeoff to its next landing), measured in metric tons times kilometers traveled.",
  "unit": "million ton-kilometers",
  "year": 2023,
  "valuesByIso3": {
    "AFG": 0.794172,
    "AGO": 70.707651,
    "ARE": 13566.15894,
    "ARG": 136.4759,
    "ARM": 15.680592,
    "AUS": 1188.14685942814,
    "AUT": 207.835176,
    "AZE": 1434.48067,
    "BEL": 1831.4766060564,
    "BFA": 1.4746,
    "BGD": 98.850129524,
    "BGR": 0.626,
    "BHS": 18.5711226,
    "BLR": 5.5725,
    "BLZ": 3.44778828,
    "BOL": 19.89050384,
    "BRA": 1387.08273,
    "BRN": 45.91011,
    "BTN": 0.501684,
    "BWA": 0.282,
    "CAN": 2036.406681,
    "CHE": 1257.503636363,
    "CHL": 1499.03535,
    "CHN": 26170.3716,
    "CIV": 3.098073,
    "CMR": 0.017701,
    "COD": 0.4797615474,
    "COL": 1936.477467333,
    "CRI": 7.1761,
    "CUB": 5.16135,
    "CYP": 0.369485,
    "CZE": 0.040745454,
    "DEU": 12766.528681,
    "DZA": 8.583081,
    "ECU": 120.00972,
    "EGY": 492.65497,
    "ESP": 1130.88259932,
    "ETH": 4015.45864,
    "FIN": 816.39281,
    "FJI": 156.079891,
    "FRA": 4301.69,
    "GBR": 4413.895,
    "GEO": 0.22139,
    "GNQ": 0.79992,
    "GRC": 16.0232,
    "GTM": 0.53954,
    "HND": 1.143739,
    "HRV": 0.14608,
    "HTI": 0.055037,
    "HUN": 145.08106,
    "IDN": 870.513420389,
    "IND": 1806.986382,
    "IRL": 430.49445,
    "IRN": 136.931326,
    "ISL": 191.91125072,
    "ISR": 609.65562,
    "ITA": 1120.9870294,
    "JOR": 110.05604,
    "JPN": 8474.02,
    "KAZ": 53.083051825,
    "KEN": 288.6212,
    "KGZ": 0.654975,
    "KHM": 2.441464,
    "KOR": 12293.78421188,
    "KWT": 331.172382,
    "LBN": 34.39593,
    "LBY": 60.05292372,
    "LKA": 278.498286,
    "LTU": 1.689037593,
    "LUX": 6873.237812727,
    "LVA": 2.3673,
    "MAR": 92.638,
    "MDA": 0.370693333,
    "MDG": 2.49141,
    "MEX": 1091.480464,
    "MMR": 9.93088,
    "MNG": 26.520123,
    "MOZ": 3.01554,
    "MYS": 1910.139712,
    "NER": 0.2790084,
    "NGA": 3.14178536,
    "NLD": 3285.74816264,
    "NPL": 16.929456,
    "NZL": 767.757639527,
    "OMN": 542.341,
    "PAK": 309.514606,
    "PAN": 143.666535,
    "PER": 299.231737796,
    "PHL": 649.206834,
    "PNG": 7.120665,
    "POL": 343.93228,
    "PRK": 0.0075,
    "PRT": 568.97882,
    "PRY": 0.905,
    "QAT": 13926.596836363,
    "ROU": 2.33576,
    "RUS": 1268.80857,
    "SAU": 1036.791068,
    "SDN": 20.03647852,
    "SLB": 9.1443765,
    "SLV": 27.80159,
    "SRB": 19.33,
    "SUR": 23.62,
    "SWE": 324.82,
    "SYR": 1.5535221952,
    "TGO": 58.549821333,
    "THA": 1649.928515,
    "TJK": 131.73517458,
    "TKM": 62.7242571,
    "TTO": 45.83634,
    "TUN": 10.95911,
    "TUR": 8367.297795,
    "TZA": 20.037247,
    "UGA": 0.05586048,
    "USA": 42762.858703,
    "UZB": 96.45897,
    "VEN": 0.123204,
    "VNM": 927.8888,
    "VUT": 30.27160086,
    "YEM": 49.72517136,
    "ZAF": 59.665317008098,
    "ZMB": 104.3195986179,
    "ZWE": 3.7815432
  },
  "stats": {
    "coverage": 123,
    "min": 0.0075,
    "max": 42762.858703,
    "median": 62.7242571,
    "quantileBreaks": [
      0.0075,
      0.7966354285714285,
      6.899498571428566,
      31.449980614285707,
      135.1214070228571,
      574.7897914285713,
      1739.6758675714282,
      42762.858703
    ]
  },
  "formatting": {
    "maximumFractionDigits": 1,
    "suffix": "M ton-km"
  },
  "source": {
    "provider": "World Bank",
    "dataset": "World Development Indicators",
    "attribution": "The World Bank",
    "sourceReference": "https://api.worldbank.org/v2/indicator/IS.AIR.GOOD.MT.K1?format=json&per_page=1",
    "valuesReference": "https://api.worldbank.org/v2/country/all/indicator/IS.AIR.GOOD.MT.K1?format=json&per_page=20000&page=1&date=2015%3A2025",
    "license": "Creative Commons Attribution 4.0 International unless specifically labeled otherwise by World Bank metadata",
    "licenseReference": "https://www.worldbank.org/en/about/legal/terms-of-use-for-datasets",
    "retrievedAt": "2026-06-27T17:15:59.918100+00:00",
    "checksum": "5de5b4940550b36904b24d2d2caa948be72fec59ef47808907081279ade57550",
    "sourceOrganization": "Civil Aviation Statistics of the World, International Civil Aviation Organization (ICAO), uri: https://data.icao.int/newdataplus/#:~:text=ICAO%20data%20is%20comprised%20of,information%20about%20commercial%20air%20carriers;\nICAO Staff estimates, International Civil Aviation Organization (ICAO), uri: https://data.icao.int/newdataplus/#:~:text=ICAO%20data%20is%20comprised%20of,information%20about%20commercial%20air%20carriers"
  },
  "reviewStatus": "approved",
  "contentVersion": "2026.06.22-exp2-qa1",
  "editorial": {
    "shortHook": "A high-value cargo network map.",
    "patternNote": "The darkest countries include United States, China, Qatar, while the lightest include Korea, Dem. People's Rep., Cameroon, Czechia; that contrast is the fastest way to read the air freight pattern.",
    "whyItMatters": "Air freight spotlights logistics hubs and export networks that passenger travel does not show.",
    "bestProbeCountries": [
      {
        "iso3": "USA",
        "reason": "High anchor: this country sits near the darkest end of the map."
      },
      {
        "iso3": "PRK",
        "reason": "Low anchor: this country clarifies the lightest end of the scale."
      },
      {
        "iso3": "TKM",
        "reason": "Middle check: this country helps separate a true pattern from one-off outliers."
      }
    ],
    "commonConfusions": [
      {
        "confusedWithIndicatorCode": "IS.AIR.PSGR",
        "reason": "Air passengers carried can tempt players because it shares a strong country ranking with this map, but its unit and definition point to a different story."
      },
      {
        "confusedWithIndicatorCode": "IS.AIR.DPRT",
        "reason": "Air carrier departures can tempt players because it shares a strong country ranking with this map, but its unit and definition point to a different story."
      },
      {
        "confusedWithIndicatorCode": "IS.SHP.GOOD.TU",
        "reason": "Container port traffic can tempt players because it shares a strong country ranking with this map, but its unit and definition point to a different story."
      }
    ],
    "difficultyReason": "Expert difficulty: the map can be mistaken for adjacent indicators unless players probe a high, low, and middle country.",
    "dataCaveat": "Raw air freight favors aviation hubs and large economies.",
    "regionalSignals": [
      "Connectivity maps often expose infrastructure, income, and island-state outliers.",
      "Small high-income countries can be powerful probes."
    ]
  },
  "editorialReview": {
    "status": "expert_only",
    "reviewedAt": "2026-06-22",
    "reviewedBy": "Codex editorial QA",
    "qualityScore": 3,
    "funScore": 4,
    "fairnessScore": 3,
    "ambiguityRisk": "medium",
    "dailyEligible": false,
    "practiceEligible": true,
    "challengeEligible": true,
    "expertOnly": true,
    "reviewNotes": [
      "Batch 3 QA: source-valid cargo-network map with strong hub geography.",
      "Expert-only because raw ton-kilometers are a specialized clue."
    ],
    "acceptableCloseDistractorIds": []
  }
}
