{
  "schemaVersion": "1.1.0",
  "id": "arable-land-per-person",
  "providerCode": "AG.LND.ARBL.HA.PC",
  "title": "Arable land (hectares per person)",
  "shortTitle": "Arable land per person",
  "category": "land",
  "difficulty": "expert",
  "definition": "Arable land (hectares per person) includes land defined by the FAO as land under temporary crops (double-cropped areas are counted once), temporary meadows for mowing or for pasture, land under market or kitchen gardens, and land temporarily fallow. Land abandoned as a result of shifting cultivation is excluded.",
  "unit": "hectares per person",
  "year": 2023,
  "valuesByIso3": {
    "AFG": 0.18926655975655,
    "AGO": 0.146530987045246,
    "ALB": 0.244935227134196,
    "ARE": 0.00480591345597582,
    "ARG": 0.886885402497993,
    "ARM": 0.148972776034814,
    "AUS": 1.16240693427385,
    "AUT": 0.144745531557385,
    "AZE": 0.205998488471195,
    "BDI": 0.0965127744357882,
    "BEL": 0.0732731372452811,
    "BEN": 0.251289331455087,
    "BFA": 0.343414645395664,
    "BGD": 0.0459587002722798,
    "BGR": 0.540835814746263,
    "BHS": 0.0200280392549569,
    "BIH": 0.116166882203328,
    "BLR": 0.606626631647828,
    "BLZ": 0.243246267386027,
    "BOL": 0.454303770475375,
    "BRA": 0.263530396354746,
    "BRN": 0.00871556534604063,
    "BTN": 0.127164175308532,
    "BWA": 0.104828395915886,
    "CAF": 0.349350334532058,
    "CAN": 0.952605961963478,
    "CHE": 0.0445976868475935,
    "CHL": 0.0715657870875868,
    "CHN": 0.0768599499542783,
    "CIV": 0.154112270514201,
    "CMR": 0.218520015393678,
    "COD": 0.14082523567434,
    "COG": 0.0889552369160998,
    "COL": 0.0487240800814172,
    "CRI": 0.0327357911282385,
    "CUB": 0.26393994662943,
    "CYP": 0.0727695512782384,
    "CZE": 0.232351458140534,
    "DEU": 0.140249519275292,
    "DJI": 0.00260203444399728,
    "DNK": 0.397682712085115,
    "DOM": 0.0861121595867716,
    "DZA": 0.163135002890442,
    "ECU": 0.0571743745565579,
    "EGY": 0.0270919726284291,
    "ERI": 0.198824915931639,
    "ESP": 0.237769470915771,
    "EST": 0.518869783388285,
    "ETH": 0.127436136281431,
    "FIN": 0.401868869328326,
    "FJI": 0.0831038419295673,
    "FRA": 0.247165145246131,
    "GAB": 0.130795814051012,
    "GBR": 0.0881955987508391,
    "GEO": 0.0818197795549058,
    "GHA": 0.139395998225875,
    "GIN": 0.416514826175727,
    "GMB": 0.163093135446996,
    "GNB": 0.183682411362075,
    "GNQ": 0.0286866545894047,
    "GRC": 0.178830626544641,
    "GTM": 0.0857386973610468,
    "GUY": 0.11738324904732,
    "HND": 0.0956330905899951,
    "HRV": 0.224888760381026,
    "HTI": 0.086359510949097,
    "HUN": 0.432033636545413,
    "IDN": 0.0632415760262257,
    "IND": 0.106996699205648,
    "IRL": 0.0826502606213116,
    "IRN": 0.173261494615523,
    "IRQ": 0.11024081728269,
    "ISL": 0.313745420224393,
    "ISR": 0.027556097065692,
    "ITA": 0.120108013303084,
    "JAM": 0.0422567052587765,
    "JOR": 0.0178333946574821,
    "JPN": 0.0324775843230604,
    "KAZ": 1.45939735477989,
    "KEN": 0.119846013488895,
    "KGZ": 0.181187365752315,
    "KHM": 0.236465109952548,
    "KOR": 0.0281556035674774,
    "KWT": 0.0016483222140264,
    "LAO": 0.15968703428692,
    "LBN": 0.0232465510913411,
    "LBR": 0.0910244271332166,
    "LBY": 0.235433928684599,
    "LKA": 0.0622589281662658,
    "LSO": 0.154338014909979,
    "LTU": 0.801996110162158,
    "LUX": 0.0920216676920307,
    "LVA": 0.721979497905729,
    "MAR": 0.182275131286028,
    "MDA": 0.761255163698341,
    "MDG": 0.0961663847709374,
    "MEX": 0.154336610105773,
    "MKD": 0.227594024781488,
    "MLI": 0.350917389603749,
    "MMR": 0.203335668411812,
    "MNE": 0.0145141605282192,
    "MNG": 0.328417374168557,
    "MOZ": 0.167978983896613,
    "MRT": 0.0895978668539859,
    "MWI": 0.189533199630297,
    "MYS": 0.0223280005197246,
    "NAM": 0.269987968661147,
    "NCL": 0.0205954393348743,
    "NER": 0.676608944533242,
    "NGA": 0.161802367439125,
    "NIC": 0.220264543138657,
    "NLD": 0.056440867954268,
    "NOR": 0.145481530277279,
    "NPL": 0.060745022649562,
    "NZL": 0.1,
    "OMN": 0.0172559631899192,
    "PAK": 0.122260405816064,
    "PAN": 0.126716873461876,
    "PER": 0.115773661328142,
    "PHL": 0.0486547276784882,
    "PNG": 0.0317624247627563,
    "POL": 0.30533682819799,
    "PRI": 0.015668922533721,
    "PRK": 0.0868719160469803,
    "PRT": 0.0876581156634406,
    "PRY": 0.666408928155536,
    "PSE": 0.00811107723429689,
    "QAT": 0.00790653124661149,
    "ROU": 0.441056222365784,
    "RUS": 0.845805974199542,
    "RWA": 0.0830609057125849,
    "SAU": 0.101784540843292,
    "SDN": 0.419540948465484,
    "SEN": 0.211864723212568,
    "SLB": 0.028749820313623,
    "SLE": 0.187222711816968,
    "SLV": 0.114269883593697,
    "SOM": 0.0599173739413349,
    "SRB": 0.393013449877498,
    "SSD": 0.216768460210388,
    "SUR": 0.0842203515422509,
    "SVK": 0.240844411193461,
    "SVN": 0.0843637303397705,
    "SWE": 0.239735050061538,
    "SWZ": 0.14384326447819,
    "SYR": 0.186483166101022,
    "TCD": 0.274340413179438,
    "TGO": 0.322233503772564,
    "THA": 0.220846056343833,
    "TJK": 0.0812720246079833,
    "TKM": 0.21611142628942,
    "TLS": 0.0805469389995998,
    "TTO": 0.0182814019641538,
    "TUN": 0.232065572109707,
    "TUR": 0.237641613546357,
    "TZA": 0.202686659139327,
    "UGA": 0.141810152336782,
    "UKR": 0.872555670080033,
    "URY": 0.649217064172905,
    "USA": 0.450070531087385,
    "UZB": 0.113008114734342,
    "VEN": 0.0918700191874069,
    "VNM": 0.0670486599834312,
    "VUT": 0.0624202191573895,
    "YEM": 0.0293977281344306,
    "ZAF": 0.18983621943447,
    "ZMB": 0.183362594947444,
    "ZWE": 0.246034605847858
  },
  "stats": {
    "coverage": 168,
    "min": 0.0016483222140264,
    "max": 1.45939735477989,
    "median": 0.142826708407486,
    "quantileBreaks": [
      0.0016483222140264,
      0.040896574668699615,
      0.08432276496905061,
      0.11686194897132343,
      0.16521099475022952,
      0.22887160973240775,
      0.3569311124999987,
      1.45939735477989
    ]
  },
  "formatting": {
    "maximumFractionDigits": 2,
    "suffix": " ha/person"
  },
  "source": {
    "provider": "World Bank",
    "dataset": "World Development Indicators",
    "attribution": "The World Bank",
    "sourceReference": "https://api.worldbank.org/v2/indicator/AG.LND.ARBL.HA.PC?format=json&per_page=1",
    "valuesReference": "https://api.worldbank.org/v2/country/all/indicator/AG.LND.ARBL.HA.PC?format=json&per_page=20000&page=1&date=2015%3A2025",
    "license": "Creative Commons Attribution 4.0 International unless specifically labeled otherwise by World Bank metadata",
    "licenseReference": "https://www.worldbank.org/en/about/legal/terms-of-use-for-datasets",
    "retrievedAt": "2026-07-02T22:27:28.291386+00:00",
    "checksum": "b80966928566d24eb7aacf3b8d0cadd54658e4d81200fc19fc9fd63d78cb42af",
    "sourceOrganization": "FAO electronic files and web site, Food and Agriculture Organization of the United Nations (FAO), publisher: Food and Agriculture Organization of the United Nations (FAO)"
  },
  "reviewStatus": "approved",
  "contentVersion": "2026.07.02-exp4-content50",
  "editorial": {
    "shortHook": "A candidate map for arable land per person.",
    "patternNote": "The darkest countries include Kazakhstan, Australia, Canada, while the lightest include Kuwait, Djibouti, United Arab Emirates; that contrast is the fastest way to read the arable land per person pattern.",
    "whyItMatters": "Arable land per person may add useful WORLDPRINT variety once source coverage, unit clarity, map interest, and distractor ambiguity are reviewed.",
    "bestProbeCountries": [
      {
        "iso3": "KAZ",
        "reason": "High anchor: this country sits near the darkest end of the map."
      },
      {
        "iso3": "KWT",
        "reason": "Low anchor: this country clarifies the lightest end of the scale."
      },
      {
        "iso3": "SWZ",