{
  "schemaVersion": "1.1.0",
  "id": "arable-land",
  "providerCode": "AG.LND.ARBL.ZS",
  "title": "Arable land (% of land area)",
  "shortTitle": "Arable land",
  "category": "land",
  "difficulty": "standard",
  "definition": "Arable land includes land defined by the FAO as land under temporary crops (double-cropped areas are counted once), temporary meadows for mowing or for pasture, land under market or kitchen gardens, and land temporarily fallow. Land abandoned as a result of shifting cultivation is excluded.",
  "unit": "percent of land area",
  "year": 2023,
  "valuesByIso3": {
    "AFG": 12.0294987964368,
    "AGO": 4.31940322451271,
    "ALB": 21.5583941605839,
    "ARE": 0.709433962264151,
    "ARG": 14.7577340144481,
    "ARM": 15.6598854445336,
    "AUS": 4.02880884345075,
    "AUT": 16.0177120698013,
    "AZE": 25.307924984876,
    "BDI": 51.4488629283489,
    "BEL": 28.3056863645307,
    "BEN": 31.4468987229514,
    "BFA": 28.9012744883041,
    "BGD": 60.6277888905986,
    "BGR": 32.1163411938099,
    "BHS": 0.799200799200799,
    "BIH": 7.2265625,
    "BLR": 27.4298832907189,
    "BLZ": 4.38404208680403,
    "BOL": 5.13483577956245,
    "BRA": 6.65722277923079,
    "BRN": 0.759013282732448,
    "BTN": 2.62191924488726,
    "BWA": 0.458772254865633,
    "CAF": 2.88933834151979,
    "CAN": 4.34091503862915,
    "CHE": 10.0335260036604,
    "CHL": 1.89396886756197,
    "CHN": 11.5492836227566,
    "CIV": 15.1038040880503,
    "CMR": 13.1158638488714,
    "COD": 6.571475618094,
    "COG": 1.61054172767204,
    "COL": 2.29770166741776,
    "CRI": 3.27327457892675,
    "CUB": 28.0211946050096,
    "CYP": 10.5923484848485,
    "CZE": 32.7117272845198,
    "DEU": 33.428726783619,
    "DJI": 0.129421915444349,
    "DNK": 59.125,
    "DOM": 20.2448088116483,
    "DZA": 3.16197401899452,
    "ECU": 4.13915284264777,
    "EGY": 3.11718318348486,
    "ERI": 5.69409349206375,
    "ESP": 23.0074340991168,
    "EST": 16.6393634448865,
    "ETH": 14.5325559938566,
    "FIN": 7.38255033557047,
    "FJI": 4.20361247947455,
    "FRA": 31.3558697467298,
    "GAB": 1.26130321729344,
    "GBR": 24.9811581862522,
    "GEO": 4.37473017700389,
    "GHA": 20.6998545265961,
    "GIN": 24.4184071300667,
    "GMB": 43.4782608695652,
    "GNB": 14.065807254623,
    "GNQ": 1.88948306595365,
    "GRC": 14.4387362296354,
    "GTM": 14.501679731243,
    "GUY": 0.459410817467083,
    "HND": 9.09822146751274,
    "HRV": 15.5110793423874,
    "HTI": 36.4658925979681,
    "HUN": 45.4103331141793,
    "IDN": 9.3962387268892,
    "IND": 51.752057554344,
    "IRL": 6.37247786326027,
    "IRN": 9.67580893682589,
    "IRQ": 11.4458802662797,
    "ISL": 1.20003967073292,
    "ISR": 12.5415896487985,
    "ITA": 23.9567056675233,
    "JAM": 11.0803324099723,
    "JOR": 2.29745253057639,
    "JPN": 11.0925421662665,
    "KAZ": 10.9899988887654,
    "KEN": 11.4175064467254,
    "KGZ": 6.70690823774765,
    "KHM": 23.3409228416044,
    "KOR": 14.9180327868852,
    "KWT": 0.448933782267116,
    "LAO": 5.30329289428076,
    "LBN": 13.1196285434995,
    "LBR": 5.19102990033223,
    "LBY": 0.977528217602328,
    "LKA": 22.1791141286777,
    "LSO": 11.7505928853755,
    "LTU": 36.7891373801917,
    "LUX": 23.8209177847005,
    "LVA": 21.8544110557609,
    "MAR": 15.4023118978266,
    "MDA": 56.8174916489523,
    "MDG": 5.15641113784806,
    "MEX": 10.3004679132694,
    "MKD": 16.4948453608247,
    "MLI": 6.83582065088224,
    "MMR": 16.8650803622045,
    "MNE": 0.672862453531598,
    "MNG": 0.733569879360895,
    "MOZ": 7.18482158752766,
    "MRT": 0.436596487823809,
    "MWI": 42.4268137462877,
    "MYS": 2.38715568406635,
    "NAM": 0.971711061715799,
    "NCL": 0.326586433260394,
    "NER": 13.9733164916713,
    "NGA": 40.4844252665327,
    "NIC": 12.4896127638358,
    "NLD": 29.96732996733,
    "NOR": 2.20440881763527,
    "NPL": 12.5831880013952,
    "NZL": 1.97485853176864,
    "OMN": 0.281518578352181,
    "PAK": 39.2538397675384,
    "PAN": 7.61660825020221,
    "PER": 3.06127421875,
    "PHL": 18.7476942683704,
    "PNG": 0.728702027116548,
    "POL": 36.5755705749829,
    "PRI": 5.65952649379932,
    "PRK": 19.0598787476123,
    "PRT": 10.1223374990175,
    "PRY": 11.5173268852464,
    "PSE": 6.95435684647303,
    "QAT": 1.82767624020888,
    "ROU": 36.5394645340751,
    "RUS": 7.42809828740168,
    "RWA": 46.9830158086745,
    "SAU": 1.59577287888021,
    "SDN": 11.2392933618844,
    "SEN": 19.893003687737,
    "SLB": 0.821722043586995,
    "SLE": 21.9451371571072,
    "SLV": 34.7972972972973,
    "SOM": 1.75343513884018,
    "SRB": 30.9549292424783,
    "SSD": 3.93909657715253,
    "SUR": 0.329984354012872,
    "SVK": 27.1838602329451,
    "SVN": 8.88475005587424,
    "SWE": 6.20227367593979,
    "SWZ": 10.2906976744186,
    "SYR": 23.961226379132,
    "TCD": 4.20902160101652,
    "TGO": 48.7221915793344,
    "THA": 30.9953218892521,
    "TJK": 6.08401181641329,
    "TKM": 3.38675802779137,
    "TLS": 7.49831876260928,
    "TTO": 4.87329434697856,
    "TUN": 18.2241246138002,
    "TUR": 26.3464262047997,
    "TZA": 15.2432829081057,
    "UGA": 34.4105326152005,
    "UKR": 56.8243010010356,
    "URY": 12.5677065478231,
    "USA": 16.5689915954444,
    "UZB": 9.14331101781459,
    "VEN": 2.94767870302137,
    "VNM": 21.4673179571769,
    "VUT": 1.64068908941756,
    "YEM": 2.19330643786579,
    "ZAF": 9.89209374407505,
    "ZMB": 5.11171794078478,
    "ZWE": 10.3926785575805
  },
  "stats": {
    "coverage": 168,
    "min": 0.129421915444349,
    "max": 60.6277888905986,
    "median": 11.03516564936885,
    "quantileBreaks": [
      0.129421915444349,
      1.8806535194186826,
      4.3813815411468475,
      9.006733719667668,
      12.574341456496857,
      19.993519437425945,
      31.046828726034626,
      60.6277888905986
    ]
  },
  "formatting": {
    "maximumFractionDigits": 1,
    "suffix": "%"
  },
  "source": {
    "provider": "World Bank",
    "dataset": "World Development Indicators",
    "attribution": "The World Bank",
    "sourceReference": "https://api.worldbank.org/v2/indicator/AG.LND.ARBL.ZS?format=json&per_page=1",
    "valuesReference": "https://api.worldbank.org/v2/country/all/indicator/AG.LND.ARBL.ZS?format=json&per_page=20000&page=1&date=2015%3A2025",
    "license": "Creative Commons Attribution 4.0 International unless specifically labeled otherwise by World Bank metadata",
    "licenseReference": "https://www.worldbank.org/en/about/legal/terms-of-use-for-datasets",
    "retrievedAt": "2026-07-02T22:12:16.418023+00:00",
    "checksum": "95eda34d484d9bce04efd2b567b8a94cfb9117bae533a09bcc8c11b5bfcfcbd6",
    "sourceOrganization": "FAO electronic files and website, Food and Agriculture Organization of the United Nations (FAO), publisher: Food and Agriculture Organization of the United Nations (FAO)"
  },
  "reviewStatus": "approved",
  "contentVersion": "2026.07.02-exp4-content50",
  "editorial": {
    "shortHook": "The crop-ready land map.",
    "patternNote": "The darkest countries include Bangladesh, Denmark, Ukraine, while the lightest include Djibouti, Oman, New Caledonia; that contrast is the fastest way to read the arable land pattern.",
    "whyItMatters": "Arable land reveals where terrain, climate, and land-use history make farming plausible.",
    "bestProbeCountries": [
      {
        "iso3": "BGD",
        "reason": "High anchor: this country sits near the darkest end of the map."
      },
      {
        "iso3": "DJI",
        "reason": "Low anchor: this country clarifies the lightest end of the scale."
      },
      {
        "iso3": "JAM",
        "reason": "Middle check: this country helps separate a true pattern from one-off outliers."
      }
    ],
    "commonConfusions": [
      {
        "confusedWithIndicatorCode": "EN.POP.DNST",
        "reason": "Population density overlaps with part of the visible pattern, but the full country spread does not match."
      },
      {
        "confusedWithIndicatorCode": "AG.LND.AGRI.ZS",