{
  "schemaVersion": "1.1.0",
  "id": "atm-density",
  "providerCode": "FB.ATM.TOTL.P5",
  "title": "Automated teller machines (ATMs) (per 100,000 adults)",
  "shortTitle": "ATM density",
  "category": "connectivity",
  "difficulty": "standard",
  "definition": "Automated teller machines (ATMs) are electromechanical devices which enable customers of financial institutions to perform financial transactions such as cash withdrawals, balance inquiries, deposits, transfer of funds, and obtaining account information, using an electronic card.",
  "unit": "ATMs per 100,000 adults",
  "year": 2024,
  "valuesByIso3": {
    "AGO": 19.5749109120997,
    "ALB": 44.7849657180168,
    "ARG": 74.3105429803069,
    "ARM": 71.471050550972,
    "AUS": 105.221393543223,
    "AUT": 170.058889305102,
    "AZE": 41.4167849794457,
    "BEL": 49.6341137910169,
    "BEN": 3.97487218301636,
    "BFA": 4.13720247622148,
    "BGD": 15.8652165324821,
    "BGR": 92.2965995769996,
    "BHS": 120.825010169944,
    "BIH": 64.2147789932271,
    "BLR": 55.1328485828307,
    "BLZ": 45.3920534515921,
    "BOL": 42.0385242229212,
    "BRA": 89.9031894731986,
    "BTN": 39.9347625718626,
    "BWA": 37.9286847220452,
    "CAN": 173.814950716338,
    "CHE": 80.2766368306034,
    "CHL": 47.1622004347209,
    "CHN": 67.8283270265072,
    "CIV": 7.04364240836221,
    "COL": 39.9097074885011,
    "CYP": 29.1233945948032,
    "CZE": 54.6781359686877,
    "DJI": 17.6370038837649,
    "DNK": 33.7777495524745,
    "DZA": 12.0860949385752,
    "ECU": 53.1010541161419,
    "EGY": 37.0583613111908,
    "ESP": 84.1827291806449,
    "EST": 57.1951893834669,
    "FIN": 33.455866309527,
    "FJI": 45.4850209555989,
    "GBR": 77.7418528826704,
    "GEO": 104.958047711577,
    "GHA": 10.9656943799015,
    "GIN": 2.64911082193881,
    "GMB": 8.42859464402224,
    "GNB": 7.19831811668251,
    "GRC": 68.0830031414904,
    "GTM": 33.5869958774543,
    "GUY": 23.270152886603,
    "HND": 27.5338974498125,
    "HRV": 119.50166872647,
    "HUN": 62.7961973848193,
    "IDN": 45.6370507881167,
    "IND": 24.4668640479183,
    "IRL": 30.1465748835443,
    "ISL": 64.6155973035761,
    "ISR": 133.057274706922,
    "ITA": 85.7185891946666,
    "JAM": 38.9917428485894,
    "JOR": 30.3628434703032,
    "JPN": 107.03894109574,
    "KEN": 6.4216090145139,
    "KGZ": 51.738306866465,
    "KHM": 47.6111762552663,
    "KWT": 58.0428710890204,
    "LAO": 28.3029809215782,
    "LBN": 32.9476452117294,
    "LSO": 13.7857948817459,
    "LTU": 45.9945001457372,
    "LUX": 72.1804089755988,
    "LVA": 55.8596095667198,
    "MAR": 28.4570615815191,
    "MDA": 68.4070905436459,
    "MDG": 3.01804854834955,
    "MEX": 69.9743409195725,
    "MKD": 69.8336670725203,
    "MLI": 4.24011232732635,
    "MNE": 88.6930983847283,
    "MNG": 25.2296821562131,
    "MOZ": 7.28629772446997,
    "MRT": 11.1430620594269,
    "MWI": 3.87838928779533,
    "MYS": 52.1737129345502,
    "NAM": 67.2393532453985,
    "NER": 1.39937331629238,
    "NGA": 12.8285394265964,
    "NIC": 24.0707786430088,
    "NLD": 32.7720104663769,
    "NOR": 24.1746001394803,
    "NPL": 24.4704593538272,
    "NZL": 35.2989486952771,
    "PAK": 12.0522028967929,
    "PAN": 72.5358167709885,
    "PER": 135.033886471288,
    "PHL": 27.8445692139854,
    "POL": 66.6003136036366,
    "PRT": 157.795894091896,
    "PRY": 28.3736559900344,
    "PSE": 23.9117782262275,
    "ROU": 63.7239618833398,
    "RUS": 115.468593957376,
    "RWA": 3.53855456764686,
    "SAU": 56.0570341184491,
    "SEN": 6.27760166589012,
    "SLB": 11.6202952329675,
    "SLE": 3.47638534423223,
    "SLV": 47.8185488549671,
    "SRB": 57.0111993877231,
    "SSD": 0.959517149038783,
    "SUR": 18.8652049312373,
    "SVK": 71.7462516579142,
    "SVN": 70.8047756828607,
    "SWZ": 41.7716491229764,
    "TGO": 6.93399084018072,
    "THA": 93.0302183963717,
    "TJK": 47.3781887846603,
    "TTO": 44.3432182868233,
    "TUN": 35.4392466763508,
    "TUR": 81.0946316413758,
    "TZA": 5.51813960212944,
    "UGA": 3.6087387716519,
    "UKR": 89.0252350224489,
    "URY": 306.460239675036,
    "UZB": 119.387311454747,
    "VNM": 27.2434250522194,
    "ZAF": 45.9614854387842,
    "ZMB": 7.70134427324914,
    "ZWE": 4.1381642554319
  },
  "stats": {
    "coverage": 125,
    "min": 0.959517149038783,
    "max": 306.460239675036,
    "median": 42.0385242229212,
    "quantileBreaks": [
      0.959517149038783,
      7.261160693673553,
      24.29985610023944,
      35.31899126400191,
      47.347333306097525,
      65.74972090361067,
      86.56844896325563,
      306.460239675036
    ]
  },
  "formatting": {
    "maximumFractionDigits": 1,
    "suffix": " per 100k"
  },
  "source": {
    "provider": "World Bank",
    "dataset": "World Development Indicators",
    "attribution": "The World Bank",
    "sourceReference": "https://api.worldbank.org/v2/indicator/FB.ATM.TOTL.P5?format=json&per_page=1",
    "valuesReference": "https://api.worldbank.org/v2/country/all/indicator/FB.ATM.TOTL.P5?format=json&per_page=20000&page=1&date=2015%3A2025",
    "license": "Creative Commons Attribution 4.0 International unless specifically labeled otherwise by World Bank metadata",
    "licenseReference": "https://www.worldbank.org/en/about/legal/terms-of-use-for-datasets",
    "retrievedAt": "2026-07-02T22:58:20.827180+00:00",
    "checksum": "b2bae5a21ee3bd525e11b37ed15872505a03a7e0ef1f977130a3432a4cc35d4d",
    "sourceOrganization": "Financial Access Survey, International Monetary Fund (IMF), uri: https://data.imf.org/?sk=E5DCAB7E-A5CA-4892-A6EA-598B5463A34C"
  },
  "reviewStatus": "approved",
  "contentVersion": "2026.07.02-exp4-content50",
  "editorial": {
    "shortHook": "A financial-infrastructure map.",
    "patternNote": "The darkest countries include Uruguay, Canada, Austria, while the lightest include South Sudan, Niger, Guinea; that contrast is the fastest way to read the atm density pattern.",
    "whyItMatters": "ATM density gives players a tangible connectivity-and-finance clue that differs from mobile or internet access.",
    "bestProbeCountries": [
      {
        "iso3": "URY",
        "reason": "High anchor: this country sits near the darkest end of the map."
      },
      {
        "iso3": "SSD",
        "reason": "Low anchor: this country clarifies the lightest end of the scale."
      },
      {
        "iso3": "BOL",
        "reason": "Middle check: this country helps separate a true pattern from one-off outliers."
      }
    ],
    "commonConfusions": [
      {
        "confusedWithIndicatorCode": "SP.POP.0014.TO.ZS",
        "reason": "Population ages 0-14 can tempt players because it shares a strong country ranking with this map, but its unit and definition point to a different story."
      },
      {
        "confusedWithIndicatorCode": "SP.DYN.CBRT.IN",
        "reason": "Birth rate can tempt players because it shares a strong country ranking with this map, but its unit and definition point to a different story."
      },
      {
        "confusedWithIndicatorCode": "SH.DYN.MORT",
        "reason": "Under-5 mortality can tempt players because it shares a strong country ranking with this map, but its unit and definition point to a different story."
      }
    ],
    "difficultyReason": "Standard difficulty: the map has readable regional structure, but the best answer still depends on checking the unit and country anchors.",
    "regionalSignals": [
      "Connectivity maps often expose infrastructure, income, and island-state outliers.",
      "Small high-income countries can be powerful probes."
    ]
  },
  "editorialReview": {
    "status": "practice_eligible",
    "reviewedAt": "2026-07-02",
    "reviewedBy": "Codex editorial QA",
    "qualityScore": 4,
    "funScore": 4,
    "fairnessScore": 4,
    "ambiguityRisk": "medium",
    "dailyEligible": false,
    "practiceEligible": true,
    "challengeEligible": true,
    "expertOnly": false,