{
  "schemaVersion": "1.1.0",
  "id": "bank-branches",
  "providerCode": "FB.CBK.BRCH.P5",
  "title": "Commercial bank branches (per 100,000 adults)",
  "shortTitle": "Commercial bank branches",
  "category": "connectivity",
  "difficulty": "expert",
  "definition": "Commercial bank branches are retail locations of resident commercial banks and other resident banks that function as commercial banks that provide financial services to customers and are physically separated from the main office but not organized as legally separated subsidiaries.",
  "unit": "branches per 100,000 adults",
  "year": 2024,
  "valuesByIso3": {
    "AGO": 6.81588247654164,
    "ALB": 17.9848625929919,
    "ARG": 12.3018129639838,
    "ARM": 22.6944055433126,
    "AUS": 15.4624175561434,
    "AUT": 10.8859029081619,
    "AZE": 6.3554206975118,
    "BEN": 2.51978504459073,
    "BFA": 2.68516845017549,
    "BGD": 9.13956167484712,
    "BGR": 93.8388073544804,
    "BHS": 22.1613712120752,
    "BIH": 29.2546106901798,
    "BLZ": 14.3687075674104,
    "BOL": 63.4593552065985,
    "BRA": 15.8294859679319,
    "BTN": 24.5998137442673,
    "BWA": 7.94807568905725,
    "CAN": 18.0374274622657,
    "CHE": 32.2121718799843,
    "CHL": 8.9023223301198,
    "CHN": 8.71645124924044,
    "CIV": 4.19970558633927,
    "COL": 11.8154363387041,
    "CRI": 15.100141062685,
    "CYP": 18.5091453599502,
    "CZE": 14.6308003873306,
    "DJI": 8.21449495956173,
    "DNK": 16.6308778642618,
    "DOM": 11.1200275271335,
    "DZA": 4.90863470234879,
    "ECU": 8.03632447860786,
    "EGY": 6.56435111443811,
    "ESP": 31.3267610350245,
    "EST": 6.22062482720486,
    "FIN": 3.78196749585957,
    "FJI": 10.1898261231698,
    "FRA": 30.053522644131,
    "GEO": 31.6180104435663,
    "GHA": 5.89352036974995,
    "GIN": 2.77525895631685,
    "GMB": 5.63927555319474,
    "GNB": 4.00731111650366,
    "GRC": 15.2293847040186,
    "GTM": 21.9387398603797,
    "GUY": 7.98319113627986,
    "HND": 15.9904307723524,
    "HRV": 24.158748216264,
    "HUN": 15.6990493462048,
    "IDN": 11.2296187378829,
    "IND": 14.6203740158977,
    "IRQ": 3.32543084021685,
    "ISL": 20.4365610076426,
    "ISR": 13.6731058708587,
    "ITA": 30.3263975464576,
    "JAM": 6.93186539530478,
    "JOR": 11.8105468433005,
    "JPN": 33.7066195651366,
    "KEN": 4.51953347417295,
    "KGZ": 6.64885319557182,
    "KHM": 14.0830887702144,
    "KOR": 12.3936010645014,
    "KWT": 10.0794481772547,
    "LAO": 3.02390154471585,
    "LBN": 15.8904719470168,
    "LKA": 17.3281096583173,
    "LSO": 3.5281181213947,
    "LTU": 9.62109138088236,
    "LUX": 46.07632903054,
    "LVA": 4.44337803371635,
    "MAR": 20.2154954155846,
    "MDA": 28.3333715981691,
    "MDG": 2.7141835921164,
    "MEX": 12.0399677530508,
    "MKD": 25.2903866343325,
    "MLI": 3.64088357265948,
    "MNE": 36.4170337738619,
    "MNG": 58.9947791712446,
    "MOZ": 3.4897257481223,
    "MRT": 12.3249019748207,
    "MWI": 1.70555673499433,
    "MYS": 7.72357928210984,
    "NAM": 7.90743172901493,
    "NER": 1.46172163236481,
    "NGA": 3.2809060622459,
    "NIC": 9.3766439570574,
    "NLD": 3.96324852177697,
    "NPL": 23.8248878284133,
    "NZL": 14.7098016921991,
    "PAK": 11.150833388396,
    "PAN": 17.7211487314488,
    "PER": 4.48959804720935,
    "PHL": 8.08637788193146,
    "POL": 21.3277702596477,
    "PRT": 28.3443218929077,
    "PRY": 8.87181978605778,
    "PSE": 12.9156135453229,
    "ROU": 20.7622398754838,
    "RUS": 21.2458843994804,
    "RWA": 4.74793397684262,
    "SAU": 7.18794341299914,
    "SEN": 5.27213621801078,
    "SLB": 3.48608856989026,
    "SLE": 2.13068779162621,
    "SLV": 11.5822022676357,
    "SRB": 23.9702152801707,
    "SSD": 1.69971609258298,
    "SUR": 9.9625239524512,
    "SVK": 19.3541917807739,
    "SVN": 18.5834964214362,
    "SWE": 10.165982457298,
    "SWZ": 6.03636548019891,
    "TGO": 4.37936263590361,
    "THA": 8.01998751107904,
    "TJK": 3.87854723495056,
    "TTO": 10.4859714586075,
    "TUN": 22.3680086435304,
    "TUR": 13.6983772737341,
    "TZA": 2.44432770784298,
    "UGA": 2.0823733049375,
    "UKR": 15.5481296971056,
    "URY": 8.60112465125692,
    "USA": 25.7293876693086,
    "UZB": 56.6140706263225,
    "VNM": 3.09669381955115,
    "ZAF": 7.97854624774345,
    "ZMB": 2.50834626173463,
    "ZWE": 5.45993662203177
  },
  "stats": {
    "coverage": 128,
    "min": 1.46172163236481,
    "max": 93.8388073544804,
    "median": 11.002965217647699,
    "quantileBreaks": [
      1.46172163236481,
      3.6610384188309215,
      6.4151151023478885,
      9.003996335002935,
      12.364158597495386,
      17.128900574301447,
      24.13181493967924,
      93.8388073544804
    ]
  },
  "formatting": {
    "maximumFractionDigits": 1,
    "suffix": " per 100k"
  },
  "source": {
    "provider": "World Bank",
    "dataset": "World Development Indicators",
    "attribution": "The World Bank",
    "sourceReference": "https://api.worldbank.org/v2/indicator/FB.CBK.BRCH.P5?format=json&per_page=1",
    "valuesReference": "https://api.worldbank.org/v2/country/all/indicator/FB.CBK.BRCH.P5?format=json&per_page=20000&page=1&date=2015%3A2025",
    "license": "Creative Commons Attribution 4.0 International unless specifically labeled otherwise by World Bank metadata",
    "licenseReference": "https://www.worldbank.org/en/about/legal/terms-of-use-for-datasets",
    "retrievedAt": "2026-07-02T22:38:45.257413+00:00",
    "checksum": "1a628f3f39d5d3bfc4c6a6f19cd858f23d00d8e519aa1b6e5f565225f7913b55",
    "sourceOrganization": "Financial Access Survey, International Monetary Fund (IMF), uri: https://data.imf.org/en/datasets/IMF.STA:FAS"
  },
  "reviewStatus": "approved",
  "contentVersion": "2026.07.02-exp4-content50",
  "editorial": {
    "shortHook": "A candidate map for commercial bank branches.",
    "patternNote": "The darkest countries include Bulgaria, Bolivia, Mongolia, while the lightest include Niger, South Sudan, Malawi; that contrast is the fastest way to read the commercial bank branches pattern.",
    "whyItMatters": "Commercial bank branches may add useful WORLDPRINT variety once source coverage, unit clarity, map interest, and distractor ambiguity are reviewed.",
    "bestProbeCountries": [
      {
        "iso3": "BGR",
        "reason": "High anchor: this country sits near the darkest end of the map."
      },
      {
        "iso3": "NER",
        "reason": "Low anchor: this country clarifies the lightest end of the scale."
      },
      {
        "iso3": "DOM",
        "reason": "Middle check: this country helps separate a true pattern from one-off outliers."
      }
    ],
    "commonConfusions": [
      {
        "confusedWithIndicatorCode": "FB.ATM.TOTL.P5",
        "reason": "ATM density can tempt players because it shares a strong country ranking with this map, but its unit and definition point to a different story."
      },
      {
        "confusedWithIndicatorCode": "EG.ELC.ACCS.RU.ZS",
        "reason": "Rural electricity access can tempt players because it shares a strong country ranking with this map, but its unit and definition point to a different story."
      },
      {
        "confusedWithIndicatorCode": "SP.POP.65UP.TO.ZS",
        "reason": "Population ages 65+ can tempt players because it shares a strong country ranking with this map, but its unit and definition point to a different story."
      }
    ],
    "difficultyReason": "Expert difficulty: the map can be mistaken for adjacent indicators unless players probe a high, low, and middle country.",
    "regionalSignals": [
      "Connectivity maps often expose infrastructure, income, and island-state outliers.",
      "Small high-income countries can be powerful probes."
    ]
  },
  "editorialReview": {
    "status": "expert_only",
    "reviewedAt": "2026-07-02",
    "reviewedBy": "Codex editorial QA",
    "qualityScore": 3,
    "funScore": 3,
    "fairnessScore": 3,
    "ambiguityRisk": "high",
    "dailyEligible": false,
    "practiceEligible": true,