{
  "schemaVersion": "1.1.0",
  "id": "bank-capital-assets",
  "providerCode": "FB.BNK.CAPA.ZS",
  "title": "Bank capital to assets ratio (%)",
  "shortTitle": "Bank capital to assets",
  "category": "economy",
  "difficulty": "expert",
  "definition": "The indicator is a measure of capital adequacy that evaluates the financial strength of deposit takers by comparing Tier 1 capital to total assets. Tier 1 capital, often referred to as core capital, includes the most stable and readily available forms of capital, such as common equity, disclosed reserves, retained earnings, and certain other instruments that meet regulatory requirements under the Basel framework. This capital is considered the highest quality because it is fully available to cover losses and does not need to be repaid.",
  "unit": "percent of bank assets",
  "year": 2021,
  "valuesByIso3": {
    "AGO": 10.0259673385745,
    "ALB": 8.84649373877203,
    "ARE": 11.8260714068531,
    "ARG": 12.983902466712,
    "ARM": 11.2409946225879,
    "AUS": 6.16933763669525,
    "AUT": 7.74457524598176,
    "BEL": 6.17390054662305,
    "BGD": 4.76216005308376,
    "BGR": 11.0928039654857,
    "BIH": 9.97461686926733,
    "BLR": 12.1401371939043,
    "BLZ": 10.5471127414873,
    "BOL": 6.73751772733858,
    "BRA": 8.76978986838746,
    "BRN": 10.0806410214118,
    "BTN": 8.19781276935229,
    "BWA": 8.62583670401558,
    "CAF": 13.8533955288267,
    "CAN": 4.75220487772973,
    "CHE": 7.36214626386728,
    "CHL": 6.6519286801231,
    "CHN": 7.75345301609578,
    "CMR": 6.49007181333731,
    "COD": 4.8973659587774,
    "COG": 10.871702816348,
    "COL": 12.2214052258092,
    "CRI": 7.43273679069439,
    "CYP": 7.34038844640039,
    "CZE": 6.92334675069107,
    "DJI": 6.47053152544876,
    "DNK": 4.32114745937247,
    "DOM": 8.72025436966063,
    "DZA": 9.17132294118007,
    "ESP": 5.78324237360125,
    "EST": 9.26624193499657,
    "ETH": 7.05751396667351,
    "FIN": 6.12052593287217,
    "FJI": 10.7835447006076,
    "FRA": 5.72243967873598,
    "GAB": 10.1563892019535,
    "GBR": 5.25249707507849,
    "GEO": 13.0395163956565,
    "GHA": 9.01209167614904,
    "GIN": 11.3530933851907,
    "GMB": 11.0862070184395,
    "GNQ": -1.32252682911179,
    "GRC": 6.97082251307763,
    "GTM": 6.59644201234952,
    "HND": 6.46870069981195,
    "HRV": 11.6425477501666,
    "HUN": 8.89330356644703,
    "IDN": 13.1696920960952,
    "IND": 7.82632507203676,
    "IRL": 10.8833821316832,
    "IRQ": 12.7586873823154,
    "ISL": 14.7331906680039,
    "ISR": 6.33456117087343,
    "ITA": 6.12242463285733,
    "JOR": 10.5644461926853,
    "JPN": 4.76899104204118,
    "KAZ": 11.3725529663035,
    "KEN": 12.0701204406319,
    "KGZ": 12.3503346516383,
    "KHM": 14.4436220823237,
    "KOR": 7.09991596294368,
    "KWT": 12.1811662512738,
    "LKA": 6.38327453323207,
    "LSO": 10.9106555602986,
    "LTU": 5.48365716205432,
    "LUX": 7.85038707088602,
    "LVA": 8.96661774433404,
    "MAR": 8.17263346435134,
    "MDA": 12.3733032241753,
    "MDG": 6.72437879707315,
    "MEX": 10.8515854374196,
    "MKD": 10.5128570699218,
    "MNE": 9.20398102157313,
    "MNG": 8.48160606498319,
    "MOZ": 13.1271987787708,
    "MWI": 8.27888387704198,
    "MYS": 8.82812879424252,
    "NAM": 9.25987709094262,
    "NGA": 6.75948006811288,
    "NIC": 8.18252567378747,
    "NLD": 6.69839295260454,
    "NOR": 10.7912899731022,
    "NPL": 8.96482132881016,
    "PAK": 5.13999075401631,
    "PAN": 12.1533932149137,
    "PER": 9.35682085930977,
    "PHL": 9.54884012842103,
    "PNG": 13.5378071585871,
    "POL": 6.74652828003406,
    "PRT": 6.96903677608202,
    "PRY": 9.44583124525415,
    "PSE": 7.95355725088896,
    "ROU": 8.6691171329686,
    "RUS": 9.18564412756156,
    "RWA": 13.7417083432778,
    "SAU": 13.9518132913403,
    "SLB": 13.35544664452,
    "SLV": 8.90011640889246,
    "SVK": 7.59887163228419,
    "SVN": 9.24301375107551,
    "SWE": 5.66733402694745,
    "SWZ": 17.5287840151917,
    "TCD": 4.98599628492507,
    "THA": 10.705811040827,
    "TJK": 20.9222699816233,
    "TTO": 11.1937886550085,
    "TUR": 7.17980140532298,
    "TZA": 12.7048641937928,
    "UGA": 14.8740967101159,
    "UKR": 6.88784549572173,
    "URY": 8.86944539286073,
    "USA": 8.62368627738746,
    "UZB": 13.1762825696462,
    "VNM": 7.51457650170696,
    "ZAF": 8.09058344861372,
    "ZMB": 10.2572198898277
  },
  "stats": {
    "coverage": 121,
    "min": -1.32252682911179,
    "max": 20.9222699816233,
    "median": 8.89330356644703,
    "quantileBreaks": [
      -1.32252682911179,
      6.34152022263895,
      7.122740375052051,
      8.54249758458502,
      9.252649945285288,
      10.865954993797029,
      12.370021999527157,
      20.9222699816233
    ]
  },
  "formatting": {
    "maximumFractionDigits": 1,
    "suffix": "%"
  },
  "source": {
    "provider": "World Bank",
    "dataset": "World Development Indicators",
    "attribution": "The World Bank",
    "sourceReference": "https://api.worldbank.org/v2/indicator/FB.BNK.CAPA.ZS?format=json&per_page=1",
    "valuesReference": "https://api.worldbank.org/v2/country/all/indicator/FB.BNK.CAPA.ZS?format=json&per_page=20000&page=1&date=2015%3A2025",
    "license": "Creative Commons Attribution 4.0 International unless specifically labeled otherwise by World Bank metadata",
    "licenseReference": "https://www.worldbank.org/en/about/legal/terms-of-use-for-datasets",
    "retrievedAt": "2026-07-02T22:50:08.311270+00:00",
    "checksum": "193d765bf211244e63c0b33b6244e9d44b51ebe6ca38045ab012b55df71e2f31",
    "sourceOrganization": "Financial Soundness Indicators, International Monetary Fund (IMF), uri: https://data.imf.org/en/datasets/IMF:EXTERNAL_DATASET_CARDS/IMF.STA:LFSI"
  },
  "reviewStatus": "approved",
  "contentVersion": "2026.07.02-exp4-content50",
  "editorial": {
    "shortHook": "A banking-capital map.",
    "patternNote": "The darkest countries include Tajikistan, Eswatini, Uganda, while the lightest include Equatorial Guinea, Denmark, Canada; that contrast is the fastest way to read the bank capital to assets pattern.",
    "whyItMatters": "Bank capital to assets adds a financial-system resilience clue for advanced economy rounds.",
    "bestProbeCountries": [
      {
        "iso3": "TJK",
        "reason": "High anchor: this country sits near the darkest end of the map."
      },
      {
        "iso3": "GNQ",
        "reason": "Low anchor: this country clarifies the lightest end of the scale."
      },
      {
        "iso3": "HUN",
        "reason": "Middle check: this country helps separate a true pattern from one-off outliers."
      }
    ],
    "commonConfusions": [
      {
        "confusedWithIndicatorCode": "LP.LPI.OVRL.XQ",
        "reason": "Logistics performance overlaps with part of the visible pattern, but the full country spread does not match."
      },
      {
        "confusedWithIndicatorCode": "LP.LPI.TIME.XQ",
        "reason": "Logistics timeliness score overlaps with part of the visible pattern, but the full country spread does not match."
      },
      {
        "confusedWithIndicatorCode": "LP.LPI.CUST.XQ",
        "reason": "Logistics customs score overlaps with part of the visible pattern, but the full country spread does not match."
      }
    ],
    "difficultyReason": "Expert difficulty: the map can be mistaken for adjacent indicators unless players probe a high, low, and middle country.",
    "dataCaveat": "Coverage just clears the source gate and definitions can vary across banking systems.",
    "regionalSignals": [
      "Economic-share maps are not the same as raw totals.",
      "Small open economies can dominate percentage maps."
    ]
  },
  "editorialReview": {
    "status": "expert_only",
    "reviewedAt": "2026-07-02",
    "reviewedBy": "Codex editorial QA",
    "qualityScore": 3,
    "funScore": 3,
    "fairnessScore": 3,
    "ambiguityRisk": "high",
    "dailyEligible": false,
    "practiceEligible": true,
    "challengeEligible": true,