{
  "schemaVersion": "1.1.0",
  "id": "basic-sanitation",
  "providerCode": "SH.STA.BASS.ZS",
  "title": "People using at least basic sanitation services (% of population)",
  "shortTitle": "Basic sanitation access",
  "category": "health",
  "difficulty": "standard",
  "definition": "The percentage of people using at least basic sanitation services, that is, improved sanitation facilities that are not shared with other households.  This indicator encompasses both people using basic sanitation services as well as those using safely managed sanitation services.   Improved sanitation facilities include flush/pour flush to piped sewer systems, septic tanks or pit latrines; ventilated improved pit latrines, compositing toilets or pit latrines with slabs.",
  "unit": "percent of population",
  "year": 2024,
  "valuesByIso3": {
    "AFG": 54.4957993646086,
    "ALB": 99.2997151439025,
    "ARE": 99.0868783474854,
    "ARM": 93.6649426520095,
    "AUS": 100.0,
    "AUT": 99.9721024074429,
    "AZE": 98.9785069136854,
    "BDI": 44.6339890793582,
    "BEL": 99.486220664134,
    "BEN": 22.248968702791,
    "BFA": 31.7963485938203,
    "BGD": 67.6171751221237,
    "BGR": 86.0765607063355,
    "BLR": 99.7473526999237,
    "BLZ": 84.3017658171591,
    "BOL": 71.5839204142996,
    "BRA": 92.4012701604853,
    "BRN": 100.0,
    "BTN": 86.8421082075035,
    "BWA": 72.115456599001,
    "CAF": 14.0362838980325,
    "CAN": 98.5878834990178,
    "CHE": 99.8998709349206,
    "CHL": 99.9999955987514,
    "CHN": 97.2718787578263,
    "CIV": 40.4070687976128,
    "CMR": 47.0729484414837,
    "COD": 16.3033122368932,
    "COL": 96.5820151977995,
    "CRI": 98.7888406524124,
    "CUB": 94.7703506688301,
    "CYP": 99.477676242612,
    "CZE": 99.0700543925256,
    "DEU": 99.2269528917777,
    "DNK": 99.5972261435858,
    "DOM": 90.1198237574984,
    "DZA": 85.9064861325463,
    "ECU": 91.204340143216,
    "EGY": 97.086129419198,
    "ESP": 99.9181189186239,
    "EST": 99.0214935273124,
    "ETH": 10.3577188356734,
    "FIN": 99.4479455340914,
    "FJI": 92.7542897592228,
    "FRA": 98.6443761623837,
    "GAB": 57.4015026293834,
    "GBR": 99.1026610062551,
    "GEO": 90.6806864880112,
    "GHA": 31.5789404731982,
    "GIN": 32.6496371481415,
    "GMB": 48.1711442175538,
    "GNB": 28.9416006403664,
    "GRC": 99.0072631280035,
    "GTM": 71.1696950985045,
    "GUY": 91.3087218189458,
    "HND": 87.6717912057898,
    "HTI": 29.1081189443114,
    "HUN": 97.9736275561386,
    "IDN": 88.2031685658499,
    "IND": 83.380872478201,
    "IRL": 89.7256064199387,
    "IRN": 90.458288016159,
    "IRQ": 98.5047513855653,
    "ISL": 98.7780018629454,
    "ISR": 99.9200782006513,
    "ITA": 99.8849043408577,
    "JAM": 91.6264600288818,
    "JOR": 96.4147907489487,
    "JPN": 99.9433104207437,
    "KAZ": 97.9447423331533,
    "KEN": 40.8849654611543,
    "KGZ": 98.5398995968815,
    "KHM": 83.3359328714314,
    "KOR": 99.7293536055989,
    "KWT": 100.0,
    "LAO": 88.7314131605599,
    "LBN": 99.2,
    "LBR": 23.3351954904068,
    "LBY": 88.4991460432787,
    "LKA": 95.3530207374149,
    "LSO": 47.8913481422717,
    "LTU": 96.3965645962382,
    "LUX": 97.6011739095936,
    "LVA": 92.5346142806387,
    "MAR": 87.7780205460508,
    "MDA": 86.8828564200079,
    "MDG": 15.3671469967754,
    "MEX": 92.9912822357176,
    "MKD": 98.9975865642367,
    "MLI": 47.7561676952566,
    "MMR": 74.1835210114319,
    "MNE": 97.8491274525811,
    "MNG": 74.2806502878222,
    "MOZ": 38.5900804802051,
    "MRT": 58.676920295931,
    "MWI": 49.2322090448262,
    "MYS": 96.019999368878,
    "NAM": 38.7229020528394,
    "NCL": 100.0,
    "NER": 16.336047650863,
    "NGA": 47.9019370619136,
    "NLD": 97.6566689550594,
    "NOR": 98.0470498172276,
    "NPL": 86.0259805937649,
    "NZL": 100.0,
    "OMN": 99.3209329311967,
    "PAK": 71.8828600416756,
    "PAN": 89.0540402475148,
    "PER": 78.7732036574365,
    "PHL": 87.1527398416478,
    "PNG": 23.5743391458237,
    "POL": 98.9561729534462,
    "PRI": 100.0,
    "PRT": 99.6591815840337,
    "PRY": 95.9347586765151,
    "PSE": 99.3950169288026,
    "QAT": 99.936545083788,
    "ROU": 90.5413612422841,
    "RUS": 92.2175878296841,
    "RWA": 81.3307323783745,
    "SAU": 97.6074983619299,
    "SDN": 65.7085965688426,
    "SEN": 62.5195952667746,
    "SLB": 34.6490737425976,
    "SLE": 24.9136362418086,
    "SLV": 88.0411163426053,
    "SOM": 44.4568438332571,
    "SRB": 97.9422983506613,
    "SSD": 14.4282401482886,
    "SUR": 89.9982745800564,
    "SVK": 97.5429596376154,
    "SVN": 98.3111577508786,
    "SWE": 98.743188223274,
    "SWZ": 64.4605026249554,
    "SYR": 95.6484324566991,
    "TCD": 13.1415290614475,
    "TGO": 25.1681056691569,
    "THA": 99.3504878190651,
    "TKM": 99.7354493287639,
    "TLS": 72.935802279964,
    "TTO": 94.1780681697959,
    "TUN": 98.5373409254893,
    "TUR": 99.2777016762549,
    "TZA": 37.2193614570345,
    "UGA": 23.896386630237,
    "UKR": 97.7258264478011,
    "URY": 99.1507922342621,
    "USA": 99.6182734760609,
    "UZB": 96.547826032469,
    "VEN": 98.3955859787771,
    "VNM": 95.447026934425,
    "VUT": 47.8141509828146,
    "YEM": 63.0827307655577,
    "ZAF": 77.384521067613,
    "ZMB": 37.4763362189112,
    "ZWE": 34.6414985324477
  },
  "stats": {
    "coverage": 156,
    "min": 10.3577188356734,
    "max": 100.0,
    "median": 91.92202392928294,
    "quantileBreaks": [
      10.3577188356734,
      38.60905499058143,
      71.66933173640703,
      88.59868909354208,
      95.8120474394511,
      98.5391685479123,
      99.44038430476444,
      100.0
    ]
  },
  "formatting": {
    "maximumFractionDigits": 1,
    "suffix": "%"
  },
  "source": {
    "provider": "World Bank",
    "dataset": "World Development Indicators",
    "attribution": "The World Bank",
    "sourceReference": "https://api.worldbank.org/v2/indicator/SH.STA.BASS.ZS?format=json&per_page=1",
    "valuesReference": "https://api.worldbank.org/v2/country/all/indicator/SH.STA.BASS.ZS?format=json&per_page=20000&page=1&date=2015%3A2025",
    "license": "Creative Commons Attribution 4.0 International unless specifically labeled otherwise by World Bank metadata",
    "licenseReference": "https://www.worldbank.org/en/about/legal/terms-of-use-for-datasets",
    "retrievedAt": "2026-06-27T17:14:00.003654+00:00",
    "checksum": "4e36e0bac8830a63f7b67d930e7d221fb30dbae87b4d339267df18573330e487",
    "sourceOrganization": "WHO/UNICEF Joint Monitoring Programme (JMP) for Water Supply, Sanitation and Hygiene, World Health Organization (WHO), uri: washdata.org, publisher: WHO/UNICEF Joint Monitoring Programme (JMP) for Water Supply, Sanitation and Hygiene (washdata.org), date accessed: 2025-09-30, date published: 2025-08-25;\nUN Children's Fund (UNICEF), uri: washdata.org, note: WHO/UNICEF Joint Monitoring Programme (JMP) for Water Supply, Sanitation and Hygiene"
  },
  "reviewStatus": "approved",
  "contentVersion": "2026.06.22-exp2-qa1",
  "editorial": {
    "shortHook": "A public-health infrastructure map.",
    "patternNote": "The darkest countries include Puerto Rico (US), New Zealand, New Caledonia, while the lightest include Ethiopia, Chad, Central African Republic; that contrast is the fastest way to read the basic sanitation access pattern.",
    "whyItMatters": "Sanitation access helps explain health and urbanization patterns that income alone misses.",
    "bestProbeCountries": [
      {
        "iso3": "PRI",
        "reason": "High anchor: this country sits near the darkest end of the map."
      },
      {
        "iso3": "ETH",
        "reason": "Low anchor: this country clarifies the lightest end of the scale."
      },
      {
        "iso3": "RUS",
        "reason": "Middle check: this country helps separate a true pattern from one-off outliers."
      }
    ],
    "commonConfusions": [
      {
        "confusedWithIndicatorCode": "SH.STA.BASS.RU.ZS",