{
  "schemaVersion": "1.1.0",
  "id": "broad-money-share",
  "providerCode": "FM.LBL.BMNY.GD.ZS",
  "title": "Broad money (% of GDP)",
  "shortTitle": "Broad money share",
  "category": "economy",
  "difficulty": "expert",
  "definition": "Broad money is the sum of all liquid financial instruments held by money-holding sectors that are widely accepted in an economy as a medium of exchange, plus those that can be converted into a medium of exchange at short notice at, or close to, their full nominal value. This indicator is expressed as a percentage of Gross Domestic Product (GDP) which is the total income earned through the production of goods and services in an economic territory during an accounting period.",
  "unit": "percent of GDP",
  "year": 2021,
  "valuesByIso3": {
    "AGO": 21.9715556561169,
    "ALB": 84.7663849065875,
    "ARE": 100.748309491021,
    "ARG": 30.730954428888,
    "ARM": 54.3868263075766,
    "AUS": 138.859204445364,
    "AZE": 37.1732316986005,
    "BDI": 40.319482214093,
    "BEN": 32.7281612646488,
    "BFA": 51.1321303038172,
    "BGD": 56.6372785923275,
    "BGR": 90.1390734277953,
    "BHS": 72.5873043974412,
    "BIH": 80.5091564949746,
    "BLR": 30.7280369065859,
    "BLZ": 81.7689753194862,
    "BOL": 57.6609059427394,
    "BRA": 103.465634483918,
    "BRN": 84.5793431319198,
    "BTN": 87.2733152826067,
    "BWA": 45.345713708527,
    "CAF": 34.1857652363234,
    "CHL": 93.6812290850655,
    "CHN": 199.568437256614,
    "CIV": 38.3666069267738,
    "COD": 21.5564385603114,
    "COG": 26.8786444966125,
    "COL": 45.8298287956533,
    "CRI": 53.4897886191532,
    "CZE": 88.9538671048574,
    "DJI": 79.3436309398751,
    "DNK": 61.4071424367812,
    "DOM": 39.9178527918161,
    "DZA": 79.8260317736638,
    "ECU": 51.002508212564,
    "EGY": 87.3864940734796,
    "FJI": 113.206509948276,
    "GBR": 162.874808623935,
    "GEO": 55.7378219484882,
    "GHA": 31.7346169321872,
    "GIN": 24.5235403924317,
    "GMB": 57.0207937608353,
    "GNB": 45.6258942666155,
    "GNQ": 11.5587667261986,
    "GTM": 60.8377744570691,
    "GUY": 43.6754080180744,
    "HND": 74.4969941800527,
    "HTI": 31.7260886322478,
    "HUN": 71.5870700220549,
    "IDN": 46.3601820363569,
    "IND": 82.1020348312414,
    "IRQ": 46.0070547829474,
    "ISL": 70.3164960682478,
    "ISR": 108.650552294779,
    "JAM": 66.5510393044567,
    "JOR": 105.632428300457,
    "JPN": 271.574168608892,
    "KAZ": 35.853152223875,
    "KEN": 38.9887824596899,
    "KGZ": 43.4024949918804,
    "KHM": 105.402323382202,
    "KOR": 162.638580522216,
    "KWT": 80.9973822933948,
    "LBR": 21.4440372625386,
    "LBY": 64.4124684090201,
    "MAR": 122.263389135823,
    "MDA": 49.4770399070337,
    "MDG": 28.1683421140093,
    "MEX": 42.9909358627557,
    "MKD": 65.0841492183269,
    "MLI": 33.8720249942233,
    "MNE": 58.3408702017377,
    "MNG": 63.9723720646896,
    "MOZ": 56.181411167201,
    "MWI": 20.0931498965197,
    "MYS": 132.547636040633,
    "NAM": 72.6054018222941,
    "NER": 20.0875002848094,
    "NGA": 18.26695085637,
    "NIC": 39.613142851271,
    "NOR": 64.9842416332011,
    "NPL": 120.656769593231,
    "NZL": 109.164333880639,
    "PAK": 51.2623868410964,
    "PER": 60.5333282697957,
    "PHL": 90.3671908068556,
    "POL": 74.5745848797566,
    "PRY": 52.0360821391254,
    "PSE": 85.4532888530013,
    "QAT": 93.01092915878,
    "ROU": 47.5898542295488,
    "RWA": 25.6585138039511,
    "SEN": 48.3267949687929,
    "SLB": 44.1414300964101,
    "SLE": 19.2345897755052,
    "SLV": 60.8647450608991,
    "SRB": 57.4518774870651,
    "SSD": 34.2016543786263,
    "SUR": 77.2796228692392,
    "SWE": 90.0988231298544,
    "SWZ": 29.9215697418133,
    "TCD": 15.984500652896,
    "TGO": 47.7241810691259,
    "THA": 148.693707524601,
    "TJK": 28.0977015468809,
    "TLS": 30.8570468608933,
    "TTO": 73.4766602664125,
    "TUN": 76.9744508569641,
    "TUR": 69.89419042803,
    "TZA": 21.2861397578073,
    "UGA": 22.4880935076946,
    "UKR": 38.0006497745364,
    "URY": 58.7506418166004,
    "USA": 114.755152590099,
    "UZB": 16.8671051210193,
    "VNM": 146.157951321812,
    "VUT": 86.0000967892284,
    "ZAF": 70.1447527990355,
    "ZMB": 24.3311828486537,
    "ZWE": 10.239997334924
  },
  "stats": {
    "coverage": 120,
    "min": 10.239997334924,
    "max": 271.574168608892,
    "median": 57.2363356239502,
    "quantileBreaks": [
      10.239997334924,
      28.0977015468809,
      39.613142851271,
      51.1321303038172,
      63.9723720646896,
      79.8260317736638,
      100.748309491021,
      271.574168608892
    ]
  },
  "formatting": {
    "maximumFractionDigits": 1,
    "suffix": "% of GDP"
  },
  "source": {
    "provider": "World Bank",
    "dataset": "World Development Indicators",
    "attribution": "The World Bank",
    "sourceReference": "https://api.worldbank.org/v2/indicator/FM.LBL.BMNY.GD.ZS?format=json&per_page=1",
    "valuesReference": "https://api.worldbank.org/v2/country/all/indicator/FM.LBL.BMNY.GD.ZS?format=json&per_page=20000&page=1&date=2015%3A2025",
    "license": "Creative Commons Attribution 4.0 International unless specifically labeled otherwise by World Bank metadata",
    "licenseReference": "https://www.worldbank.org/en/about/legal/terms-of-use-for-datasets",
    "retrievedAt": "2026-07-02T22:50:04.314810+00:00",
    "checksum": "097a9bfc86fb18ebae0839d9f4db0692cb445211c98dcf4d45fb3fc0331db2e2",
    "sourceOrganization": "International Financial Statistics database, International Monetary Fund (IMF);\nWorld Development Indicators Database, World Bank (WB);\nNational Accounts data files, Organisation for Economic Co-operation and Development (OECD)"
  },
  "reviewStatus": "approved",
  "contentVersion": "2026.07.02-exp4-content50",
  "editorial": {
    "shortHook": "A monetary-depth map.",
    "patternNote": "The darkest countries include Japan, China, United Kingdom, while the lightest include Zimbabwe, Equatorial Guinea, Chad; that contrast is the fastest way to read the broad money share pattern.",
    "whyItMatters": "Broad money as a share of GDP gives an expert signal of financial depth and monetary structure.",
    "bestProbeCountries": [
      {
        "iso3": "JPN",
        "reason": "High anchor: this country sits near the darkest end of the map."
      },
      {
        "iso3": "ZWE",
        "reason": "Low anchor: this country clarifies the lightest end of the scale."
      },
      {
        "iso3": "SRB",
        "reason": "Middle check: this country helps separate a true pattern from one-off outliers."
      }
    ],
    "commonConfusions": [
      {
        "confusedWithIndicatorCode": "FD.AST.PRVT.GD.ZS",
        "reason": "Private-sector bank credit can tempt players because it shares a strong country ranking with this map, but its unit and definition point to a different story."
      },
      {
        "confusedWithIndicatorCode": "SH.DTH.COMM.ZS",
        "reason": "Communicable disease deaths can tempt players because it shares a strong country ranking with this map, but its unit and definition point to a different story."
      },
      {
        "confusedWithIndicatorCode": "SP.ADO.TFRT",
        "reason": "Adolescent fertility can tempt players because it shares a strong country ranking with this map, but its unit and definition point to a different story."
      }
    ],
    "difficultyReason": "Expert difficulty: the map can be mistaken for adjacent indicators unless players probe a high, low, and middle country.",
    "regionalSignals": [
      "Economic-share maps are not the same as raw totals.",
      "Small open economies can dominate percentage maps."
    ]
  },
  "editorialReview": {
    "status": "expert_only",
    "reviewedAt": "2026-07-02",
    "reviewedBy": "Codex editorial QA",
    "qualityScore": 3,
    "funScore": 3,
    "fairnessScore": 3,
    "ambiguityRisk": "high",
    "dailyEligible": false,
    "practiceEligible": true,
    "challengeEligible": true,
    "expertOnly": true,