{
  "schemaVersion": "1.1.0",
  "id": "carbon-intensity-gdp",
  "providerCode": "EN.GHG.CO2.RT.GDP.KD",
  "title": "Carbon intensity of GDP (kg CO2e per constant 2015 US$ of GDP)",
  "shortTitle": "Carbon intensity of GDP",
  "category": "environment",
  "difficulty": "expert",
  "definition": "Annual emissions of carbon dioxide (CO2), one of the six Kyoto greenhouse gases (GHG), from the agriculture, energy, waste, and industrial sectors, excluding LULUCF divided by the GDP in constant 2021 US$.",
  "unit": "kg CO2e per constant 2015 US dollar",
  "year": 2024,
  "valuesByIso3": {
    "AFG": 0.755870493490888,
    "AGO": 0.265030338034915,
    "ALB": 0.272584782964926,
    "ARE": 0.438769975796574,
    "ARG": 0.313962362814705,
    "ARM": 0.459303792139029,
    "AUS": 0.229297343959205,
    "AUT": 0.137574975971544,
    "AZE": 0.648642126500547,
    "BDI": 0.256632919643043,
    "BEL": 0.162298179717356,
    "BEN": 0.367855429982856,
    "BFA": 0.359896783883098,
    "BGD": 0.368591757314597,
    "BGR": 0.524082603850941,
    "BHS": 0.107051186293606,
    "BIH": 0.955891828148613,
    "BLR": 0.871176142770173,
    "BLZ": 0.148232088968566,
    "BOL": 0.75214167137675,
    "BRA": 0.242325327565913,
    "BRN": 0.684709166978297,
    "BTN": 0.541046430438808,
    "BWA": 0.393750855396559,
    "CAF": 0.162317650591378,
    "CAN": 0.310848633599686,
    "CHE": 0.0402682575015639,
    "CHL": 0.26937532906374,
    "CHN": 0.710039860556361,
    "CIV": 0.24588407584268,
    "CMR": 0.238679097690628,
    "COD": 0.102550039125901,
    "COG": 0.798792526446271,
    "COL": 0.261867705000747,
    "CRI": 0.108473054195809,
    "CUB": 0.259163466556871,
    "CYP": 0.23029562006969,
    "CZE": 0.348654003668635,
    "DEU": 0.157717679395759,
    "DJI": 0.232655993822184,
    "DNK": 0.0703966428616017,
    "DOM": 0.326634622195048,
    "DZA": 0.835297193054548,
    "ECU": 0.441251475896257,
    "EGY": 0.604821198151594,
    "ESP": 0.154056184226075,
    "EST": 0.38645855327506,
    "ETH": 0.165980203274014,
    "FIN": 0.122799590048426,
    "FJI": 0.273322918548892,
    "FRA": 0.100887479280087,
    "GAB": 0.309337120866535,
    "GBR": 0.0881145736123473,
    "GEO": 0.534699490628689,
    "GHA": 0.32309469765276,
    "GIN": 0.337304311971932,
    "GMB": 0.235017598770214,
    "GNB": 0.197796032716905,
    "GNQ": 0.521263947092524,
    "GRC": 0.234775347183957,
    "GTM": 0.2424623834314,
    "GUY": 0.137993498998792,
    "HND": 0.440923625912767,
    "HRV": 0.270607474994697,
    "HTI": 0.258488619062476,
    "HUN": 0.269472861873117,
    "IDN": 0.655923596920263,
    "IND": 0.9183798922153,
    "IRL": 0.063890537283632,
    "IRN": 1.5516979887131,
    "IRQ": 1.24004425366836,
    "ISL": 0.144274431311568,
    "ISR": 0.137654961696724,
    "ITA": 0.147088216437323,
    "JAM": 0.466466864173711,
    "JOR": 0.470581067028551,
    "JPN": 0.206506451202086,
    "KAZ": 1.05854014321004,
    "KEN": 0.206275629686225,
    "KGZ": 1.0451366802392,
    "KHM": 0.504713392859353,
    "KOR": 0.30668662864598,
    "KWT": 0.980627687353023,
    "LAO": 1.23272866544195,
    "LBN": 0.351554408537242,
    "LBR": 0.23227393754048,
    "LBY": 1.12584204073171,
    "LKA": 0.253583747811392,
    "LSO": 0.422754192786702,
    "LTU": 0.233817645324205,
    "LUX": 0.101368843727969,
    "LVA": 0.222747777580848,
    "MAR": 0.515099100857704,
    "MDA": 0.886187842343738,
    "MDG": 0.322705771347165,
    "MEX": 0.353692618342406,
    "MKD": 0.603411955979977,
    "MLI": 0.332636621300744,
    "MMR": 0.496740225541861,
    "MNG": 1.69591573650197,
    "MOZ": 0.48204701418811,
    "MRT": 0.572690980938347,
    "MWI": 0.401157294783833,
    "MYS": 0.700383910076814,
    "NAM": 0.298705964071013,
    "NER": 0.201841125996286,
    "NGA": 0.243877812722566,
    "NIC": 0.362325583415669,
    "NLD": 0.129006290086063,
    "NOR": 0.085980934487011,
    "NPL": 0.454224175700975,
    "NZL": 0.145213914166734,
    "OMN": 1.07521059074131,
    "PAK": 0.496506702351779,
    "PAN": 0.159921992690465,
    "PER": 0.300677115612988,
    "PHL": 0.382820648871423,
    "PNG": 0.201396475795001,
    "POL": 0.419493025618004,
    "PRI": 0.155529545165095,
    "PRT": 0.146698107476871,
    "PRY": 0.173623994549526,
    "QAT": 0.758585270846215,
    "ROU": 0.298601691157225,
    "RUS": 1.23943356715754,
    "RWA": 0.155420887337348,
    "SAU": 0.735763056860671,
    "SDN": 0.749432836573488,
    "SEN": 0.505798807441581,
    "SLB": 0.212530746255254,
    "SLE": 0.14873094862533,
    "SLV": 0.329002086921616,
    "SOM": 0.0974060595153837,
    "SUR": 0.560443681663389,
    "SVK": 0.278775679895453,
    "SVN": 0.239778530867696,
    "SWE": 0.0657964361438915,
    "SWZ": 0.227690300149403,
    "TCD": 0.166482158167599,
    "TGO": 0.296603334918989,
    "THA": 0.598503980239973,
    "TJK": 0.6164905160787,
    "TKM": 1.31990288640679,
    "TLS": 0.434507189858864,
    "TTO": 1.20037212763261,
    "TUN": 0.654267449446608,
    "TUR": 0.349415705596575,
    "TZA": 0.286534728022801,
    "UGA": 0.167376362731904,
    "UKR": 1.50371166342016,
    "URY": 0.134963899793288,
    "USA": 0.203777636902337,
    "UZB": 0.912260181027571,
    "VEN": 2.26089477628788,
    "VNM": 1.0631896480104,
    "VUT": 0.269801024245851,
    "ZAF": 1.20319820271122,
    "ZMB": 0.404172737074949,
    "ZWE": 0.545469422065253
  },
  "stats": {
    "coverage": 159,
    "min": 0.0402682575015639,
    "max": 2.26089477628788,
    "median": 0.322705771347165,
    "quantileBreaks": [
      0.0402682575015639,
      0.148517151629574,
      0.23057823685123144,
      0.27311202266775886,
      0.3639055395777224,
      0.5137704875125436,
      0.775816951817667,
      2.26089477628788
    ]
  },
  "formatting": {
    "maximumFractionDigits": 2,
    "suffix": " kg/$"
  },
  "source": {
    "provider": "World Bank",
    "dataset": "World Development Indicators",
    "attribution": "The World Bank",
    "sourceReference": "https://api.worldbank.org/v2/indicator/EN.GHG.CO2.RT.GDP.KD?format=json&per_page=1",
    "valuesReference": "https://api.worldbank.org/v2/country/all/indicator/EN.GHG.CO2.RT.GDP.KD?format=json&per_page=20000&page=1&date=2015%3A2025",
    "license": "Creative Commons Attribution 4.0 International unless specifically labeled otherwise by World Bank metadata",
    "licenseReference": "https://www.worldbank.org/en/about/legal/terms-of-use-for-datasets",
    "retrievedAt": "2026-07-02T22:32:16.515326+00:00",
    "checksum": "dfd79206817b24580b861755fd5ddb6e2a9a25fd37a25d5992f1b196f7882963",
    "sourceOrganization": "EDGAR (Emissions Database for Global Atmospheric Research) Community GHG Database, Joint Research Centre (JRC) - European Commission, uri: https://edgar.jrc.ec.europa.eu/dataset_ghg2024, publisher: JRC European Commission, date published: 2024;\nInternational Energy Agency (IEA), uri: https://edgar.jrc.ec.europa.eu/dataset_ghg2024, publisher: JRC European Commission, date published: 2024"
  },
  "reviewStatus": "approved",
  "contentVersion": "2026.07.02-exp4-content50",
  "editorial": {
    "shortHook": "A candidate map for carbon intensity of gdp.",
    "patternNote": "The darkest countries include Venezuela, RB, Mongolia, Iran, Islamic Rep., while the lightest include Switzerland, Ireland, Sweden; that contrast is the fastest way to read the carbon intensity of gdp pattern.",
    "whyItMatters": "Carbon intensity of GDP may add useful WORLDPRINT variety once source coverage, unit clarity, map interest, and distractor ambiguity are reviewed.",
    "bestProbeCountries": [
      {
        "iso3": "VEN",
        "reason": "High anchor: this country sits near the darkest end of the map."
      },
      {
        "iso3": "CHE",
        "reason": "Low anchor: this country clarifies the lightest end of the scale."
      },
      {
        "iso3": "MDG",
        "reason": "Middle check: this country helps separate a true pattern from one-off outliers."
      }
    ],