{
  "schemaVersion": "1.1.0",
  "id": "carbon-damage-share",
  "providerCode": "NY.ADJ.DCO2.GN.ZS",
  "title": "Adjusted savings: carbon dioxide damage (% of GNI)",
  "shortTitle": "CO2 damage share",
  "category": "environment",
  "difficulty": "expert",
  "definition": "Cost of damage due to carbon dioxide emissions from fossil fuel use and the manufacture of cement, estimated to be US$40 per ton of CO2 (the unit damage in 2017 US dollars for CO2 emitted in 2020) times the number of tons of CO2 emitted. This indicator is expressed as a percentage of Gross National Income (GNI) which is the total income earned by all residents within an economic territory during an accounting period. It is equal to gross domestic product plus earned income receivable from abroad minus earned income payable abroad.",
  "unit": "percent of GNI",
  "year": 2021,
  "valuesByIso3": {
    "AFG": 1.22212443671311,
    "AGO": 1.71365222644187,
    "ALB": 1.23603542858925,
    "ARG": 1.57478771179578,
    "ARM": 1.95075286450293,
    "AUS": 1.10329595304358,
    "AUT": 0.567822672145411,
    "AZE": 3.13593230027858,
    "BDI": 1.38009561712676,
    "BEL": 0.670136920717477,
    "BEN": 2.1432897948425,
    "BFA": 1.39785553677908,
    "BGD": 1.0333599415669,
    "BGR": 2.07859621586823,
    "BHS": 1.03903854704978,
    "BIH": 4.11312595244778,
    "BLR": 3.92896523207296,
    "BLZ": 1.1707948243842,
    "BOL": 2.47524331603112,
    "BRA": 1.26503805892481,
    "BRN": 2.23863108759235,
    "BTN": 2.03122159074138,
    "BWA": 2.23891251018633,
    "CAF": 0.470567021553605,
    "CAN": 1.281305454788,
    "CHE": 0.199764076238862,
    "CHL": 1.44070097814015,
    "CHN": 2.74580037586664,
    "CIV": 0.772367089249312,
    "CMR": 0.993343951572024,
    "COD": 0.267266369995342,
    "COG": 2.54377984412513,
    "COL": 1.18990112980537,
    "CRI": 0.614679542010043,
    "CYP": 1.22336882821158,
    "CZE": 1.46169788969133,
    "DEU": 0.626737370089433,
    "DJI": 0.450853260132065,
    "DNK": 0.294516624058133,
    "DOM": 1.36457654784264,
    "DZA": 4.91024752640094,
    "ECU": 1.57907177402722,
    "EGY": 3.00877092849729,
    "ESP": 0.673521082879954,
    "EST": 1.15294417919908,
    "ETH": 0.88506005870217,
    "FIN": 0.55524877345789,
    "FJI": 1.4849530028031,
    "FRA": 0.415328182311164,
    "GAB": 1.26790291564046,
    "GBR": 0.429822608118105,
    "GEO": 2.81324029847978,
    "GHA": 1.26816946014192,
    "GIN": 1.35007795743469,
    "GMB": 1.39596571850198,
    "GNB": 0.925777832163036,
    "GNQ": 2.32397758321398,
    "GRC": 1.18479967370382,
    "GTM": 1.16287015321642,
    "GUY": 3.00451979166039,
    "HND": 1.74180663797586,
    "HRV": 1.04479655558299,
    "HTI": 0.702990847079045,
    "HUN": 1.148888626919,
    "IDN": 2.37594364421979,
    "IND": 3.44095931382658,
    "IRL": 0.438107476195398,
    "IRN": 8.62338590134309,
    "IRQ": 3.43510174835367,
    "ISL": 0.262858387902708,
    "ISR": 0.56099891165046,
    "ITA": 0.612845450366221,
    "JAM": 2.52586247860642,
    "JOR": 2.44344709250672,
    "JPN": 0.884807900763843,
    "KAZ": 5.03906826364264,
    "KEN": 1.02877244190911,
    "KGZ": 5.42757831303586,
    "KHM": 3.3049290630666,
    "KOR": 1.49052607045798,
    "LAO": 7.2291138711234,
    "LBN": 4.39011211881137,
    "LBR": 1.7517208109837,
    "LBY": 6.09273207129043,
    "LKA": 1.27047531157475,
    "LSO": 1.17131685702106,
    "LTU": 0.808584368906028,
    "LUX": 0.680518844532483,
    "LVA": 0.818249418422752,
    "MAR": 2.1728236259774,
    "MDA": 2.81898578538468,
    "MDG": 1.37299776069797,
    "MEX": 1.48621807269772,
    "MKD": 2.52533882852403,
    "MLI": 1.59654297988403,
    "MMR": 2.76605220486749,
    "MNE": 1.75913313935613,
    "MNG": 7.3595855542568,
    "MOZ": 2.51810317041678,
    "MRT": 1.89142865908433,
    "MWI": 0.562698175585955,
    "MYS": 2.91437617862166,
    "NAM": 1.50552010569534,
    "NER": 0.647140992946541,
    "NGA": 1.23447087616223,
    "NIC": 1.89083570433693,
    "NLD": 0.639232572702185,
    "NOR": 0.315010674313667,
    "NPL": 2.02006259208093,
    "NZL": 0.610311207261826,
    "OMN": 4.28462872284863,
    "PAK": 2.61953045873968,
    "PAN": 0.891859631598143,
    "PER": 1.21035413651659,
    "PHL": 1.56439012751708,
    "PNG": 1.32229366493366,
    "POL": 1.99648244677477,
    "PRI": 0.0773415114441015,
    "PRT": 0.75874719814018,
    "PRY": 1.05556591605772,
    "PSE": 0.69475432075546,
    "QAT": 2.31156544023235,
    "ROU": 1.1003878696615,
    "RUS": 4.39809567392905,
    "RWA": 0.624729423027314,
    "SDN": 2.92081506640701,
    "SEN": 1.88994189912593,
    "SLB": 0.894468493726918,
    "SLE": 1.03550996682824,
    "SLV": 1.27985398309928,
    "SOM": 0.417209367958526,
    "SRB": 3.48571268931767,
    "SUR": 4.0001176489466,
    "SVK": 1.13155793917391,
    "SVN": 0.971117702939166,
    "SWE": 0.22362343377079,
    "SWZ": 1.10154433969787,
    "TCD": 0.952247661010691,
    "TGO": 1.20272122881421,
    "THA": 2.25954495086022,
    "TJK": 5.56509058666616,
    "TLS": 2.42491044106928,
    "TTO": 2.75225408808648,
    "TUN": 2.81544257310428,
    "TUR": 2.4358210856463,
    "TZA": 0.872393608005609,
    "UGA": 0.83218041720468,
    "UKR": 3.67293612668515,
    "URY": 0.488256058846495,
    "USA": 0.890531802541054,
    "UZB": 7.15809705639857,
    "VNM": 4.84256733809625,
    "VUT": 0.925856316162837,
    "ZAF": 4.63977385186575,
    "ZMB": 1.77210504495493,
    "ZWE": 1.80545468974183
  },
  "stats": {
    "coverage": 156,
    "min": 0.0773415114441015,
    "max": 8.62338590134309,
    "median": 1.368787154270305,
    "quantileBreaks": [
      0.0773415114441015,
      0.6285223990341119,
      0.9774680596914112,
      1.2281268487618586,
      1.5703316042477657,
      2.2967024432688845,
      3.117766390024111,
      8.62338590134309
    ]
  },
  "formatting": {
    "maximumFractionDigits": 1,
    "suffix": "% of GNI"
  },
  "source": {
    "provider": "World Bank",
    "dataset": "World Development Indicators",
    "attribution": "The World Bank",
    "sourceReference": "https://api.worldbank.org/v2/indicator/NY.ADJ.DCO2.GN.ZS?format=json&per_page=1",
    "valuesReference": "https://api.worldbank.org/v2/country/all/indicator/NY.ADJ.DCO2.GN.ZS?format=json&per_page=20000&page=1&date=2015%3A2025",
    "license": "Creative Commons Attribution 4.0 International unless specifically labeled otherwise by World Bank metadata",
    "licenseReference": "https://www.worldbank.org/en/about/legal/terms-of-use-for-datasets",
    "retrievedAt": "2026-07-02T22:50:38.317169+00:00",
    "checksum": "0464ed7307a746e6ef8aa2e847e1f15955fcc60cd7bbb368c2180fe3d04ec767",
    "sourceOrganization": "Staff estimates, World Bank (WB);\nThe Changing Wealth of Nations: Measuring Sustainable Development in the New Millennium, World Bank (WB)"
  },
  "reviewStatus": "approved",
  "contentVersion": "2026.07.02-exp4-content50",
  "editorial": {
    "shortHook": "A carbon-damage intensity map.",
    "patternNote": "The darkest countries include Iran, Islamic Rep., Mongolia, Lao PDR, while the lightest include Puerto Rico (US), Switzerland, Sweden; that contrast is the fastest way to read the co2 damage share pattern.",
    "whyItMatters": "CO2 damage share converts emissions into an economic intensity clue that can differ from raw emission totals.",
    "bestProbeCountries": [
      {
        "iso3": "IRN",
        "reason": "High anchor: this country sits near the darkest end of the map."
      },
      {
        "iso3": "PRI",
        "reason": "Low anchor: this country clarifies the lightest end of the scale."
      },
      {
        "iso3": "MDG",
        "reason": "Middle check: this country helps separate a true pattern from one-off outliers."
      }
    ],
    "commonConfusions": [
      {
        "confusedWithIndicatorCode": "EN.GHG.CO2.RT.GDP.KD",