{
  "schemaVersion": "1.1.0",
  "id": "children-share",
  "providerCode": "SP.POP.0014.TO.ZS",
  "title": "Population ages 0-14 (% of total population)",
  "shortTitle": "Population ages 0-14",
  "category": "demography",
  "difficulty": "intro",
  "definition": "Population between the ages 0 to 14 as a percentage of the total population. Population is based on the de facto definition of population.",
  "unit": "percent of population",
  "year": 2025,
  "valuesByIso3": {
    "AFG": 42.5609240593232,
    "AGO": 44.0984836631245,
    "ALB": 16.6061971688693,
    "ARE": 15.9773973206416,
    "ARG": 21.0157121233708,
    "ARM": 18.9875606484226,
    "AUS": 17.6796059290519,
    "AUT": 14.14725441413,
    "AZE": 21.2004793746471,
    "BDI": 43.9812536516238,
    "BEL": 15.7038467920041,
    "BEN": 41.2595376834369,
    "BFA": 41.1699311057555,
    "BGD": 27.645743159125,
    "BGR": 14.3997234665952,
    "BHS": 17.548460732075,
    "BIH": 12.8485423452885,
    "BLR": 15.8888261684807,
    "BLZ": 26.270086351212,
    "BOL": 29.4403184589221,
    "BRA": 19.3866212827208,
    "BRN": 20.625929464189,
    "BTN": 20.3610853270724,
    "BWA": 31.9566554598103,
    "CAF": 48.682635860092,
    "CAN": 14.980307512278,
    "CHE": 14.8834431802057,
    "CHL": 16.5470018737738,
    "CHN": 15.4072909264023,
    "CIV": 40.4553985241878,
    "CMR": 41.1173982876528,
    "COD": 45.9497905359213,
    "COG": 39.9430436289226,
    "COL": 19.9929217500838,
    "CRI": 18.308580521837,
    "CUB": 15.0237672728682,
    "CYP": 16.0809671173675,
    "CZE": 15.085690166576,
    "DEU": 13.8859014629835,
    "DJI": 28.8031220955741,
    "DNK": 15.5619810189309,
    "DOM": 26.1990877642586,
    "DZA": 29.9254996986791,
    "ECU": 23.8989740564955,
    "EGY": 31.5562617099458,
    "ERI": 37.590556481378,
    "ESP": 12.6191319691698,
    "EST": 15.2537657190128,
    "ETH": 38.7797271142655,
    "FIN": 14.3301135030412,
    "FJI": 26.8285155352088,
    "FRA": 16.2248746749936,
    "GAB": 36.2428486506362,
    "GBR": 16.9647729892849,
    "GEO": 20.4880721239109,
    "GHA": 35.4296770309437,
    "GIN": 40.5483688546157,
    "GMB": 39.723265675511,
    "GNB": 38.3251723149212,
    "GNQ": 37.0865406093898,
    "GRC": 12.8514587384882,
    "GRL": 20.7410596561096,
    "GTM": 31.0259646070637,
    "GUY": 28.9333194575029,
    "HND": 30.2626526012372,
    "HRV": 13.7024318115671,
    "HTI": 30.7870535726847,
    "HUN": 14.352453368551,
    "IDN": 24.2472504288188,
    "IND": 24.1952667831956,
    "IRL": 18.0959201693884,
    "IRN": 22.0217357542222,
    "IRQ": 36.0269984071296,
    "ISL": 17.5179402710751,
    "ISR": 27.1639326374024,
    "ITA": 11.6571656432714,
    "JAM": 18.2849957394537,
    "JOR": 30.196204921678,
    "JPN": 11.2383980634698,
    "KAZ": 29.1373946090183,
    "KEN": 36.2577929332716,
    "KGZ": 31.9082109892695,
    "KHM": 29.4972991763802,
    "KOR": 10.2044670479846,
    "KWT": 17.973071445874,
    "LAO": 29.839672589216,
    "LBN": 25.5876800103532,
    "LBR": 39.0803610967744,
    "LBY": 26.8472061174856,
    "LKA": 21.7008153500529,
    "LSO": 34.1020668130847,
    "LTU": 14.5052134263816,
    "LUX": 15.7458959355783,
    "LVA": 15.1872424886394,
    "MAR": 25.1994729743901,
    "MDA": 19.5343421651874,
    "MDG": 38.9376603624397,
    "MEX": 24.0910608737303,
    "MKD": 16.5297710706471,
    "MLI": 45.7939034966377,
    "MMR": 24.0786362268683,
    "MNE": 17.8804827975326,
    "MNG": 31.5602200676694,
    "MOZ": 44.1685262258251,
    "MRT": 42.3845750131537,
    "MWI": 40.1264766333292,
    "MYS": 21.3091653811994,
    "NAM": 36.6506386654365,
    "NCL": 21.0894143221381,
    "NER": 46.2263651499287,
    "NGA": 40.5197233739162,
    "NIC": 28.3126497859009,
    "NLD": 14.9340629566357,
    "NOR": 15.9239141743008,
    "NPL": 28.0519719053718,
    "NZL": 17.877542961127,
    "OMN": 24.3203302970085,
    "PAK": 36.244101546694,
    "PAN": 24.5261681369989,
    "PER": 23.6140674642855,
    "PHL": 27.1388610693595,
    "PNG": 33.145602122567,
    "POL": 14.4603840660905,
    "PRI": 11.2396433147636,
    "PRK": 18.9282698851435,
    "PRT": 12.7139902880698,
    "PRY": 28.3712036548862,
    "PSE": 37.5908894034535,
    "QAT": 15.0002960632256,
    "ROU": 15.5552851325905,
    "RUS": 17.027484657309,
    "RWA": 37.01944504626,
    "SAU": 23.6210800290965,
    "SDN": 40.2133389828597,
    "SEN": 37.7428065911695,
    "SLB": 36.5575800502119,
    "SLE": 37.6507206404141,
    "SLV": 24.3842866777378,
    "SOM": 46.5538794486154,
    "SRB": 14.2579001258626,
    "SSD": 37.9863157846375,
    "SUR": 25.3373446901618,
    "SVK": 15.5700735778549,
    "SVN": 14.4822660731425,
    "SWE": 16.7064916282657,
    "SWZ": 32.9958668146292,
    "SYR": 28.4407365349675,
    "TCD": 45.961619628537,
    "TGO": 40.4253513828465,
    "THA": 14.4141877233136,
    "TJK": 35.8670954464574,
    "TKM": 31.2185274741357,
    "TLS": 33.1150655525928,
    "TTO": 17.4922823932687,
    "TUN": 23.5608681262199,
    "TUR": 21.0229035096437,
    "TZA": 42.3404922457184,
    "UGA": 43.1111622026505,
    "UKR": 13.6943867127605,
    "URY": 17.8970557995301,
    "USA": 17.0990415161586,
    "UZB": 31.2904692650839,
    "VEN": 24.9159954154898,
    "VNM": 22.8560173908821,
    "VUT": 37.9617446720908,
    "YEM": 41.0204008473956,
    "ZAF": 25.7233845796504,
    "ZMB": 40.9710213721225,
    "ZWE": 40.2835855191453
  },
  "stats": {
    "coverage": 169,
    "min": 10.2044670479846,
    "max": 48.682635860092,
    "median": 24.5261681369989,
    "quantileBreaks": [
      10.2044670479846,
      15.0237672728682,
      17.548460732075,
      22.0217357542222,
      27.645743159125,
      33.145602122567,
      40.1264766333292,
      48.682635860092
    ]
  },
  "formatting": {
    "maximumFractionDigits": 1,
    "suffix": "%"
  },
  "source": {
    "provider": "World Bank",
    "dataset": "World Development Indicators",
    "attribution": "The World Bank",
    "sourceReference": "https://api.worldbank.org/v2/indicator/SP.POP.0014.TO.ZS?format=json&per_page=1",
    "valuesReference": "https://api.worldbank.org/v2/country/all/indicator/SP.POP.0014.TO.ZS?format=json&per_page=20000&page=1&date=2015%3A2025",
    "license": "Creative Commons Attribution 4.0 International unless specifically labeled otherwise by World Bank metadata",
    "licenseReference": "https://www.worldbank.org/en/about/legal/terms-of-use-for-datasets",
    "retrievedAt": "2026-07-02T22:06:10.263012+00:00",
    "checksum": "9e2a12a1ed9e78140c680bf9a930258da78cbc8f0bbdf71c62c56caedddf7cd4",
    "sourceOrganization": "United Nations Population Division. World Population Prospects., United Nations Population Division, uri: https://population.un.org/wpp/, publisher: United Nations Population Division"
  },
  "reviewStatus": "approved",
  "contentVersion": "2026.07.02-exp4-content50",
  "editorial": {
    "shortHook": "The young-population map.",
    "patternNote": "The darkest countries include Central African Republic, Somalia, Fed. Rep., Niger, while the lightest include Korea, Rep., Japan, Puerto Rico (US); that contrast is the fastest way to read the population ages 0-14 pattern.",
    "whyItMatters": "The share of children reveals where schools, dependency ratios, and future population growth matter most.",
    "bestProbeCountries": [
      {
        "iso3": "CAF",
        "reason": "High anchor: this country sits near the darkest end of the map."
      },
      {
        "iso3": "KOR",
        "reason": "Low anchor: this country clarifies the lightest end of the scale."
      },
      {
        "iso3": "PAN",
        "reason": "Middle check: this country helps separate a true pattern from one-off outliers."
      }
    ],
    "commonConfusions": [
      {
        "confusedWithIndicatorCode": "SP.DYN.CBRT.IN",
        "reason": "Birth rate can tempt players because it shares a strong country ranking with this map, but its unit and definition point to a different story."
      },
      {
        "confusedWithIndicatorCode": "SP.DYN.TFRT.IN",