{
  "schemaVersion": "1.1.0",
  "id": "children-share",
  "providerCode": "SP.POP.0014.TO.ZS",
  "title": "Population ages 0-14 (% of total population)",
  "shortTitle": "Population ages 0-14",
  "category": "demography",
  "difficulty": "intro",
  "definition": "Population between the ages 0 to 14 as a percentage of the total population. Population is based on the de facto definition of population.",
  "unit": "percent of population",
  "year": 2024,
  "valuesByIso3": {
    "AFG": 42.8875055536677,
    "AGO": 44.3509627519372,
    "ALB": 16.8407829528601,
    "ARE": 16.1109795668483,
    "ARG": 21.6039426858612,
    "ARM": 19.2370774424519,
    "AUS": 17.8418482544494,
    "AUT": 14.2280024817963,
    "AZE": 21.8116344602457,
    "BDI": 44.698901307295,
    "BEL": 15.9961268493057,
    "BEN": 41.5524903883943,
    "BFA": 41.8020300074131,
    "BGD": 27.9889305379593,
    "BGR": 14.4744612007493,
    "BHS": 17.9127947109646,
    "BIH": 13.0378165083513,
    "BLR": 16.2972291440499,
    "BLZ": 26.5784164106154,
    "BOL": 29.7865638630777,
    "BRA": 19.6651396335929,
    "BRN": 20.825269627627,
    "BTN": 20.9093969927652,
    "BWA": 32.1296445773121,
    "CAF": 49.0033606346796,
    "CAN": 15.1113205709867,
    "CHE": 14.9508108120831,
    "CHL": 16.9661637626319,
    "CHN": 16.0078123326803,
    "CIV": 40.8713596664144,
    "CMR": 41.4422273702555,
    "COD": 46.0329708653246,
    "COG": 40.4457962081244,
    "COL": 20.2721132452225,
    "CRI": 18.7992771803014,
    "CUB": 15.2939497984614,
    "CYP": 16.0721779424302,
    "CZE": 15.397296108304,
    "DEU": 13.9101604189277,
    "DJI": 29.1700678176675,
    "DNK": 15.6963833177301,
    "DOM": 26.5786510625149,
    "DZA": 30.3290046531181,
    "ECU": 24.4558490395414,
    "EGY": 31.9946550599489,
    "ERI": 38.1370165145804,
    "ESP": 12.9217448695747,
    "EST": 15.6376190147191,
    "ETH": 39.059915806682,
    "FIN": 14.6331861128204,
    "FJI": 27.0932746472807,
    "FRA": 16.5051210259256,
    "GAB": 36.4845488383689,
    "GBR": 17.1850467046133,
    "GEO": 20.7987693261233,
    "GHA": 35.8181308043952,
    "GIN": 40.9011571194986,
    "GMB": 40.247990253579,
    "GNB": 38.7859142926711,
    "GNQ": 37.2854609193632,
    "GRC": 13.2194094109899,
    "GRL": 20.8033739557124,
    "GTM": 31.5771277741567,
    "GUY": 29.1605627091765,
    "HND": 30.6212062800353,
    "HRV": 13.9232064407501,
    "HTI": 31.1886406665943,
    "HUN": 14.4013810473594,
    "IDN": 24.5977969421876,
    "IND": 24.6239027058366,
    "IRL": 18.5554853052345,
    "IRN": 22.4405719317898,
    "IRQ": 36.5813485791184,
    "ISL": 17.7634212897707,
    "ISR": 27.4092600836836,
    "ITA": 11.892304596608,
    "JAM": 18.7023871371085,
    "JOR": 30.6684370194919,
    "JPN": 11.4361015985054,
    "KAZ": 29.3732798104715,
    "KEN": 36.8360577038471,
    "KGZ": 32.3415612198649,
    "KHM": 29.7931455146284,
    "KOR": 10.568126821068,
    "KWT": 18.2188090706114,
    "LAO": 30.1984061662183,
    "LBN": 26.1864378535752,
    "LBR": 39.5295891528265,
    "LBY": 27.4124264346555,
    "LKA": 22.0302867118189,
    "LSO": 34.5192835270474,
    "LTU": 14.7059775080318,
    "LUX": 15.7772392561468,
    "LVA": 15.4132909230147,
    "MAR": 25.6329078938824,
    "MDA": 19.7887254216323,
    "MDG": 39.2568567902925,
    "MEX": 24.5094927322392,
    "MKD": 16.8227364757936,
    "MLI": 46.1422817334434,
    "MMR": 24.3005300670048,
    "MNE": 18.1268437386694,
    "MNG": 32.1932994585014,
    "MOZ": 44.4790889381731,
    "MRT": 42.7112125586057,
    "MWI": 40.705553369279,
    "MYS": 21.7863930270916,
    "NAM": 36.9797378397172,
    "NCL": 21.3062488146679,
    "NER": 46.6010183145881,
    "NGA": 41.0138455377957,
    "NIC": 28.758876248809,
    "NLD": 15.0256450781311,
    "NOR": 16.1887491796165,
    "NPL": 28.4291693571977,
    "NZL": 18.1186736949994,
    "OMN": 24.7148273855078,
    "PAK": 36.6849298308646,
    "PAN": 24.8949248346335,
    "PER": 23.9704046258316,
    "PHL": 27.8680674907316,
    "PNG": 33.4795064322546,
    "POL": 14.8057804830982,
    "PRI": 11.6286791330835,
    "PRK": 18.9471019146775,
    "PRT": 12.8014201999608,
    "PRY": 28.5879240940415,
    "PSE": 38.0471055745642,
    "QAT": 15.070743135057,
    "ROU": 15.7157647653274,
    "RUS": 17.2783413289713,
    "RWA": 37.3607979172264,
    "SAU": 23.818581981118,
    "SDN": 40.471351616002,
    "SEN": 38.1823663294065,
    "SLB": 36.9703661385892,
    "SLE": 38.0887344368752,
    "SLV": 24.8061237642969,
    "SOM": 46.5932329118749,
    "SRB": 14.3110315939988,
    "SSD": 38.917470670119,
    "SUR": 25.6391948060546,
    "SVK": 15.7612022097569,
    "SVN": 14.714920235154,
    "SWE": 16.9857798610144,
    "SWZ": 33.3522553319202,
    "SYR": 29.1634383255752,
    "TCD": 46.0646280137324,
    "TGO": 39.5258110006841,
    "THA": 14.7494821643648,
    "TJK": 36.2614039233108,
    "TKM": 31.5068646687967,
    "TLS": 33.6584470791168,
    "TTO": 17.7602988231385,
    "TUN": 24.03896145257,
    "TUR": 21.4489074757866,
    "TZA": 42.5361081072203,
    "UGA": 43.5430165404573,
    "UKR": 13.8885360192623,
    "URY": 18.2929719075618,
    "USA": 17.3245769214436,
    "UZB": 31.1034262577169,
    "VEN": 25.5270054158092,
    "VNM": 23.2240051365074,
    "VUT": 38.3139477236845,
    "YEM": 41.1284265424891,
    "ZAF": 25.8837591619497,
    "ZMB": 41.4573443514813,
    "ZWE": 40.873763046968
  },
  "stats": {
    "coverage": 169,
    "min": 10.568126821068,
    "max": 49.0033606346796,
    "median": 24.8949248346335,
    "quantileBreaks": [
      10.568126821068,
      15.2939497984614,
      17.8418482544494,
      22.4405719317898,
      27.9889305379593,
      33.6584470791168,
      40.4457962081244,
      49.0033606346796
    ]
  },
  "formatting": {
    "maximumFractionDigits": 1,
    "suffix": "%"
  },
  "source": {
    "provider": "World Bank",
    "dataset": "World Development Indicators",
    "attribution": "The World Bank",
    "sourceReference": "https://api.worldbank.org/v2/indicator/SP.POP.0014.TO.ZS?format=json&per_page=1",
    "valuesReference": "https://api.worldbank.org/v2/country/all/indicator/SP.POP.0014.TO.ZS?format=json&per_page=20000&page=1&date=2015%3A2025",
    "license": "Creative Commons Attribution 4.0 International unless specifically labeled otherwise by World Bank metadata",
    "licenseReference": "https://www.worldbank.org/en/about/legal/terms-of-use-for-datasets",
    "retrievedAt": "2026-06-22T18:05:37.810437+00:00",
    "checksum": "d231b68c52f9ef69148efdcc45c0a677249b6499e5cf22af16657e4415c0224b",
    "sourceOrganization": "United Nations Population Division. World Population Prospects., United Nations Population Division, uri: https://population.un.org/wpp/, publisher: United Nations Population Division"
  },
  "reviewStatus": "approved",
  "contentVersion": "2026.06.22-exp2-qa1",
  "editorial": {
    "shortHook": "The young-population map.",
    "patternNote": "The darkest countries include Central African Republic, Niger, Somalia, Fed. Rep., while the lightest include Korea, Rep., Japan, Puerto Rico (US); that contrast is the fastest way to read the population ages 0-14 pattern.",
    "whyItMatters": "The share of children reveals where schools, dependency ratios, and future population growth matter most.",
    "bestProbeCountries": [
      {
        "iso3": "CAF",
        "reason": "High anchor: this country sits near the darkest end of the map."
      },
      {
        "iso3": "KOR",
        "reason": "Low anchor: this country clarifies the lightest end of the scale."
      },
      {
        "iso3": "PAN",
        "reason": "Middle check: this country helps separate a true pattern from one-off outliers."
      }
    ],
    "commonConfusions": [
      {
        "confusedWithIndicatorCode": "SP.DYN.CBRT.IN",
        "reason": "Birth rate can tempt players because it shares a strong country ranking with this map, but its unit and definition point to a different story."
      },
      {
        "confusedWithIndicatorCode": "SP.DYN.TFRT.IN",