{
  "schemaVersion": "1.1.0",
  "id": "co2-per-capita",
  "providerCode": "EN.GHG.CO2.PC.CE.AR5",
  "title": "Carbon dioxide (CO2) emissions excluding LULUCF per capita (t CO2e/capita)",
  "shortTitle": "CO2 emissions per capita",
  "category": "environment",
  "difficulty": "standard",
  "definition": "Total annual emissions of carbon dioxide (CO2), one of the six Kyoto greenhouse gases (GHG), from the agriculture, energy, waste, and industrial sectors, excluding LULUCF, standardized to carbon dioxide equivalent values divided by the economy's population. This measure excludes GHG fluxes caused by Land Use Change Land Use and Forestry (LULUCF), as these fluxes have larger uncertainties.",
  "unit": "metric tons CO2e per capita",
  "year": 2024,
  "valuesByIso3": {
    "AFG": 0.2829802981146,
    "AGO": 0.741712294740973,
    "ALB": 1.7852214941728,
    "ARE": 18.2552064370494,
    "ARG": 4.01066531653131,
    "ARM": 2.47028185264546,
    "AUS": 14.0973544987552,
    "AUT": 6.32278424603578,
    "AZE": 3.81144251153847,
    "BDI": 0.0689574855425617,
    "BEL": 7.30661519351762,
    "BEN": 0.487328666439324,
    "BFA": 0.274990879570369,
    "BGD": 0.715539343541092,
    "BGR": 5.30760215797104,
    "BHS": 3.63633645083395,
    "BIH": 6.44935787372249,
    "BLR": 5.93649429972465,
    "BLZ": 0.932452909809338,
    "BOL": 2.29073378062186,
    "BRA": 2.31826466114939,
    "BRN": 20.2426516194424,
    "BTN": 2.01118348906666,
    "BWA": 2.73749285541178,
    "CAF": 0.0632938700243308,
    "CAN": 13.9983582392805,
    "CHE": 3.74568795220564,
    "CHL": 3.93744000373189,
    "CHN": 9.31508933799393,
    "CIV": 0.589054440955677,
    "CMR": 0.353419532873246,
    "COD": 0.0568247825820182,
    "COG": 1.33536271579755,
    "COL": 1.79780371737796,
    "CRI": 1.63283566378358,
    "CUB": 1.9129886264601,
    "CYP": 5.40469504859816,
    "CZE": 7.12966532502255,
    "DEU": 6.94395663386317,
    "DJI": 0.765537056716653,
    "DNK": 4.2782054919933,
    "DOM": 2.99473457012728,
    "DZA": 3.98080005796518,
    "ECU": 2.64474970000791,
    "EGY": 2.50251380967098,
    "ERI": 0.220047329974547,
    "ESP": 4.50540688376633,
    "EST": 7.75936884491537,
    "ETH": 0.146636636122491,
    "FIN": 5.53521221243539,
    "FJI": 1.62222863442953,
    "FRA": 4.00355772602595,
    "GAB": 2.0474983378969,
    "GBR": 4.22412677317771,
    "GEO": 3.6402736868225,
    "GHA": 0.702085843566409,
    "GIN": 0.352794025802477,
    "GMB": 0.178370340740612,
    "GNB": 0.155449923501557,
    "GNQ": 2.55052004844345,
    "GRC": 5.04642227577271,
    "GRL": 10.4528819762123,
    "GTM": 1.1066501528086,
    "GUY": 4.55860818422139,
    "HND": 1.13551979026212,
    "HRV": 4.83151414825927,
    "HTI": 0.298473814991934,
    "HUN": 4.45791782423566,
    "IDN": 2.86503978188758,
    "IND": 2.17365173535787,
    "IRL": 6.03605774131313,
    "IRN": 9.05329342087712,
    "IRQ": 5.18375227496016,
    "ISL": 8.5199194837855,
    "ISR": 5.78134023099134,
    "ITA": 5.07573834102673,
    "JAM": 2.84378384565939,
    "JOR": 2.0898692239058,
    "JPN": 7.84242057238933,
    "KAZ": 12.5678187536661,
    "KEN": 0.38344092060836,
    "KGZ": 1.48784220370685,
    "KHM": 1.10207037315065,
    "KOR": 11.3622569893006,
    "KWT": 23.6726718577295,
    "LAO": 3.35435098295083,
    "LBN": 1.89531037233795,
    "LBR": 0.154485706553412,
    "LBY": 8.66457129316627,
    "LKA": 1.06473352801606,
    "LSO": 0.428078272524913,
    "LTU": 4.49056496639174,
    "LUX": 10.5572722492364,
    "LVA": 3.647774745944,
    "MAR": 1.83925269318779,
    "MDA": 3.41675873098598,
    "MDG": 0.146494805123461,
    "MEX": 3.63738680384754,
    "MKD": 3.99992545326879,
    "MLI": 0.302799241541437,
    "MMR": 0.575463259318228,
    "MNG": 7.84665630954259,
    "MOZ": 0.292006477521244,
    "MRT": 0.969475151347498,
    "MWI": 0.221419380007265,
    "MYS": 8.32321620146515,
    "NAM": 1.20450237960009,
    "NCL": 17.0800884366062,
    "NER": 0.118901709547783,
    "NGA": 0.566917637661195,
    "NIC": 0.829841501184187,
    "NLD": 6.60188395966651,
    "NOR": 7.17830173255862,
    "NPL": 0.535964084109792,
    "NZL": 6.01694562647754,
    "OMN": 18.6519911434889,
    "PAK": 0.811831809174961,
    "PAN": 2.73829900364892,
    "PER": 2.02424185179617,
    "PHL": 1.5030109111702,
    "PNG": 0.516966762734976,
    "POL": 7.55108565871718,
    "PRI": 4.81694630060609,
    "PRK": 2.49971102490099,
    "PRT": 3.32476489948602,
    "PRY": 1.1581935050359,
    "QAT": 47.3321641445828,
    "ROU": 3.72055055783694,
    "RUS": 13.9977718566194,
    "RWA": 0.162128792997641,
    "SAU": 18.4845842582552,
    "SDN": 0.433463815698253,
    "SEN": 0.767609570951958,
    "SLB": 0.383912070097827,
    "SLE": 0.16915022896262,
    "SLV": 1.50569728627702,
    "SOM": 0.0455149206821494,
    "SUR": 4.06111933370217,
    "SVK": 5.51311685631444,
    "SVN": 6.26652251574692,
    "SWE": 3.57381645984766,
    "SWZ": 0.880335237065324,
    "SYR": 1.27467701221914,
    "TCD": 0.142508619707364,
    "TGO": 0.276146592685668,
    "THA": 3.96005269352319,
    "TJK": 0.922478268427306,
    "TKM": 10.8623686336296,
    "TLS": 0.499343870436187,
    "TTO": 19.5810522730943,
    "TUN": 2.62113010481539,
    "TUR": 5.37926453268486,
    "TZA": 0.311205530057348,
    "UGA": 0.165048181856788,
    "UKR": 3.12934781865114,
    "URY": 2.56756948291319,
    "USA": 13.6195685039144,
    "UZB": 4.08501666540206,
    "VEN": 3.39410515757435,
    "VNM": 4.26605675468195,
    "VUT": 0.869798674098549,
    "YEM": 0.260706631942251,
    "ZAF": 6.87684962627712,
    "ZMB": 0.542961477377669,
    "ZWE": 0.772821434267465
  },
  "stats": {
    "coverage": 165,
    "min": 0.0455149206821494,
    "max": 47.3321641445828,
    "median": 2.64474970000791,
    "quantileBreaks": [
      0.0455149206821494,
      0.3290291710909746,
      0.8788300137843561,
      2.030886562110664,
      3.618473596266438,
      4.862215309332617,
      7.806826974900488,
      47.3321641445828
    ]
  },
  "formatting": {
    "maximumFractionDigits": 1,
    "suffix": " t/person"
  },
  "source": {
    "provider": "World Bank",
    "dataset": "World Development Indicators",
    "attribution": "The World Bank",
    "sourceReference": "https://api.worldbank.org/v2/indicator/EN.GHG.CO2.PC.CE.AR5?format=json&per_page=1",
    "valuesReference": "https://api.worldbank.org/v2/country/all/indicator/EN.GHG.CO2.PC.CE.AR5?format=json&per_page=20000&page=1&date=2015%3A2025",
    "license": "Creative Commons Attribution 4.0 International unless specifically labeled otherwise by World Bank metadata",
    "licenseReference": "https://www.worldbank.org/en/about/legal/terms-of-use-for-datasets",
    "retrievedAt": "2026-06-27T17:14:05.054206+00:00",
    "checksum": "ca50132e1c5d46a040195b5da6d354123dc9d37ee44a1d3067c67e47b67ba498",
    "sourceOrganization": "EDGAR (Emissions Database for Global Atmospheric Research) Community GHG Database, Joint Research Centre (JRC) - European Commission, uri: https://edgar.jrc.ec.europa.eu/dataset_ghg2024, publisher: JRC European Commission, date published: 2024;\nInternational Energy Agency (IEA), uri: https://edgar.jrc.ec.europa.eu/dataset_ghg2024, publisher: JRC European Commission, date published: 2024"
  },
  "reviewStatus": "approved",
  "contentVersion": "2026.06.22-exp2-qa1",
  "editorial": {
    "shortHook": "The per-person carbon map.",
    "patternNote": "The darkest countries include Qatar, Kuwait, Brunei Darussalam, while the lightest include Somalia, Fed. Rep., Congo, Dem. Rep., Central African Republic; that contrast is the fastest way to read the co2 emissions per capita pattern.",
    "whyItMatters": "Per-capita CO2 emissions reveal energy intensity and resource economies better than raw totals.",
    "bestProbeCountries": [
      {
        "iso3": "QAT",
        "reason": "High anchor: this country sits near the darkest end of the map."
      },
      {
        "iso3": "SOM",