{
  "schemaVersion": "1.1.0",
  "id": "co2-emissions-change",
  "providerCode": "EN.GHG.CO2.ZG.AR5",
  "title": "Carbon dioxide (CO2) emissions (total) excluding LULUCF (% change from 1990)",
  "shortTitle": "CO2 emissions change",
  "category": "environment",
  "difficulty": "expert",
  "definition": "Change of emissions (as %) of current year with respect to emissions in baseline year 1990 emissions of carbon dioxide (CO2), one of the six Kyoto greenhouse gases (GHG), from the agriculture, energy, waste, and industrial sectors, excluding LULUCF.. The measure is standardized to carbon dioxide equivalent values using the Global Warming Potential (GWP) factors of IPCC's 5th Assessment Report (AR5). Negative values indicate that the emission level for that year is lower than the emissions level in 1990.",
  "unit": "percent change from 1990",
  "year": 2024,
  "valuesByIso3": {
    "AFG": 314.949800577637,
    "AGO": 150.208355593546,
    "ALB": -36.1379061263187,
    "ARE": 252.553104718779,
    "ARG": 82.9138546725511,
    "ARM": -63.9385758490094,
    "AUS": 38.0563167275805,
    "AUT": -5.73971801702293,
    "AZE": -30.7119541589754,
    "BDI": 382.4203187251,
    "BEL": -25.186049905151,
    "BEN": 1668.21374811841,
    "BFA": 1878.52123434158,
    "BGD": 741.001557526918,
    "BGR": -57.2933621304539,
    "BHS": 34.3028071790152,
    "BIH": -16.9549806908956,
    "BLR": -48.6267828512733,
    "BLZ": 207.430830039526,
    "BOL": 331.869750770773,
    "BRA": 116.612095170808,
    "BRN": 117.825166856585,
    "BTN": 780.962921970116,
    "BWA": 144.477506199079,
    "CAF": 111.801632140615,
    "CAN": 31.2080406646161,
    "CHE": -24.6333000426746,
    "CHL": 134.255836634438,
    "CHN": 443.629929334514,
    "CIV": 532.919484539551,
    "CMR": 116.396510038894,
    "COD": 84.2337932057558,
    "COG": 254.657160830363,
    "COL": 78.7144419925642,
    "CRI": 187.213688108627,
    "CUB": -45.6764515711884,
    "CYP": 58.2406449387826,
    "CZE": -53.0215178767804,
    "DEU": -42.733812210823,
    "DJI": -8.20765363701651,
    "DNK": -51.2299881368798,
    "DOM": 326.783643233941,
    "DZA": 158.257564104163,
    "ECU": 173.190597428931,
    "EGY": 218.688218620031,
    "ERI": 136.3304981774,
    "ESP": -4.08941908189298,
    "EST": -73.4054110753969,
    "ETH": 785.248,
    "FIN": -44.6745467415547,
    "FJI": 49.4445546518548,
    "FRA": -28.7109895010921,
    "GAB": -15.7632913648664,
    "GBR": -49.8085332877452,
    "GEO": -60.9535324014879,
    "GHA": 671.9651240778,
    "GIN": 449.672650475185,
    "GMB": 301.549755301794,
    "GNB": 102.485207100592,
    "GNQ": 6688.88888888889,
    "GRC": -32.6037345463507,
    "GRL": 53909.0909090909,
    "GTM": 419.720358227234,
    "GUY": 222.791173212916,
    "HND": 420.793085917641,
    "HRV": -22.2447926205897,
    "HTI": 207.796075683252,
    "HUN": -41.0622562229261,
    "IDN": 402.077472341683,
    "IND": 425.042085552203,
    "IRL": 0.711520383930342,
    "IRN": 297.644800405229,
    "IRQ": 243.685101051919,
    "ISL": 40.7505556505386,
    "ISR": 63.7151860999915,
    "ITA": -29.7680477400351,
    "JAM": 4.80133954647524,
    "JOR": 139.718818880438,
    "JPN": -16.348751594164,
    "KAZ": 4.09215482963801,
    "KEN": 234.643221675791,
    "KGZ": -54.5788877428518,
    "KHM": 4422.84783620288,
    "KOR": 125.95512629855,
    "KWT": 257.725431144875,
    "LAO": 10084.720593982,
    "LBN": 84.1844505816386,
    "LBR": 131.103411513859,
    "LBY": 96.0413703467556,
    "LKA": 450.476527482897,
    "LSO": 819.669117647059,
    "LTU": -63.0718944943811,
    "LUX": -40.3319252667257,
    "LVA": -65.3031994332054,
    "MAR": 211.832011789271,
    "MDA": -74.2022371617778,
    "MDG": 415.772662187466,
    "MEX": 64.3264488844776,
    "MKD": -34.7884756304624,
    "MLI": 2221.35922330097,
    "MMR": 607.548617064477,
    "MNG": 110.359068748621,
    "MOZ": 770.358894913504,
    "MRT": 608.754065902984,
    "MWI": 212.005465903175,
    "MYS": 359.383585671223,
    "NAM": 192.311388755406,
    "NCL": 217.695290154452,
    "NER": 418.001611603546,
    "NGA": 75.619981600589,
    "NIC": 192.120934493816,
    "NLD": -27.9260590918109,
    "NOR": 10.1526183604679,
    "NPL": 1360.1157662624,
    "NZL": 27.3424460143695,
    "OMN": 500.312004875076,
    "PAK": 210.765914336423,
    "PAN": 354.278261508505,
    "PER": 232.301226726028,
    "PHL": 307.721722921867,
    "PNG": 154.323456904972,
    "POL": -25.694913046205,
    "PRI": -18.8692241361179,
    "PRK": -49.8051369875989,
    "PRT": -18.932592210919,
    "PRY": 267.458791208791,
    "QAT": 696.535723328956,
    "ROU": -62.2419231033522,
    "RUS": -17.5315333545817,
    "RWA": 317.974683544304,
    "SAU": 275.216788267442,
    "SDN": 294.263048769494,
    "SEN": 500.46930492136,
    "SLB": 98.297604035309,
    "SLE": 130.932069510269,
    "SLV": 267.817775379635,
    "SOM": 37.6173055511372,
    "SUR": 134.73943148688,
    "SVK": -50.7007527030682,
    "SVN": -9.22436862066852,
    "SWE": -33.8946211569693,
    "SWZ": -1.05805751492131,
    "SYR": -4.71028105343529,
    "TCD": 1128.88700084962,
    "TGO": 247.980399947027,
    "THA": 197.539350885985,
    "TJK": -20.7149523229864,
    "TKM": 78.1574985118527,
    "TLS": 903.443328550933,
    "TTO": 111.489553157733,
    "TUN": 117.82177547636,
    "TUR": 196.477669154567,
    "TZA": 923.962182655853,
    "UGA": 893.608570052961,
    "UKR": -84.9176598158795,
    "URY": 120.754525375105,
    "USA": -7.05190101692877,
    "UZB": 16.1789987595168,
    "VEN": -6.01326966907715,
    "VNM": 1993.61156197456,
    "VUT": 179.784102060844,
    "YEM": 48.863156709908,
    "ZAF": 40.0849545963606,
    "ZMB": 282.117740284611,
    "ZWE": -26.1773640597454
  },
  "stats": {
    "coverage": 165,
    "min": -84.9176598158795,
    "max": 53909.0909090909,
    "median": 120.754525375105,
    "quantileBreaks": [
      -84.9176598158795,
      -33.34138403813276,
      -4.178113649256169,
      84.19854847424352,
      168.9240164789972,
      268.8747772207503,
      500.4018906158097,
      53909.0909090909
    ]
  },
  "formatting": {
    "maximumFractionDigits": 1,
    "suffix": "%"
  },
  "source": {
    "provider": "World Bank",
    "dataset": "World Development Indicators",
    "attribution": "The World Bank",
    "sourceReference": "https://api.worldbank.org/v2/indicator/EN.GHG.CO2.ZG.AR5?format=json&per_page=1",
    "valuesReference": "https://api.worldbank.org/v2/country/all/indicator/EN.GHG.CO2.ZG.AR5?format=json&per_page=20000&page=1&date=2015%3A2025",
    "license": "Creative Commons Attribution 4.0 International unless specifically labeled otherwise by World Bank metadata",
    "licenseReference": "https://www.worldbank.org/en/about/legal/terms-of-use-for-datasets",
    "retrievedAt": "2026-07-02T22:50:28.209067+00:00",
    "checksum": "ead4ee57c0c26e517652f06c01d6a441c485c30d137a69bce72e08a7eee7e75e",
    "sourceOrganization": "EDGAR (Emissions Database for Global Atmospheric Research) Community GHG Database, Joint Research Centre (JRC) - European Commission, uri: https://edgar.jrc.ec.europa.eu/dataset_ghg2024, publisher: JRC European Commission, date published: 2024;\nInternational Energy Agency (IEA), uri: https://edgar.jrc.ec.europa.eu/dataset_ghg2024, publisher: JRC European Commission, date published: 2024"
  },
  "reviewStatus": "approved",
  "contentVersion": "2026.07.02-exp4-content50",
  "editorial": {
    "shortHook": "A post-1990 carbon-change map.",
    "patternNote": "The darkest countries include Greenland, Lao PDR, Equatorial Guinea, while the lightest include Ukraine, Moldova, Estonia; that contrast is the fastest way to read the co2 emissions change pattern.",
    "whyItMatters": "CO2 emissions change rewards players who notice industrial growth, transition economies, and decarbonization patterns.",
    "bestProbeCountries": [
      {
        "iso3": "GRL",
        "reason": "High anchor: this country sits near the darkest end of the map."
      },
      {
        "iso3": "UKR",