{
  "schemaVersion": "1.1.0",
  "id": "coal-electricity-share",
  "providerCode": "EG.ELC.COAL.ZS",
  "title": "Electricity production from coal sources (% of total)",
  "shortTitle": "Coal electricity share",
  "category": "energy",
  "difficulty": "standard",
  "definition": "The share of electricity production from coal sources of total electricity production. Sources of electricity refer to the inputs used to generate electricity. Coal refers to all coal and brown coal, both primary (including hard coal and lignite-brown coal) and derived fuels (including patent fuel, coke oven coke, gas coke, coke oven gas, and blast furnace gas). Peat is also included in this category.",
  "unit": "percent of electricity production",
  "year": 2021,
  "valuesByIso3": {
    "AFG": 0.0,
    "AGO": 0.0,
    "ALB": 0.0,
    "ARE": 1.93355339076296,
    "ARG": 1.81813433956352,
    "ARM": 0.0,
    "AUS": 52.8370877486312,
    "AUT": 3.04850472044774,
    "AZE": 0.0,
    "BDI": 0.0,
    "BEL": 2.0182920154059,
    "BEN": 0.0,
    "BFA": 0.0,
    "BGD": 5.55823714585519,
    "BGR": 35.9170030272452,
    "BHS": 0.0,
    "BIH": 60.4499352611135,
    "BLR": 0.0678968937171124,
    "BLZ": 0.0,
    "BOL": 0.0,
    "BRA": 3.66646395644626,
    "BRN": 21.775750131602,
    "BTN": 0.0,
    "BWA": 96.0991466883381,
    "CAF": 0.0,
    "CAN": 5.32187223366307,
    "CHE": 0.0,
    "CHL": 29.6132609239019,
    "CHN": 63.0009520818053,
    "CIV": 0.0,
    "CMR": 0.0,
    "COD": 0.0,
    "COG": 0.0,
    "COL": 5.38582339924334,
    "CRI": 0.0,
    "CUB": 0.0,
    "CYP": 0.0,
    "CZE": 40.9421866729401,
    "DEU": 29.4980254690038,
    "DJI": 0.0,
    "DNK": 13.2072617246596,
    "DOM": 27.9318064405028,
    "DZA": 0.0,
    "ECU": 0.0,
    "EGY": 0.0,
    "ERI": 0.0,
    "ESP": 2.1923940622357,
    "EST": 57.6762909494725,
    "ETH": 0.0,
    "FIN": 7.74382296663986,
    "FJI": 0.0,
    "FRA": 1.32081685836718,
    "GAB": 0.0,
    "GBR": 2.50520838395915,
    "GEO": 0.0,
    "GHA": 0.0,
    "GIN": 0.0,
    "GMB": 0.0,
    "GNB": 0.0,
    "GNQ": 0.0,
    "GRC": 9.71762770721009,
    "GRL": 0.0,
    "GTM": 21.5719171452539,
    "GUY": 0.0,
    "HND": 0.557553956834532,
    "HRV": 9.57264957264957,
    "HTI": 0.0,
    "HUN": 8.59634551495017,
    "IDN": 66.8668021944359,
    "IND": 71.4858907657204,
    "IRL": 9.49793930310978,
    "IRN": 0.204826487520757,
    "IRQ": 0.0,
    "ISL": 0.0,
    "ISR": 23.0229280719822,
    "ITA": 5.51287062950368,
    "JAM": 0.0,
    "JOR": 0.0,
    "JPN": 30.6095541850287,
    "KAZ": 64.1330228193052,
    "KEN": 0.0,
    "KGZ": 13.0334258158277,
    "KHM": 36.9822774894742,
    "KOR": 35.407072795039,
    "KWT": 0.0,
    "LAO": 26.4510096400027,
    "LBN": 0.0,
    "LBR": 0.0,
    "LBY": 0.0,
    "LKA": 35.0625502123264,
    "LSO": 0.0,
    "LTU": 0.0,
    "LUX": 0.0,
    "LVA": 0.00017105713308245,
    "MAR": 66.4505063320881,
    "MDA": 0.0,
    "MDG": 18.5981680605337,
    "MEX": 5.16549978165503,
    "MKD": 39.5046103778702,
    "MLI": 0.0,
    "MMR": 8.81815159574468,
    "MNE": 38.2415254237288,
    "MNG": 84.3401049374411,
    "MOZ": 0.0,
    "MRT": 0.0,
    "MWI": 0.0,
    "MYS": 47.8812358670348,
    "NAM": 2.80112044817927,
    "NCL": 39.0473899446716,
    "NER": 10.0169779286927,
    "NGA": 0.0,
    "NIC": 0.0,
    "NLD": 14.2129819104526,
    "NOR": 0.121579007358063,
    "NPL": 0.000414336026517506,
    "NZL": 7.24260832530094,
    "OMN": 0.0,
    "PAK": 16.2124274834002,
    "PAN": 4.1057414291615,
    "PER": 0.238676049911374,
    "PHL": 58.466814909735,
    "PNG": 0.0,
    "POL": 72.2648095261954,
    "PRI": 16.6346398049013,
    "PRK": 34.6923647146034,
    "PRT": 1.569273622472,
    "PRY": 0.0,
    "PSE": 0.0,
    "QAT": 0.0,
    "ROU": 18.2377669413149,
    "RUS": 16.155633525844,
    "RWA": 4.22535211267606,
    "SAU": 0.0,
    "SDN": 0.0,
    "SEN": 6.26959247648903,
    "SLB": 0.0,
    "SLE": 0.0,
    "SLV": 0.0,
    "SOM": 0.0,
    "SRB": 62.2989407610828,
    "SSD": 0.0,
    "SUR": 0.0,
    "SVK": 7.38606076759062,
    "SVN": 24.2378432854623,
    "SWE": 0.433648820125962,
    "SWZ": 2.70758122743682,
    "SYR": 0.0,
    "TCD": 0.0,
    "TGO": 0.0,
    "THA": 19.2039471096301,
    "TJK": 8.46083305178821,
    "TKM": 0.0,
    "TLS": 0.0,
    "TTO": 0.0,
    "TUN": 0.0,
    "TUR": 30.8858369457731,
    "TZA": 0.0,
    "UGA": 0.0,
    "UKR": 23.1366439960991,
    "URY": 0.0,
    "USA": 22.6659071437519,
    "UZB": 6.94337401734793,
    "VEN": 0.0,
    "VNM": 45.3896147456564,
    "VUT": 0.0,
    "YEM": 0.0,
    "ZAF": 83.1709379710998,
    "ZMB": 7.31046931407942,
    "ZWE": 35.625
  },
  "stats": {
    "coverage": 169,
    "min": 0.0,
    "max": 96.0991466883381,
    "median": 0.000414336026517506,
    "quantileBreaks": [
      0.0,
      0.0,
      0.0,
      0.0,
      2.1923940622357,
      9.71762770721009,
      35.0625502123264,
      96.0991466883381
    ]
  },
  "formatting": {
    "maximumFractionDigits": 1,
    "suffix": "%"
  },
  "source": {
    "provider": "World Bank",
    "dataset": "World Development Indicators",
    "attribution": "The World Bank",
    "sourceReference": "https://api.worldbank.org/v2/indicator/EG.ELC.COAL.ZS?format=json&per_page=1",
    "valuesReference": "https://api.worldbank.org/v2/country/all/indicator/EG.ELC.COAL.ZS?format=json&per_page=20000&page=1&date=2015%3A2025",
    "license": "Creative Commons Attribution 4.0 International unless specifically labeled otherwise by World Bank metadata",
    "licenseReference": "https://www.worldbank.org/en/about/legal/terms-of-use-for-datasets",
    "retrievedAt": "2026-07-02T22:34:37.073512+00:00",
    "checksum": "08bd064608255d04097eb79f670f214237e77e33c8e528d3bb44faf6fc1f3fd3",
    "sourceOrganization": "IEA Energy Statistics Data Browser, International Energy Agency (IEA), uri: https://www.iea.org/data-and-statistics/data-tools/energy-statistics-data-browser, publisher: International Energy Agency (IEA), date accessed: 2025-03-25"
  },
  "reviewStatus": "approved",
  "contentVersion": "2026.07.02-exp4-content50",
  "editorial": {
    "shortHook": "A candidate map for coal electricity share.",
    "patternNote": "The darkest countries include Botswana, Mongolia, South Africa, while the lightest include Afghanistan, Angola, Albania; that contrast is the fastest way to read the coal electricity share pattern.",
    "whyItMatters": "Coal electricity share may add useful WORLDPRINT variety once source coverage, unit clarity, map interest, and distractor ambiguity are reviewed.",
    "bestProbeCountries": [
      {
        "iso3": "BWA",
        "reason": "High anchor: this country sits near the darkest end of the map."
      },
      {
        "iso3": "AFG",
        "reason": "Low anchor: this country clarifies the lightest end of the scale."
      },
      {
        "iso3": "NPL",
        "reason": "Middle check: this country helps separate a true pattern from one-off outliers."
      }
    ],
    "commonConfusions": [
      {
        "confusedWithIndicatorCode": "NY.GDP.COAL.RT.ZS",
        "reason": "Coal rents lives in the same category, so it can feel plausible until the high and low countries are checked."
      },
      {
        "confusedWithIndicatorCode": "IS.SHP.GOOD.TU",
        "reason": "Container port traffic overlaps with part of the visible pattern, but the full country spread does not match."
      },
      {
        "confusedWithIndicatorCode": "ST.INT.ARVL",
        "reason": "Tourism arrivals overlaps with part of the visible pattern, but the full country spread does not match."
      }
    ],
    "difficultyReason": "Standard difficulty: the map has readable regional structure, but the best answer still depends on checking the unit and country anchors.",
    "regionalSignals": [
      "Energy maps often separate access, consumption, and production mix.",
      "Look for hydro, fossil-fuel, and low-access signals."
    ]
  },
  "editorialReview": {
    "status": "daily_eligible",
    "reviewedAt": "2026-07-02",