{
  "schemaVersion": "1.1.0",
  "id": "coal-rents",
  "providerCode": "NY.GDP.COAL.RT.ZS",
  "title": "Coal rents (% of GDP)",
  "shortTitle": "Coal rents",
  "category": "energy",
  "difficulty": "expert",
  "definition": "Coal rents are the difference between the value of both hard and soft coal production at world prices and their total costs of production.",
  "unit": "percent of GDP",
  "year": 2021,
  "valuesByIso3": {
    "AFG": 0.0193977562950517,
    "AGO": 0.0,
    "ALB": 0.0322572749578343,
    "ARE": 0.0,
    "ARG": 0.000157746419195732,
    "ARM": 2.759777831075e-06,
    "AUS": 0.786459619916648,
    "AUT": 0.0,
    "AZE": 0.0,
    "BDI": 0.0,
    "BEL": 0.0,
    "BEN": 0.0,
    "BFA": 0.0,
    "BGD": 0.0132526717304666,
    "BGR": 0.126365577523338,
    "BHS": 0.0,
    "BIH": 0.301983937935592,
    "BLR": 0.0,
    "BLZ": 0.0,
    "BOL": 0.0,
    "BRA": 0.0143152350634996,
    "BRN": 0.0,
    "BTN": 0.0,
    "BWA": 0.500235146664399,
    "CAF": 0.0,
    "CAN": 0.0730211132400775,
    "CHE": 0.0,
    "CHL": 0.0001519770108825,
    "CHN": 0.607568894164746,
    "CIV": 0.0,
    "CMR": 0.0,
    "COD": 0.0,
    "COG": 0.0,
    "COL": 0.725814104210245,
    "CRI": 0.0,
    "CYP": 0.0,
    "CZE": 0.0939363572598997,
    "DEU": 0.014480866265137,
    "DJI": 0.0,
    "DNK": 0.0,
    "DOM": 0.0,
    "DZA": 0.0,
    "ECU": 0.0,
    "EGY": 0.0,
    "ESP": 0.0,
    "EST": 0.0,
    "ETH": 0.000163832810177573,
    "FIN": 0.0,
    "FJI": 0.0,
    "FRA": 0.0,
    "GAB": 0.0,
    "GBR": 0.00102273685261212,
    "GEO": 0.00790127231235254,
    "GHA": 0.0,
    "GIN": 0.0,
    "GMB": 0.0,
    "GNB": 0.0,
    "GNQ": 0.0,
    "GRC": 0.0146481346149569,
    "GTM": 0.0,
    "GUY": 0.0,
    "HND": 0.0,
    "HRV": 0.0,
    "HTI": 0.0,
    "HUN": 0.00936874396198461,
    "IDN": 1.22270966877205,
    "IND": 1.28029169863481,
    "IRL": 0.0,
    "IRN": 0.00939526245305688,
    "IRQ": 0.0,
    "ISL": 0.0,
    "ISR": 0.0,
    "ITA": 0.0,
    "JAM": 0.0,
    "JOR": 0.0,
    "JPN": 0.000357494585802386,
    "KAZ": 0.848889916850088,
    "KEN": 0.0,
    "KGZ": 0.257836525140979,
    "KHM": 0.00480544500071724,
    "KOR": 0.00109890187258597,
    "LBN": 0.0,
    "LBR": 0.0,
    "LBY": 0.0,
    "LKA": 0.0,
    "LSO": 0.0,
    "LTU": 0.0,
    "LUX": 0.0,
    "LVA": 0.0,
    "MAR": 0.0,
    "MDA": 0.0,
    "MDG": 0.0,
    "MEX": 0.0161205544445626,
    "MKD": 0.00863232977360442,
    "MLI": 0.0,
    "MMR": 0.0464337290823448,
    "MNE": 0.14484831357974,
    "MNG": 4.89275510557756,
    "MOZ": 3.78124905359831,
    "MRT": 0.670017115111406,
    "MWI": 0.0166282857564063,
    "MYS": 0.0252334817053191,
    "NAM": 0.0,
    "NCL": 0.0,
    "NER": 0.0372529254036624,
    "NGA": 0.000478431638825823,
    "NIC": 0.0,
    "NLD": 0.0,
    "NOR": 0.000758175459027536,
    "NPL": 0.00606226595390929,
    "NZL": 0.0306624632958425,
    "OMN": 0.0,
    "PAK": 0.121668638591279,
    "PAN": 0.0,
    "PER": 0.00249271827303621,
    "PHL": 0.0944068332804607,
    "PNG": 0.0,
    "POL": 0.246377814021137,
    "PRI": 0.0,
    "PRT": 0.0,
    "PRY": 0.0,
    "PSE": 0.0,
    "QAT": 0.0,
    "ROU": 0.0241444525656809,
    "RUS": 0.612542293942399,
    "RWA": 0.0,
    "SAU": 0.0,
    "SDN": 0.0,
    "SEN": 0.0,
    "SLB": 0.0,
    "SLE": 0.0,
    "SLV": 0.0,
    "SOM": 0.0,
    "SRB": 0.235195620780373,
    "SUR": 0.0,
    "SVK": 0.00515044751380184,
    "SVN": 0.0258661890048008,
    "SWE": 0.0,
    "SWZ": 0.13654443934385,
    "TCD": 0.0,
    "TGO": 0.0,
    "THA": 0.0335556904365916,
    "TJK": 0.486026357740751,
    "TLS": 0.0,
    "TTO": 0.0,
    "TUN": 0.0,
    "TUR": 0.0473618807971925,
    "TZA": 0.0494009697131187,
    "UGA": 0.0,
    "UKR": 0.336999214543813,
    "URY": 0.0,
    "USA": 0.165541837941739,
    "UZB": 0.0535648008565471,
    "VNM": 0.376818816953012,
    "VUT": 0.0,
    "ZAF": 2.44110582623372,
    "ZMB": 0.231179863199288,
    "ZWE": 0.290130858618712
  },
  "stats": {
    "coverage": 158,
    "min": 0.0,
    "max": 4.89275510557756,
    "median": 0.0,
    "quantileBreaks": [
      0.0,
      0.0,
      0.0,
      0.0,
      0.0,
      0.014338896663733515,
      0.14128951033578702,
      4.89275510557756
    ]
  },
  "formatting": {
    "maximumFractionDigits": 1,
    "suffix": "% of GDP"
  },
  "source": {
    "provider": "World Bank",
    "dataset": "World Development Indicators",
    "attribution": "The World Bank",
    "sourceReference": "https://api.worldbank.org/v2/indicator/NY.GDP.COAL.RT.ZS?format=json&per_page=1",
    "valuesReference": "https://api.worldbank.org/v2/country/all/indicator/NY.GDP.COAL.RT.ZS?format=json&per_page=20000&page=1&date=2015%3A2025",
    "license": "Creative Commons Attribution 4.0 International unless specifically labeled otherwise by World Bank metadata",
    "licenseReference": "https://www.worldbank.org/en/about/legal/terms-of-use-for-datasets",
    "retrievedAt": "2026-07-02T22:50:47.416536+00:00",
    "checksum": "1e5db20eb797b29d4bdbb81105319528bcf708901fb78be05de9260eee23c7e1",
    "sourceOrganization": "The Changing Wealth of Nations, World Bank (WB), uri: https://www.worldbank.org/en/publication/changing-wealth-of-nations/data, note: World Bank staff estimates based on sources and methods described in the World Bank's The Changing Wealth of Nations., publisher: World Bank (WB);\nStaff estimates, World Bank (WB), note: World Bank staff estimates based on sources and methods described in the World Bank's The Changing Wealth of Nations."
  },
  "reviewStatus": "approved",
  "contentVersion": "2026.07.02-exp4-content50",
  "editorial": {
    "shortHook": "A coal-economy map.",
    "patternNote": "The darkest countries include Mongolia, Mozambique, South Africa, while the lightest include Angola, United Arab Emirates, Austria; that contrast is the fastest way to read the coal rents pattern.",
    "whyItMatters": "Coal rents isolate coal-producing economies more cleanly than broader fossil-fuel indicators.",
    "bestProbeCountries": [
      {
        "iso3": "MNG",
        "reason": "High anchor: this country sits near the darkest end of the map."
      },
      {
        "iso3": "AGO",
        "reason": "Low anchor: this country clarifies the lightest end of the scale."
      },
      {
        "iso3": "SEN",
        "reason": "Middle check: this country helps separate a true pattern from one-off outliers."
      }
    ],
    "commonConfusions": [
      {
        "confusedWithIndicatorCode": "EG.ELC.COAL.ZS",
        "reason": "Coal electricity share lives in the same category, so it can feel plausible until the high and low countries are checked."
      },
      {
        "confusedWithIndicatorCode": "EN.GHG.N2O.AG.MT.CE.AR5",
        "reason": "Agriculture nitrous oxide emissions overlaps with part of the visible pattern, but the full country spread does not match."
      },
      {
        "confusedWithIndicatorCode": "AG.PRD.CREL.MT",
        "reason": "Cereal production overlaps with part of the visible pattern, but the full country spread does not match."
      }
    ],
    "difficultyReason": "Expert difficulty: the map can be mistaken for adjacent indicators unless players probe a high, low, and middle country.",
    "dataCaveat": "Coal rents are zero for many countries, making this an expert-only clue.",
    "regionalSignals": [
      "Energy maps often separate access, consumption, and production mix.",
      "Look for hydro, fossil-fuel, and low-access signals."
    ]
  },
  "editorialReview": {
    "status": "expert_only",
    "reviewedAt": "2026-07-02",
    "reviewedBy": "Codex editorial QA",
    "qualityScore": 3,
    "funScore": 4,
    "fairnessScore": 3,
    "ambiguityRisk": "high",
    "dailyEligible": false,
    "practiceEligible": true,
    "challengeEligible": true,
    "expertOnly": true,
    "reviewNotes": [
      "Batch 4 QA: focused coal-economy clue with a clear pattern for advanced players.",
      "Expert-only due to zero-heavy values and overlap with fossil-energy maps."
    ],