{
  "schemaVersion": "1.1.0",
  "id": "combustible-renewables-waste",
  "providerCode": "EG.USE.CRNW.ZS",
  "title": "Combustible renewables and waste (% of total energy)",
  "shortTitle": "Combustible renewables and waste",
  "category": "energy",
  "difficulty": "expert",
  "definition": "Combustible renewables and waste comprise solid biomass, liquid biomass, biogas, industrial waste, and municipal waste, measured as a percentage of total energy use. The indicator expresses the share of total energy supply.",
  "unit": "percent of total energy use",
  "year": 2023,
  "valuesByIso3": {
    "AGO": 47.6339058832727,
    "ALB": 13.4086859688196,
    "ARE": 0.043124367935113,
    "ARG": 4.31382124605442,
    "ARM": 2.83864171520635,
    "AUS": 3.77106048292527,
    "AUT": 21.3044904605874,
    "AZE": 0.55716850307305,
    "BEL": 7.88878484044802,
    "BEN": 56.275228964245,
    "BFA": 71.3163221141606,
    "BGD": 15.5834568544284,
    "BGR": 9.66784134576393,
    "BIH": 18.7434157124847,
    "BLR": 6.63736243714017,
    "BOL": 11.4119098816195,
    "BRA": 32.7734519477232,
    "BWA": 25.8756722604904,
    "CAN": 4.64394265524102,
    "CHE": 13.0063929383443,
    "CHL": 22.2910413990812,
    "CHN": 3.16060773092974,
    "CIV": 58.4333100331749,
    "CMR": 73.8536578719693,
    "COD": 94.4265260151148,
    "COG": 49.239198224237,
    "COL": 12.3353255823078,
    "CRI": 7.83721375961741,
    "CUB": 6.51869648419493,
    "CYP": 6.39192330965956,
    "CZE": 11.9618079156922,
    "DEU": 12.6297458061934,
    "DNK": 33.8083691497398,
    "DOM": 7.76255802905414,
    "DZA": 0.0114942370510881,
    "ECU": 2.78349967254591,
    "EGY": 3.17205037724532,
    "ERI": 76.7097488052359,
    "ESP": 7.65986488026002,
    "EST": 30.9847553063042,
    "ETH": 87.4630133154491,
    "FIN": 30.8731447969741,
    "FRA": 8.87545728219598,
    "GAB": 74.9282089425766,
    "GBR": 9.86735514562026,
    "GEO": 3.66654482663002,
    "GHA": 32.3949026543252,
    "GNQ": 4.82393256256165,
    "GRC": 6.7904634607287,
    "GTM": 59.4865484662562,
    "HND": 29.4914728916574,
    "HRV": 16.9686693533887,
    "HTI": 89.4209692746279,
    "HUN": 10.68693222146,
    "IDN": 11.0436086824311,
    "IND": 19.5479808181055,
    "IRL": 6.84422286364034,
    "IRN": 0.185810441399063,
    "IRQ": 0.0784264329096874,
    "ISL": 0.32810057012903,
    "ISR": 0.43431278013421,
    "ITA": 10.3527593580966,
    "JAM": 6.66546714047951,
    "JOR": 1.14239396815985,
    "JPN": 4.55827541335772,
    "KAZ": 0.0602135117704382,
    "KEN": 61.4514914172522,
    "KGZ": 0.0546264631072215,
    "KHM": 27.8400711453663,
    "KOR": 2.44711443888735,
    "KWT": 0.0313336767211122,
    "LAO": 26.3368719037509,
    "LBN": 7.89025844930417,
    "LBY": 3.23043746300441,
    "LKA": 40.266501941405,
    "LTU": 23.1040955631399,
    "LUX": 11.461950880698,
    "LVA": 39.1931586007053,
    "MAR": 5.58676065100145,
    "MDA": 17.1337789634603,
    "MDG": 85.9963583137585,
    "MEX": 4.48689313029975,
    "MKD": 7.83960351430503,
    "MMR": 49.7071024566884,
    "MNE": 13.9279359430605,
    "MNG": 2.27310703149878,
    "MOZ": 65.2371502049157,
    "MYS": 1.62696743782629,
    "NAM": 28.2955150001157,
    "NER": 72.2875535751695,
    "NGA": 44.980343499758,
    "NIC": 38.1505511950394,
    "NLD": 7.83472821337052,
    "NOR": 8.01986872889923,
    "NPL": 64.6385317766774,
    "NZL": 4.92582466187264,
    "PAK": 30.4978500907803,
    "PAN": 6.54797542145895,
    "PER": 12.7609262254266,
    "PHL": 17.1124357129342,
    "POL": 11.4312291958876,
    "PRK": 6.46389073597382,
    "PRT": 17.8424566153186,
    "PRY": 39.6187814645692,
    "QAT": 0.0112799061951996,
    "ROU": 13.3185947398252,
    "RUS": 1.333215017826,
    "RWA": 86.9352329937139,
    "SAU": 0.00335080510527873,
    "SDN": 71.3615625324491,
    "SEN": 36.5362616211504,
    "SLV": 9.09984257978343,
    "SRB": 10.7513788193333,
    "SSD": 25.6944654812033,
    "SUR": 2.08809427790474,
    "SVK": 10.0959003189954,
    "SVN": 11.4530865301963,
    "SWE": 30.3118008423849,
    "SWZ": 60.642848884264,
    "SYR": 0.0879601928987486,
    "TCD": 80.9044366354747,
    "TGO": 79.3811534734602,
    "THA": 18.7888309121095,
    "TKM": 0.0276041255361639,
    "TTO": 0.08625324480419,
    "TUN": 10.1529588548498,
    "TUR": 3.63081442996743,
    "TZA": 75.8368242944056,
    "UGA": 88.8863777447275,
    "UKR": 6.50695092906381,
    "URY": 46.6801965817068,
    "USA": 5.24082423705134,
    "UZB": 0.00394051551553956,
    "VEN": 0.946507431953534,
    "VNM": 9.10289154908339,
    "YEM": 2.34369498712943,
    "ZAF": 3.65097383991771,
    "ZMB": 75.1310187288352,
    "ZWE": 39.1532721099173
  },
  "stats": {
    "coverage": 139,
    "min": 0.00335080510527873,
    "max": 94.4265260151148,
    "median": 11.4119098816195,
    "quantileBreaks": [
      0.00335080510527873,
      1.956343752168039,
      5.389082700172814,
      9.100278146826282,
      13.395815793248971,
      30.418114698610843,
      59.81692001425843,
      94.4265260151148
    ]
  },
  "formatting": {
    "maximumFractionDigits": 1,
    "suffix": "%"
  },
  "source": {
    "provider": "World Bank",
    "dataset": "World Development Indicators",
    "attribution": "The World Bank",
    "sourceReference": "https://api.worldbank.org/v2/indicator/EG.USE.CRNW.ZS?format=json&per_page=1",
    "valuesReference": "https://api.worldbank.org/v2/country/all/indicator/EG.USE.CRNW.ZS?format=json&per_page=20000&page=1&date=2015%3A2025",
    "license": "Creative Commons Attribution 4.0 International unless specifically labeled otherwise by World Bank metadata",
    "licenseReference": "https://www.worldbank.org/en/about/legal/terms-of-use-for-datasets",
    "retrievedAt": "2026-07-02T22:50:24.153374+00:00",
    "checksum": "3727ef5b72065bc24752c9c0953fc61886e582b37077de4b5664c1261ea39898",
    "sourceOrganization": "IEA Energy Statistics Data Browser, International Energy Agency (IEA), uri: https://www.iea.org/data-and-statistics/data-tools/energy-statistics-data-browser, publisher: International Energy Agency (IEA), date accessed: 2025-03-25"
  },
  "reviewStatus": "approved",
  "contentVersion": "2026.07.02-exp4-content50",
  "editorial": {
    "shortHook": "A biomass-and-waste energy map.",
    "patternNote": "The darkest countries include Congo, Dem. Rep., Haiti, Uganda, while the lightest include Saudi Arabia, Uzbekistan, Qatar; that contrast is the fastest way to read the combustible renewables and waste pattern.",
    "whyItMatters": "Combustible renewables and waste reveal household biomass and traditional energy patterns that electricity maps can hide.",
    "bestProbeCountries": [
      {
        "iso3": "COD",
        "reason": "High anchor: this country sits near the darkest end of the map."
      },
      {
        "iso3": "SAU",
        "reason": "Low anchor: this country clarifies the lightest end of the scale."
      },
      {
        "iso3": "BOL",
        "reason": "Middle check: this country helps separate a true pattern from one-off outliers."
      }
    ],
    "commonConfusions": [
      {
        "confusedWithIndicatorCode": "EG.FEC.RNEW.ZS",
        "reason": "Renewable energy consumption can tempt players because it shares a strong country ranking with this map, but its unit and definition point to a different story."
      },
      {
        "confusedWithIndicatorCode": "IT.NET.USER.ZS",
        "reason": "Internet users overlaps with part of the visible pattern, but the full country spread does not match."
      },
      {
        "confusedWithIndicatorCode": "SH.STA.BASS.UR.ZS",
        "reason": "Urban basic sanitation overlaps with part of the visible pattern, but the full country spread does not match."
      }
    ],
    "difficultyReason": "Expert difficulty: the map can be mistaken for adjacent indicators unless players probe a high, low, and middle country.",