{
  "schemaVersion": "1.1.0",
  "id": "communicable-death-share",
  "providerCode": "SH.DTH.COMM.ZS",
  "title": "Cause of death, by communicable diseases and maternal, prenatal and nutrition conditions (% of total)",
  "shortTitle": "Communicable disease deaths",
  "category": "health",
  "difficulty": "expert",
  "definition": "Cause of death refers to the share of all deaths for all ages by underlying causes. Communicable diseases and maternal, prenatal and nutrition conditions include infectious and parasitic diseases, respiratory infections, and nutritional deficiencies such as underweight and stunting.",
  "unit": "percent of total deaths",
  "year": 2021,
  "valuesByIso3": {
    "AFG": 39.0689871038809,
    "AGO": 56.3877981579305,
    "ALB": 23.0113153060195,
    "ARE": 16.7977979227931,
    "ARG": 35.6150076708303,
    "ARM": 24.5668089361369,
    "AUS": 4.19491918738963,
    "AUT": 11.2961991917301,
    "AZE": 29.0790318256219,
    "BDI": 50.1772394199095,
    "BEL": 17.9027095201615,
    "BEN": 53.3641746528881,
    "BFA": 51.0468407771655,
    "BGD": 26.8830218589772,
    "BGR": 21.6361889832661,
    "BHS": 25.9072414655323,
    "BIH": 21.8985591170726,
    "BLR": 16.0087336125794,
    "BLZ": 27.2272979538845,
    "BOL": 44.9225247678234,
    "BRA": 34.0917360480192,
    "BRN": 14.4217640838851,
    "BTN": 18.432871086217,
    "BWA": 58.6480551924333,
    "CAF": 66.3064629911218,
    "CAN": 8.35712219298627,
    "CHE": 12.4234175232007,
    "CHL": 21.3441804893583,
    "CHN": 3.20078141070178,
    "CIV": 53.1517506391788,
    "CMR": 54.4879114226982,
    "COD": 55.9606093305437,
    "COG": 58.5927718778482,
    "COL": 32.6344677058304,
    "CRI": 24.4420343892099,
    "CUB": 34.609028272174,
    "CYP": 12.9749697376432,
    "CZE": 23.4625903529271,
    "DEU": 10.7098283576241,
    "DJI": 41.9400617797013,
    "DNK": 9.08109622802695,
    "DOM": 22.0801018556591,
    "DZA": 17.1101240822943,
    "ECU": 28.7761403105203,
    "EGY": 25.2617683266355,
    "ERI": 36.9870847749778,
    "ESP": 12.8383468831105,
    "EST": 12.9083851652427,
    "ETH": 48.0965952272532,
    "FIN": 2.5593416426267,
    "FJI": 22.4482861926604,
    "FRA": 14.6760864686264,
    "GAB": 54.6246335138714,
    "GBR": 16.9669591994466,
    "GEO": 28.1202799794566,
    "GHA": 43.1552099248308,
    "GIN": 56.9028351355668,
    "GMB": 50.2186084365271,
    "GNB": 59.1007960473842,
    "GNQ": 61.4029717586352,
    "GRC": 19.5190055225599,
    "GTM": 37.72005767879,
    "GUY": 44.0212404403866,
    "HND": 27.5530252321121,
    "HRV": 15.3474256509976,
    "HTI": 28.9884489530258,
    "HUN": 17.9199344539457,
    "IDN": 34.6746453992699,
    "IND": 38.3772760853965,
    "IRL": 14.7197719415142,
    "IRN": 29.5114587696068,
    "IRQ": 20.1292879399341,
    "ISL": 4.23865121597601,
    "ISR": 18.9543934106822,
    "ITA": 15.0386399993496,
    "JAM": 16.7021321055679,
    "JOR": 31.4973757486721,
    "JPN": 9.93938650138259,
    "KAZ": 26.9232635964623,
    "KEN": 50.3130401280648,
    "KGZ": 25.5941187869926,
    "KHM": 25.0603349379346,
    "KOR": 14.6502843445075,
    "KWT": 26.2463742340238,
    "LAO": 26.9542508152187,
    "LBN": 34.1915560254651,
    "LBR": 56.966153799608,
    "LBY": 21.8067022296878,
    "LKA": 15.4409421345278,
    "LSO": 54.1430545010029,
    "LTU": 17.2252827858079,
    "LUX": 14.9300306909036,
    "LVA": 14.7836435724912,
    "MAR": 16.9570013941432,
    "MDA": 23.8424276896184,
    "MDG": 50.4095981628583,
    "MEX": 38.8225067647249,
    "MKD": 27.6934961188423,
    "MLI": 60.5917266729566,
    "MMR": 27.7069820224386,
    "MNE": 27.1136687292723,
    "MNG": 15.1679238225138,
    "MOZ": 59.7180179757885,
    "MRT": 46.7606339343753,
    "MWI": 50.6865838407045,
    "MYS": 25.6366039704017,
    "NAM": 56.1460462498527,
    "NER": 65.7129880738569,
    "NGA": 63.6990725805446,
    "NIC": 43.3436047646145,
    "NLD": 16.4636672023695,
    "NOR": 7.60661051805043,
    "NPL": 31.2514492447766,
    "NZL": 4.5097035370186,
    "OMN": 33.4869678340134,
    "PAK": 37.2884010066938,
    "PAN": 25.9883931841153,
    "PER": 53.6037479813467,
    "PHL": 25.3819548971277,
    "PNG": 41.0641902547589,
    "POL": 23.7232016104786,
    "PRI": 12.4404948074915,
    "PRK": 12.5826148870732,
    "PRT": 15.4418579353871,
    "PRY": 44.7201375772114,
    "PSE": 25.3827261346327,
    "QAT": 17.9308283200372,
    "ROU": 24.2658484365664,
    "RUS": 26.8592327830652,
    "RWA": 38.8622192189252,
    "SAU": 16.4575171487141,
    "SDN": 44.3510951326437,
    "SEN": 38.9527096203519,
    "SLB": 23.5443171168608,
    "SLE": 57.5733340383013,
    "SLV": 21.6153292971656,
    "SOM": 63.831242432314,
    "SRB": 25.8063958611152,
    "SSD": 60.3993933365399,
    "SUR": 37.0205715142,
    "SVK": 29.6028746402367,
    "SVN": 17.2767347082503,
    "SWE": 10.6966103600529,
    "SWZ": 51.6066489893383,
    "SYR": 13.2405080406812,
    "TCD": 66.4171571154452,
    "TGO": 45.4491044957771,
    "THA": 19.1661750965864,
    "TJK": 31.3697650673612,
    "TKM": 26.3009918401409,
    "TLS": 39.4443671784023,
    "TTO": 21.0839050206395,
    "TUN": 30.244995857669,
    "TUR": 22.3002668912949,
    "TZA": 51.4041283732417,
    "UGA": 50.7628984911493,
    "UKR": 18.2699372441341,
    "URY": 21.9827008086223,
    "USA": 16.5488949256361,
    "UZB": 12.3573005150847,
    "VEN": 15.9556512098989,
    "VNM": 12.3957127597065,
    "VUT": 17.6330316701379,
    "YEM": 34.4772647985882,
    "ZAF": 46.4122381101993,
    "ZMB": 58.8379642951577,
    "ZWE": 49.3668994897261
  },
  "stats": {
    "coverage": 167,
    "min": 2.5593416426267,
    "max": 66.4171571154452,
    "median": 26.8592327830652,
    "quantileBreaks": [
      2.5593416426267,
      14.70729037783197,
      18.076160716078725,
      24.637312650679426,
      29.06609141525103,
      39.28349000360741,
      53.21244321452431,
      66.4171571154452
    ]
  },
  "formatting": {
    "maximumFractionDigits": 1,
    "suffix": "%"
  },
  "source": {
    "provider": "World Bank",
    "dataset": "World Development Indicators",
    "attribution": "The World Bank",
    "sourceReference": "https://api.worldbank.org/v2/indicator/SH.DTH.COMM.ZS?format=json&per_page=1",
    "valuesReference": "https://api.worldbank.org/v2/country/all/indicator/SH.DTH.COMM.ZS?format=json&per_page=20000&page=1&date=2015%3A2025",
    "license": "Creative Commons Attribution 4.0 International unless specifically labeled otherwise by World Bank metadata",
    "licenseReference": "https://www.worldbank.org/en/about/legal/terms-of-use-for-datasets",
    "retrievedAt": "2026-07-02T22:23:06.307673+00:00",
    "checksum": "1cde05ce08d4a667b5c00f960f89b23790478fa17059496a2c66a5e47127dd05",
    "sourceOrganization": "Global Health Estimates, World Health Organization (WHO), uri: https://www.who.int/data/gho/data/themes/mortality-and-global-health-estimates/ghe-leading-causes-of-death, note: Derived based on the data from Global Health Estimates  Deaths by Cause, Age, Sex, by Country and by Region, 2000-2021"
  },
  "reviewStatus": "approved",
  "contentVersion": "2026.07.02-exp4-content50",
  "editorial": {
    "shortHook": "A candidate map for communicable disease deaths.",
    "patternNote": "The darkest countries include Chad, Central African Republic, Niger, while the lightest include Finland, China, Australia; that contrast is the fastest way to read the communicable disease deaths pattern.",
    "whyItMatters": "Communicable disease deaths may add useful WORLDPRINT variety once source coverage, unit clarity, map interest, and distractor ambiguity are reviewed.",
    "bestProbeCountries": [
      {
        "iso3": "TCD",
        "reason": "High anchor: this country sits near the darkest end of the map."
      },
      {
        "iso3": "FIN",
        "reason": "Low anchor: this country clarifies the lightest end of the scale."
      },
      {
        "iso3": "RUS",