{
  "schemaVersion": "1.1.0",
  "id": "communications-service-exports",
  "providerCode": "BX.GSR.CMCP.ZS",
  "title": "Communications, computer, etc. (% of service exports, BoP)",
  "shortTitle": "Communications service exports",
  "category": "connectivity",
  "difficulty": "expert",
  "definition": "Communications, computer, information, and other services cover international telecommunications; computer data; news-related service transactions between residents and nonresidents; construction services; royalties and license fees; miscellaneous business, professional, and technical services; personal, cultural, and recreational services; manufacturing services on physical inputs owned by others; and maintenance and repair services and government services not included elsewhere. This indicator is expressed as a percentage of service exports which are services provided by residents to non-residents.",
  "unit": "percent of service exports",
  "year": 2024,
  "valuesByIso3": {
    "AGO": 38.11681550697,
    "ALB": 14.47300904115,
    "ARE": 9.43084547229314,
    "ARG": 34.6988012868741,
    "ARM": 25.0168105127944,
    "AUS": 19.1146678073157,
    "AUT": 36.2427126889985,
    "AZE": 33.1403780305063,
    "BDI": 58.7856717402777,
    "BEL": 35.3456641687657,
    "BFA": 46.8945624546023,
    "BGD": 63.7014531213141,
    "BGR": 40.9033752809434,
    "BHS": 1.79100117864825,
    "BIH": 29.4378063117775,
    "BLZ": 22.803957885804,
    "BOL": 7.50695021281469,
    "BRA": 45.30068474008,
    "BRN": 13.2453288966632,
    "BTN": 11.5412191397404,
    "BWA": 19.2274661888259,
    "CAN": 31.7944597322953,
    "CHE": 46.3382748436845,
    "CHL": 10.8801176974992,
    "CHN": 29.6413273180875,
    "CIV": 21.8146453493028,
    "CMR": 37.0605299244671,
    "COD": 6.14085027242682,
    "COL": 28.3299511627993,
    "CRI": 24.8670463647167,
    "CYP": 39.7708759128976,
    "CZE": 38.7361422702253,
    "DEU": 41.8347334449523,
    "DJI": 35.0705997386719,
    "DNK": 27.6229862638238,
    "DOM": 11.4620416442608,
    "DZA": 47.4949991370802,
    "ECU": 9.9707443554422,
    "EGY": 11.7743761116801,
    "ESP": 25.4515756143236,
    "EST": 55.2746550486435,
    "ETH": 7.44360540146247,
    "FIN": 65.5361148227518,
    "FJI": 7.84928361815998,
    "FRA": 36.4455103119081,
    "GBR": 20.4325887834038,
    "GEO": 14.953177052761,
    "GHA": 39.3305925442226,
    "GIN": 77.0786516853933,
    "GMB": 0.305249223942141,
    "GNB": 33.9589529015816,
    "GRC": 9.18320399911029,
    "GTM": 41.9140045147327,
    "HND": 72.4649537617381,
    "HRV": 18.4385501146613,
    "HTI": 12.1118948171239,
    "HUN": 39.5567495690667,
    "IDN": 15.9966869108034,
    "IND": 55.789503464286,
    "IRL": 76.4332775641815,
    "IRQ": 11.4852086660853,
    "ISL": 17.1776571602917,
    "ISR": 69.7326876791105,
    "ITA": 31.1218850769972,
    "JAM": 12.1366504318098,
    "JOR": 1.65012074054199,
    "JPN": 44.9858549202548,
    "KAZ": 19.4372787672031,
    "KEN": 18.7798099219074,
    "KGZ": 42.2990211165843,
    "KHM": 12.7243888389632,
    "KOR": 47.9759775828323,
    "KWT": 49.5028281485003,
    "LAO": 3.55582044872675,
    "LBR": 57.8747699305079,
    "LKA": 23.0882392586417,
    "LSO": 36.1583297603954,
    "LTU": 29.3068731684322,
    "LUX": 13.0588780553643,
    "LVA": 38.953786188816,
    "MAR": 38.6311206248553,
    "MDA": 43.7289881696563,
    "MDG": 29.2770684556476,
    "MEX": 7.5309003019816,
    "MKD": 40.4663694426068,
    "MLI": 49.3594514055019,
    "MNE": 11.7492752728769,
    "MNG": 12.3259482684336,
    "MOZ": 1.95509156135872,
    "MRT": 61.8761152688222,
    "MWI": 74.8736237072321,
    "MYS": 33.3967128977413,
    "NAM": 23.7076212870219,
    "NER": 44.3243405233857,
    "NGA": 16.9479291633721,
    "NIC": 52.3464075079831,
    "NLD": 62.081508141169,
    "NOR": 34.3007113534843,
    "NPL": 45.6389638341697,
    "NZL": 20.8926135981947,
    "OMN": 9.19443574323088,
    "PAK": 73.6543079844941,
    "PAN": 5.91283921588548,
    "PER": 5.69618779854602,
    "PHL": 74.5589932879556,
    "PNG": 87.5981817241641,
    "POL": 39.9854586035187,
    "PRT": 26.0025818340757,
    "PRY": 55.5664683469753,
    "PSE": 72.6814042973033,
    "QAT": 6.83256394147159,
    "ROU": 49.5620082305743,
    "RUS": 34.3806537195014,
    "RWA": 24.5526033749672,
    "SAU": 12.7730445296149,
    "SLB": 22.9518198944213,
    "SLE": 3.92982622643044,
    "SLV": 27.1870153014298,
    "SRB": 45.2651644645633,
    "SUR": 57.5502661813429,
    "SVK": 38.029530363793,
    "SVN": 27.4294133341692,
    "SWE": 57.93730886605,
    "SWZ": 20.1914443442912,
    "THA": 28.8754457322584,
    "TJK": 17.4838338790111,
    "TLS": 17.9808755271216,
    "TTO": 9.14886481282145,
    "TUN": 52.1145361337888,
    "TUR": 12.4832535476879,
    "TZA": 7.60256861143484,
    "UGA": 22.6373274831061,
    "UKR": 60.4355612038588,
    "URY": 26.2578305138986,
    "USA": 34.9859075755565,
    "UZB": 14.2132926335798,
    "ZAF": 39.2688084014003,
    "ZMB": 18.5219703606726,
    "ZWE": 8.26144277624577
  },
  "stats": {
    "coverage": 139,
    "min": 0.305249223942141,
    "max": 87.5981817241641,
    "median": 29.2770684556476,
    "quantileBreaks": [
      0.305249223942141,
      9.816487531685324,
      17.046384019194782,
      24.88844124301351,
      34.36923338149896,
      40.716087064513424,
      55.3580302767383,
      87.5981817241641
    ]
  },
  "formatting": {
    "maximumFractionDigits": 1,
    "suffix": "%"
  },
  "source": {
    "provider": "World Bank",
    "dataset": "World Development Indicators",
    "attribution": "The World Bank",
    "sourceReference": "https://api.worldbank.org/v2/indicator/BX.GSR.CMCP.ZS?format=json&per_page=1",
    "valuesReference": "https://api.worldbank.org/v2/country/all/indicator/BX.GSR.CMCP.ZS?format=json&per_page=20000&page=1&date=2015%3A2025",
    "license": "Creative Commons Attribution 4.0 International unless specifically labeled otherwise by World Bank metadata",
    "licenseReference": "https://www.worldbank.org/en/about/legal/terms-of-use-for-datasets",
    "retrievedAt": "2026-07-02T22:47:55.959139+00:00",
    "checksum": "9cb4218bbf04173b0401a9aad0a9f46ce37576a949a419fb98b815b124abe664",
    "sourceOrganization": "Balance of Payments Statistics Yearbook and data files, International Monetary Fund (IMF)"
  },
  "reviewStatus": "approved",
  "contentVersion": "2026.07.02-exp4-content50",
  "editorial": {
    "shortHook": "A digital-and-communications export map.",
    "patternNote": "The darkest countries include Papua New Guinea, Guinea, Ireland, while the lightest include Gambia, The, Jordan, Bahamas, The; that contrast is the fastest way to read the communications service exports pattern.",
    "whyItMatters": "Communications and computer service exports can highlight digital-service economies without using raw export totals.",
    "bestProbeCountries": [
      {
        "iso3": "PNG",
        "reason": "High anchor: this country sits near the darkest end of the map."
      },
      {
        "iso3": "GMB",
        "reason": "Low anchor: this country clarifies the lightest end of the scale."
      },
      {
        "iso3": "MDG",
        "reason": "Middle check: this country helps separate a true pattern from one-off outliers."
      }
    ],
    "commonConfusions": [
      {
        "confusedWithIndicatorCode": "BX.GSR.TRVL.ZS",
        "reason": "Travel service exports can tempt players because it shares a strong country ranking with this map, but its unit and definition point to a different story."
      },
      {
        "confusedWithIndicatorCode": "BX.GSR.CCIS.ZS",
        "reason": "ICT service exports lives in the same category, so it can feel plausible until the high and low countries are checked."
      },
      {
        "confusedWithIndicatorCode": "ST.INT.RCPT.XP.ZS",
        "reason": "Tourism receipts overlaps with part of the visible pattern, but the full country spread does not match."
      }
    ],