{
  "schemaVersion": "1.1.0",
  "id": "communications-service-imports",
  "providerCode": "BM.GSR.CMCP.ZS",
  "title": "Communications, computer, etc. (% of service imports, BoP)",
  "shortTitle": "Communications service imports",
  "category": "connectivity",
  "difficulty": "expert",
  "definition": "Communications, computer, information, and other services cover international telecommunications; computer data; news-related service transactions between residents and nonresidents; construction services; royalties and license fees; miscellaneous business, professional, and technical services; personal, cultural, and recreational services; manufacturing services on physical inputs owned by others; and maintenance and repair services and government services not included elsewhere. This indicator is expressed as a percentage of service imports which are services provided by non-residents to residents.",
  "unit": "percent of service imports",
  "year": 2024,
  "valuesByIso3": {
    "AGO": 12.2523923037767,
    "ALB": 10.0086511110478,
    "ARE": 15.8496732026144,
    "ARG": 40.7903372200823,
    "ARM": 9.91961369592975,
    "AUS": 38.5361207071122,
    "AUT": 51.0423742847202,
    "AZE": 37.0640414545263,
    "BDI": 12.7514681579478,
    "BEL": 53.6189726804708,
    "BGD": 19.9997062367689,
    "BGR": 38.8349060282305,
    "BHS": 50.4224867888198,
    "BIH": 12.380496290849,
    "BLZ": 28.9314074439064,
    "BOL": 27.5445695097306,
    "BRA": 54.5327212630498,
    "BRN": 44.1092502599018,
    "BTN": 8.36034723965364,
    "BWA": 49.6343153244577,
    "CAN": 48.14131317833,
    "CHE": 70.8357501797587,
    "CHL": 37.7048776854193,
    "CHN": 27.292380538106,
    "CIV": 48.7202015576263,
    "CMR": 40.7294782639903,
    "COD": 20.9055679908541,
    "COL": 33.6773002317812,
    "CRI": 42.7761499217499,
    "CYP": 54.8799796097304,
    "CZE": 47.5613727704332,
    "DEU": 50.1700336680468,
    "DJI": 7.11638613190003,
    "DNK": 44.659668357403,
    "DOM": 25.6703227333702,
    "DZA": 42.6393182469306,
    "ECU": 28.9617526708557,
    "EGY": 26.7025285148976,
    "ESP": 48.0058629100831,
    "EST": 54.9848400686662,
    "ETH": 16.4498576745709,
    "FIN": 64.7597105699043,
    "FJI": 15.2834098384263,
    "FRA": 53.4755269713789,
    "GBR": 54.0379178831039,
    "GEO": 19.6067463171803,
    "GHA": 57.1807952383541,
    "GIN": 64.7937503774119,
    "GMB": -1.44607384495201,
    "GNB": 12.0909042753056,
    "GRC": 18.0485492431044,
    "GTM": 19.4810877266459,
    "HND": 23.4607751711632,
    "HRV": 47.0143014859375,
    "HTI": 16.8901814783754,
    "HUN": 51.4409657444951,
    "IDN": 41.4083831785453,
    "IND": 60.4944021883195,
    "IRL": 84.2902047664652,
    "IRQ": 13.194853500824,
    "ISL": 43.0932766805914,
    "ISR": 61.9065193419898,
    "ITA": 46.4353678955321,
    "JAM": 38.0676098858214,
    "JOR": 6.11294097252319,
    "JPN": 63.7114152693254,
    "KAZ": 32.6633296836274,
    "KEN": 27.1879940894593,
    "KHM": 12.2273443323224,
    "KOR": 56.1471203015938,
    "KWT": 13.5942256222542,
    "LAO": 1.64215981408515,
    "LBR": 25.2360225099582,
    "LKA": 41.8441656182692,
    "LSO": 11.2329551693679,
    "LTU": 35.0611089934637,
    "LUX": 33.3633154232836,
    "LVA": 46.9677099068562,
    "MAR": 32.6846169194307,
    "MDA": 23.4459693511281,
    "MDG": 28.1454427636837,
    "MEX": 32.0142922604932,
    "MKD": 50.1285940561761,
    "MLI": 11.711928229731,
    "MNE": 38.521919382082,
    "MNG": 25.4411586433099,
    "MOZ": 46.8344408174191,
    "MRT": 45.1250056005594,
    "MWI": 37.5366832319697,
    "MYS": 42.6062462891842,
    "NAM": 79.8287212450294,
    "NER": 20.8852850634405,
    "NGA": 30.5537151632081,
    "NIC": 11.5084226646248,
    "NLD": 62.8760956680641,
    "NOR": 48.1145167940376,
    "NPL": 9.78664879386788,
    "NZL": 43.190448006061,
    "OMN": 18.4115183421101,
    "PAK": 27.0361335290498,
    "PAN": 14.0492593691667,
    "PER": 33.7571430979337,
    "PHL": 33.7258278912694,
    "PNG": 72.6319864519377,
    "POL": 56.4755356785261,
    "PRT": 45.1760991535191,
    "PRY": 23.5371703068369,
    "PSE": 36.7655377523876,
    "QAT": 26.1271205274465,
    "ROU": 47.6793114652986,
    "RUS": 20.6087763402098,
    "RWA": 7.86603715778692,
    "SAU": 31.9421040846489,
    "SLB": 55.0830969210464,
    "SLE": -0.414644487991137,
    "SLV": 16.5522648405443,
    "SRB": 40.0408504047445,
    "SUR": 58.6083511659792,
    "SVK": 43.3255728651431,
    "SVN": 43.628416749299,
    "SWE": 70.597743103987,
    "SWZ": 77.238199657441,
    "THA": 39.813041079027,
    "TJK": -2.27247017341398,
    "TLS": 26.6522997616146,
    "TTO": 37.1109028546205,
    "TUN": 14.4573065075348,
    "TUR": 38.4879971336439,
    "TZA": 21.2108613377101,
    "UGA": 26.3130490541309,
    "UKR": 25.6159341848885,
    "URY": 43.4513033305154,
    "USA": 40.921177813719,
    "UZB": 9.07527230397029,
    "ZAF": 43.9859711987293,
    "ZMB": 37.4339846823295,
    "ZWE": 39.8661331607619
  },
  "stats": {
    "coverage": 137,
    "min": -2.27247017341398,
    "max": 84.2902047664652,
    "median": 37.1109028546205,
    "quantileBreaks": [
      -2.27247017341398,
      12.941490447751885,
      23.45866005401533,
      32.19973152424583,
      39.850963994551925,
      45.35599468809238,
      54.32066267164441,
      84.2902047664652
    ]
  },
  "formatting": {
    "maximumFractionDigits": 1,
    "suffix": "%"
  },
  "source": {
    "provider": "World Bank",
    "dataset": "World Development Indicators",
    "attribution": "The World Bank",
    "sourceReference": "https://api.worldbank.org/v2/indicator/BM.GSR.CMCP.ZS?format=json&per_page=1",
    "valuesReference": "https://api.worldbank.org/v2/country/all/indicator/BM.GSR.CMCP.ZS?format=json&per_page=20000&page=1&date=2015%3A2025",
    "license": "Creative Commons Attribution 4.0 International unless specifically labeled otherwise by World Bank metadata",
    "licenseReference": "https://www.worldbank.org/en/about/legal/terms-of-use-for-datasets",
    "retrievedAt": "2026-06-27T17:15:58.328492+00:00",
    "checksum": "0f34023d50f5b6d80dda3db9d20520b3804564f1f3c5aa106794d622b456d7fa",
    "sourceOrganization": "Balance of Payments Statistics Yearbook and data files, International Monetary Fund (IMF)"
  },
  "reviewStatus": "approved",
  "contentVersion": "2026.06.22-exp2-qa1",
  "editorial": {
    "shortHook": "A digital-service import map.",
    "patternNote": "The darkest countries include Ireland, Namibia, Eswatini, while the lightest include Tajikistan, Gambia, The, Sierra Leone; that contrast is the fastest way to read the communications service imports pattern.",
    "whyItMatters": "Communications and computer service imports add a different connectivity signal than internet access.",
    "bestProbeCountries": [
      {
        "iso3": "IRL",
        "reason": "High anchor: this country sits near the darkest end of the map."
      },
      {
        "iso3": "TJK",
        "reason": "Low anchor: this country clarifies the lightest end of the scale."
      },
      {
        "iso3": "TTO",
        "reason": "Middle check: this country helps separate a true pattern from one-off outliers."
      }
    ],
    "commonConfusions": [
      {
        "confusedWithIndicatorCode": "BM.GSR.TRAN.ZS",
        "reason": "Transport service imports lives in the same category, so it can feel plausible until the high and low countries are checked."
      },
      {
        "confusedWithIndicatorCode": "FX.OWN.TOTL.ZS",
        "reason": "Account ownership overlaps with part of the visible pattern, but the full country spread does not match."
      },
      {
        "confusedWithIndicatorCode": "LP.LPI.TRAC.XQ",
        "reason": "Logistics tracking score lives in the same category, so it can feel plausible until the high and low countries are checked."
      }
    ],
    "difficultyReason": "Expert difficulty: the map can be mistaken for adjacent indicators unless players probe a high, low, and middle country.",