{
  "schemaVersion": "1.1.0",
  "id": "communications-service-imports",
  "providerCode": "BM.GSR.CMCP.ZS",
  "title": "Communications, computer, etc. (% of service imports, BoP)",
  "shortTitle": "Communications service imports",
  "category": "connectivity",
  "difficulty": "expert",
  "definition": "Communications, computer, information, and other services cover international telecommunications; computer data; news-related service transactions between residents and nonresidents; construction services; royalties and license fees; miscellaneous business, professional, and technical services; personal, cultural, and recreational services; manufacturing services on physical inputs owned by others; and maintenance and repair services and government services not included elsewhere. This indicator is expressed as a percentage of service imports which are services provided by non-residents to residents.",
  "unit": "percent of service imports",
  "year": 2024,
  "valuesByIso3": {
    "AGO": 12.2523923037767,
    "ALB": 10.0086511110478,
    "ARE": 15.8496732026144,
    "ARG": 40.7903372200824,
    "ARM": 9.91961369592978,
    "AUS": 38.4318062972993,
    "AUT": 51.0423742847202,
    "AZE": 37.0640414545263,
    "BDI": 12.7493128711009,
    "BEL": 53.6189726804706,
    "BFA": 17.2806775641477,
    "BGD": 19.9997062367688,
    "BGR": 38.8349060282305,
    "BHS": 50.4224867888197,
    "BIH": 12.380496290849,
    "BLZ": 28.6114663059089,
    "BOL": 27.5445695097307,
    "BRA": 54.4229269100601,
    "BRN": 44.1092502599018,
    "BTN": 8.36034723965364,
    "BWA": 49.6343153244575,
    "CAN": 48.1413131783299,
    "CHE": 70.8357501797585,
    "CHL": 38.0588073040429,
    "CHN": 36.2070567170367,
    "CIV": 48.7202015576264,
    "CMR": 40.7294782639903,
    "COD": 20.9055679908542,
    "COL": 33.6773002317812,
    "CRI": 42.7761502508571,
    "CYP": 54.8799796097304,
    "CZE": 47.7279074267796,
    "DEU": 49.5685404320289,
    "DJI": 7.11638613190003,
    "DNK": 44.659668357403,
    "DOM": 25.6703227333702,
    "DZA": 42.6393182469307,
    "ECU": 29.2361631919215,
    "EGY": 26.7025285148976,
    "ESP": 48.0058629100833,
    "EST": 54.9848400686659,
    "ETH": 16.4498576745709,
    "FIN": 64.7597105699043,
    "FJI": 15.2834098384263,
    "FRA": 53.4755269713791,
    "GBR": 54.0651057219874,
    "GEO": 19.6067463171803,
    "GHA": 57.1807952383542,
    "GIN": 64.7937503774119,
    "GMB": -1.44607384495202,
    "GNB": 12.0909042753056,
    "GRC": 18.0485492431044,
    "GTM": 19.4810877266459,
    "HND": 24.4117250891117,
    "HRV": 47.0143014859375,
    "HTI": 16.8901814783754,
    "HUN": 51.8408018765601,
    "IDN": 41.4083831785454,
    "IND": 60.4944021883193,
    "IRL": 84.2902047664653,
    "IRQ": 13.194853500824,
    "ISL": 43.0938174805348,
    "ISR": 61.9065193419898,
    "ITA": 46.7770803367816,
    "JAM": 38.0676098858214,
    "JOR": 6.11294097252319,
    "JPN": 64.2313460015098,
    "KAZ": 32.7428078572126,
    "KEN": 27.1879940894594,
    "KGZ": 32.5879602960593,
    "KHM": 12.2273443323224,
    "KOR": 56.1471203015938,
    "KWT": 13.5942256222542,
    "LAO": 1.64215981408514,
    "LBR": 25.2360225099582,
    "LKA": 41.8441656182692,
    "LSO": 11.2329551693679,
    "LTU": 35.0611089934637,
    "LUX": 33.3932381888197,
    "LVA": 46.9677099068563,
    "MAR": 32.7578864241165,
    "MDA": 23.4459693511281,
    "MDG": 28.1454427636836,
    "MEX": 32.0142922604932,
    "MKD": 50.1285940561759,
    "MLI": 11.7119282297309,
    "MNE": 38.521919382082,
    "MNG": 25.4411586433101,
    "MOZ": 46.8344408174191,
    "MRT": 45.1250056005592,
    "MWI": 37.5366832319697,
    "MYS": 42.6062462891843,
    "NAM": 79.8287212450297,
    "NER": 20.8852850634406,
    "NGA": 30.553715163208,
    "NIC": 11.5084226646248,
    "NLD": 62.8760956680641,
    "NOR": 48.1145167940376,
    "NPL": 9.78664879386791,
    "NZL": 43.190448006061,
    "OMN": 18.41151834211,
    "PAK": 26.7089179437968,
    "PAN": 14.2365391269291,
    "PER": 34.0415999410858,
    "PHL": 33.7258278912693,
    "PNG": 72.6319864519378,
    "POL": 56.4755356785261,
    "PRT": 45.176099153519,
    "PRY": 23.537170306837,
    "PSE": 36.7655377523876,
    "QAT": 26.1271205274465,
    "ROU": 47.6793114652986,
    "RUS": 20.6111098765903,
    "RWA": 7.86603715778694,
    "SAU": 31.942104084649,
    "SLB": 55.0830969210463,
    "SLE": -0.414644487991137,
    "SLV": 20.9360547329193,
    "SRB": 40.0408504047443,
    "SUR": 33.2960046334227,
    "SVK": 43.3255728651429,
    "SVN": 43.628416749299,
    "SWE": 71.6761006911921,
    "SWZ": 77.2381996574412,
    "THA": 39.813041079027,
    "TJK": -2.27247017341398,
    "TLS": 26.6522997616145,
    "TTO": 37.1109028546204,
    "TUN": 14.4573065075348,
    "TUR": 38.4879971336439,
    "TZA": 21.2108613377101,
    "UGA": 26.3130490541309,
    "UKR": 25.6159341848885,
    "URY": 43.4472786307145,
    "USA": 40.921177813719,
    "UZB": 9.07527230397029,
    "ZAF": 43.9859711987293,
    "ZMB": 37.4339846823294,
    "ZWE": 39.8661331607618
  },
  "stats": {
    "coverage": 139,
    "min": -2.27247017341398,
    "max": 84.2902047664653,
    "median": 36.7655377523876,
    "quantileBreaks": [
      -2.27247017341398,
      13.067556178045969,
      23.485055475003342,
      32.61008137622406,
      38.79019365020928,
      44.925575353492256,
      53.746439263761104,
      84.2902047664653
    ]
  },
  "formatting": {
    "maximumFractionDigits": 1,
    "suffix": "%"
  },
  "source": {
    "provider": "World Bank",
    "dataset": "World Development Indicators",
    "attribution": "The World Bank",
    "sourceReference": "https://api.worldbank.org/v2/indicator/BM.GSR.CMCP.ZS?format=json&per_page=1",
    "valuesReference": "https://api.worldbank.org/v2/country/all/indicator/BM.GSR.CMCP.ZS?format=json&per_page=20000&page=1&date=2015%3A2025",
    "license": "Creative Commons Attribution 4.0 International unless specifically labeled otherwise by World Bank metadata",
    "licenseReference": "https://www.worldbank.org/en/about/legal/terms-of-use-for-datasets",
    "retrievedAt": "2026-07-02T22:47:57.700589+00:00",
    "checksum": "ad8f3c4ebcc5001d77746156edfe66e19d2317ab73812341f6cceae1cac9bae9",
    "sourceOrganization": "Balance of Payments Statistics Yearbook and data files, International Monetary Fund (IMF)"
  },
  "reviewStatus": "approved",
  "contentVersion": "2026.07.02-exp4-content50",
  "editorial": {
    "shortHook": "A digital-service import map.",
    "patternNote": "The darkest countries include Ireland, Namibia, Eswatini, while the lightest include Tajikistan, Gambia, The, Sierra Leone; that contrast is the fastest way to read the communications service imports pattern.",
    "whyItMatters": "Communications and computer service imports add a different connectivity signal than internet access.",
    "bestProbeCountries": [
      {
        "iso3": "IRL",
        "reason": "High anchor: this country sits near the darkest end of the map."
      },
      {
        "iso3": "TJK",
        "reason": "Low anchor: this country clarifies the lightest end of the scale."
      },
      {
        "iso3": "PSE",
        "reason": "Middle check: this country helps separate a true pattern from one-off outliers."
      }
    ],
    "commonConfusions": [
      {
        "confusedWithIndicatorCode": "BM.GSR.TRAN.ZS",
        "reason": "Transport service imports lives in the same category, so it can feel plausible until the high and low countries are checked."
      },
      {
        "confusedWithIndicatorCode": "FX.OWN.TOTL.ZS",
        "reason": "Account ownership overlaps with part of the visible pattern, but the full country spread does not match."
      },
      {
        "confusedWithIndicatorCode": "FX.OWN.TOTL.40.ZS",
        "reason": "Account ownership, poorest 40% overlaps with part of the visible pattern, but the full country spread does not match."
      }
    ],