{
  "schemaVersion": "1.1.0",
  "id": "communications-service-exports",
  "providerCode": "BX.GSR.CMCP.ZS",
  "title": "Communications, computer, etc. (% of service exports, BoP)",
  "shortTitle": "Communications service exports",
  "category": "connectivity",
  "difficulty": "expert",
  "definition": "Communications, computer, information, and other services cover international telecommunications; computer data; news-related service transactions between residents and nonresidents; construction services; royalties and license fees; miscellaneous business, professional, and technical services; personal, cultural, and recreational services; manufacturing services on physical inputs owned by others; and maintenance and repair services and government services not included elsewhere. This indicator is expressed as a percentage of service exports which are services provided by residents to non-residents.",
  "unit": "percent of service exports",
  "year": 2024,
  "valuesByIso3": {
    "AGO": 38.11681550697,
    "ALB": 14.47300904115,
    "ARE": 9.43084547229315,
    "ARG": 34.6988012868742,
    "ARM": 25.0168105127942,
    "AUS": 19.2160382120778,
    "AUT": 36.2427126889984,
    "AZE": 33.1403780305063,
    "BDI": 58.7856717402778,
    "BEL": 35.3456641687657,
    "BGD": 63.7014531213141,
    "BGR": 40.9033752809434,
    "BHS": 1.79100117864825,
    "BIH": 29.4378063117775,
    "BLZ": 21.8424345700701,
    "BOL": 7.50695021281472,
    "BRA": 46.3036084952029,
    "BRN": 13.2453288966632,
    "BTN": 11.5412191397404,
    "BWA": 19.2274661888259,
    "CAN": 31.7944597322952,
    "CHE": 46.3382748436844,
    "CHL": 10.6763991319466,
    "CHN": 26.6671380492071,
    "CIV": 21.8146453493028,
    "CMR": 37.0605299244671,
    "COD": 6.14085027242683,
    "COL": 28.3299511627994,
    "CRI": 24.6247199349861,
    "CYP": 39.7708759128976,
    "CZE": 39.3283139217778,
    "DEU": 41.8498750516012,
    "DJI": 35.0705997386721,
    "DNK": 27.622986263824,
    "DOM": 11.4620416442608,
    "DZA": 47.4949991370802,
    "ECU": 9.77698181986354,
    "EGY": 11.7743761116801,
    "ESP": 25.4515756143236,
    "EST": 55.2746550486436,
    "ETH": 7.44360540146245,
    "FIN": 65.5361148227519,
    "FJI": 7.84928361815999,
    "FRA": 36.445510311908,
    "GBR": 20.4320793951239,
    "GEO": 14.953177052761,
    "GHA": 39.3305925442225,
    "GIN": 77.0786516853933,
    "GMB": 0.305249223942141,
    "GNB": 33.9589529015815,
    "GRC": 9.18320399911027,
    "GTM": 41.9140045147327,
    "HND": 73.1016177711202,
    "HRV": 18.4385501146614,
    "HTI": 12.1118948171239,
    "HUN": 38.2745757516267,
    "IDN": 15.9966869108034,
    "IND": 55.7895034642859,
    "IRL": 76.4332775641815,
    "IRQ": 11.4852086660853,
    "ISL": 17.1790036122316,
    "ISR": 69.7326876791105,
    "ITA": 31.3487775164161,
    "JAM": 12.1366504318098,
    "JOR": 1.65012074054199,
    "JPN": 44.6716334694818,
    "KAZ": 18.2907492378207,
    "KEN": 18.7798099219074,
    "KHM": 12.7243888389632,
    "KOR": 47.9759775828323,
    "KWT": 49.5028281485005,
    "LAO": 3.55582044872675,
    "LBR": 57.8747699305079,
    "LKA": 23.0882392586416,
    "LSO": 36.1583297603955,
    "LTU": 29.3068731684322,
    "LUX": 13.0582193486939,
    "LVA": 38.9537861888159,
    "MAR": 38.4375707127712,
    "MDA": 43.7289881696563,
    "MDG": 29.2770684556477,
    "MEX": 7.5309003019816,
    "MKD": 40.4663694426069,
    "MLI": 49.3594514055019,
    "MNE": 11.7492752728769,
    "MNG": 12.3259482684336,
    "MOZ": 1.95509156135872,
    "MRT": 61.8761152688222,
    "MWI": 74.8736237072321,
    "MYS": 33.3967128977413,
    "NAM": 23.7076212870221,
    "NER": 44.3243405233857,
    "NGA": 16.9479291633721,
    "NIC": 52.3464075079831,
    "NLD": 62.0815081411691,
    "NOR": 34.3007113534843,
    "NPL": 45.6389638341696,
    "NZL": 20.8926135981948,
    "OMN": 9.19443574323086,
    "PAK": 74.0207375926685,
    "PAN": 5.28663948587772,
    "PER": 5.59097716305621,
    "PHL": 74.5589932879556,
    "PNG": 87.598181724164,
    "POL": 39.9854586035187,
    "PRT": 26.0025818340757,
    "PRY": 54.5194311854819,
    "PSE": 72.6814042973033,
    "QAT": 6.8325639414716,
    "ROU": 49.5620082305742,
    "RUS": 34.3807088901261,
    "RWA": 24.5526033749674,
    "SAU": 12.7730445296149,
    "SLB": 22.9518198944213,
    "SLE": 3.92982622643044,
    "SLV": 27.7990116072174,
    "SRB": 45.2651644645635,
    "SUR": 57.550266181343,
    "SVK": 38.029530363793,
    "SVN": 27.4294133341693,
    "SWE": 57.0003225283441,
    "SWZ": 20.1914443442912,
    "THA": 28.8754457322584,
    "TJK": 17.4838338790111,
    "TLS": 17.9808755271216,
    "TTO": 9.1488648128215,
    "TUN": 52.1145361337891,
    "TUR": 12.4832535476879,
    "TZA": 7.60256861143483,
    "UGA": 22.6373274831062,
    "UKR": 60.4355612038588,
    "URY": 26.3782381960635,
    "USA": 34.9859075755565,
    "UZB": 14.2132926335798,
    "ZAF": 39.2688084014004,
    "ZMB": 18.5219703606727,
    "ZWE": 8.26144277624576
  },
  "stats": {
    "coverage": 137,
    "min": 0.305249223942141,
    "max": 87.598181724164,
    "median": 28.3299511627994,
    "quantileBreaks": [
      0.305249223942141,
      9.579189621251889,
      16.81203741300514,
      24.573208106401314,
      34.20306608151207,
      40.05416015195987,
      54.950987678717155,
      87.598181724164
    ]
  },
  "formatting": {
    "maximumFractionDigits": 1,
    "suffix": "%"
  },
  "source": {
    "provider": "World Bank",
    "dataset": "World Development Indicators",
    "attribution": "The World Bank",
    "sourceReference": "https://api.worldbank.org/v2/indicator/BX.GSR.CMCP.ZS?format=json&per_page=1",
    "valuesReference": "https://api.worldbank.org/v2/country/all/indicator/BX.GSR.CMCP.ZS?format=json&per_page=20000&page=1&date=2015%3A2025",
    "license": "Creative Commons Attribution 4.0 International unless specifically labeled otherwise by World Bank metadata",
    "licenseReference": "https://www.worldbank.org/en/about/legal/terms-of-use-for-datasets",
    "retrievedAt": "2026-06-27T17:15:57.866171+00:00",
    "checksum": "567c347e4a1ed075a84e9df883549e03aef0ee4f2c4bc833c89d0d084a1e5c59",
    "sourceOrganization": "Balance of Payments Statistics Yearbook and data files, International Monetary Fund (IMF)"
  },
  "reviewStatus": "approved",
  "contentVersion": "2026.06.22-exp2-qa1",
  "editorial": {
    "shortHook": "A digital-and-communications export map.",
    "patternNote": "The darkest countries include Papua New Guinea, Guinea, Ireland, while the lightest include Gambia, The, Jordan, Bahamas, The; that contrast is the fastest way to read the communications service exports pattern.",
    "whyItMatters": "Communications and computer service exports can highlight digital-service economies without using raw export totals.",
    "bestProbeCountries": [
      {
        "iso3": "PNG",
        "reason": "High anchor: this country sits near the darkest end of the map."
      },
      {
        "iso3": "GMB",
        "reason": "Low anchor: this country clarifies the lightest end of the scale."
      },
      {
        "iso3": "COL",
        "reason": "Middle check: this country helps separate a true pattern from one-off outliers."
      }
    ],
    "commonConfusions": [
      {
        "confusedWithIndicatorCode": "BX.GSR.CCIS.ZS",
        "reason": "ICT service exports lives in the same category, so it can feel plausible until the high and low countries are checked."
      },
      {
        "confusedWithIndicatorCode": "ST.INT.RCPT.XP.ZS",
        "reason": "Tourism receipts overlaps with part of the visible pattern, but the full country spread does not match."
      },
      {
        "confusedWithIndicatorCode": "BX.GSR.TRAN.ZS",
        "reason": "Transport service exports lives in the same category, so it can feel plausible until the high and low countries are checked."
      }
    ],
    "difficultyReason": "Expert difficulty: the map can be mistaken for adjacent indicators unless players probe a high, low, and middle country.",