{
  "schemaVersion": "1.1.0",
  "id": "contributing-family-workers",
  "providerCode": "SL.FAM.WORK.ZS",
  "title": "Contributing family workers, total (% of total employment) (modeled ILO estimate)",
  "shortTitle": "Contributing family workers",
  "category": "labor",
  "difficulty": "expert",
  "definition": "Contributing family workers are those workers who hold \"self-employment jobs\" as own-account workers in a market-oriented establishment operated by a related person living in the same household.",
  "unit": "percent of total employment",
  "year": 2025,
  "valuesByIso3": {
    "AFG": 21.8606078875933,
    "AGO": 16.0263099101289,
    "ALB": 20.8311035727567,
    "ARE": 0.273697868169065,
    "ARG": 0.214337896429047,
    "ARM": 3.30572368862268,
    "AUS": 0.099729329293444,
    "AUT": 1.00132564483345,
    "AZE": 32.1563423964981,
    "BDI": 37.4189424539223,
    "BEL": 0.652122420427137,
    "BEN": 20.1976472329816,
    "BFA": 26.552199326525,
    "BGD": 5.52041856324848,
    "BGR": 0.187575290458859,
    "BHS": 0.33290054764611,
    "BIH": 0.99913727259084,
    "BLR": 2.47595986190543,
    "BLZ": 4.76998458030446,
    "BOL": 16.6222484828647,
    "BRA": 1.13334714750387,
    "BRN": 0.568338232290492,
    "BTN": 31.9218380176586,
    "BWA": 2.24517282873892,
    "CAF": 17.8147574686863,
    "CAN": 0.0997948076636634,
    "CHE": 2.62813794850939,
    "CHL": 0.543333362413247,
    "CHN": 8.20210462702455,
    "CIV": 17.382915403075,
    "CMR": 5.03495844243286,
    "COD": 21.1796741657552,
    "COG": 7.01103314669124,
    "COL": 1.91807510868113,
    "CRI": 0.836239769242404,
    "CUB": 0.526208124053157,
    "CYP": 0.627853023949357,
    "CZE": 0.131738637660819,
    "DEU": 0.219525172288434,
    "DJI": 0.10253043082984,
    "DNK": 0.293707953561209,
    "DOM": 1.03384029880471,
    "DZA": 1.23080046355777,
    "ECU": 13.9834140817292,
    "EGY": 4.7246497289518,
    "ERI": 11.8763643819425,
    "ESP": 0.220307692307692,
    "EST": 0.163321587703399,
    "ETH": 29.6163801833799,
    "FIN": 0.581339959218232,
    "FJI": 17.6249255589844,
    "FRA": 0.269920930920758,
    "GAB": 0.779207676946313,
    "GBR": 0.267252079368631,
    "GEO": 14.6799821400603,
    "GHA": 2.8042238609265,
    "GIN": 15.2731825690595,
    "GMB": 5.51546200491901,
    "GNB": 19.6531468275778,
    "GNQ": 2.94696788270669,
    "GRC": 3.32565603263339,
    "GTM": 7.18443115164537,
    "GUY": 0.0973564253502224,
    "HND": 5.43395959432961,
    "HRV": 0.533922595509409,
    "HTI": 24.423246015345,
    "HUN": 0.130206914358094,
    "IDN": 12.9748884381059,
    "IND": 15.6752710843624,
    "IRL": 0.883535092567727,
    "IRN": 3.24825752956344,
    "IRQ": 4.94740628397027,
    "ISL": 0.0999127344471285,
    "ISR": 0.0999939286954958,
    "ITA": 0.962110811604547,
    "JAM": 0.512124489590499,
    "JOR": 0.100172297840177,
    "JPN": 1.68102568929763,
    "KAZ": 0.0985279760914397,
    "KEN": 27.1749608649564,
    "KGZ": 5.35032431002955,
    "KHM": 9.40018950973302,
    "KOR": 2.95935946679689,
    "KWT": 0.542062025847821,
    "LAO": 22.2793990244335,
    "LBR": 8.43331688923959,
    "LBY": 3.77682682014107,
    "LKA": 6.16637969359161,
    "LSO": 0.833290793365914,
    "LTU": 0.370446535972753,
    "LUX": 1.72151699411323,
    "LVA": 0.855990244253649,
    "MAR": 4.82247594125333,
    "MDA": 2.66141200184088,
    "MDG": 39.8748386335312,
    "MEX": 3.56131775642035,
    "MKD": 2.83989448051948,
    "MLI": 27.8708290998678,
    "MMR": 23.9323387726518,
    "MNE": 1.28962118098106,
    "MNG": 0.0962854809426723,
    "MOZ": 13.3523022236692,
    "MRT": 6.94258880855077,
    "MWI": 5.59276627637174,
    "MYS": 0.103298238539941,
    "NAM": 4.69672135552415,
    "NCL": 0.886160484948115,
    "NER": 30.022005297407,
    "NGA": 9.91736722644729,
    "NIC": 7.88084472929366,
    "NLD": 0.273165465279816,
    "NOR": 0.101427044710056,
    "NPL": 40.9488183176688,
    "NZL": 0.573736910812988,
    "OMN": 1.24042409177459,
    "PAK": 19.6969324116533,
    "PAN": 5.0848524890461,
    "PER": 10.9551955695741,
    "PHL": 6.13971809440838,
    "PNG": 21.1616568109583,
    "POL": 0.621573491680814,
    "PRI": 0.472868304315562,
    "PRK": 16.0122693348412,
    "PRT": 0.10020292604641,
    "PRY": 5.35267072406562,
    "QAT": 0.341249771891864,
    "ROU": 2.49145371247615,
    "RUS": 0.0998738202475828,
    "RWA": 1.69331764799466,
    "SAU": 0.137777398529886,
    "SEN": 12.234357678531,
    "SLB": 56.8905768613063,
    "SLE": 5.74574552741247,
    "SLV": 3.82173978170481,
    "SOM": 10.5377470188398,
    "SRB": 5.19618784972327,
    "SUR": 3.97157614016136,
    "SVK": 0.0999883857607157,
    "SVN": 1.73213926482932,
    "SWE": 0.414659001804152,
    "SWZ": 2.90682704008748,
    "SYR": 8.48056676104247,
    "TCD": 19.5447169379417,
    "TGO": 15.0334856406404,
    "THA": 14.7868069744608,
    "TJK": 14.3111283526902,
    "TKM": 5.53795314740069,
    "TLS": 32.1486423172313,
    "TTO": 0.468487364776531,
    "TUN": 1.70177029592141,
    "TUR": 7.79168959013121,
    "TZA": 28.7649549094923,
    "UGA": 6.4495095509131,
    "URY": 0.837700848836666,
    "USA": 0.0999997291206379,
    "UZB": 1.63934120954155,
    "VEN": 4.79778662037128,
    "VNM": 11.989231636386,
    "VUT": 1.4324074558421,
    "YEM": 14.5094422501358,
    "ZAF": 0.618266961299775,
    "ZMB": 2.14665354069538,
    "ZWE": 0.683622586935306
  },
  "stats": {
    "coverage": 163,
    "min": 0.0962854809426723,
    "max": 56.8905768613063,
    "median": 3.24825752956344,
    "quantileBreaks": [
      0.0962854809426723,
      0.2676333438760777,
      0.7109326126527364,
      2.016037293830095,
      4.893864708520153,
      9.137440152964299,
      19.297579870905224,
      56.8905768613063
    ]
  },
  "formatting": {
    "maximumFractionDigits": 1,
    "suffix": "%"
  },
  "source": {
    "provider": "World Bank",
    "dataset": "World Development Indicators",
    "attribution": "The World Bank",
    "sourceReference": "https://api.worldbank.org/v2/indicator/SL.FAM.WORK.ZS?format=json&per_page=1",
    "valuesReference": "https://api.worldbank.org/v2/country/all/indicator/SL.FAM.WORK.ZS?format=json&per_page=20000&page=1&date=2015%3A2025",
    "license": "Creative Commons Attribution 4.0 International unless specifically labeled otherwise by World Bank metadata",
    "licenseReference": "https://www.worldbank.org/en/about/legal/terms-of-use-for-datasets",
    "retrievedAt": "2026-07-02T22:47:44.698586+00:00",
    "checksum": "26fbb04f2e09c7251525b6a7b38e4a5a6ee43885495b4600f46c9e05aea00ab0",
    "sourceOrganization": "ILO Modelled Estimates database (ILOEST), International Labour Organization (ILO), uri: https://ilostat.ilo.org/data/bulk/, publisher: ILOSTAT, type: external database, date accessed: January 17, 2026"
  },
  "reviewStatus": "approved",
  "contentVersion": "2026.07.02-exp4-content50",
  "editorial": {
    "shortHook": "A family-work structure map.",
    "patternNote": "The darkest countries include Solomon Islands, Nepal, Madagascar, while the lightest include Mongolia, Guyana, Kazakhstan; that contrast is the fastest way to read the contributing family workers pattern.",
    "whyItMatters": "Contributing family work highlights labor markets where unpaid family work remains common.",
    "bestProbeCountries": [
      {
        "iso3": "SLB",
        "reason": "High anchor: this country sits near the darkest end of the map."
      },
      {
        "iso3": "MNG",
        "reason": "Low anchor: this country clarifies the lightest end of the scale."
      },
      {
        "iso3": "IRN",
        "reason": "Middle check: this country helps separate a true pattern from one-off outliers."
      }
    ],
    "commonConfusions": [
      {
        "confusedWithIndicatorCode": "SL.FAM.WORK.MA.ZS",