{
  "schemaVersion": "1.1.0",
  "id": "current-account",
  "providerCode": "BN.CAB.XOKA.GD.ZS",
  "title": "Current account balance (% of GDP)",
  "shortTitle": "Current account balance",
  "category": "economy",
  "difficulty": "expert",
  "definition": "Balance of current transactions (transactions in goods and services, earned income and transfer income) between residents and non-residents. The term current account balance is used in the external accounts and is expressed from the perspective of resident units. The term current external balance is used in the national accounts and is expressed from the perspective of the non-resident units, and therefore with the opposite sign. This indicator is expressed as a percentage of Gross Domestic Product (GDP) which is the total income earned through the production of goods and services in an economic territory during an accounting period.",
  "unit": "percent of GDP",
  "year": 2024,
  "valuesByIso3": {
    "AGO": 6.12127885547185,
    "ALB": -2.39633981728727,
    "ARE": 14.4792979326645,
    "ARG": 0.893118418089375,
    "ARM": -4.60216691099963,
    "AUS": -2.3075014713626,
    "AUT": 1.53088550116276,
    "AZE": 6.27617767984307,
    "BDI": -15.6376698795971,
    "BEL": -0.379006590173966,
    "BFA": -3.96877055984497,
    "BGD": -0.669466607987832,
    "BGR": -0.516395583295193,
    "BHS": -6.64860795366672,
    "BIH": -3.45602923849097,
    "BLR": -2.07223267740223,
    "BLZ": -1.61559738392131,
    "BOL": -2.37784777133425,
    "BRA": -2.9880142706208,
    "BRN": 14.5341402117213,
    "BTN": -19.4017852146799,
    "BWA": -4.25763140157322,
    "CAN": -0.487852623579789,
    "CHE": 8.88762829753527,
    "CHL": -1.16817210444884,
    "CHN": 2.46818591485776,
    "CIV": -4.46811097764034,
    "CMR": -3.28354247246706,
    "COD": -3.59163215084982,
    "COL": -1.66760721722233,
    "CRI": -0.867937963911082,
    "CYP": -8.15906556815552,
    "CZE": 1.69610102238123,
    "DEU": 5.89380863529108,
    "DJI": 14.6941756648345,
    "DNK": 12.1952284849278,
    "DOM": -2.98151999182261,
    "DZA": -1.0224994485325,
    "ECU": 5.68853936869322,
    "EGY": -5.68596234093524,
    "ESP": 3.18327391138733,
    "EST": -1.25778430854441,
    "ETH": -2.53176480495898,
    "FIN": -0.432631418354181,
    "FJI": -7.78080984551748,
    "FRA": 0.0851279883251641,
    "GBR": -2.95960422411904,
    "GEO": -5.29948694239513,
    "GHA": 1.91923157284388,
    "GIN": -1.56673613616474,
    "GMB": -4.14959872463031,
    "GNB": -7.35889637109665,
    "GRC": -7.10950344070576,
    "GTM": 2.88674747767197,
    "HND": -4.36882938701959,
    "HRV": -2.07644437837535,
    "HTI": -0.598367468302653,
    "HUN": 1.84213300452467,
    "IDN": -0.614730078804115,
    "IND": -0.851289719084462,
    "IRL": 17.3995604849009,
    "IRQ": 2.99186896502489,
    "ISL": -3.24001683583074,
    "ISR": 2.85372348964758,
    "ITA": 1.09768567168063,
    "JAM": 3.08347028977771,
    "JOR": -5.33366328480029,
    "JPN": 4.62202410018024,
    "KAZ": -2.32054721716038,
    "KEN": -1.28724447407872,
    "KGZ": -22.6410105179248,
    "KHM": 0.492323754520323,
    "KOR": 5.33081628105267,
    "KWT": 29.025293802042,
    "LAO": 3.21986797869176,
    "LBR": 2.50632277204121,
    "LKA": 1.21048332599166,
    "LSO": 3.73488863491482,
    "LTU": 3.24144056300641,
    "LUX": 7.19327054062351,
    "LVA": -1.56330652007996,
    "MAR": -1.23072108998601,
    "MDA": -16.5470767102724,
    "MDG": -4.25750009236745,
    "MEX": -0.912091864173097,
    "MKD": -2.10020379336309,
    "MLI": -4.32974251221221,
    "MNE": -16.9729571014369,
    "MNG": -10.4453984769033,
    "MOZ": -10.9577328385216,
    "MRT": -9.55383541959404,
    "MWI": -18.7878927787052,
    "MYS": 1.69342393177115,
    "NAM": -13.4129533004201,
    "NER": -6.08945443545425,
    "NGA": 7.5441345734549,
    "NIC": 4.1511238055786,
    "NLD": 9.13742493692445,
    "NOR": 15.0417961615846,
    "NPL": 3.87803253239857,
    "NZL": -4.62952800849341,
    "OMN": 2.86434019736537,
    "PAK": 0.124893414067427,
    "PAN": 0.65661826831948,
    "PER": 2.38859228781391,
    "PHL": -4.0212789718349,
    "PNG": 15.4763748159171,
    "POL": 0.30454349270969,
    "PRT": 2.07520783148021,
    "PRY": -3.2503481047772,
    "PSE": -18.0999264452664,
    "QAT": 17.5152925396793,
    "ROU": -8.16757110224326,
    "RUS": 2.85909027069263,
    "RWA": -11.9618864449723,
    "SAU": -1.29603148573183,
    "SLB": -4.18133473457478,
    "SLE": -14.1190349801252,
    "SLV": -2.76497895911378,
    "SRB": -4.5565073329206,
    "SUR": -12.9141824158348,
    "SVK": -4.61427189349136,
    "SVN": 4.55086826535469,
    "SWE": 6.85769099152574,
    "SWZ": 1.6121572847945,
    "THA": 2.19482817825998,
    "TJK": 6.42365269759176,
    "TLS": -32.4155608501652,
    "TTO": 2.51810824357524,
    "TUN": -1.50801033952852,
    "TUR": -0.766008235540632,
    "TZA": -3.00342879227062,
    "UGA": -7.7752151397725,
    "UKR": -7.96032840013333,
    "URY": -0.756844684468695,
    "USA": -4.04564637199117,
    "UZB": -4.71597432187069,
    "VNM": 6.33496605552948,
    "ZAF": -0.64279979707505,
    "ZMB": -4.41103708042779,
    "ZWE": 1.2070735013076
  },
  "stats": {
    "coverage": 141,
    "min": -32.4155608501652,
    "max": 29.025293802042,
    "median": -1.16817210444884,
    "quantileBreaks": [
      -32.4155608501652,
      -7.35889637109665,
      -4.04564637199117,
      -2.07223267740223,
      -0.598367468302653,
      2.07520783148021,
      5.33081628105267,
      29.025293802042
    ]
  },
  "formatting": {
    "maximumFractionDigits": 1,
    "suffix": "% of GDP"
  },
  "source": {
    "provider": "World Bank",
    "dataset": "World Development Indicators",
    "attribution": "The World Bank",
    "sourceReference": "https://api.worldbank.org/v2/indicator/BN.CAB.XOKA.GD.ZS?format=json&per_page=1",
    "valuesReference": "https://api.worldbank.org/v2/country/all/indicator/BN.CAB.XOKA.GD.ZS?format=json&per_page=20000&page=1&date=2015%3A2025",
    "license": "Creative Commons Attribution 4.0 International unless specifically labeled otherwise by World Bank metadata",
    "licenseReference": "https://www.worldbank.org/en/about/legal/terms-of-use-for-datasets",
    "retrievedAt": "2026-07-02T22:16:00.261402+00:00",
    "checksum": "640f8f2e82acf1a350472c9c794d06564b12b8b62d67d15dfd2c144b7b492bd3",
    "sourceOrganization": "Balance of Payments Statistics Yearbook and data files, International Monetary Fund (IMF);\nWorld Development Indicators Database, World Bank (WB);\nNational Accounts data files, Organisation for Economic Co-operation and Development (OECD)"
  },
  "reviewStatus": "approved",
  "contentVersion": "2026.07.02-exp4-content50",
  "editorial": {
    "shortHook": "A surplus-and-deficit map.",
    "patternNote": "The darkest countries include Kuwait, Qatar, Ireland, while the lightest include Timor-Leste, Kyrgyz Republic, Bhutan; that contrast is the fastest way to read the current account balance pattern.",
    "whyItMatters": "Current account balance shows whether countries are net lenders or borrowers with the rest of the world.",
    "bestProbeCountries": [
      {
        "iso3": "KWT",
        "reason": "High anchor: this country sits near the darkest end of the map."
      },
      {
        "iso3": "TLS",
        "reason": "Low anchor: this country clarifies the lightest end of the scale."
      },
      {
        "iso3": "CHL",
        "reason": "Middle check: this country helps separate a true pattern from one-off outliers."
      }
    ],
    "commonConfusions": [
      {
        "confusedWithIndicatorCode": "NE.RSB.GNFS.ZS",
        "reason": "External balance lives in the same category, so it can feel plausible until the high and low countries are checked."
      },
      {
        "confusedWithIndicatorCode": "NY.GNS.ICTR.ZS",