{
  "schemaVersion": "1.1.0",
  "id": "domestic-savings",
  "providerCode": "NY.GDS.TOTL.ZS",
  "title": "Gross domestic savings (% of GDP)",
  "shortTitle": "Domestic savings",
  "category": "economy",
  "difficulty": "expert",
  "definition": "Gross domestic savings are calculated as GDP less final consumption expenditure (total consumption). This indicator is expressed as a percentage of Gross Domestic Product (GDP) which is the total income earned through the production of goods and services in an economic territory during an accounting period.",
  "unit": "percent of GDP",
  "year": 2025,
  "valuesByIso3": {
    "ALB": 17.9624123824596,
    "ARG": 15.0900222983231,
    "ARM": 18.7024561333008,
    "AUS": 24.9964284390533,
    "AUT": 26.2453566868659,
    "AZE": 25.1025624521666,
    "BDI": 28.2699257901121,
    "BEL": 23.7290918144786,
    "BEN": 32.8143034016746,
    "BFA": 22.1991369564751,
    "BGD": 21.9781775651401,
    "BGR": 20.6792294065342,
    "BIH": 10.3340073357845,
    "BLR": 25.5234911690954,
    "BRA": 17.4259600459081,
    "BRN": 46.8754867657669,
    "BWA": 22.7438288010674,
    "CAF": -4.91272383074375,
    "CAN": 22.312341893623,
    "CHE": 38.4309707515475,
    "CHL": 28.1997831803846,
    "CIV": 24.3147989730522,
    "CMR": 13.038307652991,
    "COD": 31.3202454855455,
    "COG": 33.8678912160569,
    "COL": 11.3181890509158,
    "CRI": 21.9926392075482,
    "CYP": 24.9110736013515,
    "CZE": 32.6061549810599,
    "DEU": 24.2882295169254,
    "DJI": 16.2414452823769,
    "DNK": 33.1342608252675,
    "DOM": 20.4887040168478,
    "DZA": 39.9580489852948,
    "ECU": 24.4586760540051,
    "EGY": 1.19650202357716,
    "ESP": 25.2339445408594,
    "EST": 25.8826614405653,
    "ETH": 13.2276986740795,
    "FIN": 23.1617778094593,
    "FRA": 21.5316608444653,
    "GAB": 50.9191968634983,
    "GBR": 18.3365620993855,
    "GEO": 15.4615916836204,
    "GIN": 16.1447207320292,
    "GMB": 3.67574977726319,
    "GNB": 12.6652998281432,
    "GNQ": 14.4285789773938,
    "GRC": 12.7155229904444,
    "GTM": 1.36199274124431,
    "HND": 2.64083385023291,
    "HRV": 19.5428878730842,
    "HTI": -0.705932249682564,
    "HUN": 26.633644034249,
    "IDN": 37.2378532261843,
    "IND": 32.559492763302,
    "IRL": 63.5432380962521,
    "IRN": 33.0388327058509,
    "ISL": 24.3134645241312,
    "ISR": 26.4745615527799,
    "ITA": 24.1804262237568,
    "KEN": 11.8472834421757,
    "KGZ": -5.54850678717463,
    "KHM": 36.0949666255168,
    "KOR": 34.3303711659176,
    "LBY": 36.7884636360295,
    "LKA": 25.7711574738468,
    "LSO": -33.1921456188366,
    "LTU": 26.1000008212867,
    "LUX": 46.6594190254035,
    "LVA": 19.4774159645555,
    "MAR": 22.7080181606416,
    "MDA": -4.97668529206738,
    "MDG": 12.573836743579,
    "MEX": 17.977587541142,
    "MKD": 17.9783104881433,
    "MLI": 15.4032478746065,
    "MNE": 1.286317610126,
    "MNG": 33.8965487559226,
    "MOZ": 9.87755013043112,
    "MRT": 30.0090972291628,
    "MWI": -2.36819568624556,
    "MYS": 26.0001036056205,
    "NAM": -0.551557170264933,
    "NER": 19.5947781124754,
    "NIC": 12.4957596561127,
    "NLD": 31.0386635217193,
    "NOR": 34.9060686727388,
    "NPL": 6.8898136238952,
    "PAK": 7.05968422497151,
    "PER": 28.4635245736943,
    "PHL": 8.44801329939182,
    "POL": 20.7584212675366,
    "PRI": 13.5880729652826,
    "PRT": 21.9529732948933,
    "PRY": 23.1646013741343,
    "PSE": -7.65825328681025,
    "ROU": 20.6544817329574,
    "RUS": 29.6343321986987,
    "RWA": 20.5618914411515,
    "SAU": 33.1965761560527,
    "SDN": 0.55837582516625,
    "SEN": 20.7843444711245,
    "SLE": 15.8833337729568,
    "SLV": 2.26721016146023,
    "SOM": -41.4522285122514,
    "SRB": 19.0834585294733,
    "SVK": 19.9305262125848,
    "SVN": 27.3921406078572,
    "SWE": 27.5888316644696,
    "TCD": 33.0524577431704,
    "THA": 24.8869264306731,
    "TUN": 0.484583287389808,
    "TUR": 31.4314825422833,
    "TZA": 39.6794551425318,
    "UGA": 23.1194557190041,
    "UKR": -5.73403735267647,
    "URY": 20.6040841047253,
    "UZB": 19.9494424972361,
    "VEN": 10.7220286007281,
    "VNM": 37.4122487716134,
    "ZAF": 15.2758278092078
  },
  "stats": {
    "coverage": 122,
    "min": -41.4522285122514,
    "max": 63.5432380962521,
    "median": 21.742317069679302,
    "quantileBreaks": [
      -41.4522285122514,
      4.5940537334437614,
      15.196196875971498,
      19.946740170857343,
      23.16218117584144,
      26.162296192249215,
      33.04856487536483,
      63.5432380962521
    ]
  },
  "formatting": {
    "maximumFractionDigits": 1,
    "suffix": "% of GDP"
  },
  "source": {
    "provider": "World Bank",
    "dataset": "World Development Indicators",
    "attribution": "The World Bank",
    "sourceReference": "https://api.worldbank.org/v2/indicator/NY.GDS.TOTL.ZS?format=json&per_page=1",
    "valuesReference": "https://api.worldbank.org/v2/country/all/indicator/NY.GDS.TOTL.ZS?format=json&per_page=20000&page=1&date=2015%3A2025",
    "license": "Creative Commons Attribution 4.0 International unless specifically labeled otherwise by World Bank metadata",
    "licenseReference": "https://www.worldbank.org/en/about/legal/terms-of-use-for-datasets",
    "retrievedAt": "2026-07-02T22:35:52.991271+00:00",
    "checksum": "811413a01122d27de3cb87d3a5e4e1eaee0eb364da46713cc3bcd3875a65c895",
    "sourceOrganization": "Country official statistics, National Statistical Organizations and/or Central Banks;\nNational Accounts data files, Organisation for Economic Co-operation and Development (OECD);\nStaff estimates, World Bank (WB)"
  },
  "reviewStatus": "approved",
  "contentVersion": "2026.07.02-exp4-content50",
  "editorial": {
    "shortHook": "A candidate map for domestic savings.",
    "patternNote": "The darkest countries include Ireland, Gabon, Brunei Darussalam, while the lightest include Somalia, Fed. Rep., Lesotho, West Bank and Gaza; that contrast is the fastest way to read the domestic savings pattern.",
    "whyItMatters": "Domestic savings may add useful WORLDPRINT variety once source coverage, unit clarity, map interest, and distractor ambiguity are reviewed.",
    "bestProbeCountries": [
      {
        "iso3": "IRL",
        "reason": "High anchor: this country sits near the darkest end of the map."
      },
      {
        "iso3": "SOM",
        "reason": "Low anchor: this country clarifies the lightest end of the scale."
      },
      {
        "iso3": "PRT",
        "reason": "Middle check: this country helps separate a true pattern from one-off outliers."
      }
    ],
    "commonConfusions": [
      {
        "confusedWithIndicatorCode": "NE.CON.TOTL.ZS",
        "reason": "Final consumption share can tempt players because it shares a strong country ranking with this map, but its unit and definition point to a different story."
      },
      {
        "confusedWithIndicatorCode": "NE.CON.PRVT.ZS",
        "reason": "Household consumption can tempt players because it shares a strong country ranking with this map, but its unit and definition point to a different story."
      },
      {
        "confusedWithIndicatorCode": "NE.RSB.GNFS.ZS",
        "reason": "External balance can tempt players because it shares a strong country ranking with this map, but its unit and definition point to a different story."
      }
    ],
    "difficultyReason": "Expert difficulty: the map can be mistaken for adjacent indicators unless players probe a high, low, and middle country.",
    "regionalSignals": [
      "Economic-share maps are not the same as raw totals.",
      "Small open economies can dominate percentage maps."
    ]
  },
  "editorialReview": {
    "status": "expert_only",
    "reviewedAt": "2026-07-02",
    "reviewedBy": "Codex editorial QA",
    "qualityScore": 3,
    "funScore": 3,
    "fairnessScore": 3,
    "ambiguityRisk": "high",
    "dailyEligible": false,
    "practiceEligible": true,
    "challengeEligible": true,
    "expertOnly": true,