{
  "schemaVersion": "1.1.0",
  "id": "domestic-savings",
  "providerCode": "NY.GDS.TOTL.ZS",
  "title": "Gross domestic savings (% of GDP)",
  "shortTitle": "Domestic savings",
  "category": "economy",
  "difficulty": "expert",
  "definition": "Gross domestic savings are calculated as GDP less final consumption expenditure (total consumption). This indicator is expressed as a percentage of Gross Domestic Product (GDP) which is the total income earned through the production of goods and services in an economic territory during an accounting period.",
  "unit": "percent of GDP",
  "year": 2024,
  "valuesByIso3": {
    "AGO": 22.5358175669208,
    "ALB": 18.0665975928756,
    "ARG": 18.398327624104,
    "ARM": 21.0187266675969,
    "AUS": 26.4212460704658,
    "AUT": 26.2657764649308,
    "AZE": 30.1976459786128,
    "BEL": 24.1100433713092,
    "BEN": 32.1029640946115,
    "BFA": 18.5419535402899,
    "BGD": 23.9571794307889,
    "BGR": 22.9435181627065,
    "BHS": 22.7900308220908,
    "BIH": 11.1499070081953,
    "BLR": 24.1972400793554,
    "BLZ": 19.7722987391997,
    "BOL": 13.8392693294625,
    "BRA": 17.2740705450692,
    "BRN": 48.5858959873768,
    "BWA": 22.5859206704548,
    "CAF": -6.99317301511451,
    "CAN": 22.9672374140152,
    "CHE": 37.2104718745929,
    "CHL": 26.8264507912927,
    "CHN": 43.439922449194,
    "CIV": 21.6612666762175,
    "CMR": 15.8483980170936,
    "COD": 29.4990948771126,
    "COG": 39.215794926363,
    "COL": 11.9951571891773,
    "CRI": 21.4015988427945,
    "CUB": -15.7085858520675,
    "CYP": 24.315133469728,
    "CZE": 32.555747575534,
    "DEU": 25.2768210451909,
    "DJI": 11.8453401758086,
    "DNK": 33.4454990112267,
    "DOM": 20.7503872936562,
    "DZA": 40.6682616171136,
    "ECU": 21.8364692387929,
    "EGY": 6.14861637789657,
    "ESP": 25.3347174048033,
    "EST": 25.5543776832134,
    "ETH": 14.2535781003271,
    "FIN": 22.7827643560912,
    "FRA": 21.1852330965181,
    "GAB": 56.2450204962922,
    "GBR": 18.3216678467382,
    "GEO": 16.6735564130491,
    "GHA": 11.1763968101554,
    "GIN": 17.1111441723375,
    "GMB": 4.20914536413174,
    "GNB": 9.80019617353202,
    "GNQ": 18.7428599640637,
    "GRC": 12.739367475797,
    "GTM": 1.12515611663096,
    "HND": -1.5196210693017,
    "HRV": 19.7789514607887,
    "HTI": -5.50697357031866,
    "HUN": 27.7368028627561,
    "IDN": 36.8688712353478,
    "IND": 28.6275909455197,
    "IRL": 60.5458751264443,
    "IRN": 41.4463268553874,
    "IRQ": 41.3352755768624,
    "ISL": 25.0484362756782,
    "ISR": 25.903252904637,
    "ITA": 24.7637386722448,
    "JPN": 25.3094395485879,
    "KAZ": 36.9343039790702,
    "KEN": 11.2204780948885,
    "KGZ": -6.3079334138549,
    "KHM": 34.4047202378682,
    "KOR": 34.0290975945706,
    "LBY": 33.2139991463935,
    "LKA": 24.3341072060825,
    "LTU": 25.5920023549103,
    "LUX": 47.6408013526992,
    "LVA": 19.3000019375895,
    "MAR": 21.8841569915813,
    "MDA": -4.70779260103201,
    "MDG": 13.7697250561223,
    "MEX": 18.5700522055158,
    "MKD": 17.6297111037835,
    "MLI": 14.7511896941811,
    "MNE": 3.43025644282536,
    "MNG": 35.0936856256993,
    "MOZ": 7.67140760602018,
    "MRT": 32.3046769694284,
    "MYS": 27.2734819113652,
    "NAM": -0.727297203636209,
    "NCL": 10.0328551679261,
    "NER": 26.7249951877795,
    "NIC": 7.0943400950627,
    "NLD": 30.6955532451519,
    "NOR": 37.7554311410178,
    "NPL": 6.22270562059525,
    "NZL": 20.4533770659595,
    "OMN": 42.1414409788639,
    "PAK": 6.36896880172555,
    "PAN": 38.5758932189461,
    "PER": 25.0189962468669,
    "PHL": 9.34605437724316,
    "POL": 21.8034166230547,
    "PRI": 14.7528340947694,
    "PRT": 22.2141841832268,
    "PRY": 20.4079263579369,
    "PSE": -16.2058478167324,
    "ROU": 18.98809521441,
    "RUS": 32.07721653082,
    "RWA": 18.0628404472428,
    "SAU": 33.7765286441927,
    "SDN": 2.33315814017272,
    "SEN": 18.7198580801217,
    "SLB": -8.10496985312782,
    "SLE": 14.4416385591279,
    "SLV": 1.20593943835933,
    "SOM": -41.1548424834963,
    "SRB": 20.4689500084769,
    "SVK": 19.8799178419188,
    "SVN": 27.7108179968691,
    "SWE": 28.0927602763892,
    "SWZ": 15.0032611058772,
    "TCD": 38.4710962474793,
    "THA": 25.1017251502758,
    "TLS": -44.2072115001941,
    "TUN": 1.56296358426295,
    "TUR": 31.2687962544311,
    "TZA": 37.9124130990718,
    "UGA": 23.9074112289759,
    "UKR": -0.289554607405813,
    "URY": 20.653330417411,
    "USA": 17.1067567574704,
    "UZB": 18.1008383297111,
    "VEN": 12.5368605985093,
    "VNM": 37.2493160663589,
    "ZAF": 16.1708411659545,
    "ZMB": 39.2904198110723,
    "ZWE": 3.4573536429007
  },
  "stats": {
    "coverage": 139,
    "min": -44.2072115001941,
    "max": 60.5458751264443,
    "median": 21.4015988427945,
    "quantileBreaks": [
      -44.2072115001941,
      6.201537265538484,
      14.860159956672742,
      19.773249127998128,
      22.921591399761397,
      26.594816994645058,
      34.60156749153422,
      60.5458751264443
    ]
  },
  "formatting": {
    "maximumFractionDigits": 1,
    "suffix": "% of GDP"
  },
  "source": {
    "provider": "World Bank",
    "dataset": "World Development Indicators",
    "attribution": "The World Bank",
    "sourceReference": "https://api.worldbank.org/v2/indicator/NY.GDS.TOTL.ZS?format=json&per_page=1",
    "valuesReference": "https://api.worldbank.org/v2/country/all/indicator/NY.GDS.TOTL.ZS?format=json&per_page=20000&page=1&date=2015%3A2025",
    "license": "Creative Commons Attribution 4.0 International unless specifically labeled otherwise by World Bank metadata",
    "licenseReference": "https://www.worldbank.org/en/about/legal/terms-of-use-for-datasets",
    "retrievedAt": "2026-06-27T17:15:07.645492+00:00",
    "checksum": "68377a0715f98dc9aa657fa29bb7cb85b0e1b012dc69e9e4eb3ec4d2377159d6",
    "sourceOrganization": "Country official statistics, National Statistical Organizations and/or Central Banks;\nNational Accounts data files, Organisation for Economic Co-operation and Development (OECD);\nStaff estimates, World Bank (WB)"
  },
  "reviewStatus": "approved",
  "contentVersion": "2026.06.22-exp2-qa1",
  "editorial": {
    "shortHook": "A candidate map for domestic savings.",
    "patternNote": "The darkest countries include Ireland, Gabon, Brunei Darussalam, while the lightest include Timor-Leste, Somalia, Fed. Rep., West Bank and Gaza; that contrast is the fastest way to read the domestic savings pattern.",
    "whyItMatters": "Domestic savings may add useful WORLDPRINT variety once source coverage, unit clarity, map interest, and distractor ambiguity are reviewed.",
    "bestProbeCountries": [
      {
        "iso3": "IRL",
        "reason": "High anchor: this country sits near the darkest end of the map."
      },
      {
        "iso3": "TLS",
        "reason": "Low anchor: this country clarifies the lightest end of the scale."
      },
      {
        "iso3": "CRI",
        "reason": "Middle check: this country helps separate a true pattern from one-off outliers."
      }
    ],
    "commonConfusions": [
      {
        "confusedWithIndicatorCode": "NE.CON.PRVT.ZS",
        "reason": "Household consumption can tempt players because it shares a strong country ranking with this map, but its unit and definition point to a different story."
      },
      {
        "confusedWithIndicatorCode": "NY.GNS.ICTR.ZS",
        "reason": "Gross savings can tempt players because it shares a strong country ranking with this map, but its unit and definition point to a different story."
      },
      {
        "confusedWithIndicatorCode": "BN.CAB.XOKA.GD.ZS",
        "reason": "Current account balance lives in the same category, so it can feel plausible until the high and low countries are checked."
      }
    ],
    "difficultyReason": "Expert difficulty: the map can be mistaken for adjacent indicators unless players probe a high, low, and middle country.",