{
  "schemaVersion": "1.1.0",
  "id": "domestic-water-withdrawals",
  "providerCode": "ER.H2O.FWDM.ZS",
  "title": "Annual freshwater withdrawals, domestic (% of total freshwater withdrawal)",
  "shortTitle": "Domestic water withdrawals",
  "category": "environment",
  "difficulty": "standard",
  "definition": "Annual freshwater withdrawals refer to total water withdrawals, not counting evaporation losses from storage basins. Withdrawals also include water from desalination plants in countries where they are a significant source. Withdrawals can exceed 100 percent of total renewable resources where extraction from nonrenewable aquifers or desalination plants is considerable or where there is significant water reuse. Withdrawals for domestic uses include drinking water, municipal use or supply, and use for public services, commercial establishments, and homes. Data are for the most recent year available for 1987-2002.",
  "unit": "percent of total freshwater withdrawal",
  "year": 2022,
  "valuesByIso3": {
    "AFG": 0.99838511,
    "AGO": 45.26778124,
    "ALB": 27.72898369,
    "ARE": 47.67866198,
    "ARG": 15.48438327,
    "ARM": 17.64322917,
    "AUS": 14.52480574,
    "AUT": 1.450792954,
    "AZE": 3.146206046,
    "BDI": 15.38736166,
    "BEL": 15.03803239,
    "BEN": 61.96581197,
    "BFA": 45.91687042,
    "BGD": 10.03624198,
    "BGR": 15.39469425,
    "BLR": 42.43281471,
    "BLZ": 11.28712871,
    "BOL": 11.47031242,
    "BRA": 24.13453047,
    "BRN": 164.673913,
    "BTN": 5.029585799,
    "BWA": 60.63645036,
    "CAF": 82.89655172,
    "CAN": 13.49314119,
    "CHE": 53.67036011,
    "CHL": 3.985171455,
    "CHN": 20.12936744,
    "CIV": 27.53872633,
    "CMR": 22.67548695,
    "COD": 68.00760679,
    "COG": 69.46564886,
    "COL": 13.6764368,
    "CRI": 32.16283753,
    "CUB": 24.42879724,
    "CYP": 38.75432526,
    "CZE": 43.29183956,
    "DEU": 41.53374175,
    "DJI": 84.21052632,
    "DNK": 40.96826671,
    "DOM": 9.418477842,
    "DZA": 30.9187118,
    "ECU": 13.0369026,
    "EGY": 13.87096774,
    "ERI": 5.326460481,
    "ESP": 15.71330117,
    "EST": 5.391902324,
    "ETH": 7.679108086,
    "FIN": 17.86301213,
    "FJI": 29.79976443,
    "FRA": 21.57840156,
    "GAB": 60.891445,
    "GBR": 73.95486936,
    "GEO": 39.04189024,
    "GHA": 20.45609723,
    "GIN": 25.84269663,
    "GMB": 40.5511811,
    "GNB": 17.94736842,
    "GNQ": 79.7979798,
    "GRC": 16.74607902,
    "GTM": 25.11958124,
    "GUY": 4.243095452,
    "HND": 19.60174238,
    "HRV": 45.76771654,
    "HTI": 13.10344828,
    "HUN": 13.28946079,
    "IDN": 10.69014306,
    "IND": 7.358738502,
    "IRL": 66.09683204,
    "IRN": 6.645230439,
    "IRQ": 15.87544786,
    "ISL": 28.7459576,
    "ITA": 27.02670763,
    "JAM": 73.43274737,
    "JOR": 45.01656318,
    "JPN": 16.98113208,
    "KAZ": 19.40245067,
    "KEN": 12.27678571,
    "KGZ": 2.924281984,
    "KHM": 4.487179487,
    "KOR": 24.63628979,
    "KWT": 35.864,
    "LAO": 1.768707483,
    "LBN": 13.04347826,
    "LBR": 54.96915696,
    "LBY": 12.00686106,
    "LKA": 6.218136876,
    "LSO": 45.66210046,
    "LTU": 45.53868691,
    "LUX": 91.18139925,
    "LVA": 53.35279167,
    "MAR": 10.19077749,
    "MDA": 20.05012531,
    "MDG": 2.91364545,
    "MEX": 14.84310625,
    "MKD": 14.06401105,
    "MLI": 2.063247204,
    "MMR": 9.951664201,
    "MNE": 5.496955198,
    "MNG": 9.796712803,
    "MOZ": 25.25458248,
    "MRT": 7.065619908,
    "MWI": 10.546875,
    "MYS": 24.45335277,
    "NAM": 21.89649993,
    "NER": 7.48060297,
    "NGA": 40.08016032,
    "NIC": 14.90640348,
    "NLD": 26.53174787,
    "NOR": 28.75867788,
    "NPL": 1.554158638,
    "NZL": 11.07735925,
    "OMN": 6.788511749,
    "PAK": 5.260288907,
    "PAN": 62.66303451,
    "PER": 12.11852309,
    "PHL": 10.433023,
    "PNG": 57.00076511,
    "POL": 21.48838326,
    "PRI": 24.30905482,
    "PRK": 10.42759131,
    "PRT": 14.91335139,
    "PRY": 15.00207211,
    "QAT": 62.3917072,
    "ROU": 15.40915225,
    "RUS": 26.45788337,
    "RWA": 38.26955075,
    "SAU": 13.05016928,
    "SDN": 3.527009467,
    "SEN": 8.639243186,
    "SLE": 52.30914232,
    "SLV": 22.34837278,
    "SOM": 0.454821104,
    "SRB": 13.78903948,
    "SSD": 29.33130699,
    "SUR": 8.004546193,
    "SVK": 54.32881332,
    "SVN": 21.64449819,
    "SWE": 33.80077369,
    "SWZ": 3.867041199,
    "SYR": 8.800505955,
    "TCD": 11.78944975,
    "TGO": 63.0941704,
    "THA": 4.77960423,
    "TJK": 9.212121212,
    "TKM": 2.609341267,
    "TLS": 8.447098976,
    "TTO": 62.00417537,
    "TUN": 22.73234097,
    "TUR": 11.06467574,
    "TZA": 10.16589506,
    "UGA": 51.49136578,
    "UKR": 34.0240628,
    "URY": 9.416131986,
    "USA": 13.14231696,
    "UZB": 5.168539326,
    "VEN": 22.64179296,
    "VNM": 1.470193832,
    "YEM": 7.433380084,
    "ZAF": 17.44016858,
    "ZMB": 18.44783715,
    "ZWE": 11.14284571
  },
  "stats": {
    "coverage": 161,
    "min": 0.454821104,
    "max": 164.673913,
    "median": 16.98113208,
    "quantileBreaks": [
      0.454821104,
      6.115110921999998,
      10.649209328571429,
      14.879276095714285,
      21.52696253142857,
      29.46515197285715,
      51.608191,
      164.673913
    ]
  },
  "formatting": {
    "maximumFractionDigits": 1,
    "suffix": "%"
  },
  "source": {
    "provider": "World Bank",
    "dataset": "World Development Indicators",
    "attribution": "The World Bank",
    "sourceReference": "https://api.worldbank.org/v2/indicator/ER.H2O.FWDM.ZS?format=json&per_page=1",
    "valuesReference": "https://api.worldbank.org/v2/country/all/indicator/ER.H2O.FWDM.ZS?format=json&per_page=20000&page=1&date=2015%3A2025",
    "license": "Creative Commons Attribution 4.0 International unless specifically labeled otherwise by World Bank metadata",
    "licenseReference": "https://www.worldbank.org/en/about/legal/terms-of-use-for-datasets",
    "retrievedAt": "2026-06-22T18:06:53.641491+00:00",
    "checksum": "947516ba01a810f49086497c37c8f338290bf99c26df8c29af5e96fdadc7f146",
    "sourceOrganization": "AQUASTAT - FAO's Global Information System on Water and Agriculture, Food and Agriculture Organization of the United Nations (FAO), uri: https://data.apps.fao.org/aquastat/, publisher: Food and Agriculture Organization of the United Nations (FAO), date accessed: 20240529"
  },
  "reviewStatus": "approved",
  "contentVersion": "2026.06.22-exp2-qa1",
  "editorial": {
    "shortHook": "A candidate map for domestic water withdrawals.",
    "patternNote": "The darkest countries include Brunei Darussalam, Luxembourg, Djibouti, while the lightest include Somalia, Fed. Rep., Afghanistan, Austria; that contrast is the fastest way to read the domestic water withdrawals pattern.",
    "whyItMatters": "Domestic water withdrawals may add useful WORLDPRINT variety once source coverage, unit clarity, map interest, and distractor ambiguity are reviewed.",
    "bestProbeCountries": [
      {
        "iso3": "BRN",
        "reason": "High anchor: this country sits near the darkest end of the map."
      },
      {
        "iso3": "SOM",
        "reason": "Low anchor: this country clarifies the lightest end of the scale."
      },
      {
        "iso3": "JPN",
        "reason": "Middle check: this country helps separate a true pattern from one-off outliers."
      }
    ],
    "commonConfusions": [
      {
        "confusedWithIndicatorCode": "ER.H2O.FWAG.ZS",
        "reason": "Agricultural water withdrawals can tempt players because it shares a strong country ranking with this map, but its unit and definition point to a different story."
      },
      {
        "confusedWithIndicatorCode": "ER.GDP.FWTL.M3.KD",
        "reason": "Water productivity can tempt players because it shares a strong country ranking with this map, but its unit and definition point to a different story."
      },
      {
        "confusedWithIndicatorCode": "ER.H2O.FWST.ZS",