{
  "schemaVersion": "1.1.0",
  "id": "domestic-credit-private-sector",
  "providerCode": "FD.AST.PRVT.GD.ZS",
  "title": "Domestic credit to private sector by banks (% of GDP)",
  "shortTitle": "Private-sector bank credit",
  "category": "economy",
  "difficulty": "expert",
  "definition": "Domestic credit to private sector by banks refers to financial resources provided to the private sector by other depository corporations (deposit taking corporations except central banks), such as through loans, purchases of nonequity securities, and trade credits and other accounts receivable, that establish a claim for repayment. For some countries these claims include credit to public enterprises. This indicator is expressed as a percentage of Gross Domestic Product (GDP) which is the total income earned through the production of goods and services in an economic territory during an accounting period.",
  "unit": "percent of GDP",
  "year": 2024,
  "valuesByIso3": {
    "AGO": 6.33377980054428,
    "ALB": 31.4796168257971,
    "ARE": 67.9657939482738,
    "ARG": 13.0788404106215,
    "ARM": 62.4268955456666,
    "AUS": 129.317349651589,
    "AUT": 81.4954748627589,
    "AZE": 24.4758708016654,
    "BEL": 66.7529944130944,
    "BEN": 18.9520954406221,
    "BFA": 27.1070619834111,
    "BGD": 35.7061033427119,
    "BGR": 47.0288554831778,
    "BHS": 40.4184161992825,
    "BIH": 44.1745248100109,
    "BLZ": 41.0442142570816,
    "BOL": 59.2406249188436,
    "BRA": 75.6308729241641,
    "BRN": 36.5636037957258,
    "BTN": 68.3900344511711,
    "BWA": 32.8461888265917,
    "CHL": 74.9355433981999,
    "CHN": 194.165996844811,
    "CIV": 22.5025975089185,
    "COL": 39.5117493655678,
    "CRI": 50.9742393807812,
    "CYP": 56.6031186100936,
    "CZE": 48.0207227673913,
    "DJI": 23.1025276600186,
    "DNK": 144.062236896793,
    "DOM": 30.9049981384264,
    "DZA": 19.0177594233047,
    "ECU": 54.6197673361624,
    "EGY": 27.5692279729149,
    "ESP": 72.4022002973036,
    "EST": 60.5329124780565,
    "FIN": 90.8998670111573,
    "FJI": 75.9992900768724,
    "FRA": 103.903630395001,
    "GBR": 112.565126424841,
    "GEO": 65.4860824139185,
    "GHA": 8.33276294498399,
    "GIN": 10.4527894601625,
    "GMB": 9.12246200899249,
    "GNB": 10.2633782935143,
    "GRC": 48.3669668882107,
    "GTM": 36.2612484969599,
    "GUY": 10.4470021570159,
    "HND": 76.4799167361622,
    "HRV": 46.8446439836043,
    "HTI": 3.95893375738209,
    "HUN": 32.1187710061273,
    "IDN": 31.7861441414112,
    "IND": 40.021522481888,
    "IRL": 23.7845375555383,
    "IRQ": 13.9914475902598,
    "ISL": 90.8919012460018,
    "ISR": 69.7497169543374,
    "ITA": 59.3116245474103,
    "JAM": 45.0042476926855,
    "JOR": 80.0728593488692,
    "JPN": 120.465190665021,
    "KAZ": 25.4909855668666,
    "KEN": 29.6796395879706,
    "KGZ": 23.0345986660743,
    "KHM": 124.626743091832,
    "KOR": 160.347182678236,
    "KWT": 4.39745431885421,
    "LBY": 12.9461976201383,
    "LSO": 25.0965697912548,
    "LTU": 35.9687269117612,
    "LVA": 29.5395677827529,
    "MAR": 54.7740716140774,
    "MDA": 24.2471978671834,
    "MDG": 16.4396930145981,
    "MEX": 26.5627830058859,
    "MKD": 51.0917497518296,
    "MLI": 22.3328384072033,
    "MNE": 45.2736633073804,
    "MNG": 44.886286237256,
    "MOZ": 17.0793275833612,
    "MWI": 7.68662332465631,
    "MYS": 116.083821742005,
    "NAM": 48.2075262249153,
    "NER": 10.1648326381361,
    "NIC": 29.054086484691,
    "NOR": 109.727156532552,
    "NPL": 91.9385461676866,
    "NZL": 129.797053630622,
    "OMN": 63.1628118346833,
    "PAK": 11.3901296907053,
    "PAN": 68.0946540925239,
    "PER": 39.9651610206549,
    "PHL": 49.8507883635181,
    "PNG": 13.4399902222919,
    "POL": 33.5850783591976,
    "PRT": 77.1374541603137,
    "PRY": 57.3717528164726,
    "PSE": 68.470444023006,
    "QAT": 118.865176019615,
    "ROU": 22.7281195412098,
    "RWA": 22.5266753497516,
    "SAU": 60.3616129008478,
    "SEN": 29.2050411167482,
    "SLB": 21.5188703870797,
    "SLE": 3.95200393074447,
    "SLV": 53.0759781017425,
    "SOM": 5.34625670691688,
    "SRB": 32.6048211359019,
    "SSD": 6.63973433593279,
    "SUR": 16.9988405132596,
    "SVK": 59.6385062859657,
    "SVN": 35.4150241177137,
    "SWE": 125.519295694267,
    "SWZ": 21.5344384127824,
    "TGO": 25.285613396605,
    "THA": 113.994489723001,
    "TLS": 34.6501143032826,
    "TTO": 48.3059033726537,
    "TUN": 60.5717758246008,
    "TUR": 35.9847857181971,
    "TZA": 16.7064515762639,
    "UGA": 12.5121882032558,
    "UKR": 13.4252583648191,
    "URY": 31.060839131164,
    "USA": 46.8609840453383,
    "UZB": 33.1994355366732,
    "VUT": 55.5283955714018,
    "ZAF": 57.4717118210109,
    "ZMB": 12.9651426720317
  },
  "stats": {
    "coverage": 130,
    "min": 3.95200393074447,
    "max": 194.165996844811,
    "median": 39.73845519311135,
    "quantileBreaks": [
      3.95200393074447,
      13.431572018021729,
      24.443203239596542,
      33.309619200251596,
      46.856315456271446,
      59.74180723094885,
      78.81482855377398,
      194.165996844811
    ]
  },
  "formatting": {
    "maximumFractionDigits": 1,
    "suffix": "% of GDP"
  },
  "source": {
    "provider": "World Bank",
    "dataset": "World Development Indicators",
    "attribution": "The World Bank",
    "sourceReference": "https://api.worldbank.org/v2/indicator/FD.AST.PRVT.GD.ZS?format=json&per_page=1",
    "valuesReference": "https://api.worldbank.org/v2/country/all/indicator/FD.AST.PRVT.GD.ZS?format=json&per_page=20000&page=1&date=2015%3A2025",
    "license": "Creative Commons Attribution 4.0 International unless specifically labeled otherwise by World Bank metadata",
    "licenseReference": "https://www.worldbank.org/en/about/legal/terms-of-use-for-datasets",
    "retrievedAt": "2026-06-22T18:07:10.402263+00:00",
    "checksum": "691c9f95e297776b968fcf2c34e941fa4f179b0f3f3be47dc6d7775cfcf4e33f",
    "sourceOrganization": "International Financial Statistics database, International Monetary Fund (IMF);\nWorld Development Indicators Database, World Bank (WB);\nNational Accounts data files, Organisation for Economic Co-operation and Development (OECD)"
  },
  "reviewStatus": "approved",
  "contentVersion": "2026.06.22-exp2-qa1",
  "editorial": {
    "shortHook": "A candidate map for private-sector bank credit.",
    "patternNote": "The darkest countries include China, Korea, Rep., Denmark, while the lightest include Sierra Leone, Haiti, Kuwait; that contrast is the fastest way to read the private-sector bank credit pattern.",
    "whyItMatters": "Private-sector bank credit may add useful WORLDPRINT variety once source coverage, unit clarity, map interest, and distractor ambiguity are reviewed.",
    "bestProbeCountries": [
      {
        "iso3": "CHN",
        "reason": "High anchor: this country sits near the darkest end of the map."
      },
      {
        "iso3": "SLE",
        "reason": "Low anchor: this country clarifies the lightest end of the scale."
      },
      {
        "iso3": "PER",
        "reason": "Middle check: this country helps separate a true pattern from one-off outliers."
      }
    ],
    "commonConfusions": [
      {
        "confusedWithIndicatorCode": "LP.LPI.INFR.XQ",
        "reason": "Logistics infrastructure quality overlaps with part of the visible pattern, but the full country spread does not match."
      },
      {
        "confusedWithIndicatorCode": "SP.DYN.LE00.IN",
        "reason": "Life expectancy can tempt players because it shares a strong country ranking with this map, but its unit and definition point to a different story."
      },
      {
        "confusedWithIndicatorCode": "SH.XPD.CHEX.PC.CD",
        "reason": "Health spending per person overlaps with part of the visible pattern, but the full country spread does not match."
      }
    ],
    "difficultyReason": "Expert difficulty: the map can be mistaken for adjacent indicators unless players probe a high, low, and middle country.",