{
  "schemaVersion": "1.1.0",
  "id": "education-spending",
  "providerCode": "SE.XPD.TOTL.GD.ZS",
  "title": "Government expenditure on education, total (% of GDP)",
  "shortTitle": "Education spending",
  "category": "education",
  "difficulty": "expert",
  "definition": "General government expenditure on education (current, capital, and transfers) is expressed as a percentage of GDP. It includes expenditure funded by transfers from international sources to government. General government usually refers to local, regional and central governments.",
  "unit": "percent of GDP",
  "year": 2022,
  "valuesByIso3": {
    "AGO": 2.38535898416633,
    "ALB": 2.72977995872498,
    "ARG": 4.79263019561768,
    "ARM": 2.4918999671936,
    "AUS": 5.05915021896362,
    "AUT": 5.27749013900757,
    "AZE": 3.04689002037048,
    "BEL": 6.27611017227173,
    "BEN": 3.0972642678305,
    "BFA": 5.29456753304241,
    "BGD": 2.08538657806243,
    "BGR": 4.50109004974365,
    "BHS": 2.62367021406169,
    "BIH": 2.97012986426524,
    "BLR": 4.62823009490967,
    "BLZ": 4.60415983200073,
    "BOL": 7.57551002502441,
    "BRA": 5.61920976638794,
    "BTN": 7.46981980280053,
    "CAF": 2.11509129476365,
    "CAN": 4.84426021575928,
    "CHE": 4.86427021026611,
    "CHL": 4.91201019287109,
    "CIV": 3.47484993934631,
    "CMR": 2.65952378267367,
    "COD": 2.84466514463005,
    "COG": 2.72738253259215,
    "CRI": 5.5472297668457,
    "CUB": 8.44086351669284,
    "CYP": 4.74210977554321,
    "CZE": 4.30291986465454,
    "DEU": 5.23916006088257,
    "DNK": 6.35586023330688,
    "DOM": 3.61088872070271,
    "DZA": 4.74924673000603,
    "ECU": 3.61301994323731,
    "ESP": 4.58553981781006,
    "EST": 5.20733976364136,
    "ETH": 3.73649512188829,
    "FIN": 6.37578010559082,
    "FJI": 3.93839539074194,
    "FRA": 5.32434988021851,
    "GAB": 2.20773650357931,
    "GEO": 3.75498008728027,
    "GHA": 2.90963831638452,
    "GIN": 2.00722302981184,
    "GMB": 2.89168744551701,
    "GRC": 3.37547993659973,
    "GTM": 3.20787000656128,
    "HND": 4.48280030802056,
    "HTI": 1.02689812206798,
    "HUN": 3.8011999130249,
    "IDN": 0.863943349575907,
    "IND": 4.09865814174589,
    "IRN": 2.6699800491333,
    "ISL": 7.30798006057739,
    "ISR": 5.93291997909546,
    "ITA": 4.06775999069214,
    "JAM": 5.35435009002685,
    "JOR": 3.15300011634827,
    "KAZ": 4.36185360851405,
    "KEN": 4.51101801829815,
    "KGZ": 7.16884382244099,
    "KHM": 1.95793279576416,
    "KOR": 5.40910005569458,
    "KWT": 6.58236499988891,
    "LAO": 1.46083440434069,
    "LBN": 1.33151427628711,
    "LBR": 2.2760960068702,
    "LKA": 1.20397218661186,
    "LTU": 4.25285005569458,
    "LUX": 3.74451994895935,
    "LVA": 4.3196702003479,
    "MAR": 5.91224674061277,
    "MDA": 6.10430002212524,
    "MDG": 3.06772823003204,
    "MEX": 4.05987977981567,
    "MLI": 4.04512227529275,
    "MOZ": 5.97607342054314,
    "MRT": 1.38966000080109,
    "MWI": 2.74888371105811,
    "MYS": 3.49933781956284,
    "NAM": 9.3919470845238,
    "NER": 3.71231832079626,
    "NGA": 0.348516707890877,
    "NIC": 3.80001496174069,
    "NLD": 5.17918014526367,
    "NOR": 5.43234014511108,
    "NPL": 4.13645081690396,
    "NZL": 5.16741991043091,
    "OMN": 4.38311004638672,
    "PAK": 1.97300945756988,
    "PAN": 3.37781000137329,
    "PER": 3.83975005149841,
    "PHL": 3.57960089528426,
    "PNG": 0.643376920751815,
    "POL": 4.31372976303101,
    "PRI": 3.86129930773508,
    "PRT": 4.55160999298096,
    "PRY": 3.39619994163513,
    "ROU": 3.2788200378418,
    "RUS": 4.05402755323777,
    "RWA": 4.74213981628418,
    "SEN": 5.95222997665405,
    "SLB": 8.48737829731105,
    "SLE": 4.90762996673584,
    "SLV": 3.26848006248474,
    "SOM": 7.21674775437e-06,
    "SRB": 3.08255004882812,
    "SUR": 3.43460841988051,
    "SVK": 4.65688991546631,
    "SVN": 5.28065013885498,
    "SWE": 7.31909990310669,
    "SWZ": 5.57274175738511,
    "TCD": 2.6016118897064,
    "TGO": 3.77811083266775,
    "THA": 2.61187022798634,
    "TJK": 5.39829770599001,
    "TKM": 3.58004999160767,
    "TTO": 2.81801009178162,
    "TUN": 6.8049896073928,
    "TUR": 3.09571003913879,
    "TZA": 3.2382450375764,
    "UGA": 2.56105027176925,
    "URY": 4.4795298576355,
    "UZB": 5.23477171022152,
    "VNM": 2.88738689372749,
    "VUT": 10.7033456499063,
    "ZAF": 6.15599012374878,
    "ZMB": 3.65884092023983
  },
  "stats": {
    "coverage": 130,
    "min": 7.21674775437e-06,
    "max": 10.7033456499063,
    "median": 4.04957491426526,
    "quantileBreaks": [
      7.21674775437e-06,
      2.578433822313743,
      3.097042235160256,
      3.7387879296228785,
      4.349801206180864,
      4.933030196598594,
      5.924060019745736,
      10.7033456499063
    ]
  },
  "formatting": {
    "maximumFractionDigits": 1,
    "suffix": "% of GDP"
  },
  "source": {
    "provider": "World Bank",
    "dataset": "World Development Indicators",
    "attribution": "The World Bank",
    "sourceReference": "https://api.worldbank.org/v2/indicator/SE.XPD.TOTL.GD.ZS?format=json&per_page=1",
    "valuesReference": "https://api.worldbank.org/v2/country/all/indicator/SE.XPD.TOTL.GD.ZS?format=json&per_page=20000&page=1&date=2015%3A2025",
    "license": "Creative Commons Attribution 4.0 International unless specifically labeled otherwise by World Bank metadata",
    "licenseReference": "https://www.worldbank.org/en/about/legal/terms-of-use-for-datasets",
    "retrievedAt": "2026-06-22T18:05:43.044242+00:00",
    "checksum": "a0825de30be7d1137ea024b930995c02d6f33dc82e1b7ab7426bfb428a134de3",
    "sourceOrganization": "Data API, UN Educational, Scientific and Cultural Organization (UNESCO), uri: https://databrowser.uis.unesco.org/resources, note: The data are obtained through the UIS API.  Detailed documentation is available at: https://api.uis.unesco.org/api/public/documentation/, publisher: UNESCO Institute for Statistics (UIS), date accessed: 2026-03-19, date published: 2026-02"
  },
  "reviewStatus": "approved",
  "contentVersion": "2026.06.22-exp2-qa1",
  "editorial": {
    "shortHook": "A budget-priority map, not a wealth map.",
    "patternNote": "The darkest countries include Vanuatu, Namibia, Solomon Islands, while the lightest include Somalia, Fed. Rep., Nigeria, Papua New Guinea; that contrast is the fastest way to read the education spending pattern.",
    "whyItMatters": "Education spending as a GDP share can highlight policy priority even where income levels differ.",
    "bestProbeCountries": [
      {
        "iso3": "VUT",
        "reason": "High anchor: this country sits near the darkest end of the map."
      },
      {
        "iso3": "SOM",
        "reason": "Low anchor: this country clarifies the lightest end of the scale."
      },
      {
        "iso3": "RUS",
        "reason": "Middle check: this country helps separate a true pattern from one-off outliers."
      }
    ],
    "commonConfusions": [
      {
        "confusedWithIndicatorCode": "NE.CON.GOVT.ZS",
        "reason": "Government consumption can tempt players because it shares a strong country ranking with this map, but its unit and definition point to a different story."
      },
      {
        "confusedWithIndicatorCode": "SH.MED.NUMW.P3",
        "reason": "Nurses and midwives overlaps with part of the visible pattern, but the full country spread does not match."
      },
      {
        "confusedWithIndicatorCode": "SH.STA.SMSS.ZS",
        "reason": "Safely managed sanitation overlaps with part of the visible pattern, but the full country spread does not match."
      }
    ],
    "difficultyReason": "Expert difficulty: the map can be mistaken for adjacent indicators unless players probe a high, low, and middle country.",
    "dataCaveat": "Budget-share indicators should not be read as education quality.",