{
  "schemaVersion": "1.1.0",
  "id": "education-expenditure-savings",
  "providerCode": "NY.ADJ.AEDU.GN.ZS",
  "title": "Adjusted savings: education expenditure (% of GNI)",
  "shortTitle": "Education expenditure share",
  "category": "education",
  "difficulty": "standard",
  "definition": "Education expenditure refers to the current operating expenditures in education, including wages and salaries and excluding capital investments in buildings and equipment. This indicator is expressed as a percentage of Gross National Income (GNI) which is the total income earned by all residents within an economic territory during an accounting period. It is equal to gross domestic product plus earned income receivable from abroad minus earned income payable abroad.",
  "unit": "percent of GNI",
  "year": 2021,
  "valuesByIso3": {
    "AFG": 2.59444730376298,
    "AGO": 3.57,
    "ALB": 2.79249297190928,
    "ARE": 2.87026949648222,
    "ARG": 5.03900899926811,
    "ARM": 2.72293184502268,
    "AUS": 5.01034128558313,
    "AUT": 4.86904988537168,
    "AZE": 3.89614439288728,
    "BDI": 5.17552163934371,
    "BEL": 5.94301952933552,
    "BEN": 2.93313927895418,
    "BFA": 4.31,
    "BGD": 1.34567567868521,
    "BGR": 4.06227190277432,
    "BHS": 3.8356,
    "BLR": 4.44530031372504,
    "BLZ": 6.39,
    "BOL": 6.08,
    "BRA": 5.94603465392286,
    "BRN": 3.99014368743954,
    "BTN": 5.808292089143,
    "BWA": 9.48,
    "CAF": 1.15,
    "CAN": 4.47903188671508,
    "CHE": 4.37407402601123,
    "CHL": 5.5288416385867,
    "CHN": 1.79,
    "CIV": 3.18644784854212,
    "CMR": 2.68,
    "COD": 2.06,
    "COG": 2.52,
    "COL": 4.31309340733355,
    "CRI": 6.85717834728279,
    "CUB": 13.01,
    "CYP": 5.36255618701566,
    "CZE": 4.30352787787162,
    "DEU": 4.53345437624769,
    "DJI": 7.80288270781746,
    "DNK": 6.24096490619321,
    "DOM": 2.51925224689344,
    "DZA": 4.4671956,
    "ECU": 3.62495513358704,
    "EGY": 4.4111256,
    "ERI": 1.72,
    "ESP": 4.00270138832438,
    "EST": 4.76068470960549,
    "ETH": 3.07445529644556,
    "FIN": 5.71727574434593,
    "FJI": 3.95506627050267,
    "FRA": 4.79840379680802,
    "GAB": 3.06,
    "GBR": 5.09641969612617,
    "GEO": 1.76,
    "GHA": 4.24426964934861,
    "GIN": 2.39117943254863,
    "GMB": 2.66,
    "GNB": 1.16,
    "GNQ": 1.0,
    "GRC": 3.13068542427625,
    "GTM": 3.06734319179677,
    "GUY": 2.92,
    "HND": 6.33,
    "HRV": 3.64238955891275,
    "HTI": 1.461652,
    "HUN": 3.88763114383326,
    "IDN": 3.26672479522181,
    "IND": 3.08,
    "IRL": 3.97980002911489,
    "IRN": 3.32768563764598,
    "IRQ": 4.6,
    "ISL": 7.17038861205149,
    "ISR": 5.55455769737424,
    "ITA": 3.85203237187571,
    "JAM": 5.2246927145304,
    "JOR": 2.84222790960026,
    "JPN": 2.64903894986104,
    "KAZ": 3.26478464137584,
    "KEN": 4.87050510355228,
    "KGZ": 5.28774211900058,
    "KHM": 1.76374090999532,
    "KOR": 3.84041475855001,
    "KWT": 3.19,
    "LAO": 2.61316360845178,
    "LBN": 2.1,
    "LBR": 3.66,
    "LBY": 2.1374382,
    "LKA": 1.63568884113916,
    "LSO": 6.27066910468114,
    "LTU": 3.882395151751,
    "LUX": 4.90424132423053,
    "LVA": 3.8118131511009,
    "MAR": 5.2,
    "MDA": 5.54030457086247,
    "MDG": 2.08,
    "MEX": 4.27938258704376,
    "MKD": 3.26865212313863,
    "MLI": 4.52197107628457,
    "MMR": 1.6509697839467,
    "MNG": 4.57563128871155,
    "MOZ": 5.38,
    "MRT": 2.93,
    "MWI": 4.6224340281138,
    "MYS": 3.88609371974762,
    "NAM": 8.919050768048,
    "NCL": 0.53888079544,
    "NER": 3.27589211580644,
    "NGA": 0.85,
    "NIC": 4.1,
    "NLD": 4.69985472758674,
    "NOR": 6.74502790481969,
    "NPL": 2.89187204849563,
    "NZL": 7.37,
    "OMN": 6.49726909438033,
    "PAK": 2.02734916362365,
    "PAN": 2.8,
    "PER": 3.50933804121078,
    "PHL": 1.84,
    "PNG": 6.9,
    "POL": 4.53109092311184,
    "PRI": 8.62495026820096,
    "PRT": 4.58769656643003,
    "PRY": 3.21718079056815,
    "PSE": 4.07809722538055,
    "QAT": 2.44868874881754,
    "ROU": 3.4048865574169,
    "RUS": 4.43283518775609,
    "RWA": 2.52444136642048,
    "SAU": 7.1861867,
    "SDN": 2.18,
    "SEN": 4.98871857494673,
    "SLB": 9.94,
    "SLE": 7.09906777775652,
    "SLV": 3.35235653853383,
    "SOM": 0.991144636141377,
    "SRB": 3.69962505977639,
    "SSD": 1.7627250334384,
    "SUR": 3.4447781,
    "SVK": 4.12542096576481,
    "SVN": 4.63509904774228,
    "SWE": 7.07961708394365,
    "SWZ": 7.05078893803617,
    "SYR": 2.5960693,
    "TCD": 1.76559848199446,
    "TGO": 3.57141272875945,
    "THA": 3.89731150987899,
    "TJK": 3.60743788502946,
    "TKM": 2.32,
    "TLS": 3.18762089405893,
    "TTO": 3.96989299694744,
    "TUN": 5.9,
    "TUR": 4.11688261049072,
    "TZA": 3.73,
    "UGA": 1.71356786922118,
    "UKR": 5.02103168778124,
    "URY": 4.62960400140192,
    "USA": 4.43153013979605,
    "UZB": 4.93858873339081,
    "VEN": 6.54,
    "VNM": 4.57156725932114,
    "VUT": 2.02921986438198,
    "ZAF": 6.49636971995593,
    "ZMB": 3.56386353324634,
    "ZWE": 1.91
  },
  "stats": {
    "coverage": 164,
    "min": 0.53888079544,
    "max": 13.01,
    "median": 3.896727951383135,
    "quantileBreaks": [
      0.53888079544,
      2.1106966285714286,
      3.0056311195517913,
      3.6398989267233626,
      4.2492857833050595,
      4.776850032692289,
      5.945173189755049,
      13.01
    ]
  },
  "formatting": {
    "maximumFractionDigits": 1,
    "suffix": "% of GNI"
  },
  "source": {
    "provider": "World Bank",
    "dataset": "World Development Indicators",
    "attribution": "The World Bank",
    "sourceReference": "https://api.worldbank.org/v2/indicator/NY.ADJ.AEDU.GN.ZS?format=json&per_page=1",
    "valuesReference": "https://api.worldbank.org/v2/country/all/indicator/NY.ADJ.AEDU.GN.ZS?format=json&per_page=20000&page=1&date=2015%3A2025",
    "license": "Creative Commons Attribution 4.0 International unless specifically labeled otherwise by World Bank metadata",
    "licenseReference": "https://www.worldbank.org/en/about/legal/terms-of-use-for-datasets",
    "retrievedAt": "2026-07-02T22:54:07.537178+00:00",
    "checksum": "ce5b57268f96f505fc77d08f178b6ee589fb919f253d20627545d4281896ade6",
    "sourceOrganization": "Staff estimates, World Bank (WB);\nStatistical Yearbook, United Nations (UN), publisher: UN Statistics Division;\nOnline database, UN Educational, Scientific and Cultural Organization (UNESCO), publisher: UNESCO Institute for Statistics (UIS)"
  },
  "reviewStatus": "approved",
  "contentVersion": "2026.07.02-exp4-content50",
  "editorial": {
    "shortHook": "An education-investment map.",
    "patternNote": "The darkest countries include Cuba, Solomon Islands, Botswana, while the lightest include New Caledonia, Nigeria, Somalia, Fed. Rep.; that contrast is the fastest way to read the education expenditure share pattern.",
    "whyItMatters": "Education expenditure as a share of GNI adds a compact investment-priority map beyond enrollment outcomes.",
    "bestProbeCountries": [
      {
        "iso3": "CUB",
        "reason": "High anchor: this country sits near the darkest end of the map."
      },
      {
        "iso3": "NCL",
        "reason": "Low anchor: this country clarifies the lightest end of the scale."
      },
      {
        "iso3": "THA",
        "reason": "Middle check: this country helps separate a true pattern from one-off outliers."
      }
    ],
    "commonConfusions": [
      {
        "confusedWithIndicatorCode": "SE.XPD.TOTL.GD.ZS",
        "reason": "Education spending can tempt players because it shares a strong country ranking with this map, but its unit and definition point to a different story."
      },
      {
        "confusedWithIndicatorCode": "GC.TAX.TOTL.GD.ZS",
        "reason": "Tax revenue overlaps with part of the visible pattern, but the full country spread does not match."
      },
      {
        "confusedWithIndicatorCode": "GC.REV.XGRT.GD.ZS",