{
  "schemaVersion": "1.1.0",
  "id": "electric-transmission-losses",
  "providerCode": "EG.ELC.LOSS.ZS",
  "title": "Electric power transmission and distribution losses (% of output)",
  "shortTitle": "Electric transmission losses",
  "category": "energy",
  "difficulty": "standard",
  "definition": "Electric power transmission and distribution losses include losses in transmission between sources of supply and points of distribution and in the distribution to consumers, including pilferage. The losses are expressed as a share of the total output.",
  "unit": "percent of output",
  "year": 2023,
  "valuesByIso3": {
    "AGO": 11.2667982931024,
    "ALB": 12.3473240062181,
    "ARE": 4.29052360146121,
    "ARG": 23.8509266611933,
    "ARM": 6.69997728821258,
    "AUS": 4.61865240423501,
    "AUT": 4.14126185743066,
    "AZE": 7.63692202695786,
    "BEL": 4.36632681113515,
    "BEN": 58.6206896551724,
    "BFA": 17.1030640668524,
    "BGD": 7.90266328471782,
    "BGR": 5.87504657806484,
    "BIH": 7.23887110852488,
    "BLR": 6.88580402311252,
    "BOL": 8.94736842105263,
    "BRA": 15.1096105687426,
    "BRN": 12.6893601853502,
    "BWA": 20.638363805392,
    "CAN": 3.99982938442533,
    "CHE": 5.50251154773287,
    "CHL": 5.91094282804127,
    "CHN": 3.42898799062376,
    "CIV": 13.6804942630185,
    "CMR": 21.9685812469318,
    "COD": 9.09838516746412,
    "COG": 38.4549109707065,
    "COL": 7.78769785703884,
    "CRI": 9.16583416583417,
    "CUB": 18.7449556093624,
    "CYP": 3.03996997560518,
    "CZE": 3.91148511765623,
    "DEU": 5.03515465508585,
    "DNK": 5.65931459741492,
    "DOM": 12.8033955577533,
    "DZA": 9.20242191012998,
    "ECU": 16.9956450427012,
    "EGY": 19.8703109747594,
    "ERI": 11.7525773195876,
    "ESP": 8.55708688960403,
    "EST": 21.0269799825936,
    "ETH": 20.729151435395,
    "FIN": 3.55163110129998,
    "FRA": 6.95849027888749,
    "GAB": 18.9094387755102,
    "GBR": 9.61662622926309,
    "GEO": 7.98888502952414,
    "GHA": 11.2452612493819,
    "GNQ": 10.6227106227106,
    "GRC": 11.984133344018,
    "GTM": 12.4417784050812,
    "HND": 33.8380015140045,
    "HRV": 10.33008380366,
    "HUN": 6.96581797721199,
    "IDN": 6.45342130761777,
    "IND": 14.1614354109371,
    "IRL": 7.81426598015823,
    "IRN": 10.0485672530559,
    "IRQ": 61.8062946632203,
    "ISL": 2.92940769648767,
    "ISR": 3.86980533469116,
    "ITA": 6.89266988017347,
    "JAM": 26.8860867706775,
    "JOR": 10.9565436664705,
    "JPN": 4.93403467617748,
    "KAZ": 9.72399524585112,
    "KEN": 24.159647327403,
    "KGZ": 18.2918918918919,
    "KHM": 11.5865384615385,
    "KOR": 3.24438949704021,
    "KWT": 9.03689060067942,
    "LAO": 6.23460410557185,
    "LBN": 9.64377406931964,
    "LBY": 20.1683162448883,
    "LKA": 9.21759140884684,
    "LTU": 14.0347942455671,
    "LUX": 4.63654223968566,
    "LVA": 5.91827148896195,
    "MAR": 18.1899293084121,
    "MDA": 8.99610894941634,
    "MDG": 5.27114144861585,
    "MEX": 11.1305372030108,
    "MKD": 13.9054545454545,
    "MMR": 7.8069924740402,
    "MNE": 11.3234591495461,
    "MNG": 14.2184671092336,
    "MOZ": 16.6223070356049,
    "MYS": 6.89739152062844,
    "NAM": 27.8306878306878,
    "NER": 45.7782299084435,
    "NGA": 14.1507361019556,
    "NIC": 21.4585635359116,
    "NLD": 4.13350871423874,
    "NOR": 4.73546596081216,
    "NPL": 14.4083033671134,
    "NZL": 6.60964578388787,
    "OMN": 7.48268930087112,
    "PAK": 15.351141549487,
    "PAN": 6.57513348588863,
    "PER": 11.3404772861745,
    "PHL": 9.99127288748803,
    "POL": 6.17822444760459,
    "PRK": 15.5368354128586,
    "PRT": 9.86481251146953,
    "PRY": 11.8832601195302,
    "QAT": 5.73521307045459,
    "ROU": 9.80649166982857,
    "RUS": 8.38828346435005,
    "RWA": 18.2659932659933,
    "SAU": 9.06819720995971,
    "SDN": 27.0730520608883,
    "SEN": 13.0627212948912,
    "SLV": 9.76860687022901,
    "SRB": 10.3155370125166,
    "SSD": 4.01396160558464,
    "SUR": 11.5963124696749,
    "SVK": 3.73541116275959,
    "SVN": 4.79909308477138,
    "SWE": 5.77146538385122,
    "SWZ": 28.1198003327787,
    "SYR": 21.9292630231256,
    "TCD": 23.6311239193084,
    "TGO": 32.4512534818941,
    "THA": 7.16136006690191,
    "TJK": 17.318512419377,
    "TKM": 9.6441717791411,
    "TTO": 4.1644757598065,
    "TUN": 18.3407755581669,
    "TUR": 8.93648761278945,
    "TZA": 16.7832829046899,
    "UGA": 18.933588761175,
    "UKR": 10.1703292525283,
    "URY": 9.69088098918083,
    "USA": 5.48253479643862,
    "UZB": 4.92546550425143,
    "VEN": 21.4223764093669,
    "VNM": 6.58319222235198,
    "YEM": 31.1855168386218,
    "ZAF": 10.2490525884287,
    "ZMB": 5.34209985617423,
    "ZWE": 22.9980227385072
  },
  "stats": {
    "coverage": 141,
    "min": 2.92940769648767,
    "max": 61.8062946632203,
    "median": 9.80649166982857,
    "quantileBreaks": [
      2.92940769648767,
      4.93403467617748,
      6.89266988017347,
      9.09838516746412,
      11.1305372030108,
      14.2184671092336,
      20.729151435395,
      61.8062946632203
    ]
  },
  "formatting": {
    "maximumFractionDigits": 1,
    "suffix": "%"
  },
  "source": {
    "provider": "World Bank",
    "dataset": "World Development Indicators",
    "attribution": "The World Bank",
    "sourceReference": "https://api.worldbank.org/v2/indicator/EG.ELC.LOSS.ZS?format=json&per_page=1",
    "valuesReference": "https://api.worldbank.org/v2/country/all/indicator/EG.ELC.LOSS.ZS?format=json&per_page=20000&page=1&date=2015%3A2025",
    "license": "Creative Commons Attribution 4.0 International unless specifically labeled otherwise by World Bank metadata",
    "licenseReference": "https://www.worldbank.org/en/about/legal/terms-of-use-for-datasets",
    "retrievedAt": "2026-07-02T22:50:20.021684+00:00",
    "checksum": "be46cf682d7888016c028d73c3ceddbbefe820b468e7aa45422d9851109edc73",
    "sourceOrganization": "IEA Energy Statistics Data Browser, International Energy Agency (IEA), uri: https://www.iea.org/data-and-statistics/data-tools/energy-statistics-data-browser, publisher: International Energy Agency (IEA), date accessed: 2025-03-25"
  },
  "reviewStatus": "approved",
  "contentVersion": "2026.07.02-exp4-content50",
  "editorial": {
    "shortHook": "A power-grid loss map.",
    "patternNote": "The darkest countries include Iraq, Benin, Niger, while the lightest include Iceland, Cyprus, Korea, Rep.; that contrast is the fastest way to read the electric transmission losses pattern.",
    "whyItMatters": "Electricity losses are an intuitive infrastructure-efficiency clue that can differ from access or generation mix.",
    "bestProbeCountries": [
      {
        "iso3": "IRQ",
        "reason": "High anchor: this country sits near the darkest end of the map."
      },
      {
        "iso3": "ISL",
        "reason": "Low anchor: this country clarifies the lightest end of the scale."
      },
      {
        "iso3": "ROU",
        "reason": "Middle check: this country helps separate a true pattern from one-off outliers."
      }
    ],
    "commonConfusions": [
      {
        "confusedWithIndicatorCode": "NY.GDP.PCAP.PP.CD",
        "reason": "GDP per capita, PPP can tempt players because it shares a strong country ranking with this map, but its unit and definition point to a different story."
      },
      {
        "confusedWithIndicatorCode": "IT.NET.BBND.P2",
        "reason": "Fixed broadband can tempt players because it shares a strong country ranking with this map, but its unit and definition point to a different story."
      },
      {
        "confusedWithIndicatorCode": "NY.GNP.PCAP.PP.CD",
        "reason": "GNI per capita, PPP can tempt players because it shares a strong country ranking with this map, but its unit and definition point to a different story."
      }
    ],
    "difficultyReason": "Standard difficulty: the map has readable regional structure, but the best answer still depends on checking the unit and country anchors.",