{
  "schemaVersion": "1.1.0",
  "id": "electric-power-use",
  "providerCode": "EG.USE.ELEC.KH.PC",
  "title": "Electric power consumption (kWh per capita)",
  "shortTitle": "Electric power use",
  "category": "energy",
  "difficulty": "standard",
  "definition": "Electric power consumption measures the production of power plants and combined heat and power plants less transmission, distribution, and transformation losses and own use by heat and power plants.",
  "unit": "kWh per person",
  "year": 2023,
  "valuesByIso3": {
    "AGO": 379.103010494775,
    "ALB": 2888.86725667383,
    "ARE": 15284.7010578561,
    "ARG": 2821.77233232234,
    "ARM": 2386.06079006848,
    "AUS": 9819.87119092096,
    "AUT": 7860.14877086687,
    "AZE": 2366.9587760753,
    "BEL": 6931.1013819588,
    "BEN": 114.662043901248,
    "BFA": 133.328839818471,
    "BGD": 602.897385671726,
    "BGR": 5360.50343468088,
    "BIH": 3676.52483946208,
    "BLR": 4197.72816267243,
    "BOL": 890.13871838809,
    "BRA": 2916.48609397384,
    "BRN": 10674.3886575633,
    "BWA": 1640.96758222175,
    "CAN": 14459.8957515769,
    "CHE": 7174.96649162285,
    "CHL": 4322.99269005513,
    "CHN": 6523.71926193193,
    "CIV": 353.81898290984,
    "CMR": 226.09772560491,
    "COD": 128.528543096494,
    "COG": 338.353373869965,
    "COL": 1552.83278166352,
    "CRI": 2206.04149426357,
    "CUB": 1461.7151414106,
    "CYP": 3841.70423858864,
    "CZE": 5965.3672178366,
    "DEU": 5947.27119952649,
    "DNK": 5878.13723736126,
    "DOM": 1867.39962396078,
    "DZA": 1827.95251014644,
    "ECU": 1675.63186443578,
    "EGY": 1492.89603600873,
    "ERI": 123.329078288031,
    "ESP": 5117.82961999422,
    "EST": 5722.16311047475,
    "ETH": 112.555828390227,
    "FIN": 14392.7795410779,
    "FRA": 6415.02611160317,
    "GAB": 1023.42693886684,
    "GBR": 4231.37008701746,
    "GEO": 3382.3327949556,
    "GHA": 564.994926884211,
    "GNQ": 792.401175828084,
    "GRC": 4693.50942425215,
    "GTM": 733.082414309027,
    "HND": 752.100710474952,
    "HRV": 4484.04352063873,
    "HUN": 4604.58127063007,
    "IDN": 1445.21463483986,
    "IND": 1181.63126786529,
    "IRL": 6144.73623270699,
    "IRN": 3814.54510767933,
    "IRQ": 1377.37792315929,
    "ISL": 50951.2190694985,
    "ISR": 6772.05807696213,
    "ITA": 5047.46897034285,
    "JAM": 1204.66823908562,
    "JOR": 1857.90753262484,
    "JPN": 7655.01641748312,
    "KAZ": 5145.57131631004,
    "KEN": 190.082933008388,
    "KGZ": 2068.80523962111,
    "KHM": 932.398524324088,
    "KOR": 11426.0699114852,
    "KWT": 16496.2026776994,
    "LAO": 1664.71123978848,
    "LBN": 975.319446996818,
    "LBY": 3796.09833965697,
    "LKA": 644.461587330399,
    "LTU": 4202.90536411076,
    "LUX": 11447.5638851792,
    "LVA": 3616.79876414098,
    "MAR": 997.255419654568,
    "MDA": 2411.52290499202,
    "MDG": 80.0745430526006,
    "MEX": 2597.3996144081,
    "MKD": 3320.35609711262,
    "MMR": 368.438955640984,
    "MNE": 4564.34263683004,
    "MNG": 2728.12537254265,
    "MOZ": 390.662628035663,
    "MYS": 5083.71249369916,
    "NAM": 1232.15759197731,
    "NER": 67.7373474414071,
    "NGA": 144.13540249798,
    "NIC": 640.569739227591,
    "NLD": 6206.42579001972,
    "NOR": 23520.1783607185,
    "NPL": 350.972738692613,
    "NZL": 8021.15384615385,
    "OMN": 8203.16762683866,
    "PAK": 518.297657583956,
    "PAN": 2714.88097921417,
    "PER": 1594.68211201468,
    "PHL": 924.622607515829,
    "POL": 4381.86423534017,
    "PRK": 788.585022660889,
    "PRT": 5146.35134570484,
    "PRY": 2388.61064623694,
    "QAT": 19963.2383947181,
    "ROU": 2585.27043246593,
    "RUS": 7285.35211230393,
    "RWA": 76.6779335454565,
    "SAU": 11910.5778104451,
    "SDN": 222.629469247628,
    "SEN": 410.176742198745,
    "SLV": 1136.99326615976,
    "SRB": 5089.5468236345,
    "SSD": 47.8953311108739,
    "SUR": 2897.18645350668,
    "SVK": 4673.89261324478,
    "SVN": 6418.41561811323,
    "SWE": 12149.5179863926,
    "SWZ": 1199.5065444622,
    "SYR": 853.965753129431,
    "TCD": 13.7170206589719,
    "TGO": 217.210533109452,
    "THA": 2965.2131060821,
    "TJK": 1497.4303160244,
    "TKM": 2777.67291950859,
    "TTO": 6663.93664397335,
    "TUN": 1628.63098852819,
    "TUR": 3581.25454543643,
    "TZA": 134.964321593904,
    "UGA": 95.2799806135246,
    "UKR": 2516.32291831974,
    "URY": 3789.75591197495,
    "USA": 12551.2256333524,
    "UZB": 2059.24963004498,
    "VEN": 1952.80326169663,
    "VNM": 2585.49409663119,
    "YEM": 89.7417693913749,
    "ZAF": 3247.14853342661,
    "ZMB": 726.743169079855,
    "ZWE": 503.769027041602
  },
  "stats": {
    "coverage": 141,
    "min": 13.7170206589719,
    "max": 50951.2190694985,
    "median": 2516.32291831974,
    "quantileBreaks": [
      13.7170206589719,
      353.81898290984,
      975.319446996818,
      1857.90753262484,
      2916.48609397384,
      4673.89261324478,
      6931.1013819588,
      50951.2190694985
    ]
  },
  "formatting": {
    "maximumFractionDigits": 0,
    "suffix": " kWh/person"
  },
  "source": {
    "provider": "World Bank",
    "dataset": "World Development Indicators",
    "attribution": "The World Bank",
    "sourceReference": "https://api.worldbank.org/v2/indicator/EG.USE.ELEC.KH.PC?format=json&per_page=1",
    "valuesReference": "https://api.worldbank.org/v2/country/all/indicator/EG.USE.ELEC.KH.PC?format=json&per_page=20000&page=1&date=2015%3A2025",
    "license": "Creative Commons Attribution 4.0 International unless specifically labeled otherwise by World Bank metadata",
    "licenseReference": "https://www.worldbank.org/en/about/legal/terms-of-use-for-datasets",
    "retrievedAt": "2026-06-27T17:14:32.450535+00:00",
    "checksum": "15c90e06848979a742687e95a8b332c1cf11e7537683b08c8e365a469ecbdf8b",
    "sourceOrganization": "IEA Energy Statistics Data Browser, International Energy Agency (IEA), uri: https://www.iea.org/data-and-statistics/data-tools/energy-statistics-data-browser, publisher: International Energy Agency (IEA), date accessed: 2025-03-25"
  },
  "reviewStatus": "approved",
  "contentVersion": "2026.06.22-exp2-qa1",
  "editorial": {
    "shortHook": "The electricity-consumption map.",
    "patternNote": "The darkest countries include Iceland, Norway, Qatar, while the lightest include Chad, South Sudan, Niger; that contrast is the fastest way to read the electric power use pattern.",
    "whyItMatters": "Electric power use per person separates basic access from heavy consumption and industrial demand.",
    "bestProbeCountries": [
      {
        "iso3": "ISL",
        "reason": "High anchor: this country sits near the darkest end of the map."
      },
      {
        "iso3": "TCD",
        "reason": "Low anchor: this country clarifies the lightest end of the scale."
      },
      {
        "iso3": "UKR",
        "reason": "Middle check: this country helps separate a true pattern from one-off outliers."
      }
    ],
    "commonConfusions": [
      {
        "confusedWithIndicatorCode": "EG.USE.PCAP.KG.OE",
        "reason": "Energy use can tempt players because it shares a strong country ranking with this map, but its unit and definition point to a different story."
      },
      {
        "confusedWithIndicatorCode": "NY.GNP.PCAP.PP.CD",
        "reason": "GNI per capita, PPP can tempt players because it shares a strong country ranking with this map, but its unit and definition point to a different story."
      },
      {
        "confusedWithIndicatorCode": "NY.GDP.PCAP.PP.CD",
        "reason": "GDP per capita, PPP can tempt players because it shares a strong country ranking with this map, but its unit and definition point to a different story."
      }
    ],
    "difficultyReason": "Standard difficulty: the map has readable regional structure, but the best answer still depends on checking the unit and country anchors.",