{
  "schemaVersion": "1.1.0",
  "id": "employment-agriculture",
  "providerCode": "SL.AGR.EMPL.ZS",
  "title": "Employment in agriculture (% of total employment) (modeled ILO estimate)",
  "shortTitle": "Employment in agriculture",
  "category": "labor",
  "difficulty": "standard",
  "definition": "Employment is defined as persons of working age who were engaged in any activity to produce goods or provide services for pay or profit, whether at work during the reference period or not at work due to temporary absence from a job, or to working-time arrangement. The agriculture sector consists of activities in agriculture, hunting, forestry and fishing, in accordance with division 1 (ISIC 2) or categories A-B (ISIC 3) or category A (ISIC 4).",
  "unit": "percent of total employment",
  "year": 2025,
  "valuesByIso3": {
    "AFG": 51.6289897399565,
    "AGO": 51.94938948899,
    "ALB": 30.7722832445964,
    "ARE": 1.43785178348385,
    "ARG": 7.0009415978768,
    "ARM": 26.9715605307322,
    "AUS": 2.17612034588263,
    "AUT": 2.76647307328961,
    "AZE": 34.2268398727574,
    "BDI": 85.3410580900747,
    "BEL": 0.984722440079227,
    "BEN": 40.2410451099361,
    "BFA": 51.7754423010249,
    "BGD": 44.2601251126533,
    "BGR": 4.68922155611638,
    "BHS": 0.7749709105122,
    "BIH": 16.7089925708187,
    "BLR": 9.47837477332961,
    "BLZ": 16.1329308733263,
    "BOL": 24.7143896755516,
    "BRA": 7.62782592703127,
    "BRN": 1.20105852995764,
    "BTN": 42.369985477168,
    "BWA": 18.0285048740906,
    "CAF": 66.0601029284997,
    "CAN": 1.10470724220992,
    "CHE": 2.24176495349087,
    "CHL": 6.06552449974121,
    "CHN": 21.6768623336956,
    "CIV": 45.3665059778073,
    "CMR": 41.8539758640678,
    "COD": 58.5244697326526,
    "COG": 36.3523519266662,
    "COL": 14.1575818404901,
    "CRI": 11.4892745659806,
    "CUB": 15.5279603346471,
    "CYP": 2.15460914852042,
    "CZE": 2.70894317746628,
    "DEU": 1.07104516806735,
    "DJI": 1.15106823576948,
    "DNK": 1.62047541964826,
    "DOM": 7.00888333168325,
    "DZA": 9.48460293195362,
    "ECU": 32.4812231898717,
    "EGY": 17.5246443528294,
    "ERI": 55.4760411515685,
    "ESP": 3.37439783451485,
    "EST": 2.95684105766531,
    "ETH": 60.1432419652977,
    "FIN": 3.4933781512605,
    "FJI": 35.6391099561475,
    "FRA": 2.33412938549967,
    "GAB": 28.8656979487195,
    "GBR": 0.851258697821586,
    "GEO": 33.9512428320628,
    "GHA": 34.5735834374172,
    "GIN": 47.3583729943351,
    "GMB": 27.554119667543,
    "GNB": 61.0725985308216,
    "GNQ": 55.3234642801179,
    "GRC": 10.6777890345794,
    "GTM": 29.052772050081,
    "GUY": 12.2137112617045,
    "HND": 22.4237635603666,
    "HRV": 4.32773351894687,
    "HTI": 46.6145273090021,
    "HUN": 4.11368257895561,
    "IDN": 27.2969124578361,
    "IND": 41.6251280877573,
    "IRL": 3.85320090845589,
    "IRN": 13.6239047350303,
    "IRQ": 8.16872836237607,
    "ISL": 3.60655461263791,
    "ISR": 0.75971191888372,
    "ITA": 3.34721738534004,
    "JAM": 13.9407748671765,
    "JOR": 3.11571927652762,
    "JPN": 2.81371149789044,
    "KAZ": 11.3195866944431,
    "KEN": 45.7884267176803,
    "KGZ": 15.4453856526596,
    "KHM": 33.4047460215625,
    "KOR": 5.10382768921025,
    "KWT": 1.8912691752225,
    "LAO": 68.5969890231444,
    "LBR": 41.1209018295306,
    "LBY": 9.99748359042259,
    "LKA": 25.8567580565536,
    "LSO": 30.8762248152198,
    "LTU": 4.66290773768441,
    "LUX": 0.878170498316335,
    "LVA": 6.66365174505463,
    "MAR": 27.8922171629209,
    "MDA": 50.5020476881222,
    "MDG": 69.2089003209287,
    "MEX": 11.4004255375265,
    "MKD": 8.50272495361781,
    "MLI": 63.0137141803861,
    "MMR": 44.9546145963458,
    "MNE": 4.1927094337883,
    "MNG": 27.0038543570098,
    "MOZ": 73.0060812164895,
    "MRT": 32.1227244148495,
    "MWI": 64.9775164281121,
    "MYS": 9.18230248992663,
    "NAM": 22.3382039197562,
    "NCL": 1.78173910065413,
    "NER": 72.9925082692836,
    "NGA": 33.5336954038865,
    "NIC": 30.4723373460185,
    "NLD": 1.70416434849209,
    "NOR": 2.50061616929661,
    "NPL": 22.9119744042875,
    "NZL": 5.41826375579813,
    "OMN": 5.94780282197014,
    "PAK": 36.2295491854662,
    "PAN": 16.0402330789945,
    "PER": 23.1345727852088,
    "PHL": 20.4878884895503,
    "PNG": 36.86247684461,
    "POL": 6.22256646634498,
    "PRI": 1.13900561709703,
    "PRK": 54.0792644304348,
    "PRT": 2.77622589812165,
    "PRY": 15.9653736870385,
    "QAT": 1.62035055673617,
    "ROU": 10.9455166058844,
    "RUS": 5.10897725869351,
    "RWA": 35.0513644642127,
    "SAU": 2.49866168091677,
    "SEN": 29.5764060033702,
    "SLB": 42.4665559783027,
    "SLE": 44.4935124877838,
    "SLV": 13.8525526754496,
    "SOM": 30.0285519563712,
    "SRB": 18.0274369688682,
    "SUR": 6.97515444080613,
    "SVK": 2.16304803036499,
    "SVN": 3.65722292857291,
    "SWE": 1.76684695457337,
    "SWZ": 14.5468333891818,
    "SYR": 16.2968257372617,
    "TCD": 71.7359655462114,
    "TGO": 37.5921529780437,
    "THA": 28.5567111694664,
    "TJK": 43.2727474884624,
    "TKM": 21.9331854636199,
    "TLS": 46.0185778910624,
    "TTO": 4.49480655681181,
    "TUN": 12.4585272316917,
    "TUR": 14.2199829949572,
    "TZA": 64.571791454879,
    "UGA": 64.8536445563912,
    "URY": 8.07077350824949,
    "USA": 1.52494439217106,
    "UZB": 25.1978529929594,
    "VEN": 8.87472626253569,
    "VNM": 25.0433926775449,
    "VUT": 44.5275583686422,
    "YEM": 31.6169333772096,
    "ZAF": 5.40709733328508,
    "ZMB": 54.5286060377699,
    "ZWE": 54.3115427595032
  },
  "stats": {
    "coverage": 163,
    "min": 0.75971191888372,
    "max": 85.3410580900747,
    "median": 16.2968257372617,
    "quantileBreaks": [
      0.75971191888372,
      2.4989408935424615,
      5.569560631847276,
      12.957974733122532,
      24.03732529397611,
      34.148097861130374,
      47.25210932500181,
      85.3410580900747
    ]
  },
  "formatting": {
    "maximumFractionDigits": 1,
    "suffix": "%"
  },
  "source": {
    "provider": "World Bank",
    "dataset": "World Development Indicators",
    "attribution": "The World Bank",
    "sourceReference": "https://api.worldbank.org/v2/indicator/SL.AGR.EMPL.ZS?format=json&per_page=1",
    "valuesReference": "https://api.worldbank.org/v2/country/all/indicator/SL.AGR.EMPL.ZS?format=json&per_page=20000&page=1&date=2015%3A2025",
    "license": "Creative Commons Attribution 4.0 International unless specifically labeled otherwise by World Bank metadata",
    "licenseReference": "https://www.worldbank.org/en/about/legal/terms-of-use-for-datasets",
    "retrievedAt": "2026-06-19T17:09:17.626230+00:00",
    "checksum": "82c5fea5f12a231b7e6da8228c6e9357a63602fc54a95b559b3ba1dea5b61089",
    "sourceOrganization": "ILO Modelled Estimates database (ILOEST), International Labour Organization (ILO), uri: https://ilostat.ilo.org/data/bulk/, publisher: ILOSTAT, type: external database, date accessed: January 17, 2026"
  },
  "reviewStatus": "approved",
  "contentVersion": "2026.06.19-ed1",
  "editorial": {
    "shortHook": "The farming-workforce map.",
    "patternNote": "The darkest countries include Burundi, Mozambique, Niger, while the lightest include Israel, Bahamas, The, United Kingdom; that contrast is the fastest way to read the employment in agriculture pattern.",
    "whyItMatters": "Agricultural employment shows where farming remains central to people's work, not just land cover.",
    "bestProbeCountries": [
      {
        "iso3": "BDI",
        "reason": "High anchor: this country sits near the darkest end of the map."
      },
      {
        "iso3": "ISR",
        "reason": "Low anchor: this country clarifies the lightest end of the scale."
      },
      {
        "iso3": "SYR",
        "reason": "Middle check: this country helps separate a true pattern from one-off outliers."
      }
    ],
    "commonConfusions": [
      {
        "confusedWithIndicatorCode": "SL.SRV.EMPL.ZS",