{
  "schemaVersion": "1.1.0",
  "id": "employment-services",
  "providerCode": "SL.SRV.EMPL.ZS",
  "title": "Employment in services (% of total employment) (modeled ILO estimate)",
  "shortTitle": "Employment in services",
  "category": "labor",
  "difficulty": "standard",
  "definition": "Employment is defined as persons of working age who were engaged in any activity to produce goods or provide services for pay or profit, whether at work during the reference period or not at work due to temporary absence from a job, or to working-time arrangement. The services sector consists of wholesale and retail trade and restaurants and hotels; transport, storage, and communications; financing, insurance, real estate, and business services; and community, social, and personal services, in accordance with divisions 6-9 (ISIC 2) or categories G-Q (ISIC 3) or categories G-U (ISIC 4).",
  "unit": "percent of total employment",
  "year": 2025,
  "valuesByIso3": {
    "AFG": 29.4719178364586,
    "AGO": 40.8514654803696,
    "ALB": 47.2443938528146,
    "ARE": 67.9677172675509,
    "ARG": 71.8147392248427,
    "ARM": 51.7297438371184,
    "AUS": 78.5307299266158,
    "AUT": 72.5860340795189,
    "AZE": 50.2379526950328,
    "BDI": 11.555679288196,
    "BEL": 79.7685825220163,
    "BEN": 41.442370995676,
    "BFA": 31.558141814278,
    "BGD": 37.7062779422273,
    "BGR": 67.4343775753033,
    "BHS": 84.4354393074231,
    "BIH": 52.6908459507566,
    "BLR": 59.4634450411494,
    "BLZ": 68.5182208409985,
    "BOL": 55.4920644482231,
    "BRA": 72.1590982894571,
    "BRN": 78.4133595005728,
    "BTN": 41.751131926612,
    "BWA": 66.1987613296387,
    "CAF": 20.5464005334446,
    "CAN": 80.1468654728121,
    "CHE": 78.1685429889649,
    "CHL": 72.4344092725215,
    "CHN": 46.5308142926728,
    "CIV": 40.301955185326,
    "CMR": 43.5314147377979,
    "COD": 33.4535474279797,
    "COG": 44.1675053748199,
    "COL": 65.8427408631905,
    "CRI": 70.032117480454,
    "CUB": 67.5630816773266,
    "CYP": 81.5765146373869,
    "CZE": 62.3966739543494,
    "DEU": 72.9547886419257,
    "DJI": 92.1662710237891,
    "DNK": 79.5748181773447,
    "DOM": 74.0204119000483,
    "DZA": 58.2543408872525,
    "ECU": 50.9282964613367,
    "EGY": 53.1180498028743,
    "ERI": 31.7822898701048,
    "ESP": 76.774166700687,
    "EST": 71.0457726757545,
    "ETH": 33.4085850993779,
    "FIN": 75.6665546218487,
    "FJI": 51.7107898868497,
    "FRA": 78.3266612562329,
    "GAB": 52.2824316264551,
    "GBR": 83.2346343545551,
    "GEO": 49.4768253255816,
    "GHA": 47.1708185731584,
    "GIN": 38.4901231323681,
    "GMB": 53.6436689000085,
    "GNB": 29.2144614326375,
    "GNQ": 34.7479074828001,
    "GRC": 73.0070237583302,
    "GTM": 48.2345251648488,
    "GUY": 56.6920372875109,
    "HND": 55.9398845656115,
    "HRV": 69.3106058073125,
    "HTI": 44.5850424241342,
    "HUN": 65.3516602373567,
    "IDN": 50.1698745725842,
    "IND": 32.5575625031109,
    "IRL": 77.932823957288,
    "IRN": 51.674147005512,
    "IRQ": 65.2954744662424,
    "ISL": 78.1494643918603,
    "ISR": 84.0935245657305,
    "ITA": 70.2267616989263,
    "JAM": 68.9286353113298,
    "JOR": 80.7571359278194,
    "JPN": 73.9575933652489,
    "KAZ": 68.7945576301588,
    "KEN": 41.7331004461455,
    "KGZ": 57.7310774891991,
    "KHM": 37.7214984459931,
    "KOR": 71.5133653919359,
    "KWT": 73.496713591539,
    "LAO": 23.9881235384869,
    "LBR": 50.531159632099,
    "LBY": 71.3751590394371,
    "LKA": 47.8392733572592,
    "LSO": 36.0864752457691,
    "LTU": 69.435273271226,
    "LUX": 91.4778095399598,
    "LVA": 71.5002159943841,
    "MAR": 48.2745559288651,
    "MDA": 36.9441386019795,
    "MDG": 20.8882641065098,
    "MEX": 64.0792516022262,
    "MKD": 60.8712604359926,
    "MLI": 28.3964232086821,
    "MMR": 36.8856128126541,
    "MNE": 77.5793384016688,
    "MNG": 49.9059178481407,
    "MOZ": 20.5539713948222,
    "MRT": 52.8346574833529,
    "MWI": 27.6789722316402,
    "MYS": 64.8618460303923,
    "NAM": 61.1148788443866,
    "NCL": 77.5702935032022,
    "NER": 17.7370462985117,
    "NGA": 49.4564057132697,
    "NIC": 52.6494477494836,
    "NLD": 84.5396712399754,
    "NOR": 79.6640127716935,
    "NPL": 45.8085364628854,
    "NZL": 74.6438838430131,
    "OMN": 54.6167366130906,
    "PAK": 38.514965787622,
    "PAN": 66.9520127272771,
    "PER": 60.0786745440895,
    "PHL": 59.5480051595847,
    "PNG": 55.2660602935947,
    "POL": 63.7521015412052,
    "PRI": 84.1413773187735,
    "PRK": 23.5148640139739,
    "PRT": 72.6728676887903,
    "PRY": 65.0838345545717,
    "QAT": 60.35965499607,
    "ROU": 56.4832124177493,
    "RUS": 69.0585484649102,
    "RWA": 46.5412225721368,
    "SAU": 74.4304575440061,
    "SEN": 47.9248738621857,
    "SLB": 49.9547595242512,
    "SLE": 44.0369486705191,
    "SLV": 63.0108282742462,
    "SOM": 52.2194392045983,
    "SRB": 54.9047279856067,
    "SUR": 66.9213955372514,
    "SVK": 63.3086886994208,
    "SVN": 64.3742586208093,
    "SWE": 81.4112121058729,
    "SWZ": 58.7199520290647,
    "SYR": 58.5022194902612,
    "TCD": 19.7618957733346,
    "TGO": 44.2472358206748,
    "THA": 49.2059648636357,
    "TJK": 39.071884534804,
    "TKM": 49.5001690684825,
    "TLS": 50.1772559153265,
    "TTO": 71.3244357607712,
    "TUN": 54.2620289656687,
    "TUR": 58.4894545483468,
    "TZA": 27.3246630727964,
    "UGA": 27.8501794525323,
    "URY": 73.1514842368313,
    "USA": 79.5627787515985,
    "UZB": 50.1906943451481,
    "VEN": 74.3732817797608,
    "VNM": 40.1305077279733,
    "VUT": 45.4272811284895,
    "YEM": 57.254720049211,
    "ZAF": 73.833224386876,
    "ZMB": 35.1915560379026,
    "ZWE": 34.1608804151819
  },
  "stats": {
    "coverage": 163,
    "min": 11.555679288196,
    "max": 92.1662710237891,
    "median": 57.254720049211,
    "quantileBreaks": [
      11.555679288196,
      36.89397363970059,
      47.414359425513055,
      52.752479464726434,
      61.84733319293677,
      69.86159056353172,
      76.61593640371011,
      92.1662710237891
    ]
  },
  "formatting": {
    "maximumFractionDigits": 1,
    "suffix": "%"
  },
  "source": {
    "provider": "World Bank",
    "dataset": "World Development Indicators",
    "attribution": "The World Bank",
    "sourceReference": "https://api.worldbank.org/v2/indicator/SL.SRV.EMPL.ZS?format=json&per_page=1",
    "valuesReference": "https://api.worldbank.org/v2/country/all/indicator/SL.SRV.EMPL.ZS?format=json&per_page=20000&page=1&date=2015%3A2025",
    "license": "Creative Commons Attribution 4.0 International unless specifically labeled otherwise by World Bank metadata",
    "licenseReference": "https://www.worldbank.org/en/about/legal/terms-of-use-for-datasets",
    "retrievedAt": "2026-06-22T18:06:01.377236+00:00",
    "checksum": "dfcbfdf1d0527c19a8dc0840f1ffc00f61f92fa368ef1ad1ed7b4762782b014a",
    "sourceOrganization": "ILO Modelled Estimates database (ILOEST), International Labour Organization (ILO), uri: https://ilostat.ilo.org/data/bulk/, publisher: ILOSTAT, type: external database, date accessed: January 17, 2026"
  },
  "reviewStatus": "approved",
  "contentVersion": "2026.06.22-exp2-qa1",
  "editorial": {
    "shortHook": "The service-economy workforce map.",
    "patternNote": "The darkest countries include Djibouti, Luxembourg, Netherlands, while the lightest include Burundi, Niger, Chad; that contrast is the fastest way to read the employment in services pattern.",
    "whyItMatters": "Services employment helps distinguish mature urban economies from agriculture- or industry-heavy ones.",
    "bestProbeCountries": [
      {
        "iso3": "DJI",
        "reason": "High anchor: this country sits near the darkest end of the map."
      },
      {
        "iso3": "BDI",
        "reason": "Low anchor: this country clarifies the lightest end of the scale."
      },
      {
        "iso3": "YEM",
        "reason": "Middle check: this country helps separate a true pattern from one-off outliers."
      }
    ],