{
  "schemaVersion": "1.1.0",
  "id": "employment-industry",
  "providerCode": "SL.IND.EMPL.ZS",
  "title": "Employment in industry (% of total employment) (modeled ILO estimate)",
  "shortTitle": "Employment in industry",
  "category": "labor",
  "difficulty": "standard",
  "definition": "Employment is defined as persons of working age who were engaged in any activity to produce goods or provide services for pay or profit, whether at work during the reference period or not at work due to temporary absence from a job, or to working-time arrangement. The industry sector consists of mining and quarrying, manufacturing, construction, and public utilities (electricity, gas, and water), in accordance with divisions 2-5 (ISIC 2) or categories C-F (ISIC 3) or categories B-F (ISIC 4).",
  "unit": "percent of total employment",
  "year": 2025,
  "valuesByIso3": {
    "AFG": 18.899104657876,
    "AGO": 7.1991450306404,
    "ALB": 21.9832473174847,
    "ARE": 30.5944309489653,
    "ARG": 21.1843287834617,
    "ARM": 21.2986956321494,
    "AUS": 19.2931356135301,
    "AUT": 24.6474928471915,
    "AZE": 15.5352074322098,
    "BDI": 3.10326262172932,
    "BEL": 19.2466752826094,
    "BEN": 18.3165686015882,
    "BFA": 16.6664054354484,
    "BGD": 18.0335872114531,
    "BGR": 27.8764008685803,
    "BHS": 14.7900390405635,
    "BIH": 30.6001614784247,
    "BLR": 31.0582019807505,
    "BLZ": 15.3488482856752,
    "BOL": 19.793531111996,
    "BRA": 20.2130767653291,
    "BRN": 20.3855819694696,
    "BTN": 15.87888259622,
    "BWA": 15.7727337962707,
    "CAF": 13.3934965380557,
    "CAN": 18.748427284978,
    "CHE": 19.5896920575442,
    "CHL": 21.5000875057251,
    "CHN": 31.7923235092111,
    "CIV": 14.3315310024622,
    "CMR": 14.6146003508013,
    "COD": 8.02198283936773,
    "COG": 19.480142698514,
    "COL": 19.9996732725827,
    "CRI": 18.4786521803355,
    "CUB": 16.9089579880263,
    "CYP": 16.2688762140927,
    "CZE": 34.8943828681843,
    "DEU": 25.9741661900069,
    "DJI": 6.68266074044144,
    "DNK": 18.8047064030071,
    "DOM": 18.9706856552867,
    "DZA": 32.2610561807939,
    "ECU": 16.5904803487916,
    "EGY": 29.3573117863816,
    "ERI": 12.7416689783267,
    "ESP": 19.851444753623,
    "EST": 25.9973862665802,
    "ETH": 6.44818568769962,
    "FIN": 20.8400288115246,
    "FJI": 12.6501001570029,
    "FRA": 19.3392093582674,
    "GAB": 18.8518704248254,
    "GBR": 15.9140950992435,
    "GEO": 16.5719318423556,
    "GHA": 18.2555979894244,
    "GIN": 14.1515038732967,
    "GMB": 18.8022114324485,
    "GNB": 9.71294003654093,
    "GNQ": 9.92862823708198,
    "GRC": 16.3151872070903,
    "GTM": 22.7127027850702,
    "GUY": 31.0942514507846,
    "HND": 21.6363518740219,
    "HRV": 26.361721464199,
    "HTI": 8.80043026686365,
    "HUN": 30.5346571836877,
    "IDN": 22.5332080518796,
    "IND": 25.8173073806381,
    "IRL": 18.2139751342561,
    "IRN": 34.7019556473859,
    "IRQ": 26.5358161128114,
    "ISL": 18.244402568221,
    "ISR": 15.1467635153857,
    "ITA": 26.4260250626201,
    "JAM": 17.1305898214937,
    "JOR": 16.1271819929414,
    "JPN": 23.2286936582183,
    "KAZ": 19.8858556753982,
    "KEN": 12.4784728361742,
    "KGZ": 26.8235732341191,
    "KHM": 28.8737555324444,
    "KOR": 23.3828172443507,
    "KWT": 24.6120172332385,
    "LAO": 7.41491516120134,
    "LBR": 8.34797704912856,
    "LBY": 18.6273103344473,
    "LKA": 26.3039567814535,
    "LSO": 33.0372999390111,
    "LTU": 25.9018189910896,
    "LUX": 7.64401996172388,
    "LVA": 21.8361322605612,
    "MAR": 23.833218208613,
    "MDA": 12.5538719656058,
    "MDG": 9.90283557256148,
    "MEX": 24.5203195301158,
    "MKD": 30.6260146103896,
    "MLI": 8.58986261093178,
    "MMR": 18.1597725910001,
    "MNE": 18.2279521645429,
    "MNG": 23.0902277948495,
    "MOZ": 6.43994738868829,
    "MRT": 15.0426181017976,
    "MWI": 7.34349868449811,
    "MYS": 25.9558514796811,
    "NAM": 16.5470247147778,
    "NCL": 20.6479673961437,
    "NER": 9.2704538186894,
    "NGA": 17.0098988828439,
    "NIC": 16.8782149044979,
    "NLD": 13.7561644115326,
    "NOR": 17.8353710590099,
    "NPL": 31.2794891328272,
    "NZL": 19.9378176818598,
    "OMN": 39.4354242133981,
    "PAK": 25.2554862685016,
    "PAN": 17.0077064902912,
    "PER": 16.7867526707018,
    "PHL": 19.9641083102109,
    "PNG": 7.87146286179526,
    "POL": 30.0253374100149,
    "PRI": 14.7196170641295,
    "PRK": 22.4058715555913,
    "PRT": 24.5509064130881,
    "PRY": 18.9507917583898,
    "QAT": 38.0200378963815,
    "ROU": 32.5712709763663,
    "RUS": 25.8324630811929,
    "RWA": 18.4074129636505,
    "SAU": 23.0708867758353,
    "SEN": 22.4987033658158,
    "SLB": 7.57868449744618,
    "SLE": 11.4695388416971,
    "SLV": 23.1365844562841,
    "SOM": 17.7520088390305,
    "SRB": 27.0678667880501,
    "SUR": 26.1034500219424,
    "SVK": 34.5282254388159,
    "SVN": 31.9684193523133,
    "SWE": 16.8219600412214,
    "SWZ": 26.7332145817534,
    "SYR": 25.200954772477,
    "TCD": 8.50213868045393,
    "TGO": 18.1606112012815,
    "THA": 22.2373264328915,
    "TJK": 17.6553679767336,
    "TKM": 28.5666928924369,
    "TLS": 3.80416619361111,
    "TTO": 24.180757682417,
    "TUN": 33.2794438026396,
    "TUR": 27.290562456696,
    "TZA": 8.10354547232463,
    "UGA": 7.29617599107653,
    "URY": 18.7777422549192,
    "USA": 18.9122762686396,
    "UZB": 24.6114383374347,
    "VEN": 16.7519824595264,
    "VNM": 34.8260889132074,
    "VUT": 10.0451605028683,
    "YEM": 11.1283465735793,
    "ZAF": 20.7596838129246,
    "ZMB": 10.2798379243275,
    "ZWE": 11.5275768253149
  },
  "stats": {
    "coverage": 163,
    "min": 3.10326262172932,
    "max": 39.4354242133981,
    "median": 18.9507917583898,
    "quantileBreaks": [
      3.10326262172932,
      10.401053445649186,
      16.282107926377726,
      18.281728251780315,
      19.98443114585193,
      24.081460689901576,
      27.792709666882544,
      39.4354242133981
    ]
  },
  "formatting": {
    "maximumFractionDigits": 1,
    "suffix": "%"
  },
  "source": {
    "provider": "World Bank",
    "dataset": "World Development Indicators",
    "attribution": "The World Bank",
    "sourceReference": "https://api.worldbank.org/v2/indicator/SL.IND.EMPL.ZS?format=json&per_page=1",
    "valuesReference": "https://api.worldbank.org/v2/country/all/indicator/SL.IND.EMPL.ZS?format=json&per_page=20000&page=1&date=2015%3A2025",
    "license": "Creative Commons Attribution 4.0 International unless specifically labeled otherwise by World Bank metadata",
    "licenseReference": "https://www.worldbank.org/en/about/legal/terms-of-use-for-datasets",
    "retrievedAt": "2026-06-27T17:15:16.649572+00:00",
    "checksum": "de5b004d1f84b9383b44087c5bc4c7ae0c92052dc42e64f7c807487de18e434d",
    "sourceOrganization": "ILO Modelled Estimates database (ILOEST), International Labour Organization (ILO), uri: https://ilostat.ilo.org/data/bulk/, publisher: ILOSTAT, type: external database, date accessed: January 17, 2026"
  },
  "reviewStatus": "approved",
  "contentVersion": "2026.06.22-exp2-qa1",
  "editorial": {
    "shortHook": "A candidate map for employment in industry.",
    "patternNote": "The darkest countries include Oman, Qatar, Czechia, while the lightest include Burundi, Timor-Leste, Mozambique; that contrast is the fastest way to read the employment in industry pattern.",
    "whyItMatters": "Employment in industry may add useful WORLDPRINT variety once source coverage, unit clarity, map interest, and distractor ambiguity are reviewed.",
    "bestProbeCountries": [
      {
        "iso3": "OMN",
        "reason": "High anchor: this country sits near the darkest end of the map."
      },
      {
        "iso3": "BDI",
        "reason": "Low anchor: this country clarifies the lightest end of the scale."
      },
      {
        "iso3": "PRY",
        "reason": "Middle check: this country helps separate a true pattern from one-off outliers."
      }
    ],