{
  "schemaVersion": "1.1.0",
  "id": "employers-share",
  "providerCode": "SL.EMP.MPYR.ZS",
  "title": "Employers, total (% of total employment) (modeled ILO estimate)",
  "shortTitle": "Employers share",
  "category": "labor",
  "difficulty": "expert",
  "definition": "Employers are those workers who, working on their own account or with one or a few partners, hold the type of jobs defined as a \"self-employment jobs\" i.e. jobs where the remuneration is directly dependent upon the profits derived from the goods and services produced), and, in this capacity, have engaged, on a continuous basis, one or more persons to work for them as employee(s).",
  "unit": "percent of total employment",
  "year": 2025,
  "valuesByIso3": {
    "AFG": 1.62999886955164,
    "AGO": 9.6383642818888,
    "ALB": 4.24773169102019,
    "ARE": 3.56519407908874,
    "ARG": 3.30686030164367,
    "ARM": 0.81608841550374,
    "AUS": 6.98004390151129,
    "AUT": 4.34376077874429,
    "AZE": 13.1424421895605,
    "BDI": 1.18599335843719,
    "BEL": 3.55520312102116,
    "BEN": 1.30595942146718,
    "BFA": 2.0433192414765,
    "BGD": 3.69327163338049,
    "BGR": 4.87371130375755,
    "BHS": 1.11146552614909,
    "BIH": 3.95286775118237,
    "BLR": 0.506608313572325,
    "BLZ": 5.33795328844356,
    "BOL": 3.57695935717727,
    "BRA": 4.2088753640272,
    "BRN": 2.79240558037102,
    "BTN": 0.481665552747026,
    "BWA": 2.49754363497864,
    "CAF": 5.97762039747374,
    "CAN": 3.35445838964523,
    "CHE": 7.2636385377146,
    "CHL": 2.99164222003437,
    "CHN": 4.26872776335895,
    "CIV": 1.53389817827361,
    "CMR": 1.7168761983758,
    "COD": 3.56412422974892,
    "COG": 0.862097479150424,
    "COL": 2.68002198569803,
    "CRI": 3.22519298351138,
    "CUB": 5.57508976935375,
    "CYP": 1.78538022795516,
    "CZE": 2.22443122283328,
    "DEU": 3.80498457625901,
    "DJI": 20.8278195868478,
    "DNK": 2.51552564300075,
    "DOM": 4.10676817443883,
    "DZA": 4.64194686916113,
    "ECU": 2.21612153099189,
    "EGY": 3.04115012618017,
    "ERI": 4.47245908361777,
    "ESP": 4.46821712626996,
    "EST": 4.9752077535858,
    "ETH": 0.165083119424412,
    "FIN": 3.08152819458466,
    "FJI": 1.28850630718423,
    "FRA": 4.7854265387464,
    "GAB": 2.5874679904691,
    "GBR": 1.61688041195162,
    "GEO": 3.66765784656816,
    "GHA": 7.50005775593795,
    "GIN": 2.78024050452322,
    "GMB": 5.09989080654737,
    "GNB": 0.524576002961666,
    "GNQ": 4.4168300175325,
    "GRC": 7.39362929813437,
    "GTM": 2.92046842397583,
    "GUY": 5.77462682934462,
    "HND": 10.2371999564837,
    "HRV": 6.39096167465555,
    "HTI": 0.798046838386589,
    "HUN": 3.80167305301578,
    "IDN": 3.38060840354322,
    "IND": 3.31913685181399,
    "IRL": 3.72908048225826,
    "IRN": 3.42049967435862,
    "IRQ": 4.51536178222169,
    "ISL": 4.89909656966278,
    "ISR": 3.6413904108995,
    "ITA": 6.77444894307893,
    "JAM": 4.1930993981832,
    "JOR": 3.35058295590485,
    "JPN": 1.56347509536615,
    "KAZ": 1.33636960076238,
    "KEN": 0.969277107608702,
    "KGZ": 1.53590290815029,
    "KHM": 3.19760441748387,
    "KOR": 4.9827677795234,
    "KWT": 0.758035111342744,
    "LAO": 0.76093631095038,
    "LBR": 1.49078995962917,
    "LBY": 4.28495365100628,
    "LKA": 2.82646640172122,
    "LSO": 5.87978473880908,
    "LTU": 1.14275009366804,
    "LUX": 3.39004094091427,
    "LVA": 5.04223140198355,
    "MAR": 4.52707228846485,
    "MDA": 0.162941214165458,
    "MDG": 3.90460090392979,
    "MEX": 5.53528661652543,
    "MKD": 4.25063775510204,
    "MLI": 0.594423514390786,
    "MMR": 2.58161405573506,
    "MNE": 3.07365477182886,
    "MNG": 2.80828980534322,
    "MOZ": 1.62466493803534,
    "MRT": 4.09953630933669,
    "MWI": 1.35109002719215,
    "MYS": 3.4836857726313,
    "NAM": 6.6041497611281,
    "NCL": 2.98212267543409,
    "NER": 5.74767734207473,
    "NGA": 19.6729489852455,
    "NIC": 5.4030542009143,
    "NLD": 3.36360564537336,
    "NOR": 0.708062199120898,
    "NPL": 1.60456696978953,
    "NZL": 5.83159736688609,
    "OMN": 1.14820019818867,
    "PAK": 1.48944707066888,
    "PAN": 2.71070011949711,
    "PER": 3.83389561516568,
    "PHL": 2.52638254335675,
    "PNG": 7.51327685271884,
    "POL": 3.91089145653783,
    "PRI": 2.30320894094298,
    "PRK": 5.28801348459842,
    "PRT": 4.77578839238821,
    "PRY": 5.1669174633368,
    "QAT": 0.376226352789871,
    "ROU": 1.41817757069993,
    "RUS": 1.39189699762383,
    "RWA": 1.09258693981244,
    "SAU": 3.88516061808285,
    "SEN": 1.33944449223504,
    "SLB": 1.29048457073575,
    "SLE": 2.76932093783795,
    "SLV": 4.84184824779558,
    "SOM": 6.20612930135847,
    "SRB": 3.12543249190248,
    "SUR": 4.0990109036897,
    "SVK": 3.11299444218927,
    "SVN": 3.35031547945246,
    "SWE": 3.36265757681974,
    "SWZ": 1.83876827569179,
    "SYR": 3.57252928848037,
    "TCD": 1.33679513131102,
    "TGO": 1.5940828864655,
    "THA": 2.71533005546907,
    "TJK": 3.28373628986737,
    "TKM": 3.75298833878004,
    "TLS": 16.2287105011937,
    "TTO": 4.47182036289454,
    "TUN": 7.00217085207462,
    "TUR": 4.6418379263427,
    "TZA": 1.6875726155848,
    "UGA": 6.13314636414626,
    "URY": 3.60249681791023,
    "USA": 2.26398561751631,
    "UZB": 12.1204474989602,
    "VEN": 3.12281126339647,
    "VNM": 1.94966569921606,
    "VUT": 2.62593503164723,
    "YEM": 7.05411168166103,
    "ZAF": 5.61168839942724,
    "ZMB": 1.55695335946145,
    "ZWE": 2.56246288768099
  },
  "stats": {
    "coverage": 163,
    "min": 0.162941214165458,
    "max": 20.8278195868478,
    "median": 3.36265757681974,
    "quantileBreaks": [
      0.162941214165458,
      1.3371736114430228,
      2.2357324784570025,
      3.09501372927235,
      3.624721728189813,
      4.453535095202115,
      5.728250350267946,
      20.8278195868478
    ]
  },
  "formatting": {
    "maximumFractionDigits": 1,
    "suffix": "%"
  },
  "source": {
    "provider": "World Bank",
    "dataset": "World Development Indicators",
    "attribution": "The World Bank",
    "sourceReference": "https://api.worldbank.org/v2/indicator/SL.EMP.MPYR.ZS?format=json&per_page=1",
    "valuesReference": "https://api.worldbank.org/v2/country/all/indicator/SL.EMP.MPYR.ZS?format=json&per_page=20000&page=1&date=2015%3A2025",
    "license": "Creative Commons Attribution 4.0 International unless specifically labeled otherwise by World Bank metadata",
    "licenseReference": "https://www.worldbank.org/en/about/legal/terms-of-use-for-datasets",
    "retrievedAt": "2026-07-02T22:38:38.375268+00:00",
    "checksum": "27b6a7ebc2e90527708506e5d387e1c5259c565802f56a252d97dcf3d98c60dd",
    "sourceOrganization": "ILO Modelled Estimates database (ILOEST), International Labour Organization (ILO), uri: https://ilostat.ilo.org/data/bulk/, publisher: ILOSTAT, type: external database, date accessed: January 17, 2026"
  },
  "reviewStatus": "approved",
  "contentVersion": "2026.07.02-exp4-content50",
  "editorial": {
    "shortHook": "A candidate map for employers share.",
    "patternNote": "The darkest countries include Djibouti, Nigeria, Timor-Leste, while the lightest include Moldova, Ethiopia, Qatar; that contrast is the fastest way to read the employers share pattern.",
    "whyItMatters": "Employers share may add useful WORLDPRINT variety once source coverage, unit clarity, map interest, and distractor ambiguity are reviewed.",
    "bestProbeCountries": [
      {
        "iso3": "DJI",
        "reason": "High anchor: this country sits near the darkest end of the map."
      },
      {
        "iso3": "MDA",
        "reason": "Low anchor: this country clarifies the lightest end of the scale."
      },
      {
        "iso3": "SWE",
        "reason": "Middle check: this country helps separate a true pattern from one-off outliers."
      }
    ],
    "commonConfusions": [
      {
        "confusedWithIndicatorCode": "NY.ADJ.DNGY.GN.ZS",