{
  "schemaVersion": "1.1.0",
  "id": "energy-imports",
  "providerCode": "EG.IMP.CONS.ZS",
  "title": "Energy imports, net (% of energy use)",
  "shortTitle": "Net energy imports",
  "category": "energy",
  "difficulty": "expert",
  "definition": "Net energy imports are estimated as gross imports less gross exports, both measured in tons of oil equivalents (toe). A negative value indicates that the country is a net exporter. Energy use refers to use of primary energy before transformation to other end-use fuels, which is equal to indigenous production plus imports and stock changes, minus exports and fuels supplied to ships and aircraft engaged in international transport.",
  "unit": "percent of energy use",
  "year": 2022,
  "valuesByIso3": {
    "AGO": -353.971819384273,
    "ALB": 32.276396797251,
    "ARE": -171.482371329992,
    "ARG": 1.95855821220972,
    "ARM": 76.8721086405015,
    "AUS": -234.279345921201,
    "AUT": 76.8111846576124,
    "AZE": -263.127536733691,
    "BEL": 86.7619440824458,
    "BEN": 40.9031703802238,
    "BGD": 44.3070258449266,
    "BGR": 37.9626610649135,
    "BIH": 26.3680612308532,
    "BLR": 77.0799482437318,
    "BOL": -67.3339047798362,
    "BRA": -7.28721052757992,
    "BRN": -172.552632157863,
    "BWA": 23.6817784648472,
    "CAN": -89.4880948333503,
    "CHE": 51.7338476414653,
    "CHL": 66.2732116154234,
    "CHN": 20.6245589248584,
    "CIV": 14.3786092266282,
    "CMR": -28.7126841321204,
    "COD": 1.59626553466334,
    "COG": -347.419865428152,
    "COL": -139.124198035696,
    "CRI": 53.0802332296344,
    "CUB": 62.8133332274217,
    "CYP": 117.037858353679,
    "CZE": 42.0233637396692,
    "DEU": 71.7534093856193,
    "DNK": 47.3957198205642,
    "DOM": 94.4206892076641,
    "DZA": -127.243586824875,
    "ECU": -69.401314941725,
    "EGY": 9.78510684497825,
    "ESP": 82.8674923431858,
    "EST": 6.83363931718332,
    "ETH": 10.7924961213427,
    "FIN": 42.3818916396541,
    "FRA": 54.3201739791286,
    "GAB": -187.597030037125,
    "GBR": 39.1791428970385,
    "GEO": 79.5842068629208,
    "GHA": -22.3656522253718,
    "GNQ": -422.769233942919,
    "GRC": 92.9081404835987,
    "GTM": 38.364016749015,
    "HND": 55.5117185478317,
    "HRV": 61.8955356886193,
    "HUN": 64.4447152754582,
    "IDN": -82.9192756077432,
    "IND": 36.529412379469,
    "IRL": 85.9815290922962,
    "IRN": -32.4944592767049,
    "IRQ": -274.87736059498,
    "ISR": 26.0915608340862,
    "ITA": 83.6290340580981,
    "JAM": 112.575323434922,
    "JOR": 96.3523279332296,
    "JPN": 89.9707516343257,
    "KAZ": -119.310636509706,
    "KEN": 22.4376210703247,
    "KGZ": 33.7815670306686,
    "KOR": 85.4997854961215,
    "KWT": -283.096624591869,
    "LAO": -49.0213561069782,
    "LBN": 96.923460215068,
    "LBY": -249.727007920872,
    "LKA": 60.0395802943756,
    "LTU": 76.1661860191737,
    "LUX": 110.298331240177,
    "LVA": 40.3971271651881,
    "MAR": 94.0020118503931,
    "MDA": 86.56366606026,
    "MEX": 21.1050764879457,
    "MKD": 63.8796872929643,
    "MMR": -19.025954239222,
    "MNE": 29.6231897320918,
    "MNG": -226.427034086937,
    "MOZ": -106.352427255745,
    "MYS": -0.578726686040022,
    "NAM": 60.4998985401718,
    "NER": 5.40557852442787,
    "NGA": -66.2881011856041,
    "NIC": 46.4910182435548,
    "NLD": 99.3587652735443,
    "NOR": -746.719365580602,
    "NPL": 27.4137248718471,
    "NZL": 28.8214208572688,
    "OMN": -213.629416330893,
    "PAK": 39.7925509388676,
    "PAN": 171.186492615064,
    "PER": 12.185965103062,
    "PHL": 54.4250767667774,
    "POL": 46.8418755101648,
    "PRK": 4.89532080752115,
    "PRT": 81.5127954385107,
    "PRY": 5.65149773480291,
    "QAT": -396.072574936239,
    "ROU": 32.4641501715792,
    "RUS": -75.1375358449974,
    "RWA": 10.5793226381462,
    "SAU": -178.200448812201,
    "SDN": 18.8568106273271,
    "SEN": 69.3863916678086,
    "SLV": 59.5054447583379,
    "SRB": 45.3074666486561,
    "SSD": -859.502809253272,
    "SUR": 17.1005356316264,
    "SVK": 68.8872819822269,
    "SVN": 53.5470840696794,
    "SWE": 28.6998914864254,
    "SWZ": 20.5529558411835,
    "SYR": 61.2715018609797,
    "TCD": -177.762640714933,
    "THA": 57.1245185678327,
    "TJK": 28.045014066896,
    "TKM": -109.777211443604,
    "TTO": -75.4573322877313,
    "TUN": 53.1400289008402,
    "TUR": 72.704129716299,
    "TZA": 12.9338562520213,
    "UGA": 20.4895150227516,
    "UKR": 23.3690635612636,
    "URY": 46.2068935643027,
    "USA": -6.49503863234049,
    "UZB": 1.54758954098202,
    "VEN": -73.9084713357919,
    "VNM": 33.9991947830939,
    "YEM": -11.0466644311721,
    "ZAF": -14.1484249128245,
    "ZMB": 9.03001865064098,
    "ZWE": 16.9757127922617
  },
  "stats": {
    "coverage": 135,
    "min": -859.502809253272,
    "max": 171.186492615064,
    "median": 27.4137248718471,
    "quantileBreaks": [
      -859.502809253272,
      -126.11030820842228,
      -7.060875700368655,
      19.55654108250902,
      37.34841162829442,
      54.39510454173488,
      77.05025687184177,
      171.186492615064
    ]
  },
  "formatting": {
    "maximumFractionDigits": 1,
    "suffix": "%"
  },
  "source": {
    "provider": "World Bank",
    "dataset": "World Development Indicators",
    "attribution": "The World Bank",
    "sourceReference": "https://api.worldbank.org/v2/indicator/EG.IMP.CONS.ZS?format=json&per_page=1",
    "valuesReference": "https://api.worldbank.org/v2/country/all/indicator/EG.IMP.CONS.ZS?format=json&per_page=20000&page=1&date=2015%3A2025",
    "license": "Creative Commons Attribution 4.0 International unless specifically labeled otherwise by World Bank metadata",
    "licenseReference": "https://www.worldbank.org/en/about/legal/terms-of-use-for-datasets",
    "retrievedAt": "2026-07-02T22:50:17.669304+00:00",
    "checksum": "d53b71a1402911681c3ec0c5cef16ec0b7e3279ef4c712dbb98afa931c4599a4",
    "sourceOrganization": "IEA Energy Statistics Data Browser, International Energy Agency (IEA), uri: https://www.iea.org/data-and-statistics/data-tools/energy-statistics-data-browser, publisher: International Energy Agency (IEA), date accessed: 2025-03-25"
  },
  "reviewStatus": "approved",
  "contentVersion": "2026.07.02-exp4-content50",
  "editorial": {
    "shortHook": "An energy-dependence map.",
    "patternNote": "The darkest countries include Panama, Cyprus, Jamaica, while the lightest include South Sudan, Norway, Equatorial Guinea; that contrast is the fastest way to read the net energy imports pattern.",
    "whyItMatters": "Net energy imports reveal import dependence and resource-exporter contrasts in a compact choropleth.",
    "bestProbeCountries": [
      {
        "iso3": "PAN",
        "reason": "High anchor: this country sits near the darkest end of the map."
      },
      {
        "iso3": "SSD",
        "reason": "Low anchor: this country clarifies the lightest end of the scale."
      },
      {
        "iso3": "NPL",
        "reason": "Middle check: this country helps separate a true pattern from one-off outliers."
      }
    ],
    "commonConfusions": [
      {
        "confusedWithIndicatorCode": "NY.GDP.TOTL.RT.ZS",
        "reason": "Natural resource rents can tempt players because it shares a strong country ranking with this map, but its unit and definition point to a different story."
      },
      {
        "confusedWithIndicatorCode": "NY.ADJ.DRES.GN.ZS",
        "reason": "Natural resource depletion can tempt players because it shares a strong country ranking with this map, but its unit and definition point to a different story."
      },
      {
        "confusedWithIndicatorCode": "NY.ADJ.DNGY.GN.ZS",
        "reason": "Energy depletion share can tempt players because it shares a strong country ranking with this map, but its unit and definition point to a different story."
      }
    ],
    "difficultyReason": "Expert difficulty: the map can be mistaken for adjacent indicators unless players probe a high, low, and middle country.",