{
  "schemaVersion": "1.1.0",
  "id": "energy-productivity",
  "providerCode": "EG.GDP.PUSE.KO.PP.KD",
  "title": "GDP per unit of energy use (constant 2021 PPP $ per kg of oil equivalent)",
  "shortTitle": "Energy productivity",
  "category": "energy",
  "difficulty": "expert",
  "definition": "GDP per unit of energy use is the PPP GDP per kilogram of oil equivalent of energy use. PPP GDP is gross domestic product converted to 2021 constant international dollars using purchasing power parity rates. An international dollar has the same purchasing power over GDP as a U.S. dollar has in the United States.",
  "unit": "PPP dollars per kilogram of oil equivalent",
  "year": 2023,
  "valuesByIso3": {
    "AGO": 19.5785937532483,
    "ALB": 23.0521880080225,
    "ARE": 7.68527054696454,
    "ARG": 15.4410326103049,
    "ARM": 14.9216885403492,
    "AUS": 12.3151953921995,
    "AUT": 19.5049628412835,
    "AZE": 12.3027195126062,
    "BEL": 15.5749809346994,
    "BEN": 9.43094714799984,
    "BFA": 7.62771346297318,
    "BGD": 28.6439900027699,
    "BGR": 12.7002272071958,
    "BIH": 9.12232181472717,
    "BLR": 9.72610541824869,
    "BOL": 13.7095072653436,
    "BRA": 12.8811085094236,
    "BRN": 8.84923074062309,
    "BWA": 15.148034599961,
    "CAN": 7.84036499146837,
    "CHE": 32.7690658093571,
    "CHL": 14.3563445109306,
    "CHN": 7.95774856871017,
    "CIV": 13.4867548278463,
    "CMR": 13.1508274706392,
    "COD": 3.80852517539106,
    "COG": 10.7148616392553,
    "COL": 21.0661175605,
    "CRI": 25.342286405768,
    "CYP": 21.9029598597806,
    "CZE": 13.5519218995184,
    "DEU": 21.5283947281842,
    "DNK": 27.9433045091483,
    "DOM": 23.0149650529683,
    "DZA": 10.0832662021625,
    "ECU": 15.1094633296717,
    "EGY": 17.9787572578674,
    "ESP": 20.6314799796651,
    "EST": 13.3646357254717,
    "ETH": 7.21646951670304,
    "FIN": 9.58824237150274,
    "FRA": 17.3133304775592,
    "GAB": 9.15897526323658,
    "GBR": 24.7191547851059,
    "GEO": 14.7644041569069,
    "GHA": 18.4347710993954,
    "GNQ": 12.3398224008089,
    "GRC": 19.5740641114722,
    "GTM": 13.2469129341509,
    "HND": 10.8954819148074,
    "HRV": 18.4693281209077,
    "HTI": 9.15496712620695,
    "HUN": 16.034717039174,
    "IDN": 14.1386033043268,
    "IND": 12.1878690175057,
    "IRL": 47.7612130699697,
    "IRN": 5.01450191426651,
    "IRQ": 8.76620311653411,
    "ISL": 4.34270736407973,
    "ISR": 19.3229233444205,
    "ITA": 23.0031911627559,
    "JAM": 12.1926587457238,
    "JOR": 12.2211060842359,
    "JPN": 15.0893478025642,
    "KAZ": 9.50630940746314,
    "KEN": 10.4448547741699,
    "KGZ": 11.1225429914249,
    "KHM": 12.0656504098719,
    "KOR": 10.1236845036834,
    "KWT": 5.33690063500614,
    "LAO": 9.50734225522929,
    "LBN": 14.5198395470121,
    "LBY": 4.68663152173876,
    "LKA": 27.9074574000089,
    "LTU": 18.9408439372187,
    "LUX": 28.3184157762106,
    "LVA": 16.6393404609782,
    "MAR": 15.0711604488253,
    "MDA": 12.3307127938895,
    "MDG": 5.35251763771912,
    "MEX": 14.9390698425757,
    "MKD": 16.1745008742406,
    "MMR": 13.0557439195926,
    "MNE": 15.8188805042057,
    "MNG": 7.45446489605573,
    "MOZ": 4.16807271409627,
    "MYS": 10.9204345235226,
    "NAM": 14.5452330638545,
    "NER": 10.4773178751872,
    "NGA": 24.5196126783287,
    "NIC": 11.8463576951737,
    "NLD": 20.5371920215302,
    "NOR": 18.4426800573221,
    "NPL": 10.9821369213535,
    "NZL": 13.5246223866966,
    "OMN": 6.39656135260457,
    "PAK": 13.0587817834377,
    "PAN": 35.1700966249166,
    "PER": 18.6156362475996,
    "PHL": 17.0624336369374,
    "POL": 16.5477049590413,
    "PRT": 22.5389760427041,
    "PRY": 15.159743157465,
    "QAT": 7.13233215122676,
    "ROU": 25.0633316830037,
    "RUS": 7.37921373407772,
    "RWA": 8.23528698539269,
    "SAU": 9.02022202811182,
    "SDN": 5.85818751472664,
    "SEN": 14.7904229412414,
    "SLV": 14.397099623377,
    "SRB": 10.8218435488067,
    "SUR": 11.2206658183679,
    "SVK": 12.9367550036151,
    "SVN": 16.5670693603527,
    "SWE": 14.6106785518507,
    "SWZ": 10.1078954926092,
    "TCD": 12.9506939114693,
    "TGO": 6.62273635847799,
    "THA": 11.4469675087255,
    "TJK": 11.3783649891376,
    "TKM": 3.91923449154223,
    "TTO": 2.94573580392232,
    "TUN": 14.0325371110799,
    "TUR": 18.9610646254113,
    "TZA": 8.75594395170635,
    "UGA": 5.61139925105133,
    "UKR": 9.86142886228584,
    "URY": 17.5324725991994,
    "USA": 11.6537620133459,
    "UZB": 7.17864854433039,
    "VNM": 13.3055119872026,
    "ZAF": 7.06490113677471,
    "ZMB": 4.56774292967116,
    "ZWE": 11.0497727379047
  },
  "stats": {
    "coverage": 135,
    "min": 2.94573580392232,
    "max": 47.7612130699697,
    "median": 13.0557439195926,
    "quantileBreaks": [
      2.94573580392232,
      7.479214691329651,
      10.090303142290129,
      12.204850462228986,
      13.894095748621485,
      15.973049457754488,
      20.400249411775633,
      47.7612130699697
    ]
  },
  "formatting": {
    "maximumFractionDigits": 1,
    "prefix": "$",
    "suffix": "/kg oil eq"
  },
  "source": {
    "provider": "World Bank",
    "dataset": "World Development Indicators",
    "attribution": "The World Bank",
    "sourceReference": "https://api.worldbank.org/v2/indicator/EG.GDP.PUSE.KO.PP.KD?format=json&per_page=1",
    "valuesReference": "https://api.worldbank.org/v2/country/all/indicator/EG.GDP.PUSE.KO.PP.KD?format=json&per_page=20000&page=1&date=2015%3A2025",
    "license": "Creative Commons Attribution 4.0 International unless specifically labeled otherwise by World Bank metadata",
    "licenseReference": "https://www.worldbank.org/en/about/legal/terms-of-use-for-datasets",
    "retrievedAt": "2026-07-02T22:50:26.338228+00:00",
    "checksum": "2263b529f51909ba2f07390623ba1a29a6ff6c9c8448c5f72f4e48967bde9a44",
    "sourceOrganization": "IEA Energy Statistics Data Browser, International Energy Agency (IEA), uri: https://www.iea.org/data-and-statistics/data-tools/energy-statistics-data-browser, publisher: International Energy Agency (IEA), date accessed: 2025-03-25"
  },
  "reviewStatus": "approved",
  "contentVersion": "2026.07.02-exp4-content50",
  "editorial": {
    "shortHook": "A GDP-per-energy map.",
    "patternNote": "The darkest countries include Ireland, Panama, Switzerland, while the lightest include Trinidad and Tobago, Congo, Dem. Rep., Turkmenistan; that contrast is the fastest way to read the energy productivity pattern.",
    "whyItMatters": "Energy productivity gives expert players a complementary view to energy intensity and industrial structure.",
    "bestProbeCountries": [
      {
        "iso3": "IRL",
        "reason": "High anchor: this country sits near the darkest end of the map."
      },
      {
        "iso3": "TTO",
        "reason": "Low anchor: this country clarifies the lightest end of the scale."
      },
      {
        "iso3": "MMR",
        "reason": "Middle check: this country helps separate a true pattern from one-off outliers."
      }
    ],
    "commonConfusions": [
      {
        "confusedWithIndicatorCode": "EG.EGY.PRIM.PP.KD",
        "reason": "Energy intensity can tempt players because it shares a strong country ranking with this map, but its unit and definition point to a different story."
      },
      {
        "confusedWithIndicatorCode": "NY.GDP.TOTL.RT.ZS",
        "reason": "Natural resource rents overlaps with part of the visible pattern, but the full country spread does not match."
      },
      {
        "confusedWithIndicatorCode": "EG.IMP.CONS.ZS",
        "reason": "Net energy imports lives in the same category, so it can feel plausible until the high and low countries are checked."
      }
    ],
    "difficultyReason": "Expert difficulty: the map can be mistaken for adjacent indicators unless players probe a high, low, and middle country.",