{
  "schemaVersion": "1.1.0",
  "id": "energy-use",
  "providerCode": "EG.USE.PCAP.KG.OE",
  "title": "Energy use (kg of oil equivalent per capita)",
  "shortTitle": "Energy use",
  "category": "energy",
  "difficulty": "standard",
  "definition": "Energy use refers to use of primary energy before transformation to other end-use fuels, which is equal to indigenous production plus imports and stock changes, minus exports and fuels supplied to ships and aircraft engaged in international transport.",
  "unit": "kg of oil equivalent per person",
  "year": 2023,
  "valuesByIso3": {
    "AGO": 448.870903352713,
    "ALB": 888.463855695385,
    "ARE": 9139.5423044996,
    "ARG": 1763.50879742948,
    "ARM": 1300.30532664528,
    "AUS": 4927.64894813822,
    "AUT": 3308.71167042411,
    "AZE": 1732.19739502846,
    "BEL": 4051.07409072709,
    "BEN": 394.574637069967,
    "BFA": 325.943903136553,
    "BGD": 287.753137358845,
    "BGR": 2604.19104505407,
    "BIH": 2171.0481914264,
    "BLR": 2856.48127583212,
    "BOL": 847.306714580511,
    "BRA": 1481.22439922518,
    "BRN": 8658.00697644634,
    "BWA": 1249.83080453765,
    "CAN": 7336.06703531427,
    "CHE": 2511.37154209497,
    "CHL": 2059.27616196845,
    "CHN": 2850.94152906511,
    "CIV": 483.503922762538,
    "CMR": 370.718209068186,
    "COD": 409.433571513278,
    "COG": 576.049227168162,
    "COL": 872.633394703758,
    "CRI": 1025.14935705085,
    "CUB": 775.831381587569,
    "CYP": 1672.78575414138,
    "CZE": 3509.34804885656,
    "DEU": 2928.19658713867,
    "DNK": 2482.85667093368,
    "DOM": 1011.62393484072,
    "DZA": 1503.41406578063,
    "ECU": 949.273888855786,
    "EGY": 928.39494742708,
    "ERI": 292.343429731134,
    "ESP": 2293.70814634203,
    "EST": 3089.39333905852,
    "ETH": 382.175692692495,
    "FIN": 5866.65173975112,
    "FRA": 3136.12237461475,
    "GAB": 2041.86846663466,
    "GBR": 2127.6084341819,
    "GEO": 1530.06712122186,
    "GHA": 369.331287865765,
    "GNQ": 1271.35042221008,
    "GRC": 1874.9562305559,
    "GTM": 934.930920861207,
    "HND": 593.629550840537,
    "HRV": 2237.23369863861,
    "HTI": 323.971258718237,
    "HUN": 2515.37052947518,
    "IDN": 982.414925134717,
    "IND": 763.197899394641,
    "IRL": 2467.73733963357,
    "IRN": 3399.10476404644,
    "IRQ": 1506.04801552981,
    "ISL": 15685.697957602,
    "ISR": 2459.62529465788,
    "ITA": 2298.39093933589,
    "JAM": 934.891419269966,
    "JOR": 767.635457519706,
    "JPN": 3039.14126131753,
    "KAZ": 3650.54759330848,
    "KEN": 544.940571966597,
    "KGZ": 591.211507833659,
    "KHM": 554.905182911585,
    "KOR": 5336.92485966157,
    "KWT": 8952.27483065729,
    "LAO": 880.598982763996,
    "LBN": 780.330161504694,
    "LBY": 2662.16736616396,
    "LKA": 466.718993611413,
    "LTU": 2437.04601158794,
    "LUX": 4592.3797932503,
    "LVA": 2240.33649708375,
    "MAR": 600.64391286941,
    "MDA": 1296.80089045941,
    "MDG": 304.428884270017,
    "MEX": 1467.10931902847,
    "MKD": 1450.14177456794,
    "MMR": 410.864214508252,
    "MNE": 1722.21524778677,
    "MNG": 2176.26135692672,
    "MOZ": 362.823902471842,
    "MYS": 3008.82419919301,
    "NAM": 696.975604825137,
    "NER": 161.259233880072,
    "NGA": 319.900429211784,
    "NIC": 632.813009843745,
    "NLD": 3418.13670132261,
    "NOR": 4884.6175244586,
    "NPL": 442.648852285229,
    "NZL": 3660.60273680658,
    "OMN": 5908.4271000367,
    "PAK": 414.952130205765,
    "PAN": 1019.98442115491,
    "PER": 823.371374235583,
    "PHL": 580.1360554135,
    "POL": 2639.20385996686,
    "PRK": 664.865788978641,
    "PRT": 1853.15672016889,
    "PRY": 1043.9548570783,
    "QAT": 16343.0404045489,
    "ROU": 1600.61942333991,
    "RUS": 5498.30525622561,
    "RWA": 371.93592669295,
    "SAU": 7148.58725115291,
    "SDN": 372.312971202034,
    "SEN": 291.050601075038,
    "SLV": 793.53801922306,
    "SRB": 2378.08281785261,
    "SSD": 68.6604990272928,
    "SUR": 1695.16378963307,
    "SVK": 3054.72438218715,
    "SVN": 2895.95134590199,
    "SWE": 4288.83333908122,
    "SWZ": 1007.28228546529,
    "SYR": 395.892260403832,
    "TCD": 187.874009544708,
    "TGO": 429.162601160928,
    "THA": 1851.27231424167,
    "TJK": 393.055077961309,
    "TKM": 4558.64639369573,
    "TTO": 10590.4282092029,
    "TUN": 901.544846500177,
    "TUR": 1849.53592344542,
    "TZA": 400.79903628363,
    "UGA": 497.390337772828,
    "UKR": 1508.27791300021,
    "URY": 1771.52729208681,
    "USA": 6363.50015820072,
    "UZB": 1394.09046714259,
    "VEN": 1331.23284099658,
    "VNM": 1018.06940422163,
    "YEM": 154.996261405398,
    "ZAF": 1938.50916018053,
    "ZMB": 804.223060174856,
    "ZWE": 472.22895786097
  },
  "stats": {
    "coverage": 142,
    "min": 68.6604990272928,
    "max": 16343.0404045489,
    "median": 1458.625546798205,
    "quantileBreaks": [
      68.6604990272928,
      402.0325413164369,
      715.8962604164237,
      1018.8901257644643,
      1727.9193319248786,
      2465.419612497659,
      3630.376229815347,
      16343.0404045489
    ]
  },
  "formatting": {
    "maximumFractionDigits": 0,
    "suffix": " kg oe/person"
  },
  "source": {
    "provider": "World Bank",
    "dataset": "World Development Indicators",
    "attribution": "The World Bank",
    "sourceReference": "https://api.worldbank.org/v2/indicator/EG.USE.PCAP.KG.OE?format=json&per_page=1",
    "valuesReference": "https://api.worldbank.org/v2/country/all/indicator/EG.USE.PCAP.KG.OE?format=json&per_page=20000&page=1&date=2015%3A2025",
    "license": "Creative Commons Attribution 4.0 International unless specifically labeled otherwise by World Bank metadata",
    "licenseReference": "https://www.worldbank.org/en/about/legal/terms-of-use-for-datasets",
    "retrievedAt": "2026-06-22T18:06:25.802245+00:00",
    "checksum": "4d1157a8c621e92e0565f1b31aa84bdd637572989b85db1bdbd74ba3447ead30",
    "sourceOrganization": "IEA Energy Statistics Data Browser, International Energy Agency (IEA), uri: https://www.iea.org/data-and-statistics/data-tools/energy-statistics-data-browser, publisher: International Energy Agency (IEA), date accessed: 2025-03-25"
  },
  "reviewStatus": "approved",
  "contentVersion": "2026.06.22-exp2-qa1",
  "editorial": {
    "shortHook": "The total-energy-consumption map.",
    "patternNote": "The darkest countries include Qatar, Iceland, Trinidad and Tobago, while the lightest include South Sudan, Yemen, Rep., Niger; that contrast is the fastest way to read the energy use pattern.",
    "whyItMatters": "Energy use per person captures transport, heat, industry, and electricity together.",
    "bestProbeCountries": [
      {
        "iso3": "QAT",
        "reason": "High anchor: this country sits near the darkest end of the map."
      },
      {
        "iso3": "SSD",
        "reason": "Low anchor: this country clarifies the lightest end of the scale."
      },
      {
        "iso3": "MEX",
        "reason": "Middle check: this country helps separate a true pattern from one-off outliers."
      }
    ],
    "commonConfusions": [
      {
        "confusedWithIndicatorCode": "EG.USE.ELEC.KH.PC",
        "reason": "Electric power use can tempt players because it shares a strong country ranking with this map, but its unit and definition point to a different story."
      },
      {
        "confusedWithIndicatorCode": "EN.GHG.CO2.PC.CE.AR5",
        "reason": "CO2 emissions per capita can tempt players because it shares a strong country ranking with this map, but its unit and definition point to a different story."
      },
      {
        "confusedWithIndicatorCode": "EN.GHG.ALL.PC.CE.AR5",
        "reason": "Greenhouse gas emissions per capita can tempt players because it shares a strong country ranking with this map, but its unit and definition point to a different story."
      }
    ],
    "difficultyReason": "Standard difficulty: the map has readable regional structure, but the best answer still depends on checking the unit and country anchors.",