{
  "schemaVersion": "1.1.0",
  "id": "energy-depletion-share",
  "providerCode": "NY.ADJ.DNGY.GN.ZS",
  "title": "Adjusted savings: energy depletion (% of GNI)",
  "shortTitle": "Energy depletion share",
  "category": "energy",
  "difficulty": "expert",
  "definition": "Energy depletion is the ratio of the value of the stock of energy resources to the remaining reserve lifetime (capped at 25 years). It covers coal, crude oil, and natural gas. This indicator is expressed as a percentage of Gross National Income (GNI) which is the total income earned by all residents within an economic territory during an accounting period. It is equal to gross domestic product plus earned income receivable from abroad minus earned income payable abroad.",
  "unit": "percent of GNI",
  "year": 2021,
  "valuesByIso3": {
    "AFG": 0.0182028796567567,
    "AGO": 22.5306656063475,
    "ALB": 0.597381359156188,
    "ARG": 1.59471633197215,
    "ARM": 8.21461909468869e-09,
    "AUS": 1.6313907314568,
    "AUT": 0.0538052225280194,
    "AZE": 15.9094194579174,
    "BDI": 0.0,
    "BEL": 0.0238703148409493,
    "BEN": 0.0,
    "BFA": 0.0,
    "BGD": 0.464798446132852,
    "BGR": 0.0564323535361551,
    "BHS": 0.0,
    "BIH": 0.0409789332692792,
    "BLR": 0.672071495838844,
    "BLZ": 0.154826434502323,
    "BOL": 2.29284531429747,
    "BRA": 2.26355193351451,
    "BRN": 16.0389405897225,
    "BTN": 0.0,
    "BWA": 0.353486762617424,
    "CAF": 0.0,
    "CAN": 1.38137995751415,
    "CHE": 0.000394551892247341,
    "CHL": 0.0102648292238417,
    "CHN": 0.689430074246557,
    "CIV": 0.531806702192145,
    "CMR": 2.32795317755994,
    "COD": 0.463048823720887,
    "COG": 21.8748521200386,
    "COL": 3.54360731309851,
    "CRI": 0.00807538237350335,
    "CYP": 0.0,
    "CZE": 0.047905636158694,
    "DEU": 0.0295485628853888,
    "DJI": 0.0,
    "DNK": 0.228745533377909,
    "DOM": 0.0,
    "DZA": 12.7875490238435,
    "ECU": 5.74761865404566,
    "EGY": 3.57033929461972,
    "ESP": 0.000246729923813937,
    "EST": 0.751175020158322,
    "ETH": 4.94034672151013e-06,
    "FIN": 0.0343582204009129,
    "FJI": 0.0,
    "FRA": 0.00550683481013504,
    "GAB": 11.2745159019725,
    "GBR": 0.520437730087214,
    "GEO": 0.00318354531342398,
    "GHA": 2.6087935046989,
    "GIN": 0.0,
    "GMB": 0.0,
    "GNB": 0.0,
    "GNQ": 18.7543270864404,
    "GRC": 0.0146952060893238,
    "GTM": 0.0686631862785583,
    "GUY": 19.5530170360693,
    "HND": 0.000927702115156125,
    "HRV": 0.313411791737306,
    "HTI": 0.0,
    "HUN": 0.319632177340444,
    "IDN": 1.97850754829787,
    "IND": 0.511873027354764,
    "IRL": 0.0627182653666474,
    "IRN": 5.01188744416475,
    "IRQ": 11.5400382431021,
    "ISL": 0.0,
    "ISR": 0.248413406721533,
    "ITA": 0.0758248263771167,
    "JAM": 0.255776620215343,
    "JOR": 0.0349626979237572,
    "JPN": 0.00905322879275753,
    "KAZ": 8.74101049295954,
    "KEN": 0.0,
    "KGZ": 0.0135669187744941,
    "KHM": 0.0316430241693597,
    "KOR": 0.0246537602855588,
    "LAO": 0.0,
    "LBN": 0.0,
    "LBR": 0.0,
    "LBY": 13.5040314410146,
    "LKA": 0.0,
    "LSO": 0.0,
    "LTU": 0.00734201062409201,
    "LUX": 0.0,
    "LVA": 0.051110585363217,
    "MAR": 0.00796627034793519,
    "MDA": 0.00849473550140378,
    "MDG": 0.0469547662347942,
    "MEX": 1.91158337943376,
    "MKD": 0.000459553724898377,
    "MLI": 0.0,
    "MMR": 2.3831122123211,
    "MNE": 0.0413987577076643,
    "MNG": 3.38917267788651,
    "MOZ": 0.603381643262188,
    "MRT": 0.0204017154242082,
    "MWI": 0.0119674849730604,
    "MYS": 4.23294654590409,
    "NAM": 0.0,
    "NER": 0.238220505040745,
    "NGA": 2.7341515185273,
    "NIC": 0.0185138495292042,
    "NLD": 0.302246219230329,
    "NOR": 7.71310815458361,
    "NPL": 0.00278734524396106,
    "NZL": 0.360618003410577,
    "OMN": 23.9732239927888,
    "PAK": 0.914493271659386,
    "PAN": 0.0,
    "PER": 0.294884609045612,
    "PHL": 0.18202107563551,
    "PNG": 9.36808680050081,
    "POL": 0.145607809405446,
    "PRI": 0.0,
    "PRT": 0.040233840674912,
    "PRY": 0.0633115426886244,
    "PSE": 0.0,
    "QAT": 8.75265585786877,
    "ROU": 0.73461491551263,
    "RUS": 8.56466446175717,
    "RWA": 0.00117308939020696,
    "SDN": 0.436337399103125,
    "SEN": 0.00113052861925113,
    "SLB": 0.0,
    "SLE": 0.0,
    "SLV": 0.000134326205129917,
    "SOM": 0.0,
    "SRB": 0.399867319095447,
    "SUR": 7.70631138989342,
    "SVK": 0.00319420842345686,
    "SVN": 0.00770124414517368,
    "SWE": 0.0203138760991424,
    "SWZ": 3.55028837070916e-06,
    "TCD": 9.57511251254643,
    "TGO": 0.0,
    "THA": 1.38139891324547,
    "TJK": 0.24037213919608,
    "TLS": 57.1989917274677,
    "TTO": 6.30750097725736,
    "TUN": 1.17257201203724,
    "TUR": 0.120118602092746,
    "TZA": 0.208866700729448,
    "UGA": 0.0,
    "UKR": 0.690472739507103,
    "URY": 0.00893297768332422,
    "USA": 0.754588126034697,
    "UZB": 8.43809016319972,
    "VNM": 0.474122019985545,
    "VUT": 0.0,
    "ZAF": 1.74083743426481,
    "ZMB": 0.023071220580272,
    "ZWE": 0.113046926206251
  },
  "stats": {
    "coverage": 156,
    "min": 0.0,
    "max": 57.1989917274677,
    "median": 0.0630149040276359,
    "quantileBreaks": [
      0.0,
      0.0,
      0.0031865919162905173,
      0.03280667969716822,
      0.23945001027236498,
      0.722002865225337,
      4.900610172984659,
      57.1989917274677
    ]
  },
  "formatting": {
    "maximumFractionDigits": 1,
    "suffix": "% of GNI"
  },
  "source": {
    "provider": "World Bank",
    "dataset": "World Development Indicators",
    "attribution": "The World Bank",
    "sourceReference": "https://api.worldbank.org/v2/indicator/NY.ADJ.DNGY.GN.ZS?format=json&per_page=1",
    "valuesReference": "https://api.worldbank.org/v2/country/all/indicator/NY.ADJ.DNGY.GN.ZS?format=json&per_page=20000&page=1&date=2015%3A2025",
    "license": "Creative Commons Attribution 4.0 International unless specifically labeled otherwise by World Bank metadata",
    "licenseReference": "https://www.worldbank.org/en/about/legal/terms-of-use-for-datasets",
    "retrievedAt": "2026-07-02T22:50:40.158892+00:00",
    "checksum": "c79d412252a58d30db4a8f6fdf3d1704979a43799e9ddc6e1bd80f440f8b3989",
    "sourceOrganization": "Staff estimates, World Bank (WB);\nThe Changing Wealth of Nations: Measuring Sustainable Development in the New Millennium, World Bank (WB)"
  },
  "reviewStatus": "approved",
  "contentVersion": "2026.07.02-exp4-content50",
  "editorial": {
    "shortHook": "An energy-resource depletion map.",
    "patternNote": "The darkest countries include Timor-Leste, Oman, Angola, while the lightest include Burundi, Benin, Burkina Faso; that contrast is the fastest way to read the energy depletion share pattern.",
    "whyItMatters": "Energy depletion share highlights oil, gas, and coal extraction dependence without using raw production totals.",
    "bestProbeCountries": [
      {
        "iso3": "TLS",
        "reason": "High anchor: this country sits near the darkest end of the map."
      },
      {
        "iso3": "BDI",
        "reason": "Low anchor: this country clarifies the lightest end of the scale."
      },
      {
        "iso3": "PRY",
        "reason": "Middle check: this country helps separate a true pattern from one-off outliers."
      }
    ],
    "commonConfusions": [
      {
        "confusedWithIndicatorCode": "NY.ADJ.DRES.GN.ZS",
        "reason": "Natural resource depletion overlaps with part of the visible pattern, but the full country spread does not match."
      },
      {
        "confusedWithIndicatorCode": "EG.IMP.CONS.ZS",
        "reason": "Net energy imports can tempt players because it shares a strong country ranking with this map, but its unit and definition point to a different story."
      },
      {
        "confusedWithIndicatorCode": "NY.GDP.TOTL.RT.ZS",
        "reason": "Natural resource rents overlaps with part of the visible pattern, but the full country spread does not match."
      }
    ],