{
  "schemaVersion": "1.1.0",
  "id": "exports-high-income-share",
  "providerCode": "TX.VAL.MRCH.HI.ZS",
  "title": "Merchandise exports to high-income economies (% of total merchandise exports)",
  "shortTitle": "Exports to high-income economies",
  "category": "economy",
  "difficulty": "expert",
  "definition": "Merchandise exports to high-income economies are the sum of merchandise exports from the reporting economy to high-income economies according to the World Bank classification of economies. Data are expressed as a percentage of total merchandise exports by the economy. Data are computed only if at least half of the economies in the partner country group had non-missing data.",
  "unit": "percent of merchandise exports",
  "year": 2023,
  "valuesByIso3": {
    "AFG": 12.8798269363707,
    "AGO": 34.3574616999776,
    "ALB": 77.7081307571647,
    "ARE": 46.7822289498994,
    "ARG": 40.934692199854,
    "ARM": 86.1275075443156,
    "AUS": 45.9348184548919,
    "AUT": 90.2652665503552,
    "AZE": 74.6112594357503,
    "BDI": 48.9428357668217,
    "BEL": 88.7297284117303,
    "BEN": 11.5480900788273,
    "BFA": 82.3705037149528,
    "BGD": 88.5305106220791,
    "BGR": 73.6125447952404,
    "BHS": 52.1187424479766,
    "BIH": 78.0550607065173,
    "BLR": 81.9371298867663,
    "BLZ": 75.315955154843,
    "BOL": 34.788605467105,
    "BRA": 42.5611670556049,
    "BRN": 61.3359809466049,
    "BTN": 3.23349524024175,
    "BWA": 64.4526803637648,
    "CAF": 84.3483799890683,
    "CAN": 90.6494512875188,
    "CHE": 75.548808636215,
    "CHL": 42.891474537702,
    "CHN": 65.6824152432495,
    "CIV": 50.4378628155463,
    "CMR": 51.6236836538192,
    "COD": 19.7639833451614,
    "COG": 38.4527107023224,
    "COL": 64.6277323738099,
    "CRI": 75.2695695659627,
    "CUB": 66.6363327875227,
    "CYP": 51.6240729274681,
    "CZE": 92.5227149492133,
    "DEU": 83.0690773124167,
    "DJI": 9.76044138758331,
    "DNK": 87.0741731392183,
    "DOM": 81.4882035377561,
    "DZA": 80.1800299622258,
    "ECU": 65.7277792685285,
    "EGY": 56.800017224381,
    "ERI": 11.8915464900741,
    "ESP": 83.8480497306712,
    "EST": 91.4537138022117,
    "ETH": 67.4628559934351,
    "FIN": 84.7222331043597,
    "FJI": 63.2772250856794,
    "FRA": 83.6764184334263,
    "GAB": 42.6089867479361,
    "GBR": 84.1972151691781,
    "GEO": 28.3294821963349,
    "GHA": 56.5785845397684,
    "GIN": 18.9133618828579,
    "GMB": 0.154106554429826,
    "GNB": 67.3274260248369,
    "GNQ": 61.4100825784584,
    "GRC": 75.4426809052277,
    "GRL": 96.9556415463458,
    "GTM": 51.1505241026752,
    "GUY": 92.2731279218937,
    "HND": 64.9568272363604,
    "HRV": 75.5960908205602,
    "HTI": 91.0183411079713,
    "HUN": 89.31875890228,
    "IDN": 42.6727948722188,
    "IND": 64.7649142409426,
    "IRL": 90.2258834554093,
    "IRN": 19.0927488662321,
    "IRQ": 39.2455457218571,
    "ISL": 95.2366705472672,
    "ISR": 79.4830426209103,
    "ITA": 83.9518729896414,
    "JAM": 92.3092097208604,
    "JOR": 56.7843325908685,
    "JPN": 61.7069358303053,
    "KAZ": 64.6182832758983,
    "KEN": 39.6072593605924,
    "KGZ": 67.4503967505789,
    "KHM": 73.412322445785,
    "KOR": 53.4744793110435,
    "KWT": 48.5201337792794,
    "LAO": 13.3093799871689,
    "LBN": 55.1180556339843,
    "LBR": 75.9702912686723,
    "LBY": 85.5724108299348,
    "LKA": 74.1322148041332,
    "LSO": 58.6952303704157,
    "LTU": 81.8316700788876,
    "LUX": 91.3696550577611,
    "LVA": 85.9078754038216,
    "MAR": 78.1479509781642,
    "MDA": 73.915868696599,
    "MDG": 74.4685203679722,
    "MEX": 93.8916593500865,
    "MKD": 81.5234422042737,
    "MLI": 35.3536358114778,
    "MMR": 40.1951108317254,
    "MNE": 47.3084776109289,
    "MNG": 7.56933616415273,
    "MOZ": 38.7538979181828,
    "MRT": 60.7027274359054,
    "MWI": 46.107559259593,
    "MYS": 61.8069478899118,
    "NAM": 30.9764781414303,
    "NCL": 45.8985685905835,
    "NER": 67.4212063017493,
    "NGA": 64.1497178328826,
    "NIC": 71.5845846197353,
    "NLD": 90.5488844570576,
    "NOR": 93.9346836241189,
    "NPL": 26.8982159844212,
    "NZL": 55.2320686456192,
    "OMN": 53.5587713963976,
    "PAK": 67.1899004223443,
    "PAN": 47.8448372698616,
    "PER": 48.5255573230806,
    "PHL": 70.9384629996346,
    "PNG": 69.2515603313915,
    "POL": 88.8538218673037,
    "PRK": 2.8110004127284,
    "PRT": 88.4053223037666,
    "PRY": 27.3426382913165,
    "PSE": 90.6990446790279,
    "QAT": 55.0294376165734,
    "ROU": 83.1460131889427,
    "RUS": 23.5709463025253,
    "RWA": 27.2874451050982,
    "SAU": 53.6874879946882,
    "SDN": 76.3301862916943,
    "SEN": 35.7964715086297,
    "SLB": 42.4912896950733,
    "SLE": 13.7432113025089,
    "SLV": 45.3007973762946,
    "SOM": 85.2329582283842,
    "SRB": 74.1763969759253,
    "SSD": 47.9724144790106,
    "SUR": 81.3566844584356,
    "SVK": 91.2619852192911,
    "SVN": 87.8072324409986,
    "SWE": 88.6927363859613,
    "SWZ": 8.98995498900451,
    "SYR": 37.0448280208837,
    "TCD": 74.7046988518978,
    "TGO": 20.733045027719,
    "THA": 56.8367192239408,
    "TJK": 25.8149143163464,
    "TKM": 9.51317851054843,
    "TLS": 43.2075061717227,
    "TTO": 71.5198760259921,
    "TUN": 84.4733516682318,
    "TUR": 68.601014675415,
    "TZA": 31.3500946358982,
    "UGA": 45.4882519781347,
    "UKR": 71.0427854382044,
    "URY": 30.9674135922054,
    "USA": 61.0074287563671,
    "UZB": 36.9886334472425,
    "VEN": 64.4938765712264,
    "VNM": 66.9349084596,
    "VUT": 50.9803940250136,
    "YEM": 0.121224418018276,
    "ZAF": 50.1301131666624,
    "ZMB": 50.9635924422655,
    "ZWE": 36.9768453087051
  },
  "stats": {
    "coverage": 168,
    "min": 0.121224418018276,
    "max": 96.9556415463458,
    "median": 64.3011990983237,
    "quantileBreaks": [
      0.121224418018276,
      30.975183205826742,
      45.92446135080378,
      56.696154854682746,
      67.36761757208507,
      76.72388471040014,
      86.26274548644456,
      96.9556415463458
    ]
  },
  "formatting": {
    "maximumFractionDigits": 1,
    "suffix": "%"
  },
  "source": {
    "provider": "World Bank",
    "dataset": "World Development Indicators",
    "attribution": "The World Bank",
    "sourceReference": "https://api.worldbank.org/v2/indicator/TX.VAL.MRCH.HI.ZS?format=json&per_page=1",
    "valuesReference": "https://api.worldbank.org/v2/country/all/indicator/TX.VAL.MRCH.HI.ZS?format=json&per_page=20000&page=1&date=2015%3A2025",
    "license": "Creative Commons Attribution 4.0 International unless specifically labeled otherwise by World Bank metadata",
    "licenseReference": "https://www.worldbank.org/en/about/legal/terms-of-use-for-datasets",
    "retrievedAt": "2026-07-02T22:56:12.295762+00:00",
    "checksum": "2d408cd82de4d638d071358109b29d270f903843dcc3d4284f495a2e48cf546b",
    "sourceOrganization": "Staff estimates, World Bank (WB);\nDirection of Trade database, International Monetary Fund (IMF)"
  },
  "reviewStatus": "approved",
  "contentVersion": "2026.07.02-exp4-content50",
  "editorial": {
    "shortHook": "A trade-partner export map.",
    "patternNote": "The darkest countries include Greenland, Iceland, Norway, while the lightest include Yemen, Rep., Gambia, The, Korea, Dem. People's Rep.; that contrast is the fastest way to read the exports to high-income economies pattern.",
    "whyItMatters": "Exports to high-income economies reward reasoning about trade corridors, neighbors, and market orientation.",
    "bestProbeCountries": [
      {
        "iso3": "GRL",
        "reason": "High anchor: this country sits near the darkest end of the map."
      },
      {
        "iso3": "YEM",
        "reason": "Low anchor: this country clarifies the lightest end of the scale."
      },
      {
        "iso3": "BWA",
        "reason": "Middle check: this country helps separate a true pattern from one-off outliers."
      }
    ],
    "commonConfusions": [
      {
        "confusedWithIndicatorCode": "TX.VAL.MRCH.WR.ZS",