{
  "schemaVersion": "1.1.0",
  "id": "exports-within-region-share",
  "providerCode": "TX.VAL.MRCH.WR.ZS",
  "title": "Merchandise exports to low- and middle-income economies within region (% of total merchandise exports)",
  "shortTitle": "Exports within region",
  "category": "economy",
  "difficulty": "expert",
  "definition": "Merchandise exports to low- and middle-income economies within region are the sum of merchandise exports from the reporting economy to other low- and middle-income economies in the same World Bank region as a percentage of total merchandise exports by the economy. Data are computed only if at least half of the economies in the partner country group had non-missing data. No figures are shown for high-income economies, because they are a separate category in the World Bank classification of economies.",
  "unit": "percent of merchandise exports",
  "year": 2023,
  "valuesByIso3": {
    "AFG": 69.9253577450834,
    "AGO": 5.45242939131055,
    "ALB": 19.5159727248964,
    "ARE": 6.61272868826521,
    "ARG": 30.5937530795767,
    "ARM": 4.72029050452744,
    "AUS": 46.862880319965,
    "AUT": 2.74265333089625,
    "AZE": 19.4031387462256,
    "BDI": 42.5820895739415,
    "BEL": 1.89728255508128,
    "BEN": 16.4048824906283,
    "BFA": 14.8570373530469,
    "BGD": 4.53718779239393,
    "BGR": 15.2529669816112,
    "BHS": 0.0958933180602896,
    "BIH": 20.4411200546229,
    "BLR": 7.95403088946896,
    "BLZ": 24.4561893127263,
    "BOL": 41.1070869578032,
    "BRA": 12.4881571910492,
    "BRN": 37.0396218397533,
    "BTN": 95.8938166853507,
    "BWA": 15.5326226890017,
    "CAF": 6.41506254010171,
    "CHE": 4.55979003120192,
    "CHL": 13.3995857147843,
    "CHN": 13.6874384523061,
    "CIV": 26.4339390906032,
    "CMR": 12.4323314341575,
    "COD": 20.6125580208949,
    "COG": 4.68297311187008,
    "COL": 19.4661377534997,
    "CRI": 21.0737283268309,
    "CUB": 8.0272145488233,
    "CYP": 0.775476941730393,
    "CZE": 3.69869113707069,
    "DEU": 3.52416434155458,
    "DJI": 1.42052609622885,
    "DNK": 1.99818784655392,
    "DOM": 12.0487135249098,
    "DZA": 3.90135766258255,
    "ECU": 9.50432623070832,
    "EGY": 16.6302399600508,
    "ERI": 8.37825003205867,
    "ESP": 2.99376804630288,
    "EST": 4.86640060973541,
    "ETH": 10.0554594452391,
    "FIN": 2.89067602897458,
    "FJI": 36.608587894536,
    "FRA": 2.94321926117117,
    "GAB": 9.57967447654859,
    "GBR": 2.73297824478338,
    "GEO": 61.9884539127262,
    "GHA": 20.6616483886777,
    "GIN": 28.257596064013,
    "GMB": 2.4678869095235,
    "GNB": 2.02562929043543,
    "GNQ": 3.4842221928466,
    "GRC": 11.5718688229482,
    "GRL": 2.73818177716867,
    "GTM": 46.6327072985851,
    "GUY": 2.73804986162186,
    "HND": 33.641102939417,
    "HRV": 21.4425292245925,
    "HTI": 4.81798229621679,
    "HUN": 6.87279044041633,
    "IDN": 40.794622558601,
    "IND": 5.70510017038312,
    "IRL": 0.618262310097218,
    "IRN": 2.21886308549128,
    "IRQ": 0.757917675028557,
    "ISL": 0.726550990517182,
    "ISR": 0.856409371797343,
    "ITA": 4.13984638770869,
    "JAM": 5.42254678164438,
    "JOR": 17.6749261641084,
    "JPN": 29.9019597109501,
    "KAZ": 13.2057249931907,
    "KEN": 39.7738461518471,
    "KGZ": 28.3122343341074,
    "KHM": 24.561187003253,
    "KOR": 35.1374832442188,
    "KWT": 11.931617860154,
    "LAO": 83.9775586352861,
    "LBN": 21.0442539919946,
    "LBR": 16.5319063850583,
    "LBY": 0.0417176920178906,
    "LKA": 10.3178240849945,
    "LSO": 40.9154281377287,
    "LTU": 13.5670911524432,
    "LUX": 2.52653654017624,
    "LVA": 9.01498827666904,
    "MAR": 2.41423981928109,
    "MDA": 23.3218308915292,
    "MDG": 5.74703760870385,
    "MEX": 3.34684412304748,
    "MKD": 15.1983252732848,
    "MLI": 57.1013668429916,
    "MMR": 51.8560737364468,
    "MNE": 51.6195165704975,
    "MNG": 91.7123945451551,
    "MOZ": 19.6843425739094,
    "MRT": 6.89257625609506,
    "MWI": 36.746463215734,
    "MYS": 27.3835071539243,
    "NAM": 55.350196777072,
    "NCL": 52.0701920392076,
    "NER": 31.6694674365005,
    "NGA": 10.2068852214693,
    "NIC": 26.8747224647634,
    "NLD": 1.750997072265,
    "NOR": 1.10658014551875,
    "NPL": 70.535324163294,
    "NZL": 37.7285376555847,
    "OMN": 9.8683573681957,
    "PAK": 6.94457206911792,
    "PAN": 5.69929330170917,
    "PER": 9.27036482674084,
    "PHL": 25.1149008524443,
    "PNG": 29.8351378971417,
    "POL": 6.87320864102341,
    "PRK": 74.1828826749931,
    "PRT": 1.57698989873672,
    "PRY": 66.038072355525,
    "PSE": 7.28548534682936,
    "QAT": 0.719903411255951,
    "ROU": 10.5784541970129,
    "RUS": 26.3382313866269,
    "RWA": 60.0459929671671,
    "SAU": 5.7786473937807,
    "SDN": 0.988765312871948,
    "SEN": 45.1927303580967,
    "SLB": 54.1783017335669,
    "SLE": 8.49419298220779,
    "SLV": 54.2925633551014,
    "SOM": 0.672546115892929,
    "SRB": 18.9375935408395,
    "SSD": 0.614103924460552,
    "SUR": 11.6543749218078,
    "SVK": 4.00818756911922,
    "SVN": 8.89668446942665,
    "SWE": 1.81442696313078,
    "SWZ": 90.444076136159,
    "SYR": 58.072869289034,
    "TCD": 0.269001497955745,
    "TGO": 48.8633725506547,
    "THA": 32.1341437864262,
    "TJK": 45.0735007776459,
    "TKM": 25.3450050914714,
    "TLS": 54.6441691284607,
    "TTO": 15.5016918083012,
    "TUN": 8.65772239222048,
    "TUR": 9.26167894757102,
    "TZA": 36.2146911588423,
    "UGA": 36.8693556492228,
    "UKR": 12.2749676536119,
    "URY": 37.806070916582,
    "UZB": 36.3653686750196,
    "VEN": 22.7536445163499,
    "VNM": 25.9218410729611,
    "VUT": 49.0196059749864,
    "YEM": 21.2792940016587,
    "ZAF": 28.309368493419,
    "ZMB": 29.5399723790313,
    "ZWE": 41.6992671150788
  },
  "stats": {
    "coverage": 166,
    "min": 0.0417176920178906,
    "max": 95.8938166853507,
    "median": 13.62726480237465,
    "quantileBreaks": [
      0.0417176920178906,
      2.6445032285231767,
      5.711091233000367,
      10.286127266844442,
      19.42113846258963,
      28.311824928294772,
      45.12459916926767,
      95.8938166853507
    ]
  },
  "formatting": {
    "maximumFractionDigits": 1,
    "suffix": "%"
  },
  "source": {
    "provider": "World Bank",
    "dataset": "World Development Indicators",
    "attribution": "The World Bank",
    "sourceReference": "https://api.worldbank.org/v2/indicator/TX.VAL.MRCH.WR.ZS?format=json&per_page=1",
    "valuesReference": "https://api.worldbank.org/v2/country/all/indicator/TX.VAL.MRCH.WR.ZS?format=json&per_page=20000&page=1&date=2015%3A2025",
    "license": "Creative Commons Attribution 4.0 International unless specifically labeled otherwise by World Bank metadata",
    "licenseReference": "https://www.worldbank.org/en/about/legal/terms-of-use-for-datasets",
    "retrievedAt": "2026-07-02T22:58:18.854898+00:00",
    "checksum": "d63558d4b4b0501e5f36b25815f4e2c96f7e781dda978dcd03555649c14cfea9",
    "sourceOrganization": "Staff estimates, World Bank (WB);\nDirection of Trade database, International Monetary Fund (IMF)"
  },
  "reviewStatus": "approved",
  "contentVersion": "2026.07.02-exp4-content50",
  "editorial": {
    "shortHook": "A regional-trade export map.",
    "patternNote": "The darkest countries include Bhutan, Mongolia, Eswatini, while the lightest include Libya, Bahamas, The, Chad; that contrast is the fastest way to read the exports within region pattern.",
    "whyItMatters": "Intra-regional exports highlight regional integration, distance, and trade-bloc geography in a compact form.",
    "bestProbeCountries": [
      {
        "iso3": "BTN",
        "reason": "High anchor: this country sits near the darkest end of the map."
      },
      {
        "iso3": "LBY",
        "reason": "Low anchor: this country clarifies the lightest end of the scale."
      },
      {
        "iso3": "CHN",
        "reason": "Middle check: this country helps separate a true pattern from one-off outliers."
      }
    ],