{
  "schemaVersion": "1.1.0",
  "id": "exports-share",
  "providerCode": "NE.EXP.GNFS.ZS",
  "title": "Exports of goods and services (% of GDP)",
  "shortTitle": "Exports",
  "category": "economy",
  "difficulty": "standard",
  "definition": "Exports of goods includes changes in the economic ownership of goods from residents of the compiling economy to non-residents, irrespective of physical movement of goods across national borders. Exports of services includes services provided by residents to non-residents. This indicator is expressed as a percentage of Gross Domestic Product (GDP) which is the total income earned through the production of goods and services in an economic territory during an accounting period.",
  "unit": "percent of GDP",
  "year": 2024,
  "valuesByIso3": {
    "AGO": 31.4835234652022,
    "ALB": 36.2848685351465,
    "ARG": 15.2497485928824,
    "ARM": 73.6253540067184,
    "AUS": 24.6215240529473,
    "AUT": 55.6782850851641,
    "AZE": 45.9025463640897,
    "BEL": 79.2730864114732,
    "BEN": 18.84015691814,
    "BFA": 28.5577186223644,
    "BGD": 10.4611878291715,
    "BGR": 56.3699620840938,
    "BHS": 37.7835884998232,
    "BIH": 40.8728411216315,
    "BLR": 65.0639450286877,
    "BLZ": 55.2233936496697,
    "BOL": 21.4350624296,
    "BRA": 17.9385794398128,
    "BRN": 74.2707417079449,
    "BWA": 27.394286206936,
    "CAF": 15.007027885938,
    "CAN": 32.4437742363653,
    "CHE": 72.1589447667905,
    "CHL": 33.7233211746608,
    "CHN": 20.0229166362049,
    "CIV": 26.0276324688564,
    "CMR": 15.6732536622499,
    "COD": 48.7542672556712,
    "COG": 52.7796430530581,
    "COL": 16.0992987183311,
    "CRI": 38.5317940509141,
    "CUB": 42.4701633021061,
    "CYP": 97.0202359384563,
    "CZE": 68.8681514483249,
    "DEU": 41.4340593720908,
    "DJI": 126.415267144255,
    "DNK": 71.0020132043046,
    "DOM": 22.7679273981921,
    "DZA": 19.8523800653814,
    "ECU": 30.2786006784668,
    "EGY": 16.3762422101126,
    "ESP": 37.0558792721708,
    "EST": 75.6694833213142,
    "ETH": 5.53927082166415,
    "FIN": 41.9077919866069,
    "FRA": 33.8897542343832,
    "GAB": 64.5782984800721,
    "GBR": 30.9841588401688,
    "GEO": 47.8150661123874,
    "GHA": 35.4733766353922,
    "GIN": 41.3930067703226,
    "GMB": 8.74884230794758,
    "GNB": 11.8473182676423,
    "GNQ": 35.1642525721225,
    "GRC": 42.1116783220502,
    "GTM": 15.8928719472371,
    "HND": 33.5491009940495,
    "HRV": 50.1410891949889,
    "HTI": 3.40077493286271,
    "HUN": 75.3908902777126,
    "IDN": 22.18331286866,
    "IND": 21.1618460520863,
    "IRL": 143.984601661031,
    "IRN": 23.5514720983508,
    "IRQ": 37.5074937454157,
    "ISL": 42.4519862872913,
    "ISR": 28.4347615877701,
    "ITA": 32.505041554007,
    "JOR": 42.6120551194793,
    "JPN": 22.7689998646748,
    "KAZ": 31.5871636865516,
    "KEN": 17.0656153005354,
    "KGZ": 43.4429915578402,
    "KHM": 71.3635841655888,
    "KOR": 44.3582383593234,
    "LBY": 71.9709773794281,
    "LKA": 19.8863207168995,
    "LTU": 74.1139807545184,
    "LUX": 191.532970187611,
    "LVA": 65.334130371428,
    "MAR": 41.9985232956684,
    "MDA": 31.4135471152499,
    "MDG": 23.2624873560347,
    "MEX": 36.7033688165177,
    "MKD": 61.6792037479617,
    "MLI": 22.5654040787797,
    "MNE": 43.7470829634338,
    "MNG": 68.7165627140568,
    "MOZ": 42.8352957458,
    "MRT": 41.4108312054046,
    "MYS": 71.3410849829908,
    "NAM": 41.6438674740671,
    "NCL": 11.6947134971338,
    "NER": 27.3239202725758,
    "NIC": 40.4630624895997,
    "NLD": 82.4303604853273,
    "NOR": 47.4917090116126,
    "NPL": 7.62189857137715,
    "NZL": 24.805238610326,
    "OMN": 66.0725661133991,
    "PAK": 10.3904527903644,
    "PAN": 44.3578422197701,
    "PER": 28.5375908827221,
    "PHL": 25.7734411549927,
    "POL": 52.1798133919011,
    "PRI": 51.8769700552116,
    "PRT": 45.771725043315,
    "PRY": 37.2016814689979,
    "PSE": 21.0398873905084,
    "ROU": 35.6030266999465,
    "RUS": 21.91660028345,
    "RWA": 30.8220804418076,
    "SAU": 29.1092122693749,
    "SDN": 0.720930190156301,
    "SEN": 24.6910838959055,
    "SLB": 40.5685062735727,
    "SLE": 17.2656483444292,
    "SLV": 32.7607043808335,
    "SOM": 31.2108297819002,
    "SRB": 53.5837667090226,
    "SVK": 85.4834989561279,
    "SVN": 80.9173894920357,
    "SWE": 54.3095809724471,
    "SWZ": 53.7558918717287,
    "TCD": 29.7746142285578,
    "THA": 70.0497307410759,
    "TKM": 17.5726173705893,
    "TLS": 10.5575534107684,
    "TUN": 50.0016900287054,
    "TUR": 27.5682232095509,
    "TZA": 19.830482870244,
    "UGA": 16.7575931152554,
    "UKR": 29.4102139813249,
    "URY": 28.7607719167193,
    "USA": 11.1074566893674,
    "UZB": 22.7657914961315,
    "VEN": 16.8598487040821,
    "VNM": 90.1542210476659,
    "ZAF": 31.7919070646303,
    "ZMB": 34.9818727491304,
    "ZWE": 18.048841843204
  },
  "stats": {
    "coverage": 141,
    "min": 0.720930190156301,
    "max": 191.532970187611,
    "median": 35.1642525721225,
    "quantileBreaks": [
      0.720930190156301,
      17.2656483444292,
      24.6215240529473,
      31.4835234652022,
      40.4630624895997,
      47.4917090116126,
      68.8681514483249,
      191.532970187611
    ]
  },
  "formatting": {
    "maximumFractionDigits": 1,
    "suffix": "% of GDP"
  },
  "source": {
    "provider": "World Bank",
    "dataset": "World Development Indicators",
    "attribution": "The World Bank",
    "sourceReference": "https://api.worldbank.org/v2/indicator/NE.EXP.GNFS.ZS?format=json&per_page=1",
    "valuesReference": "https://api.worldbank.org/v2/country/all/indicator/NE.EXP.GNFS.ZS?format=json&per_page=20000&page=1&date=2015%3A2025",
    "license": "Creative Commons Attribution 4.0 International unless specifically labeled otherwise by World Bank metadata",
    "licenseReference": "https://www.worldbank.org/en/about/legal/terms-of-use-for-datasets",
    "retrievedAt": "2026-06-22T18:06:04.209814+00:00",
    "checksum": "006a4ce72155f232dcd9579a1a2c1dbefea551fe7ecf7f35cb04a28fd887c334",
    "sourceOrganization": "Country official statistics, National Statistical Organizations and/or Central Banks;\nNational Accounts data files, Organisation for Economic Co-operation and Development (OECD);\nStaff estimates, World Bank (WB)"
  },
  "reviewStatus": "approved",
  "contentVersion": "2026.06.22-exp2-qa1",
  "editorial": {
    "shortHook": "A map of economies selling outward.",
    "patternNote": "The darkest countries include Luxembourg, Ireland, Djibouti, while the lightest include Sudan, Haiti, Ethiopia; that contrast is the fastest way to read the exports pattern.",
    "whyItMatters": "Exports as a GDP share helps separate open trading hubs from large domestic markets.",
    "bestProbeCountries": [
      {
        "iso3": "LUX",
        "reason": "High anchor: this country sits near the darkest end of the map."
      },
      {
        "iso3": "SDN",
        "reason": "Low anchor: this country clarifies the lightest end of the scale."
      },
      {
        "iso3": "GNQ",
        "reason": "Middle check: this country helps separate a true pattern from one-off outliers."
      }
    ],
    "commonConfusions": [
      {
        "confusedWithIndicatorCode": "NE.TRD.GNFS.ZS",
        "reason": "Trade can tempt players because it shares a strong country ranking with this map, but its unit and definition point to a different story."
      },
      {
        "confusedWithIndicatorCode": "NE.IMP.GNFS.ZS",
        "reason": "Imports can tempt players because it shares a strong country ranking with this map, but its unit and definition point to a different story."
      },
      {
        "confusedWithIndicatorCode": "ER.GDP.FWTL.M3.KD",
        "reason": "Water productivity overlaps with part of the visible pattern, but the full country spread does not match."
      }
    ],