{
  "schemaVersion": "1.1.0",
  "id": "exports-share",
  "providerCode": "NE.EXP.GNFS.ZS",
  "title": "Exports of goods and services (% of GDP)",
  "shortTitle": "Exports",
  "category": "economy",
  "difficulty": "standard",
  "definition": "Exports of goods includes changes in the economic ownership of goods from residents of the compiling economy to non-residents, irrespective of physical movement of goods across national borders. Exports of services includes services provided by residents to non-residents. This indicator is expressed as a percentage of Gross Domestic Product (GDP) which is the total income earned through the production of goods and services in an economic territory during an accounting period.",
  "unit": "percent of GDP",
  "year": 2025,
  "valuesByIso3": {
    "AGO": 22.9777500640377,
    "ALB": 37.0141194079686,
    "ARG": 15.5556611218587,
    "ARM": 48.0989027205254,
    "AUS": 23.2444383508997,
    "AUT": 54.7019473752362,
    "AZE": 43.0222163694672,
    "BEL": 75.4500710497086,
    "BEN": 17.0524416091327,
    "BFA": 34.9899001231927,
    "BGD": 11.1161085689856,
    "BGR": 50.738480678418,
    "BIH": 41.0015226327566,
    "BLR": 55.0805784287869,
    "BRA": 17.8207228961707,
    "BRN": 71.5712945703066,
    "BWA": 32.0337480184486,
    "CAF": 19.3448050350028,
    "CAN": 31.3323868147182,
    "CHE": 78.0527434720482,
    "CHL": 34.5635609348334,
    "CHN": 21.0711983566772,
    "CIV": 29.785395705048,
    "CMR": 13.0891506194146,
    "COD": 43.4174837745438,
    "COG": 48.022613302008,
    "COL": 14.9840475310756,
    "CRI": 38.8499059117269,
    "CYP": 97.5738320583018,
    "CZE": 66.9450959346234,
    "DEU": 40.4347738545071,
    "DJI": 110.493588636595,
    "DNK": 70.117072547021,
    "DOM": 23.6399210081098,
    "DZA": 16.8347751595565,
    "ECU": 31.438582119541,
    "EGY": 19.8200284513845,
    "ESP": 36.6374813887545,
    "EST": 78.3623550209044,
    "ETH": 13.2837545839474,
    "FIN": 42.3266920911003,
    "FRA": 33.3928225145364,
    "GAB": 55.4925877518666,
    "GBR": 30.5969582161816,
    "GEO": 47.4056403368221,
    "GIN": 41.4119356368784,
    "GMB": 12.7304316126942,
    "GNB": 13.8662930962048,
    "GNQ": 46.5199788593141,
    "GRC": 39.4617692969977,
    "GTM": 15.5591718853697,
    "HND": 34.9917417691344,
    "HRV": 47.9720354934122,
    "HTI": 1.55997335042545,
    "HUN": 72.6304321068483,
    "IDN": 22.8465482987858,
    "IND": 22.2630410669804,
    "IRL": 140.066665278394,
    "IRN": 25.754375261588,
    "ISL": 40.113798877848,
    "ISR": 27.5583636636004,
    "ITA": 32.2270197272539,
    "KEN": 15.7640677825707,
    "KGZ": 26.8114572968262,
    "KHM": 68.6465213655928,
    "KOR": 45.7630385215931,
    "LBY": 71.7134746269549,
    "LKA": 18.9673796128721,
    "LSO": 49.530822364134,
    "LTU": 72.9839535290335,
    "LUX": 190.522135684017,
    "LVA": 62.573000305163,
    "MAR": 41.9692139163022,
    "MDA": 31.7519320468579,
    "MDG": 21.3332640704507,
    "MEX": 39.6453397926899,
    "MKD": 59.6492997278415,
    "MLI": 22.0767726182095,
    "MNE": 40.0626882380633,
    "MNG": 68.0690875802365,
    "MOZ": 41.3814750416072,
    "MRT": 39.8529382759178,
    "MWI": 10.6488595679017,
    "MYS": 70.9677892986947,
    "NAM": 44.6767598538623,
    "NER": 15.7618372545511,
    "NIC": 41.5934723818613,
    "NLD": 80.6693413415314,
    "NOR": 45.3729560131418,
    "NPL": 8.82763359925247,
    "PAK": 9.98520671042165,
    "PER": 29.9698270665613,
    "PHL": 26.5503358170748,
    "POL": 49.9505650987029,
    "PRI": 46.8831342261072,
    "PRT": 43.6580888492067,
    "PRY": 37.1780127232973,
    "PSE": 21.2278136668395,
    "ROU": 35.4843123183415,
    "RUS": 18.2030774281844,
    "RWA": 21.5547314535693,
    "SAU": 29.7448740074211,
    "SDN": 1.1030420269355,
    "SEN": 32.4878683497667,
    "SLE": 20.8910645571601,
    "SLV": 32.0465695455309,
    "SOM": 29.2484917491797,
    "SRB": 54.3130854032047,
    "SVK": 85.0946294110273,
    "SVN": 78.6394707763247,
    "SWE": 53.2286033614108,
    "TCD": 29.4140577724768,
    "THA": 71.1480976123329,
    "TKM": 14.4706421310531,
    "TUN": 46.6517326028796,
    "TUR": 24.8497719904256,
    "TZA": 18.9846818575722,
    "UGA": 21.4395980877865,
    "UKR": 25.3335332319508,
    "URY": 27.0714370867375,
    "UZB": 22.0359976818514,
    "VEN": 14.9031673538596,
    "VNM": 98.2444078637672,
    "ZAF": 31.4101947337253
  },
  "stats": {
    "coverage": 124,
    "min": 1.1030420269355,
    "max": 190.522135684017,
    "median": 34.99082094616355,
    "quantileBreaks": [
      1.1030420269355,
      16.959155987885758,
      23.01584839073227,
      31.430471437879373,
      39.912866836530796,
      46.850076851360406,
      69.27675758620487,
      190.522135684017
    ]
  },
  "formatting": {
    "maximumFractionDigits": 1,
    "suffix": "% of GDP"
  },
  "source": {
    "provider": "World Bank",
    "dataset": "World Development Indicators",
    "attribution": "The World Bank",
    "sourceReference": "https://api.worldbank.org/v2/indicator/NE.EXP.GNFS.ZS?format=json&per_page=1",
    "valuesReference": "https://api.worldbank.org/v2/country/all/indicator/NE.EXP.GNFS.ZS?format=json&per_page=20000&page=1&date=2015%3A2025",
    "license": "Creative Commons Attribution 4.0 International unless specifically labeled otherwise by World Bank metadata",
    "licenseReference": "https://www.worldbank.org/en/about/legal/terms-of-use-for-datasets",
    "retrievedAt": "2026-07-02T22:14:12.872207+00:00",
    "checksum": "3e706abf14ddc0dc627e5b661243b70cb78048b63ca079f3f382e9dc72d24a59",
    "sourceOrganization": "Country official statistics, National Statistical Offices (NSOs);\nNational Accounts data files, Central Banks;\nStaff estimates, World Bank (WB)"
  },
  "reviewStatus": "approved",
  "contentVersion": "2026.07.02-exp4-content50",
  "editorial": {
    "shortHook": "A map of economies selling outward.",
    "patternNote": "The darkest countries include Luxembourg, Ireland, Djibouti, while the lightest include Sudan, Haiti, Nepal; that contrast is the fastest way to read the exports pattern.",
    "whyItMatters": "Exports as a GDP share helps separate open trading hubs from large domestic markets.",
    "bestProbeCountries": [
      {
        "iso3": "LUX",
        "reason": "High anchor: this country sits near the darkest end of the map."
      },
      {
        "iso3": "SDN",
        "reason": "Low anchor: this country clarifies the lightest end of the scale."
      },
      {
        "iso3": "HND",
        "reason": "Middle check: this country helps separate a true pattern from one-off outliers."
      }
    ],
    "commonConfusions": [
      {
        "confusedWithIndicatorCode": "NE.TRD.GNFS.ZS",
        "reason": "Trade can tempt players because it shares a strong country ranking with this map, but its unit and definition point to a different story."
      },
      {
        "confusedWithIndicatorCode": "TG.VAL.TOTL.GD.ZS",
        "reason": "Merchandise trade share can tempt players because it shares a strong country ranking with this map, but its unit and definition point to a different story."
      },
      {
        "confusedWithIndicatorCode": "NE.IMP.GNFS.ZS",
        "reason": "Imports can tempt players because it shares a strong country ranking with this map, but its unit and definition point to a different story."
      }
    ],
    "difficultyReason": "Standard difficulty: the map has readable regional structure, but the best answer still depends on checking the unit and country anchors.",
    "regionalSignals": [
      "Economic-share maps are not the same as raw totals.",
      "Small open economies can dominate percentage maps."
    ]
  },
  "editorialReview": {
    "status": "expert_only",
    "reviewedAt": "2026-07-02",
    "reviewedBy": "Codex editorial QA",
    "qualityScore": 3,
    "funScore": 3,
    "fairnessScore": 3,
    "ambiguityRisk": "high",
    "dailyEligible": false,
    "practiceEligible": true,
    "challengeEligible": true,