{
  "schemaVersion": "1.1.0",
  "id": "external-balance-share",
  "providerCode": "NE.RSB.GNFS.ZS",
  "title": "External balance on goods and services (% of GDP)",
  "shortTitle": "External balance",
  "category": "economy",
  "difficulty": "expert",
  "definition": "The balance of international trade in goods and services is the difference between the exports and imports of goods and services. This indicator is expressed as a percentage of Gross Domestic Product (GDP) which is the total income earned through the production of goods and services in an economic territory during an accounting period.",
  "unit": "percent of GDP",
  "year": 2025,
  "valuesByIso3": {
    "AGO": 11.3088597576237,
    "ALB": -5.50457580797897,
    "ARG": 0.746688558525354,
    "ARM": -5.50813095465082,
    "AUS": 0.587427313786729,
    "AUT": 2.38405548474211,
    "AZE": 6.21485119370381,
    "BEL": -2.01764661994815,
    "BEN": -3.01205240663407,
    "BFA": 4.97684954944271,
    "BGD": -5.71836690458515,
    "BGR": -1.03730215109484,
    "BIH": -13.1185264544931,
    "BLR": -1.94646896380425,
    "BRA": 0.34996353083392,
    "BRN": 19.5334642090114,
    "BWA": -5.47717174896797,
    "CAF": -14.2171358383446,
    "CAN": -0.845731339786309,
    "CHE": 8.94343562613719,
    "CHL": 4.1427448273858,
    "CHN": 4.18600884812329,
    "CIV": 5.01288447643869,
    "CMR": -7.20596942416703,
    "COD": -0.499320329433102,
    "COG": 4.3762093675706,
    "COL": -5.4008614063524,
    "CRI": 6.20790717311849,
    "CYP": 5.65156201116657,
    "CZE": 5.85075449497058,
    "DEU": 2.35673648910157,
    "DJI": 14.6911340809742,
    "DNK": 11.0118407619241,
    "DOM": -4.21506369171058,
    "DZA": -5.30939369704998,
    "ECU": 3.52038303543084,
    "EGY": -11.6942909760589,
    "ESP": 3.82413677013097,
    "EST": 0.964793396229407,
    "ETH": -6.89227348823665,
    "FIN": 1.25744021099904,
    "FRA": -0.406732254812056,
    "GAB": 26.0932849901729,
    "GBR": -1.26341303105635,
    "GEO": -5.81671672729239,
    "GIN": -20.8541420666124,
    "GMB": -36.7105303073071,
    "GNB": -13.1466973103258,
    "GNQ": 18.1077858039402,
    "GRC": -4.52808428784388,
    "GTM": -15.4092655850835,
    "HND": -21.5238540032352,
    "HRV": -5.04221564936811,
    "HTI": -12.7655326444169,
    "HUN": 4.48156031036347,
    "IDN": 2.30188954645116,
    "IND": -1.74211855202993,
    "IRL": 40.1744182132209,
    "IRN": -8.73387187357064,
    "ISL": -2.26013262564141,
    "ISR": 2.12751095288072,
    "ITA": 1.93081309539515,
    "KEN": -5.99290902598126,
    "KGZ": -38.7845330479915,
    "KHM": 1.20329405780295,
    "KOR": 5.16447639894319,
    "LBY": 5.76837605260171,
    "LKA": -3.87424342676066,
    "LSO": -54.9198488205395,
    "LTU": 3.86160236268525,
    "LUX": 31.157392189158,
    "LVA": -4.57845326300098,
    "MAR": -9.16322896633797,
    "MDA": -29.1623086920763,
    "MDG": -11.5748514602699,
    "MEX": -0.633272996185723,
    "MKD": -13.7444343848645,
    "MLI": -4.6186574255302,
    "MNE": -25.6484249577671,
    "MNG": 5.43073434719848,
    "MOZ": -14.3408596796539,
    "MRT": -14.3183866861909,
    "MWI": -18.1017503359257,
    "MYS": 5.53915827443981,
    "NAM": -19.2269814661034,
    "NER": -2.38201184987211,
    "NIC": -13.2627499668002,
    "NLD": 11.2187123237962,
    "NOR": 11.693080094997,
    "NPL": -24.896777644332,
    "PAK": -7.22312395792311,
    "PER": 8.12417116525793,
    "PHL": -13.6929336972847,
    "POL": 2.8709479431229,
    "PRI": 3.30822459046517,
    "PRT": 0.917300719147071,
    "PRY": -2.12204488437524,
    "PSE": -32.3048156065963,
    "ROU": -5.24616170622398,
    "RUS": 2.69610398874401,
    "RWA": -13.5638868423993,
    "SAU": 1.5715241568613,
    "SDN": -0.175846230005969,
    "SEN": -6.09296961553234,
    "SLE": -7.31394556792554,
    "SLV": -24.0649273416692,
    "SOM": -69.5664553107758,
    "SRB": -4.29731980267416,
    "SVK": -0.153237581276413,
    "SVN": 5.36357271351413,
    "SWE": 2.12199653609362,
    "TCD": 12.6959657418255,
    "THA": 3.8825092131433,
    "TKM": 0.775212971306415,
    "TUN": -8.14274024594778,
    "TUR": -0.235134381841593,
    "TZA": -1.00220742442946,
    "UGA": -7.31982143286548,
    "UKR": -26.513207528579,
    "URY": 4.42572445459019,
    "UZB": -13.3285438403188,
    "VEN": 4.79480332981803,
    "VNM": 6.15200691024277,
    "ZAF": 1.90929232808787
  },
  "stats": {
    "coverage": 124,
    "min": -69.5664553107758,
    "max": 40.1744182132209,
    "median": -1.01975478776215,
    "quantileBreaks": [
      -69.5664553107758,
      -13.947020722070256,
      -6.778087220707466,
      -3.258392698098816,
      0.41781032596329204,
      3.245756497987705,
      5.701625171781629,
      40.1744182132209
    ]
  },
  "formatting": {
    "maximumFractionDigits": 1,
    "suffix": "% of GDP"
  },
  "source": {
    "provider": "World Bank",
    "dataset": "World Development Indicators",
    "attribution": "The World Bank",
    "sourceReference": "https://api.worldbank.org/v2/indicator/NE.RSB.GNFS.ZS?format=json&per_page=1",
    "valuesReference": "https://api.worldbank.org/v2/country/all/indicator/NE.RSB.GNFS.ZS?format=json&per_page=20000&page=1&date=2015%3A2025",
    "license": "Creative Commons Attribution 4.0 International unless specifically labeled otherwise by World Bank metadata",
    "licenseReference": "https://www.worldbank.org/en/about/legal/terms-of-use-for-datasets",
    "retrievedAt": "2026-07-02T22:50:11.388224+00:00",
    "checksum": "46e0029d5987f012f1be9e79ebcb2cdb45ea4f46e5fd30d88f44104cc9983565",
    "sourceOrganization": "Country official statistics, National Statistical Organizations and/or Central Banks;\nNational Accounts data files, Organisation for Economic Co-operation and Development (OECD);\nStaff estimates, World Bank (WB)"
  },
  "reviewStatus": "approved",
  "contentVersion": "2026.07.02-exp4-content50",
  "editorial": {
    "shortHook": "A goods-and-services balance map.",
    "patternNote": "The darkest countries include Ireland, Luxembourg, Gabon, while the lightest include Somalia, Fed. Rep., Lesotho, Kyrgyz Republic; that contrast is the fastest way to read the external balance pattern.",
    "whyItMatters": "External balance shows exporter and importer positions without requiring players to read separate export and import maps.",
    "bestProbeCountries": [
      {
        "iso3": "IRL",
        "reason": "High anchor: this country sits near the darkest end of the map."
      },
      {
        "iso3": "SOM",
        "reason": "Low anchor: this country clarifies the lightest end of the scale."
      },
      {
        "iso3": "TZA",
        "reason": "Middle check: this country helps separate a true pattern from one-off outliers."
      }
    ],
    "commonConfusions": [
      {
        "confusedWithIndicatorCode": "NY.GDS.TOTL.ZS",
        "reason": "Domestic savings can tempt players because it shares a strong country ranking with this map, but its unit and definition point to a different story."
      },
      {
        "confusedWithIndicatorCode": "NE.CON.TOTL.ZS",
        "reason": "Final consumption share can tempt players because it shares a strong country ranking with this map, but its unit and definition point to a different story."
      },
      {
        "confusedWithIndicatorCode": "NE.CON.PRVT.ZS",
        "reason": "Household consumption can tempt players because it shares a strong country ranking with this map, but its unit and definition point to a different story."
      }
    ],
    "difficultyReason": "Expert difficulty: the map can be mistaken for adjacent indicators unless players probe a high, low, and middle country.",
    "dataCaveat": "Surplus and deficit maps can be volatile for small economies.",
    "regionalSignals": [
      "Economic-share maps are not the same as raw totals.",
      "Small open economies can dominate percentage maps."
    ]
  },
  "editorialReview": {
    "status": "practice_eligible",
    "reviewedAt": "2026-07-02",
    "reviewedBy": "Codex editorial QA",