{
  "schemaVersion": "1.1.0",
  "id": "fdi-inflows",
  "providerCode": "BX.KLT.DINV.WD.GD.ZS",
  "title": "Foreign direct investment, net inflows (% of GDP)",
  "shortTitle": "Foreign direct investment inflows",
  "category": "economy",
  "difficulty": "expert",
  "definition": "Foreign direct investment is the net inflows of investment to acquire a lasting management interest (10 percent or more of voting stock) in an enterprise operating in an economy other than that of the investor. It is the sum of equity capital, reinvestment of earnings, other long-term capital, and short-term capital as shown in the balance of payments. This series shows net inflows (new investment inflows less disinvestment) in the reporting economy from foreign investors, and is divided by GDP.",
  "unit": "percent of GDP",
  "year": 2024,
  "valuesByIso3": {
    "AGO": -1.07650107199669,
    "ALB": 6.32558905401363,
    "ARE": 8.26261604873876,
    "ARG": 1.82409522925391,
    "ARM": 0.506878336560983,
    "AUS": 3.05761029844929,
    "AUT": 2.55351579610657,
    "AZE": 0.310746244591944,
    "BDI": 1.0970222856868,
    "BEL": -6.1637514992582,
    "BEN": 2.5276563137227,
    "BFA": -0.874048616893636,
    "BGD": 0.283870773350074,
    "BGR": 2.69152439380972,
    "BHS": 1.51932088638775,
    "BIH": 3.3761353835982,
    "BLR": 2.20948690351676,
    "BLZ": 4.01045578413843,
    "BOL": 0.652112801170427,
    "BRA": 3.38960808548439,
    "BRN": 0.189449066349964,
    "BTN": 0.0841982308924301,
    "BWA": 2.42279666305462,
    "CAF": 1.46851186564355,
    "CAN": 2.77756440541293,
    "CHE": -11.1757250603926,
    "CHL": 3.97989457086765,
    "CHN": 0.227695125306895,
    "CIV": 3.58346670744132,
    "CMR": 1.66655391243674,
    "COD": 3.84997694352814,
    "COG": 3.83980276481754,
    "COL": 3.25416050189283,
    "CRI": 5.58692738273204,
    "CYP": -133.824213233455,
    "CZE": 3.8933976290188,
    "DEU": 1.33680512940413,
    "DJI": 1.63337101411676,
    "DNK": 4.29658848924698,
    "DOM": 3.6013993607877,
    "DZA": 0.455370730483787,
    "ECU": 0.360313100049938,
    "EGY": 11.9719351009449,
    "ESP": 2.47896679493344,
    "EST": -7.97097840452121,
    "ETH": 2.68582028017543,
    "FIN": 2.9263489451501,
    "FJI": 3.41161017865705,
    "FRA": 1.64700185498585,
    "GAB": 5.47750591310442,
    "GBR": -0.350561573947678,
    "GEO": 4.68837816824546,
    "GHA": 2.11980137105215,
    "GIN": 5.60537419672253,
    "GMB": 9.66186336562045,
    "GNB": 1.21259612687519,
    "GNQ": 1.41848628768048,
    "GRC": 2.6312519942121,
    "GTM": 1.63228788754296,
    "GUY": 34.9900654897849,
    "HND": 1.29157460831069,
    "HRV": 4.87790164584768,
    "HTI": 0.0824597396111034,
    "HUN": -27.5090725956422,
    "IDN": 1.73855290316368,
    "IND": 0.721648483526777,
    "IRL": 0.791076186083952,
    "IRN": 0.304914200880697,
    "IRQ": -2.73525447039729,
    "ISL": 8.53649263499069,
    "ISR": 2.7251194069041,
    "ITA": 1.19623307999136,
    "JAM": 1.38581611857042,
    "JOR": 2.78862682935517,
    "JPN": 0.450454817292247,
    "KAZ": 0.71809281452939,
    "KEN": 0.384924569449646,
    "KGZ": 1.40593817941355,
    "KHM": 9.48089832015712,
    "KOR": 0.685857996519477,
    "KWT": 0.381956730773215,
    "LAO": 5.98958863567394,
    "LBN": 7.09437049742925,
    "LBR": 9.86626133953545,
    "LKA": 0.764077754153862,
    "LSO": -0.525747492760171,
    "LTU": 5.49705606704886,
    "LUX": 113.622225285264,
    "LVA": 3.44085977034145,
    "MAR": 1.08850441035779,
    "MDA": 2.51754698286646,
    "MDG": 3.44577112659577,
    "MEX": 2.48429388161511,
    "MKD": 6.23445071550033,
    "MLI": 3.44170555566452,
    "MMR": 1.47879223317634,
    "MNE": 7.24450579243955,
    "MNG": 11.6924984371367,
    "MOZ": 15.4210115464394,
    "MRT": 13.2389288029166,
    "MWI": 2.28053083149593,
    "MYS": 3.6930953933026,
    "NAM": 14.1844922069439,
    "NCL": 8.48945728851914,
    "NER": 1.81493836603542,
    "NGA": 0.639824358730627,
    "NIC": 6.86575238184716,
    "NLD": -1.40518243891316,
    "NOR": 2.42254685844836,
    "NPL": 0.131412557108071,
    "NZL": 0.672983751329456,
    "OMN": 11.6351181598926,
    "PAK": 0.716885239403099,
    "PAN": 2.41063281860388,
    "PER": 2.29780708272736,
    "PHL": 2.03571882251572,
    "PNG": -0.64380460730506,
    "POL": 2.24523191798779,
    "PRT": 4.29974090969256,
    "PRY": 2.45295029321833,
    "PSE": 1.01253497329187,
    "QAT": 0.212749202349259,
    "ROU": 1.87134949618788,
    "RUS": -0.427643327459558,
    "RWA": 3.79145567191588,
    "SAU": 1.70136894275871,
    "SEN": 6.26804204995863,
    "SLB": 2.08128126058924,
    "SLE": 1.74699628470852,
    "SLV": 3.01317166597907,
    "SOM": 6.39257959388318,
    "SRB": 6.20235039860679,
    "SUR": 15.0817654468923,
    "SVK": 3.55503662060591,
    "SVN": 2.5587649173879,
    "SWE": 5.0794723229992,
    "SWZ": 1.55448906259813,
    "TCD": 5.12132130084841,
    "TGO": 0.786914262545951,
    "THA": 2.70165281834265,
    "TJK": 2.01948198566107,
    "TKM": 3.71704110413,
    "TLS": 12.0853687045097,
    "TTO": -1.76782828873977,
    "TUN": 1.47747574805229,
    "TUR": 0.860701598247461,
    "TZA": 2.16767805172059,
    "UGA": 6.04170465908871,
    "UKR": 2.10549664352154,
    "URY": -4.78198682520397,
    "USA": 1.01391858895004,
    "UZB": 2.45125129042312,
    "VEN": 1.35409801107577,
    "VNM": 4.23450755062236,
    "VUT": 2.22365213685823,
    "ZAF": 0.580891709673066,
    "ZMB": 9.32437789659637,
    "ZWE": 1.12093172517355
  },
  "stats": {
    "coverage": 158,
    "min": -133.824213233455,
    "max": 113.622225285264,
    "median": 2.26288137474186,
    "quantileBreaks": [
      -133.824213233455,
      0.3074136481855171,
      1.0958054463540843,
      1.8175546126692743,
      2.5461273725683213,
      3.6965162091350856,
      6.253645763762215,
      113.622225285264
    ]
  },
  "formatting": {
    "maximumFractionDigits": 1,
    "suffix": "% of GDP"
  },
  "source": {
    "provider": "World Bank",
    "dataset": "World Development Indicators",
    "attribution": "The World Bank",
    "sourceReference": "https://api.worldbank.org/v2/indicator/BX.KLT.DINV.WD.GD.ZS?format=json&per_page=1",
    "valuesReference": "https://api.worldbank.org/v2/country/all/indicator/BX.KLT.DINV.WD.GD.ZS?format=json&per_page=20000&page=1&date=2015%3A2025",
    "license": "Creative Commons Attribution 4.0 International unless specifically labeled otherwise by World Bank metadata",
    "licenseReference": "https://www.worldbank.org/en/about/legal/terms-of-use-for-datasets",
    "retrievedAt": "2026-07-02T22:15:40.003388+00:00",
    "checksum": "ce2075581bafdef53946789cfc76d5cbe4ef9286aaa6f8b97450ece3219b4112",
    "sourceOrganization": "International Financial Statistics and Balance of Payments databases, International Monetary Fund (IMF);\nInternational Debt Statistics, World Bank (WB);\nWorld Bank GDP estimates, World Bank (WB);\nOECD GDP estimates, Organisation for Economic Co-operation and Development (OECD)"
  },
  "reviewStatus": "approved",
  "contentVersion": "2026.07.02-exp4-content50",
  "editorial": {
    "shortHook": "A volatile investment-flow map.",
    "patternNote": "The darkest countries include Luxembourg, Guyana, Mozambique, while the lightest include Cyprus, Hungary, Switzerland; that contrast is the fastest way to read the foreign direct investment inflows pattern.",
    "whyItMatters": "FDI inflows can highlight finance hubs, resource projects, and one-year investment spikes.",
    "bestProbeCountries": [
      {
        "iso3": "LUX",
        "reason": "High anchor: this country sits near the darkest end of the map."
      },
      {
        "iso3": "CYP",
        "reason": "Low anchor: this country clarifies the lightest end of the scale."
      },
      {
        "iso3": "MWI",
        "reason": "Middle check: this country helps separate a true pattern from one-off outliers."
      }
    ],
    "commonConfusions": [
      {
        "confusedWithIndicatorCode": "BM.KLT.DINV.WD.GD.ZS",