{
  "schemaVersion": "1.1.0",
  "id": "fdi-outflows",
  "providerCode": "BM.KLT.DINV.WD.GD.ZS",
  "title": "Foreign direct investment, net outflows (% of GDP)",
  "shortTitle": "Foreign direct investment outflows",
  "category": "economy",
  "difficulty": "expert",
  "definition": "Foreign direct investment refers to direct investment equity flows in an economy. It is the sum of equity capital, reinvestment of earnings, and other capital. Direct investment is a category of cross-border investment associated with a resident in one economy having control or a significant degree of influence on the management of an enterprise that is resident in another economy. Ownership of 10 percent or more of the ordinary shares of voting stock is the criterion for determining the existence of a direct investment relationship. This series shows net outflows of investment from the reporting economy to the rest of the world, and is divided by GDP.",
  "unit": "percent of GDP",
  "year": 2024,
  "valuesByIso3": {
    "AGO": 0.0320751280478069,
    "ALB": 0.963919511442686,
    "ARE": 13.9715118628435,
    "ARG": 0.431840831132215,
    "ARM": 0.218745715726565,
    "AUS": 0.793034011089465,
    "AUT": 2.57882965563557,
    "AZE": 0.997553274393357,
    "BDI": 0.280053922896201,
    "BEL": 0.702591342673247,
    "BEN": 0.280611552394602,
    "BFA": 0.246523794976195,
    "BGD": 0.00757689470651514,
    "BGR": 1.0677186453505,
    "BHS": 1.02913380122278,
    "BIH": 0.398773784642024,
    "BLR": 0.216625560499678,
    "BLZ": 0.0815022943647894,
    "BOL": 0.243068684628877,
    "BRA": 1.20498234984345,
    "BWA": 0.0156507815228823,
    "CAN": 3.9396954602036,
    "CHE": -2.88068525502753,
    "CHL": 1.22638314060337,
    "CHN": 1.02617940436145,
    "CIV": 0.261479093421508,
    "CMR": 0.118996760647801,
    "COD": 0.26124478305073,
    "COG": 0.161543082011543,
    "COL": 1.07294884912403,
    "CRI": 0.348668401086241,
    "CYP": -148.411844520175,
    "CZE": 3.70333623264428,
    "DEU": 1.85750507862993,
    "DNK": 7.23166771367063,
    "DOM": -0.0380585334268545,
    "DZA": 9.83448987171453e-05,
    "EGY": 0.130622556105891,
    "ESP": 4.14277282941019,
    "EST": -8.63115552174275,
    "FIN": 4.17713534097127,
    "FJI": 0.428514465134429,
    "FRA": 1.32023614664222,
    "GBR": -1.9618198615879,
    "GEO": 1.35093891976319,
    "GHA": 0.00644321001142963,
    "GIN": 0.00011995835864668,
    "GMB": -0.0276582442095859,
    "GNB": 0.0177028288709297,
    "GNQ": 1.16021484334381,
    "GRC": 0.866326898920859,
    "GTM": 0.764219012134068,
    "GUY": 0.0231118110309721,
    "HND": -0.133595912202642,
    "HRV": 3.00402586345298,
    "HUN": -34.2394160009103,
    "IDN": 0.601127740240385,
    "IND": 0.644770244116511,
    "IRL": 11.0226070349404,
    "IRN": 0.0188160119711683,
    "IRQ": 0.156879569109714,
    "ISL": 0.903160580842303,
    "ISR": 1.82961159701178,
    "ITA": 1.92461064580908,
    "JAM": 0.00485365756034216,
    "JOR": 0.0922654405025321,
    "JPN": 4.95128642864227,
    "KAZ": -0.652364183707091,
    "KEN": 0.346901370669503,
    "KGZ": 0.0956654184199842,
    "KHM": 0.370699486249938,
    "KOR": 2.65146702696443,
    "KWT": 6.41583326697786,
    "LBN": 1.50440402773306,
    "LBR": 1.56729466140958,
    "LBY": -0.1165486290358,
    "LKA": 0.110750678779138,
    "LTU": 0.929663416131544,
    "LUX": 116.422168400337,
    "LVA": 0.583463838821317,
    "MAR": 0.422772733194277,
    "MDA": 0.540391308384712,
    "MDG": 0.763907681892188,
    "MEX": 0.711326231632264,
    "MKD": -0.382897529850634,
    "MLI": 0.291749764465324,
    "MNE": 0.81911442146643,
    "MNG": 0.233105726486234,
    "MOZ": -0.193869384293932,
    "MRT": 0.0358241937743767,
    "MWI": 0.498730502507504,
    "MYS": 3.08803660181351,
    "NAM": 0.325492660588811,
    "NCL": 0.536553895561065,
    "NER": 0.105053446664144,
    "NGA": 0.1617183331443,
    "NIC": 0.374689437092598,
    "NLD": -0.488382895236605,
    "NOR": 1.12205791745012,
    "NZL": 0.33714819225508,
    "OMN": -0.13327101752099,
    "PAK": 0.0225960075459138,
    "PAN": 0.0974253227624207,
    "PER": 0.39043916430569,
    "PHL": 0.584523369059378,
    "PNG": 2.49827268393533,
    "POL": 1.09483113228872,
    "PRT": 2.18145482193867,
    "PRY": 0.371927085496039,
    "PSE": 0.0667350045966816,
    "QAT": 0.722585201292495,
    "ROU": 0.519718451154568,
    "RUS": -0.00777969061832188,
    "RWA": 0.0870347741437957,
    "SAU": 2.2016686107157,
    "SEN": 0.149451370533305,
    "SLB": 3.33830427771402,
    "SLV": 0.887633506452028,
    "SRB": 0.733948434087006,
    "SUR": -0.20482706882541,
    "SVK": 1.59198344812895,
    "SVN": 2.00432968791538,
    "SWE": 4.91054134567413,
    "SWZ": 1.31248662268479,
    "TGO": -0.689192570355033,
    "THA": 1.38938289842352,
    "TJK": 0.700338011279959,
    "TLS": 0.24120816145628,
    "TTO": 2.054477216358,
    "TUN": 0.0672839604163889,
    "TUR": 0.486563486853348,
    "UGA": 0.000741568140210229,
    "UKR": 0.159824906987076,
    "URY": -1.66473066406407,
    "USA": 1.09962064662883,
    "UZB": 0.030243973951333,
    "VEN": 2.1589814486408,
    "VNM": 0.125964528030412,
    "VUT": 0.214649701560086,
    "ZAF": -0.315070203056406,
    "ZMB": 1.2272934646034,
    "ZWE": 0.316218092647679
  },
  "stats": {
    "coverage": 142,
    "min": -148.411844520175,
    "max": 116.422168400337,
    "median": 0.394606474473857,
    "quantileBreaks": [
      -148.411844520175,
      0.00020875975601290098,
      0.10668122726842799,
      0.28538507185348283,
      0.5840692846716375,
      1.056694404171152,
      2.0473132837233394,
      116.422168400337
    ]
  },
  "formatting": {
    "maximumFractionDigits": 1,
    "suffix": "% of GDP"
  },
  "source": {
    "provider": "World Bank",
    "dataset": "World Development Indicators",
    "attribution": "The World Bank",
    "sourceReference": "https://api.worldbank.org/v2/indicator/BM.KLT.DINV.WD.GD.ZS?format=json&per_page=1",
    "valuesReference": "https://api.worldbank.org/v2/country/all/indicator/BM.KLT.DINV.WD.GD.ZS?format=json&per_page=20000&page=1&date=2015%3A2025",
    "license": "Creative Commons Attribution 4.0 International unless specifically labeled otherwise by World Bank metadata",
    "licenseReference": "https://www.worldbank.org/en/about/legal/terms-of-use-for-datasets",
    "retrievedAt": "2026-07-02T22:36:07.777960+00:00",
    "checksum": "9ef63030df29870162a08b40772354014a3a13b18cb1800a5a7d2ff5aadc5811",
    "sourceOrganization": "Balance of Payments database, International Monetary Fund (IMF), note: International Monetary Fund, Balance of Payments database, supplemented by data from the United Nations Conference on Trade and Development and official national sources.;\nUN Conference on Trade and Development (UNCTAD);\nOfficial national sources"
  },
  "reviewStatus": "approved",
  "contentVersion": "2026.07.02-exp4-content50",
  "editorial": {
    "shortHook": "A candidate map for foreign direct investment outflows.",
    "patternNote": "The darkest countries include Luxembourg, United Arab Emirates, Ireland, while the lightest include Cyprus, Hungary, Estonia; that contrast is the fastest way to read the foreign direct investment outflows pattern.",
    "whyItMatters": "Foreign direct investment outflows may add useful WORLDPRINT variety once source coverage, unit clarity, map interest, and distractor ambiguity are reviewed.",
    "bestProbeCountries": [
      {
        "iso3": "LUX",
        "reason": "High anchor: this country sits near the darkest end of the map."
      },
      {
        "iso3": "CYP",
        "reason": "Low anchor: this country clarifies the lightest end of the scale."
      },
      {
        "iso3": "BIH",
        "reason": "Middle check: this country helps separate a true pattern from one-off outliers."
      }
    ],
    "commonConfusions": [
      {
        "confusedWithIndicatorCode": "BX.KLT.DINV.WD.GD.ZS",