{
  "schemaVersion": "1.1.0",
  "id": "female-agricultural-employment",
  "providerCode": "SL.AGR.EMPL.FE.ZS",
  "title": "Employment in agriculture, female (% of female employment) (modeled ILO estimate)",
  "shortTitle": "Female agricultural employment",
  "category": "labor",
  "difficulty": "expert",
  "definition": "Employment is defined as persons of working age who were engaged in any activity to produce goods or provide services for pay or profit, whether at work during the reference period or not at work due to temporary absence from a job, or to working-time arrangement. The agriculture sector consists of activities in agriculture, hunting, forestry and fishing, in accordance with division 1 (ISIC 2) or categories A-B (ISIC 3) or category A (ISIC 4).",
  "unit": "percent of female employment",
  "year": 2025,
  "valuesByIso3": {
    "AFG": 74.6220196601876,
    "AGO": 55.9343526979619,
    "ALB": 35.6844251557712,
    "ARE": 0.060221549001372,
    "ARG": 3.63057660294577,
    "ARM": 31.1683772691725,
    "AUS": 1.44490721687307,
    "AUT": 2.32797846557653,
    "AZE": 38.7148410418936,
    "BDI": 93.1340157535905,
    "BEL": 0.624607856760865,
    "BEN": 33.5646799509581,
    "BFA": 53.8370409282705,
    "BGD": 74.6705382859257,
    "BGR": 2.68049840292366,
    "BHS": 0.154949530724278,
    "BIH": 21.5519774045641,
    "BLR": 6.40812754447998,
    "BLZ": 6.79341302991022,
    "BOL": 24.5390892541152,
    "BRA": 3.1991144311011,
    "BRN": 0.927808417671043,
    "BTN": 51.2700585118405,
    "BWA": 7.57561131366536,
    "CAF": 68.5137372795524,
    "CAN": 0.710778674580907,
    "CHE": 1.53579885689442,
    "CHL": 3.37245031372589,
    "CHN": 18.6826526976472,
    "CIV": 40.9805010797492,
    "CMR": 44.8104701183264,
    "COD": 67.4295077782003,
    "COG": 37.5679667543784,
    "COL": 5.92828061582968,
    "CRI": 6.32006598709913,
    "CUB": 6.37968097031753,
    "CYP": 0.836337114682162,
    "CZE": 1.60330349630688,
    "DEU": 0.706984593840451,
    "DJI": 0.897220667785861,
    "DNK": 0.73423587412516,
    "DOM": 1.27794495330397,
    "DZA": 3.81180116887435,
    "ECU": 30.7613607804869,
    "EGY": 17.4704915611854,
    "ERI": 58.1109643665735,
    "ESP": 1.94647109275231,
    "EST": 1.41693662252066,
    "ETH": 50.0331663870713,
    "FIN": 1.68243570119993,
    "FJI": 35.0147103744313,
    "FRA": 1.39625500290903,
    "GAB": 25.9928561649803,
    "GBR": 0.469349215034095,
    "GEO": 36.3612821614397,
    "GHA": 28.5535558846897,
    "GIN": 48.2560228204977,
    "GMB": 38.8606177249325,
    "GNB": 66.1635339685859,
    "GNQ": 56.248272977797,
    "GRC": 9.19684834540376,
    "GTM": 15.8004866240039,
    "GUY": 6.73660352412507,
    "HND": 5.27265711809765,
    "HRV": 2.83854971276046,
    "HTI": 32.2946347740263,
    "HUN": 2.38134403405832,
    "IDN": 25.2587381539466,
    "IND": 59.8301878767769,
    "IRL": 1.1315367927796,
    "IRN": 12.7011857016154,
    "IRQ": 13.9261718891646,
    "ISL": 1.70891326389529,
    "ISR": 0.354064061222475,
    "ITA": 1.95054759049946,
    "JAM": 8.02289969092442,
    "JOR": 0.369969773574306,
    "JPN": 2.29336010524804,
    "KAZ": 9.54471803699472,
    "KEN": 53.3552284914178,
    "KGZ": 17.9853372325734,
    "KHM": 35.6182600744464,
    "KOR": 4.58861444613556,
    "KWT": 0.153463268544347,
    "LAO": 68.3807822960965,
    "LBR": 44.3504623655308,
    "LBY": 6.45887406805546,
    "LKA": 25.9679840518099,
    "LSO": 19.8243108936052,
    "LTU": 3.48436144847307,
    "LUX": 0.58455522971652,
    "LVA": 3.8206499640299,
    "MAR": 38.3444520092479,
    "MDA": 51.3207436292431,
    "MDG": 68.3037237922103,
    "MEX": 4.46580549250984,
    "MKD": 7.58414440752748,
    "MLI": 60.9389853777312,
    "MMR": 37.8429812739217,
    "MNE": 3.41920841958251,
    "MNG": 24.6956339733782,
    "MOZ": 81.8313115768343,
    "MRT": 29.4611313627561,
    "MWI": 71.2130396428257,
    "MYS": 4.69720831895064,
    "NAM": 21.3322356473522,
    "NCL": 1.10360823778081,
    "NER": 78.2601338854529,
    "NGA": 23.5767771715327,
    "NIC": 9.65583707019458,
    "NLD": 1.11869130219408,
    "NOR": 1.11064834096904,
    "NPL": 35.8609231159835,
    "NZL": 3.80898882157306,
    "OMN": 1.54761904761905,
    "PAK": 68.0200186878762,
    "PAN": 9.618320789035,
    "PER": 21.6776306157705,
    "PHL": 13.3015608838713,
    "PNG": 38.9179266646842,
    "POL": 4.82474507003508,
    "PRI": 0.374352047214501,
    "PRK": 57.7897288983225,
    "PRT": 1.69827056215591,
    "PRY": 10.7458296651155,
    "QAT": 0.0120914890426926,
    "ROU": 8.40620625035792,
    "RUS": 3.26787953821912,
    "RWA": 43.0558937794787,
    "SAU": 0.445425946657976,
    "SEN": 24.535755617984,
    "SLB": 43.7754183572967,
    "SLE": 43.9547456333663,
    "SLV": 4.53359404632669,
    "SOM": 34.2985817325411,
    "SRB": 17.310286206169,
    "SUR": 5.69860569341854,
    "SVK": 0.908858486967168,
    "SVN": 2.90841516355453,
    "SWE": 0.877121401722004,
    "SWZ": 10.6655461434914,
    "SYR": 7.87768401819759,
    "TCD": 74.3705766546585,
    "TGO": 33.6124746975186,
    "THA": 24.8174803830863,
    "TJK": 61.3599397309723,
    "TKM": 21.7922186452615,
    "TLS": 46.7242347018815,
    "TTO": 1.88682481689223,
    "TUN": 8.37558396140973,
    "TUR": 18.047859367629,
    "TZA": 66.7883372268893,
    "UGA": 70.8270978721655,
    "URY": 3.74325052569291,
    "USA": 0.961645134508177,
    "UZB": 26.955641105621,
    "VEN": 2.63723033957249,
    "VNM": 24.4189150595926,
    "VUT": 46.3303367771367,
    "YEM": 43.458530996221,
    "ZAF": 3.79852325219423,
    "ZMB": 57.9932853909867,
    "ZWE": 61.1056627192771
  },
  "stats": {
    "coverage": 163,
    "min": 0.0120914890426926,
    "max": 93.1340157535905,
    "median": 12.7011857016154,
    "quantileBreaks": [
      0.0120914890426926,
      1.1524522442830814,
      3.385809772542067,
      7.579268353891983,
      21.623779239539182,
      35.810495127351416,
      55.63473673086313,
      93.1340157535905
    ]
  },
  "formatting": {
    "maximumFractionDigits": 1,
    "suffix": "%"
  },
  "source": {
    "provider": "World Bank",
    "dataset": "World Development Indicators",
    "attribution": "The World Bank",
    "sourceReference": "https://api.worldbank.org/v2/indicator/SL.AGR.EMPL.FE.ZS?format=json&per_page=1",
    "valuesReference": "https://api.worldbank.org/v2/country/all/indicator/SL.AGR.EMPL.FE.ZS?format=json&per_page=20000&page=1&date=2015%3A2025",
    "license": "Creative Commons Attribution 4.0 International unless specifically labeled otherwise by World Bank metadata",
    "licenseReference": "https://www.worldbank.org/en/about/legal/terms-of-use-for-datasets",
    "retrievedAt": "2026-06-27T17:15:52.410477+00:00",
    "checksum": "aa132bf42cefa21dde7d6050375e789bda2fb403ca736123e4ae1a8e87bd732f",
    "sourceOrganization": "ILO Modelled Estimates database (ILOEST), International Labour Organization (ILO), uri: https://ilostat.ilo.org/data/bulk/, publisher: ILOSTAT, type: external database, date accessed: January 17, 2026"
  },
  "reviewStatus": "approved",
  "contentVersion": "2026.06.22-exp2-qa1",
  "editorial": {
    "shortHook": "A gendered farming-work map.",
    "patternNote": "The darkest countries include Burundi, Mozambique, Niger, while the lightest include Qatar, United Arab Emirates, Kuwait; that contrast is the fastest way to read the female agricultural employment pattern.",
    "whyItMatters": "The female share of work in agriculture can diverge strongly from total agricultural employment.",
    "bestProbeCountries": [
      {
        "iso3": "BDI",
        "reason": "High anchor: this country sits near the darkest end of the map."
      },
      {
        "iso3": "QAT",
        "reason": "Low anchor: this country clarifies the lightest end of the scale."
      },
      {
        "iso3": "IRN",
        "reason": "Middle check: this country helps separate a true pattern from one-off outliers."
      }
    ],
    "commonConfusions": [
      {
        "confusedWithIndicatorCode": "SL.AGR.EMPL.ZS",