{
  "schemaVersion": "1.1.0",
  "id": "female-services-employment",
  "providerCode": "SL.SRV.EMPL.FE.ZS",
  "title": "Employment in services, female (% of female employment) (modeled ILO estimate)",
  "shortTitle": "Female services employment",
  "category": "labor",
  "difficulty": "expert",
  "definition": "Employment is defined as persons of working age who were engaged in any activity to produce goods or provide services for pay or profit, whether at work during the reference period or not at work due to temporary absence from a job, or to working-time arrangement. The services sector consists of wholesale and retail trade and restaurants and hotels; transport, storage, and communications; financing, insurance, real estate, and business services; and community, social, and personal services, in accordance with divisions 6-9 (ISIC 2) or categories G-Q (ISIC 3) or categories G-U (ISIC 4).",
  "unit": "percent of female employment",
  "year": 2025,
  "valuesByIso3": {
    "AFG": 3.74218771165336,
    "AGO": 42.3627170881845,
    "ALB": 48.010570800442,
    "ARE": 91.2506253894296,
    "ARG": 86.7237183860129,
    "ARM": 58.8900000692085,
    "AUS": 90.4042195693268,
    "AUT": 85.7586860936288,
    "AZE": 54.1447129510416,
    "BDI": 6.31654696753601,
    "BEL": 91.3371821271112,
    "BEN": 47.1981062490139,
    "BFA": 31.7427488771925,
    "BGD": 16.3425275716294,
    "BGR": 77.7432920738149,
    "BHS": 95.6791216575173,
    "BIH": 62.7807460627169,
    "BLR": 74.0349465395072,
    "BLZ": 85.4977835389761,
    "BOL": 63.2729055008848,
    "BRA": 86.3081364789842,
    "BRN": 88.0193649117683,
    "BTN": 37.9818437507848,
    "BWA": 83.6789956609663,
    "CAF": 19.3618742933085,
    "CAN": 90.6889702479943,
    "CHE": 88.7165986100587,
    "CHL": 86.3208118536264,
    "CHN": 56.5189798698704,
    "CIV": 46.3997274120365,
    "CMR": 43.1464857487339,
    "COD": 28.2356215123043,
    "COG": 45.101312519301,
    "COL": 80.8428225104243,
    "CRI": 82.116485681744,
    "CUB": 82.74655222028,
    "CYP": 93.4512543549806,
    "CZE": 77.4676365699499,
    "DEU": 86.4440176451379,
    "DJI": 98.2484611080022,
    "DNK": 90.0989755402146,
    "DOM": 90.7754682123889,
    "DZA": 71.6133484400427,
    "ECU": 60.1581090535306,
    "EGY": 73.706829073204,
    "ERI": 34.6300252921859,
    "ESP": 88.9460051176079,
    "EST": 84.8950488278659,
    "ETH": 45.1376046351648,
    "FIN": 89.4992505412757,
    "FJI": 57.3817141203518,
    "FRA": 88.9615780102264,
    "GAB": 65.3478367289367,
    "GBR": 92.3127315034959,
    "GEO": 55.5731777173135,
    "GHA": 55.952351912968,
    "GIN": 41.2523391546335,
    "GMB": 56.1519683797905,
    "GNB": 27.1527695268873,
    "GNQ": 39.2379444514977,
    "GRC": 82.5788334123826,
    "GTM": 65.4554898477543,
    "GUY": 78.2295954102954,
    "HND": 78.4782591888988,
    "HRV": 82.5707586175067,
    "HTI": 62.9226145006807,
    "HUN": 79.0976198118719,
    "IDN": 58.6569989907696,
    "IND": 24.0327182741918,
    "IRL": 89.6246731454995,
    "IRN": 62.044667479759,
    "IRQ": 74.4555185459543,
    "ISL": 90.9355700986266,
    "ISR": 92.8165994451926,
    "ITA": 84.4708534318584,
    "JAM": 86.3033155380725,
    "JOR": 93.3275479703018,
    "JPN": 84.2754525096217,
    "KAZ": 79.3863355026554,
    "KEN": 42.1341278339679,
    "KGZ": 67.7060947781199,
    "KHM": 38.6160851774391,
    "KOR": 83.4665066910262,
    "KWT": 93.1312163043187,
    "LAO": 25.876695307681,
    "LBR": 51.8594846719406,
    "LBY": 88.9362854627937,
    "LKA": 49.8889648568065,
    "LSO": 44.4676487979166,
    "LTU": 81.7973385695599,
    "LUX": 97.2043010752688,
    "LVA": 84.5096225597305,
    "MAR": 46.0841442159768,
    "MDA": 41.0981501613939,
    "MDG": 22.4278032670744,
    "MEX": 78.5005893464049,
    "MKD": 67.9709790221513,
    "MLI": 31.543548055185,
    "MMR": 44.4051140368769,
    "MNE": 88.3490867978486,
    "MNG": 61.4614220525624,
    "MOZ": 16.9806510227674,
    "MRT": 60.493084617525,
    "MWI": 24.1824646961526,
    "MYS": 77.6184295056188,
    "NAM": 70.9125688713572,
    "NCL": 90.9728587194403,
    "NER": 10.2794345899141,
    "NGA": 59.9015372757115,
    "NIC": 78.1253833103679,
    "NLD": 93.3750248523183,
    "NOR": 91.7857107075946,
    "NPL": 46.5472409736493,
    "NZL": 86.3840133061534,
    "OMN": 83.7019281985725,
    "PAK": 18.8245974114549,
    "PAN": 79.9000739457474,
    "PER": 69.0842255775594,
    "PHL": 77.4309288524213,
    "PNG": 58.695358784912,
    "POL": 78.4650361574725,
    "PRI": 91.8570987344222,
    "PRK": 21.7652707169081,
    "PRT": 83.067487961892,
    "PRY": 80.7077707144736,
    "QAT": 96.1432986549428,
    "ROU": 69.5371508710025,
    "RUS": 82.3557164448569,
    "RWA": 46.6167105857126,
    "SAU": 89.4626729920378,
    "SEN": 58.6566535751016,
    "SLB": 53.1463390496656,
    "SLE": 49.9775484314956,
    "SLV": 79.7321533672522,
    "SOM": 50.8890604778632,
    "SRB": 63.7258503644395,
    "SUR": 83.7569507842975,
    "SVK": 79.3003023613868,
    "SVN": 78.4231183066677,
    "SWE": 92.150245831161,
    "SWZ": 66.2504369296673,
    "SYR": 85.2368931547325,
    "TCD": 19.3532432208631,
    "TGO": 45.5020226673486,
    "THA": 56.2902708599671,
    "TJK": 31.728422010973,
    "TKM": 58.3777435118334,
    "TLS": 51.8523683192202,
    "TTO": 83.8899466543165,
    "TUN": 59.8542659969366,
    "TUR": 64.4812214178751,
    "TZA": 29.0375460546797,
    "UGA": 25.6425866384259,
    "URY": 87.6533491129262,
    "USA": 90.7924502161113,
    "UZB": 57.667397470907,
    "VEN": 86.6207428249214,
    "VNM": 44.6502194165988,
    "VUT": 49.3914243545265,
    "YEM": 44.9812052745839,
    "ZAF": 84.6095638368378,
    "ZMB": 38.3909349906375,
    "ZWE": 35.4192545626722
  },
  "stats": {
    "coverage": 163,
    "min": 3.74218771165336,
    "max": 98.2484611080022,
    "median": 69.5371508710025,
    "quantileBreaks": [
      3.74218771165336,
      38.42309930303773,
      50.237980444743485,
      62.3601297295981,
      78.34017992250816,
      84.1653079795345,
      89.49402517709886,
      98.2484611080022
    ]
  },
  "formatting": {
    "maximumFractionDigits": 1,
    "suffix": "%"
  },
  "source": {
    "provider": "World Bank",
    "dataset": "World Development Indicators",
    "attribution": "The World Bank",
    "sourceReference": "https://api.worldbank.org/v2/indicator/SL.SRV.EMPL.FE.ZS?format=json&per_page=1",
    "valuesReference": "https://api.worldbank.org/v2/country/all/indicator/SL.SRV.EMPL.FE.ZS?format=json&per_page=20000&page=1&date=2015%3A2025",
    "license": "Creative Commons Attribution 4.0 International unless specifically labeled otherwise by World Bank metadata",
    "licenseReference": "https://www.worldbank.org/en/about/legal/terms-of-use-for-datasets",
    "retrievedAt": "2026-07-02T22:47:20.793798+00:00",
    "checksum": "54afbd9f40366629617df6c44afcf830a6c4128e68cd4677a10fac02d1152167",
    "sourceOrganization": "ILO Modelled Estimates database (ILOEST), International Labour Organization (ILO), uri: https://ilostat.ilo.org/data/bulk/, publisher: ILOSTAT, type: external database, date accessed: January 17, 2026"
  },
  "reviewStatus": "approved",
  "contentVersion": "2026.07.02-exp4-content50",
  "editorial": {
    "shortHook": "A gendered service-work map.",
    "patternNote": "The darkest countries include Djibouti, Luxembourg, Qatar, while the lightest include Afghanistan, Burundi, Niger; that contrast is the fastest way to read the female services employment pattern.",
    "whyItMatters": "Female services employment often reveals urban, income, and labor-market structure in a readable pattern.",
    "bestProbeCountries": [
      {
        "iso3": "DJI",
        "reason": "High anchor: this country sits near the darkest end of the map."
      },
      {
        "iso3": "AFG",
        "reason": "Low anchor: this country clarifies the lightest end of the scale."
      },
      {
        "iso3": "ROU",