{
  "schemaVersion": "1.1.0",
  "id": "female-contributing-family-workers",
  "providerCode": "SL.FAM.WORK.FE.ZS",
  "title": "Contributing family workers, female (% of female employment) (modeled ILO estimate)",
  "shortTitle": "Female contributing family workers",
  "category": "labor",
  "difficulty": "expert",
  "definition": "Contributing family workers are those workers who hold \"self-employment jobs\" as own-account workers in a market-oriented establishment operated by a related person living in the same household.",
  "unit": "percent of female employment",
  "year": 2025,
  "valuesByIso3": {
    "AFG": 68.7658512085993,
    "AGO": 19.2823031661197,
    "ALB": 26.3628863362315,
    "ARE": 0.744512687348257,
    "ARG": 0.298032323543539,
    "ARM": 4.90514980171775,
    "AUS": 0.109471633680694,
    "AUT": 1.00176260405591,
    "AZE": 37.0799494899475,
    "BDI": 58.456206343672,
    "BEL": 0.958492418847965,
    "BEN": 26.366752777132,
    "BFA": 37.3973962867821,
    "BGD": 10.9607017781107,
    "BGR": 0.247132319590666,
    "BHS": 0.29041969187179,
    "BIH": 1.56457995222378,
    "BLR": 3.25438108386043,
    "BLZ": 7.06066861907277,
    "BOL": 23.7019261371593,
    "BRA": 1.68422758896488,
    "BRN": 0.779538791602547,
    "BTN": 43.9403832148866,
    "BWA": 2.25020853599071,
    "CAF": 26.3886522086287,
    "CAN": 0.145808129513525,
    "CHE": 2.68315569367996,
    "CHL": 0.710569227115168,
    "CHN": 12.2605618185472,
    "CIV": 28.2375937587506,
    "CMR": 7.48294568856148,
    "COD": 26.4469316633104,
    "COG": 6.76386985507332,
    "COL": 2.98830767376316,
    "CRI": 1.35873236234474,
    "CUB": 0.651116045543764,
    "CYP": 0.600957191595038,
    "CZE": 0.175932812184989,
    "DEU": 0.280957671109214,
    "DJI": 0.2107815706025,
    "DNK": 0.359972916971464,
    "DOM": 1.64977203124583,
    "DZA": 1.50658804178551,
    "ECU": 22.407952263326,
    "EGY": 16.1024364149632,
    "ERI": 17.1391529157403,
    "ESP": 0.248343001808072,
    "EST": 0.200735144567624,
    "ETH": 38.8678687345256,
    "FIN": 0.503683847380067,
    "FJI": 18.5254256362438,
    "FRA": 0.31286004691143,
    "GAB": 1.19852145017362,
    "GBR": 0.250533268606012,
    "GEO": 20.1955940617691,
    "GHA": 3.61315937719323,
    "GIN": 22.5328822138456,
    "GMB": 6.41103010335285,
    "GNB": 23.7609010764442,
    "GNQ": 4.65866573065175,
    "GRC": 4.59511643787233,
    "GTM": 11.3036274471934,
    "GUY": 0.175497965640174,
    "HND": 7.22882759793679,
    "HRV": 0.602683808305267,
    "HTI": 29.3521811574212,
    "HUN": 0.156936527843785,
    "IDN": 24.1960664873655,
    "IND": 31.6455517527915,
    "IRL": 0.887252932080051,
    "IRN": 12.1368533325221,
    "IRQ": 12.6755869590368,
    "ISL": 0.107844040925431,
    "ISR": 0.121485160814328,
    "ITA": 1.28231686189005,
    "JAM": 0.548328182073616,
    "JOR": 0.0519844214427354,
    "JPN": 2.97839067548664,
    "KAZ": 0.0841226716397861,
    "KEN": 33.62021361971,
    "KGZ": 9.83938727338688,
    "KHM": 13.042606601943,
    "KOR": 5.6825646197634,
    "KWT": 0.630375307745206,
    "LAO": 24.5359734972355,
    "LBR": 9.5620749976453,
    "LBY": 5.96504690756163,
    "LKA": 14.379639825112,
    "LSO": 0.909897215896939,
    "LTU": 0.316864217814811,
    "LUX": 1.98044965786901,
    "LVA": 0.938126963274753,
    "MAR": 6.91064610907108,
    "MDA": 3.1301812900599,
    "MDG": 56.7755674892562,
    "MEX": 5.29413495643079,
    "MKD": 4.11443438261692,
    "MLI": 37.9548970425918,
    "MMR": 34.6243141362386,
    "MNE": 1.59696070362704,
    "MNG": 0.102327451166051,
    "MOZ": 13.699016235162,
    "MRT": 10.8057593992147,
    "MWI": 6.12437391003444,
    "MYS": 0.146868310079559,
    "NAM": 5.38665915309418,
    "NCL": 0.895980247283066,
    "NER": 38.7956794240425,
    "NGA": 10.0655641400599,
    "NIC": 7.21873979498371,
    "NLD": 0.373732531768845,
    "NOR": 0.116932950331405,
    "NPL": 65.007216464358,
    "NZL": 0.734208268510453,
    "OMN": 1.51113241717269,
    "PAK": 53.428541225302,
    "PAN": 6.87835632504822,
    "PER": 15.6018500444089,
    "PHL": 9.00755600797652,
    "PNG": 30.3253484487433,
    "POL": 0.846563438558675,
    "PRI": 0.801917158794482,
    "PRK": 28.1256145198304,
    "PRT": 0.113302236670079,
    "PRY": 7.83052547934555,
    "QAT": 0.673979599239687,
    "ROU": 3.6757303408435,
    "RUS": 0.0909625004572387,
    "RWA": 2.91659506335321,
    "SAU": 0.370222392523008,
    "SEN": 15.6673592081559,
    "SLB": 70.5615954834848,
    "SLE": 5.18605876381538,
    "SLV": 4.90635660106057,
    "SOM": 13.016352912602,
    "SRB": 7.8688327892412,
    "SUR": 4.68192381110466,
    "SVK": 0.0908132626075988,
    "SVN": 1.81951259064144,
    "SWE": 0.32837785200124,
    "SWZ": 2.55315667740088,
    "SYR": 16.3277821627704,
    "TCD": 32.8342309020771,
    "TGO": 22.4074794288147,
    "THA": 19.1150375521893,
    "TJK": 20.6925880276535,
    "TKM": 7.38692320685776,
    "TLS": 36.2448535640703,
    "TTO": 0.843582222679634,
    "TUN": 2.5287577383166,
    "TUR": 15.874880884631,
    "TZA": 38.5945471378409,
    "UGA": 7.57216901448771,
    "URY": 1.21398078975454,
    "USA": 0.118710572062635,
    "UZB": 1.72947763435199,
    "VEN": 8.48474795353576,
    "VNM": 16.2220682247816,
    "VUT": 1.46441509650956,
    "YEM": 40.7061590415695,
    "ZAF": 0.726253053638652,
    "ZMB": 3.10293627726912,
    "ZWE": 0.775030584348405
  },
  "stats": {
    "coverage": 163,
    "min": 0.0519844214427354,
    "max": 70.5615954834848,
    "median": 4.68192381110466,
    "quantileBreaks": [
      0.0519844214427354,
      0.300150569738952,
      0.8897464507094839,
      2.783201137825639,
      6.89680763020414,
      14.185175942269149,
      26.438606026927303,
      70.5615954834848
    ]
  },
  "formatting": {
    "maximumFractionDigits": 1,
    "suffix": "%"
  },
  "source": {
    "provider": "World Bank",
    "dataset": "World Development Indicators",
    "attribution": "The World Bank",
    "sourceReference": "https://api.worldbank.org/v2/indicator/SL.FAM.WORK.FE.ZS?format=json&per_page=1",
    "valuesReference": "https://api.worldbank.org/v2/country/all/indicator/SL.FAM.WORK.FE.ZS?format=json&per_page=20000&page=1&date=2015%3A2025",
    "license": "Creative Commons Attribution 4.0 International unless specifically labeled otherwise by World Bank metadata",
    "licenseReference": "https://www.worldbank.org/en/about/legal/terms-of-use-for-datasets",
    "retrievedAt": "2026-07-02T22:47:47.701216+00:00",
    "checksum": "3e79dbc19523b252c49a6aab85df968dcce5a268360bff2db860444cb00dc82b",
    "sourceOrganization": "ILO Modelled Estimates database (ILOEST), International Labour Organization (ILO), uri: https://ilostat.ilo.org/data/bulk/, publisher: ILOSTAT, type: external database, date accessed: January 17, 2026"
  },
  "reviewStatus": "approved",
  "contentVersion": "2026.07.02-exp4-content50",
  "editorial": {
    "shortHook": "A women's unpaid-family-work map.",
    "patternNote": "The darkest countries include Solomon Islands, Afghanistan, Nepal, while the lightest include Jordan, Kazakhstan, Slovak Republic; that contrast is the fastest way to read the female contributing family workers pattern.",
    "whyItMatters": "Female contributing family work can reveal hidden labor patterns behind broad employment rates.",
    "bestProbeCountries": [
      {
        "iso3": "SLB",
        "reason": "High anchor: this country sits near the darkest end of the map."
      },
      {
        "iso3": "JOR",
        "reason": "Low anchor: this country clarifies the lightest end of the scale."
      },
      {
        "iso3": "SUR",
        "reason": "Middle check: this country helps separate a true pattern from one-off outliers."
      }
    ],
    "commonConfusions": [
      {
        "confusedWithIndicatorCode": "SL.FAM.WORK.ZS",