{
  "schemaVersion": "1.1.0",
  "id": "female-industry-employment",
  "providerCode": "SL.IND.EMPL.FE.ZS",
  "title": "Employment in industry, female (% of female employment) (modeled ILO estimate)",
  "shortTitle": "Female industry employment",
  "category": "labor",
  "difficulty": "expert",
  "definition": "Employment is defined as persons of working age who were engaged in any activity to produce goods or provide services for pay or profit, whether at work during the reference period or not at work due to temporary absence from a job, or to working-time arrangement. The industry sector consists of mining and quarrying, manufacturing, construction, and public utilities (electricity, gas, and water), in accordance with divisions 2-5 (ISIC 2) or categories C-F (ISIC 3) or categories B-F (ISIC 4).",
  "unit": "percent of female employment",
  "year": 2025,
  "valuesByIso3": {
    "AFG": 21.636001025314,
    "AGO": 1.70294468483151,
    "ALB": 16.3051667716261,
    "ARE": 8.68915306156901,
    "ARG": 9.6457050110413,
    "ARM": 9.94162266161906,
    "AUS": 8.15087321380017,
    "AUT": 11.9132875439454,
    "AZE": 7.14048727344756,
    "BDI": 0.549406314193652,
    "BEL": 8.03825212546899,
    "BEN": 19.237213800028,
    "BFA": 14.4202101945369,
    "BGD": 8.98693414244492,
    "BGR": 19.5762095232614,
    "BHS": 4.16592881175846,
    "BIH": 15.667276532719,
    "BLR": 19.5568818938679,
    "BLZ": 7.70880343111367,
    "BOL": 12.1880370714568,
    "BRA": 10.4927490899147,
    "BRN": 11.0528266705606,
    "BTN": 10.7480977373748,
    "BWA": 8.74539302536837,
    "CAF": 12.1243884271391,
    "CAN": 8.60026137170216,
    "CHE": 9.74760253304694,
    "CHL": 10.3067378326477,
    "CHN": 24.798363869781,
    "CIV": 12.6197715082143,
    "CMR": 12.0430648563268,
    "COD": 4.3348598917905,
    "COG": 17.3307207263205,
    "COL": 13.228896873746,
    "CRI": 11.5634483311568,
    "CUB": 10.8737668094025,
    "CYP": 5.71240853033719,
    "CZE": 20.9290599337432,
    "DEU": 12.8489977610216,
    "DJI": 0.854318224211901,
    "DNK": 9.16678858566029,
    "DOM": 7.94658683430713,
    "DZA": 24.574850391083,
    "ECU": 9.08055846746349,
    "EGY": 8.82269521076913,
    "ERI": 7.25901034124054,
    "ESP": 9.10752378963984,
    "EST": 13.6880145496134,
    "ETH": 4.82923754401608,
    "FIN": 8.81823444972282,
    "FJI": 7.60277165961962,
    "FRA": 9.6421599559867,
    "GAB": 8.6588922492294,
    "GBR": 7.21791310598491,
    "GEO": 8.06554012124684,
    "GHA": 15.4940922023423,
    "GIN": 10.4916380248688,
    "GMB": 4.98714205716212,
    "GNB": 6.68369650452677,
    "GNQ": 4.51340916049917,
    "GRC": 8.22426217891145,
    "GTM": 18.7440235282418,
    "GUY": 15.0338010655796,
    "HND": 16.2490836930036,
    "HRV": 14.5906916697329,
    "HTI": 4.78270092831526,
    "HUN": 18.5210361540698,
    "IDN": 16.0842557775596,
    "IND": 16.1370944456203,
    "IRL": 9.24379006172091,
    "IRN": 25.2541468186256,
    "IRQ": 11.6183095648811,
    "ISL": 7.35643838141764,
    "ISR": 6.82933649358495,
    "ITA": 13.5785891366799,
    "JAM": 5.67392525990447,
    "JOR": 6.30269187072648,
    "JPN": 13.4311873851303,
    "KAZ": 11.0689683388081,
    "KEN": 4.51064367461427,
    "KGZ": 14.3086603008618,
    "KHM": 25.7656547481145,
    "KOR": 11.9448943823998,
    "KWT": 6.71532042713695,
    "LAO": 5.74252239622249,
    "LBR": 3.78997246012917,
    "LBY": 4.60499093446483,
    "LKA": 24.1430510913836,
    "LSO": 35.7083548253174,
    "LTU": 14.7182999819671,
    "LUX": 2.21114369501466,
    "LVA": 11.6699508929968,
    "MAR": 15.5714037747753,
    "MDA": 7.58110620936294,
    "MDG": 9.26847294071525,
    "MEX": 17.0336051610853,
    "MKD": 24.4445413002444,
    "MLI": 7.51743778592285,
    "MMR": 17.7518927051248,
    "MNE": 8.23170478256894,
    "MNG": 13.8429439740593,
    "MOZ": 1.18805071412852,
    "MRT": 10.0460650757024,
    "MWI": 4.60446922559806,
    "MYS": 17.6843621754305,
    "NAM": 7.75519548129054,
    "NCL": 7.92353304277885,
    "NER": 11.460431524633,
    "NGA": 16.5216818654828,
    "NIC": 12.2187796194375,
    "NLD": 5.50628384548766,
    "NOR": 7.10364095143633,
    "NPL": 17.5918719746569,
    "NZL": 9.80699787227351,
    "OMN": 14.7504527538085,
    "PAK": 13.1553839006689,
    "PAN": 10.4816052652176,
    "PER": 9.23814380667012,
    "PHL": 9.26751498276177,
    "PNG": 2.38665736441201,
    "POL": 16.7102305486364,
    "PRI": 7.76873527802896,
    "PRK": 20.4450125610152,
    "PRT": 15.2342414759521,
    "PRY": 8.54639962041092,
    "QAT": 3.84436802623369,
    "ROU": 22.0566733396611,
    "RUS": 14.3763954033232,
    "RWA": 10.327437548961,
    "SAU": 10.0919010613042,
    "SEN": 16.8075447908686,
    "SLB": 3.07777133728246,
    "SLE": 6.06770593513817,
    "SLV": 15.7341708411264,
    "SOM": 14.8123577895957,
    "SRB": 18.9638634293915,
    "SUR": 10.544443522284,
    "SVK": 19.7907585004359,
    "SVN": 18.6684665297777,
    "SWE": 6.97259256906929,
    "SWZ": 23.0840169268412,
    "SYR": 6.8853077689541,
    "TCD": 6.27618012447845,
    "TGO": 20.8855026351329,
    "THA": 18.8922487569466,
    "TJK": 6.91163825805473,
    "TKM": 19.830037842905,
    "TLS": 1.42339697889831,
    "TTO": 14.2228854697336,
    "TUN": 31.7701500416537,
    "TUR": 17.4709279456947,
    "TZA": 4.17411059006371,
    "UGA": 3.53032466482657,
    "URY": 8.60340036138085,
    "USA": 8.24590464938051,
    "UZB": 15.376961423472,
    "VEN": 10.7420268355062,
    "VNM": 30.9308546025792,
    "VUT": 4.28015564202335,
    "YEM": 11.5602637291951,
    "ZAF": 11.591912910968,
    "ZMB": 3.61580833783271,
    "ZWE": 3.47508271805075
  },
  "stats": {
    "coverage": 163,
    "min": 0.549406314193652,
    "max": 35.7083548253174,
    "median": 10.4816052652176,
    "quantileBreaks": [
      0.549406314193652,
      5.061305169780054,
      7.759063994644374,
      9.253957885024136,
      11.57971380533463,
      14.741266247568099,
      18.647405047533717,
      35.7083548253174
    ]
  },
  "formatting": {
    "maximumFractionDigits": 1,
    "suffix": "%"
  },
  "source": {
    "provider": "World Bank",
    "dataset": "World Development Indicators",
    "attribution": "The World Bank",
    "sourceReference": "https://api.worldbank.org/v2/indicator/SL.IND.EMPL.FE.ZS?format=json&per_page=1",
    "valuesReference": "https://api.worldbank.org/v2/country/all/indicator/SL.IND.EMPL.FE.ZS?format=json&per_page=20000&page=1&date=2015%3A2025",
    "license": "Creative Commons Attribution 4.0 International unless specifically labeled otherwise by World Bank metadata",
    "licenseReference": "https://www.worldbank.org/en/about/legal/terms-of-use-for-datasets",
    "retrievedAt": "2026-07-02T22:46:43.552927+00:00",
    "checksum": "d2caa754aebb2bcd0d86524fe7df15bfe7f5d5609b591d631193201fdbc79efb",
    "sourceOrganization": "ILO Modelled Estimates database (ILOEST), International Labour Organization (ILO), uri: https://ilostat.ilo.org/data/bulk/, publisher: ILOSTAT, type: external database, date accessed: January 17, 2026"
  },
  "reviewStatus": "approved",
  "contentVersion": "2026.07.02-exp4-content50",
  "editorial": {
    "shortHook": "A gendered industrial-work map.",
    "patternNote": "The darkest countries include Lesotho, Tunisia, Viet Nam, while the lightest include Burundi, Djibouti, Mozambique; that contrast is the fastest way to read the female industry employment pattern.",
    "whyItMatters": "Female industry employment can reveal manufacturing and industrial labor patterns that total employment hides.",
    "bestProbeCountries": [
      {
        "iso3": "LSO",
        "reason": "High anchor: this country sits near the darkest end of the map."
      },
      {
        "iso3": "BDI",
        "reason": "Low anchor: this country clarifies the lightest end of the scale."
      },
      {
        "iso3": "PAN",
        "reason": "Middle check: this country helps separate a true pattern from one-off outliers."
      }
    ],