{
  "schemaVersion": "1.1.0",
  "id": "female-wage-salaried-workers",
  "providerCode": "SL.EMP.WORK.FE.ZS",
  "title": "Wage and salaried workers, female (% of female employment) (modeled ILO estimate)",
  "shortTitle": "Female wage workers",
  "category": "labor",
  "difficulty": "expert",
  "definition": "Wage and salaried workers (employees) are those workers who hold the type of jobs defined as \"paid employment jobs,\" where the incumbents hold explicit (written or oral) or implicit employment contracts that give them a basic remuneration that is not directly dependent upon the revenue of the unit for which they work.",
  "unit": "percent of female employment",
  "year": 2025,
  "valuesByIso3": {
    "AFG": 6.49323855430726,
    "AGO": 14.3830667562131,
    "ALB": 51.5235393955963,
    "ARE": 94.7971282731271,
    "ARG": 77.1806730881898,
    "ARM": 65.5551210802057,
    "AUS": 87.6547655221161,
    "AUT": 90.3869586458603,
    "AZE": 28.3663464395365,
    "BDI": 9.41053777598045,
    "BEL": 88.9457130813876,
    "BEN": 15.809529455244,
    "BFA": 11.0582750371627,
    "BGD": 34.704460196376,
    "BGR": 91.0759676665694,
    "BHS": 88.9162387108199,
    "BIH": 74.4686972572237,
    "BLR": 93.3379087015932,
    "BLZ": 63.0131067261991,
    "BOL": 30.3404157808303,
    "BRA": 75.3465105799258,
    "BRN": 91.1903130510969,
    "BTN": 17.656512895206,
    "BWA": 71.874497224058,
    "CAF": 11.6521711171487,
    "CAN": 89.7500714422775,
    "CHE": 84.9498110821023,
    "CHL": 77.2420293543438,
    "CHN": 64.5987013430577,
    "CIV": 19.0851266473765,
    "CMR": 21.9328247261508,
    "COD": 9.45286263261087,
    "COG": 9.89347311964813,
    "COL": 57.3317027465547,
    "CRI": 76.7265873752445,
    "CUB": 81.0559483058528,
    "CYP": 91.7421128135887,
    "CZE": 88.637770754495,
    "DEU": 94.1135534122723,
    "DJI": 37.278492818504,
    "DNK": 94.2691495044418,
    "DOM": 68.5502348024341,
    "DZA": 76.6322464085111,
    "ECU": 39.2988704312919,
    "EGY": 69.6782133506236,
    "ERI": 40.9739786240235,
    "ESP": 88.8776874883419,
    "EST": 92.352904764291,
    "ETH": 13.3291906939324,
    "FIN": 91.7969561665781,
    "FJI": 67.6267262584203,
    "FRA": 89.2014489516362,
    "GAB": 61.4303434599891,
    "GBR": 90.1141100023164,
    "GEO": 57.0398348369851,
    "GHA": 26.3350110006363,
    "GIN": 10.1347996504003,
    "GMB": 17.7148744379747,
    "GNB": 14.5372240572203,
    "GNQ": 68.4950075055451,
    "GRC": 75.3421823649519,
    "GTM": 46.4189468510813,
    "GUY": 70.7579465951034,
    "HND": 45.7195548874041,
    "HRV": 91.5064018327947,
    "HTI": 14.9772378014834,
    "HUN": 91.1588717819676,
    "IDN": 39.619521701887,
    "IND": 21.1533775561659,
    "IRL": 92.1859283935998,
    "IRN": 62.9638167557234,
    "IRQ": 62.7070134633216,
    "ISL": 91.2775371001936,
    "ISR": 91.7027807915524,
    "ITA": 84.1363280433892,
    "JAM": 69.4825793762293,
    "JOR": 96.652454796611,
    "JPN": 92.4812228706334,
    "KAZ": 74.6294554933089,
    "KEN": 25.9527392371823,
    "KGZ": 74.4532622411933,
    "KHM": 39.1517027420869,
    "KOR": 80.6289425988109,
    "KWT": 98.6173420935903,
    "LAO": 18.2432260277909,
    "LBR": 9.29649758211043,
    "LBY": 76.8998126706841,
    "LKA": 59.645999165923,
    "LSO": 66.3834966724119,
    "LTU": 91.456974304516,
    "LUX": 90.1928967090257,
    "LVA": 88.5125805975951,
    "MAR": 74.0929435178661,
    "MDA": 40.455407850166,
    "MDG": 9.36426924657487,
    "MEX": 68.9876539796752,
    "MKD": 88.3875856195959,
    "MLI": 18.3719360655289,
    "MMR": 34.8259582318931,
    "MNE": 88.4355438062698,
    "MNG": 60.9962972745349,
    "MOZ": 8.66972802578816,
    "MRT": 28.1294881127372,
    "MWI": 32.6158142520242,
    "MYS": 81.8247956795577,
    "NAM": 58.2629119349137,
    "NCL": 88.2998821570865,
    "NER": 4.57878335046827,
    "NGA": 10.4760995936883,
    "NIC": 50.9104666629497,
    "NLD": 87.285259121222,
    "NOR": 96.63570877541,
    "NPL": 9.16743423496462,
    "NZL": 84.9790116494671,
    "OMN": 93.5743581548951,
    "PAK": 26.6720497504202,
    "PAN": 62.767790494058,
    "PER": 45.2899021052734,
    "PHL": 58.8823807364056,
    "PNG": 14.4866496366686,
    "POL": 86.3938314673641,
    "PRI": 92.0226918368182,
    "PRK": 36.2165218728574,
    "PRT": 88.6844432891953,
    "PRY": 58.9929455884203,
    "QAT": 98.7565112668495,
    "ROU": 88.973540041762,
    "RUS": 94.4376894669266,
    "RWA": 55.9498371635867,
    "SAU": 93.208566796165,
    "SEN": 23.7892833230948,
    "SLB": 20.3648462056843,
    "SLE": 5.23317489937849,
    "SLV": 57.7109173382729,
    "SOM": 33.6391725544644,
    "SRB": 75.9805623281526,
    "SUR": 79.2856253631007,
    "SVK": 92.116505512107,
    "SVN": 90.1332585338274,
    "SWE": 93.6624561891527,
    "SWZ": 64.8485434438238,
    "SYR": 76.5603606381583,
    "TCD": 3.24501127587053,
    "TGO": 14.9233346297187,
    "THA": 50.2288938141602,
    "TJK": 64.3293340325676,
    "TKM": 70.5051548733977,
    "TLS": 20.2360823987534,
    "TTO": 83.023036415719,
    "TUN": 84.8342241371697,
    "TUR": 72.6734718788193,
    "TZA": 9.41570978845549,
    "UGA": 12.0738855974119,
    "URY": 74.4299269841605,
    "USA": 96.1918943811072,
    "UZB": 69.644484160894,
    "VEN": 62.1782683832294,
    "VNM": 41.8208392514268,
    "VUT": 36.4187000440858,
    "YEM": 34.8056705797218,
    "ZAF": 85.2794719788114,
    "ZMB": 19.8780284667256,
    "ZWE": 21.6437590897397
  },
  "stats": {
    "coverage": 163,
    "min": 3.24501127587053,
    "max": 98.7565112668495,
    "median": 66.3834966724119,
    "quantileBreaks": [
      3.24501127587053,
      16.07338423238143,
      35.223262129311465,
      60.2246983553281,
      73.48459852970319,
      85.19362617042732,
      91.26507652175121,
      98.7565112668495
    ]
  },
  "formatting": {
    "maximumFractionDigits": 1,
    "suffix": "%"
  },
  "source": {
    "provider": "World Bank",
    "dataset": "World Development Indicators",
    "attribution": "The World Bank",
    "sourceReference": "https://api.worldbank.org/v2/indicator/SL.EMP.WORK.FE.ZS?format=json&per_page=1",
    "valuesReference": "https://api.worldbank.org/v2/country/all/indicator/SL.EMP.WORK.FE.ZS?format=json&per_page=20000&page=1&date=2015%3A2025",
    "license": "Creative Commons Attribution 4.0 International unless specifically labeled otherwise by World Bank metadata",
    "licenseReference": "https://www.worldbank.org/en/about/legal/terms-of-use-for-datasets",
    "retrievedAt": "2026-07-02T22:45:53.133750+00:00",
    "checksum": "f3ea40aa8c95d86f451203571130a41dcd8634ed2181830beeaa1ccc7509163f",
    "sourceOrganization": "ILO Modelled Estimates database (ILOEST), International Labour Organization (ILO), uri: https://ilostat.ilo.org/data/bulk/, publisher: ILOSTAT, type: external database, date accessed: January 17, 2026"
  },
  "reviewStatus": "approved",
  "contentVersion": "2026.07.02-exp4-content50",
  "editorial": {
    "shortHook": "A formal-work map for women.",
    "patternNote": "The darkest countries include Qatar, Kuwait, Jordan, while the lightest include Chad, Niger, Sierra Leone; that contrast is the fastest way to read the female wage workers pattern.",
    "whyItMatters": "Women's wage and salaried work share helps distinguish formal labor markets from self-employment and family work.",
    "bestProbeCountries": [
      {
        "iso3": "QAT",
        "reason": "High anchor: this country sits near the darkest end of the map."
      },
      {
        "iso3": "TCD",
        "reason": "Low anchor: this country clarifies the lightest end of the scale."
      },
      {
        "iso3": "LSO",
        "reason": "Middle check: this country helps separate a true pattern from one-off outliers."
      }
    ],
    "commonConfusions": [
      {
        "confusedWithIndicatorCode": "SL.EMP.SELF.FE.ZS",