{
  "schemaVersion": "1.1.0",
  "id": "female-vulnerable-employment",
  "providerCode": "SL.EMP.VULN.FE.ZS",
  "title": "Vulnerable employment, female (% of female employment) (modeled ILO estimate)",
  "shortTitle": "Female vulnerable employment",
  "category": "labor",
  "difficulty": "expert",
  "definition": "Vulnerable employment is contributing family workers and own-account workers as a percentage of total employment.",
  "unit": "percent of female employment",
  "year": 2025,
  "valuesByIso3": {
    "AFG": 92.9201234544746,
    "AGO": 81.5020527805767,
    "ALB": 46.0109711109267,
    "ARE": 2.45613065804781,
    "ARG": 20.5097371097101,
    "ARM": 34.0761708341697,
    "AUS": 7.77528195602731,
    "AUT": 7.18036037589448,
    "AZE": 58.4930755009739,
    "BDI": 89.9883139298328,
    "BEL": 8.93964091695578,
    "BEN": 83.4707426649414,
    "BFA": 87.7205225540799,
    "BGD": 64.6159825649734,
    "BGR": 5.76146489789263,
    "BHS": 9.81228971135116,
    "BIH": 23.2318443281444,
    "BLR": 6.35842654288814,
    "BLZ": 34.2103157456751,
    "BOL": 67.5865997886723,
    "BRA": 21.6707890358977,
    "BRN": 6.07905466880834,
    "BTN": 82.0120037166319,
    "BWA": 26.7069629981659,
    "CAF": 84.9995445021408,
    "CAN": 8.38791015485063,
    "CHE": 9.75115255038066,
    "CHL": 20.9888278467413,
    "CHN": 32.6811817181541,
    "CIV": 80.1308748460576,
    "CMR": 77.1205102263699,
    "COD": 87.3764300262941,
    "COG": 89.6116312317041,
    "COL": 40.7549615463308,
    "CRI": 20.9150987225433,
    "CUB": 15.7987445829808,
    "CYP": 7.33746428614484,
    "CZE": 10.0702594840623,
    "DEU": 3.90491555579297,
    "DJI": 48.1551949263197,
    "DNK": 4.46522927008516,
    "DOM": 29.3681139558254,
    "DZA": 21.2393261474391,
    "ECU": 59.1614441000468,
    "EGY": 29.2847368657897,
    "ERI": 56.1431711097966,
    "ESP": 8.1349497696034,
    "EST": 5.35116859688786,
    "ETH": 86.5331539217543,
    "FIN": 6.69603698915863,
    "FJI": 30.6466133984984,
    "FRA": 7.83287010388053,
    "GAB": 36.9670645143893,
    "GBR": 8.99249487079618,
    "GEO": 40.3996610816746,
    "GHA": 66.826324189629,
    "GIN": 86.6399283642271,
    "GMB": 80.6782904644625,
    "GNB": 85.1624171280565,
    "GNQ": 28.6943338735335,
    "GRC": 20.3026521305736,
    "GTM": 51.3721788599311,
    "GUY": 25.2386536236789,
    "HND": 47.0409345874528,
    "HRV": 4.33019534339901,
    "HTI": 83.6130097592117,
    "HUN": 6.85994904230928,
    "IDN": 58.5100621974505,
    "IND": 78.2408543688412,
    "IRL": 5.79060545461607,
    "IRN": 35.604581392099,
    "IRQ": 36.0528483291288,
    "ISL": 6.17384090699604,
    "ISR": 6.92715755425621,
    "ITA": 11.7698411284751,
    "JAM": 27.4037651025569,
    "JOR": 2.12486322647181,
    "JPN": 6.87783495310848,
    "KAZ": 24.4578627459303,
    "KEN": 73.1955195804333,
    "KGZ": 25.3417139839877,
    "KHM": 58.0937323783868,
    "KOR": 16.2087840245991,
    "KWT": 0.656423874180958,
    "LAO": 81.1848029801981,
    "LBR": 89.6961758945225,
    "LBY": 19.1709361199509,
    "LKA": 39.3783626220454,
    "LSO": 28.9449847144816,
    "LTU": 7.8537673065969,
    "LUX": 7.14890843923102,
    "LVA": 8.45140908948734,
    "MAR": 22.5923780069764,
    "MDA": 59.4117412492602,
    "MDG": 88.0918674384103,
    "MEX": 27.8630138834529,
    "MKD": 9.27960518595755,
    "MLI": 81.4203790766716,
    "MMR": 63.8659197390347,
    "MNE": 9.92925489022454,
    "MNG": 36.4878760243127,
    "MOZ": 90.6812941957595,
    "MRT": 71.0888951970343,
    "MWI": 66.3512744385578,
    "MYS": 14.9677430567157,
    "NAM": 36.5619682624937,
    "NCL": 9.44613830642899,
    "NER": 93.2353613682905,
    "NGA": 79.0793122483505,
    "NIC": 46.2619174678019,
    "NLD": 10.881292691228,
    "NOR": 2.97649461636116,
    "NPL": 90.3028174144356,
    "NZL": 10.9435651450753,
    "OMN": 5.56674123788218,
    "PAK": 73.2301616243749,
    "PAN": 35.5944221776497,
    "PER": 52.5097235913603,
    "PHL": 39.2633235534081,
    "PNG": 79.4776514157258,
    "POL": 11.1265954319867,
    "PRI": 6.25532595792819,
    "PRK": 61.3801675524276,
    "PRT": 8.35776128469499,
    "PRY": 38.1752855493179,
    "QAT": 0.717025300231673,
    "ROU": 10.3038638270911,
    "RUS": 4.71274817005477,
    "RWA": 43.0854671120742,
    "SAU": 4.12600242996797,
    "SEN": 75.6258527348486,
    "SLB": 79.1393927398338,
    "SLE": 91.3496916748644,
    "SLV": 39.0428926086662,
    "SOM": 60.1831410207611,
    "SRB": 21.700344655348,
    "SUR": 16.7109303676654,
    "SVK": 6.68001713031703,
    "SVN": 8.06695140150461,
    "SWE": 4.7389478482588,
    "SWZ": 33.0318828507895,
    "SYR": 22.6992403863191,
    "TCD": 96.1994012561238,
    "TGO": 84.1531898734953,
    "THA": 48.1362902826987,
    "TJK": 33.3490838522131,
    "TKM": 27.522489907077,
    "TLS": 64.1696502340953,
    "TTO": 13.8880598294996,
    "TUN": 11.9471071525644,
    "TUR": 25.5886355425069,
    "TZA": 89.4909771737305,
    "UGA": 83.6771713877094,
    "URY": 23.4498663313503,
    "USA": 2.62325706658175,
    "UZB": 22.0867302197727,
    "VEN": 35.6249612041603,
    "VNM": 57.1024985154407,
    "VUT": 61.9827107013475,
    "YEM": 62.7469948540645,
    "ZAF": 11.4349625166388,
    "ZMB": 79.0997599053407,
    "ZWE": 76.6350501336757
  },
  "stats": {
    "coverage": 163,
    "min": 0.656423874180958,
    "max": 96.1994012561238,
    "median": 30.6466133984984,
    "quantileBreaks": [
      0.656423874180958,
      6.884881038986728,
      10.995859512764271,
      24.792487407822556,
      36.79345183500547,
      61.038159971951465,
      81.38672534860395,
      96.1994012561238
    ]
  },
  "formatting": {
    "maximumFractionDigits": 1,
    "suffix": "%"
  },
  "source": {
    "provider": "World Bank",
    "dataset": "World Development Indicators",
    "attribution": "The World Bank",
    "sourceReference": "https://api.worldbank.org/v2/indicator/SL.EMP.VULN.FE.ZS?format=json&per_page=1",
    "valuesReference": "https://api.worldbank.org/v2/country/all/indicator/SL.EMP.VULN.FE.ZS?format=json&per_page=20000&page=1&date=2015%3A2025",
    "license": "Creative Commons Attribution 4.0 International unless specifically labeled otherwise by World Bank metadata",
    "licenseReference": "https://www.worldbank.org/en/about/legal/terms-of-use-for-datasets",
    "retrievedAt": "2026-06-27T17:15:51.404632+00:00",
    "checksum": "9f3bd1273b3130cd969e0cf458f76285ea5efc8ca9af9cfde79c2c4ecf7914ae",
    "sourceOrganization": "ILO Modelled Estimates database (ILOEST), International Labour Organization (ILO), uri: https://ilostat.ilo.org/data/bulk/, publisher: ILOSTAT, type: estimates based on external database;\nStaff estimates, World Bank (WB)"
  },
  "reviewStatus": "approved",
  "contentVersion": "2026.06.22-exp2-qa1",
  "editorial": {
    "shortHook": "A women's informal-work risk map.",
    "patternNote": "The darkest countries include Chad, Niger, Afghanistan, while the lightest include Kuwait, Qatar, Jordan; that contrast is the fastest way to read the female vulnerable employment pattern.",
    "whyItMatters": "Female vulnerable employment shows where own-account and contributing-family work dominate women's jobs.",
    "bestProbeCountries": [
      {
        "iso3": "TCD",
        "reason": "High anchor: this country sits near the darkest end of the map."
      },
      {
        "iso3": "KWT",
        "reason": "Low anchor: this country clarifies the lightest end of the scale."
      },
      {
        "iso3": "FJI",
        "reason": "Middle check: this country helps separate a true pattern from one-off outliers."
      }
    ],
    "commonConfusions": [
      {
        "confusedWithIndicatorCode": "SL.EMP.WORK.FE.ZS",
        "reason": "Female wage workers can tempt players because it shares a strong country ranking with this map, but its unit and definition point to a different story."
      },
      {
        "confusedWithIndicatorCode": "SL.EMP.SELF.FE.ZS",