{
  "schemaVersion": "1.1.0",
  "id": "female-self-employed",
  "providerCode": "SL.EMP.SELF.FE.ZS",
  "title": "Self-employed, female (% of female employment) (modeled ILO estimate)",
  "shortTitle": "Female self-employed",
  "category": "labor",
  "difficulty": "expert",
  "definition": "Self-employed workers are those workers who, working on their own account or with one or a few partners or in cooperative, hold the type of jobs defined as a \"self-employment jobs.\" i.e. jobs where the remuneration is directly dependent upon the profits derived from the goods and services produced. Self-employed workers include sub-categories of employers, own-account workers and members of producers' cooperatives and contributing family workers.",
  "unit": "percent of female employment",
  "year": 2025,
  "valuesByIso3": {
    "AFG": 93.5069698428477,
    "AGO": 85.6169477147649,
    "ALB": 48.4764606044037,
    "ARE": 5.20287172687287,
    "ARG": 22.8193269118102,
    "ARM": 34.4447058986373,
    "AUS": 12.3452344778839,
    "AUT": 9.61304135413972,
    "AZE": 71.6336535604635,
    "BDI": 90.5894622240196,
    "BEL": 11.0542869186124,
    "BEN": 84.190470544756,
    "BFA": 88.9417249628372,
    "BGD": 65.295539803624,
    "BGR": 8.92403233343062,
    "BHS": 11.0837612891801,
    "BIH": 25.5313027427763,
    "BLR": 6.66204727626185,
    "BLZ": 36.9868932738009,
    "BOL": 69.6595842191697,
    "BRA": 24.6534894200742,
    "BRN": 8.81081020364608,
    "BTN": 82.343487104794,
    "BWA": 28.125502775942,
    "CAF": 88.3477217068845,
    "CAN": 10.2499285577225,
    "CHE": 15.0502327452722,
    "CHL": 22.7579706456562,
    "CHN": 35.4013028134274,
    "CIV": 80.9148733526235,
    "CMR": 78.0671752738492,
    "COD": 90.5471373673891,
    "COG": 90.1065268803519,
    "COL": 42.6682972534453,
    "CRI": 23.2734126247555,
    "CUB": 18.9440516941473,
    "CYP": 8.25788718641126,
    "CZE": 11.362229245505,
    "DEU": 5.88644150987353,
    "DJI": 62.721507181496,
    "DNK": 5.73078244774779,
    "DOM": 31.4497651975659,
    "DZA": 23.3677535914889,
    "ECU": 60.7011295687081,
    "EGY": 30.3217866493764,
    "ERI": 59.0260213759765,
    "ESP": 11.1223125116581,
    "EST": 7.64680047044536,
    "ETH": 86.6708050229417,
    "FIN": 8.20304383342189,
    "FJI": 32.3724698959824,
    "FRA": 10.7985510483638,
    "GAB": 38.5696565400109,
    "GBR": 9.88589617316901,
    "GEO": 42.9600458255764,
    "GHA": 73.6649889993636,
    "GIN": 89.8651467300093,
    "GMB": 82.2851255620253,
    "GNB": 85.4627759427798,
    "GNQ": 31.5049924944549,
    "GRC": 24.6577615717459,
    "GTM": 53.5810531489187,
    "GUY": 29.2412664185036,
    "HND": 54.2805153950118,
    "HRV": 8.49359816720533,
    "HTI": 85.0227621985166,
    "HUN": 8.84117267597231,
    "IDN": 60.3804836064064,
    "IND": 78.8466218472451,
    "IRL": 7.8140716064002,
    "IRN": 37.0361832442766,
    "IRQ": 37.2929865366784,
    "ISL": 8.72246289980643,
    "ISR": 8.29721920844766,
    "ITA": 15.8636817975739,
    "JAM": 30.5174206237707,
    "JOR": 3.34754520338905,
    "JPN": 7.51877387992717,
    "KAZ": 25.3705663851493,
    "KEN": 74.0472607628177,
    "KGZ": 25.5467377588067,
    "KHM": 60.8482972579131,
    "KOR": 19.3710496414089,
    "KWT": 1.38280675536079,
    "LAO": 81.7567739722091,
    "LBR": 90.7035024178896,
    "LBY": 23.1001873293159,
    "LKA": 40.3540370667881,
    "LSO": 33.6165033275882,
    "LTU": 8.54302569548404,
    "LUX": 9.80645161290323,
    "LVA": 11.4874194024049,
    "MAR": 25.9070564821339,
    "MDA": 59.544592149834,
    "MDG": 90.6357431912732,
    "MEX": 31.0123460203247,
    "MKD": 11.6124143804041,
    "MLI": 81.62803515331,
    "MMR": 65.1740417681069,
    "MNE": 11.5636248763415,
    "MNG": 39.0037027254651,
    "MOZ": 91.3302719742118,
    "MRT": 71.8705118872628,
    "MWI": 67.3841593125521,
    "MYS": 18.1752043204423,
    "NAM": 41.7370880650863,
    "NCL": 11.7001178429135,
    "NER": 95.4212166495317,
    "NGA": 89.5238985626751,
    "NIC": 49.0896129859579,
    "NLD": 12.714740878778,
    "NOR": 3.36429122458998,
    "NPL": 90.8325657650354,
    "NZL": 15.0209883505329,
    "OMN": 6.42564184510493,
    "PAK": 73.3279502495798,
    "PAN": 37.2320926880155,
    "PER": 54.7100978947266,
    "PHL": 41.1176192635944,
    "PNG": 85.5133503633314,
    "POL": 13.6061685326359,
    "PRI": 7.97712210351616,
    "PRK": 63.7834781271426,
    "PRT": 11.3155567108047,
    "PRY": 41.0069829527915,
    "QAT": 1.24348873315051,
    "ROU": 11.0264294972258,
    "RUS": 5.5623134042738,
    "RWA": 44.0501209222786,
    "SAU": 6.79146729429476,
    "SEN": 76.2107166769052,
    "SLB": 79.6351537943157,
    "SLE": 94.7667537125373,
    "SLV": 42.2891644070886,
    "SOM": 66.3608274455356,
    "SRB": 24.0194376718474,
    "SUR": 20.7143746368993,
    "SVK": 7.88349448789304,
    "SVN": 9.86674146617258,
    "SWE": 6.33754381084728,
    "SWZ": 35.1514565561761,
    "SYR": 23.4396393618417,
    "TCD": 96.7549887241295,
    "TGO": 85.0767266168324,
    "THA": 49.7711061858398,
    "TJK": 35.6706659674324,
    "TKM": 29.4948451266023,
    "TLS": 79.7639176012466,
    "TTO": 16.976963584281,
    "TUN": 15.1658739869907,
    "TUR": 27.3265193899826,
    "TZA": 90.5842963399121,
    "UGA": 87.9261144025881,
    "URY": 25.5699409321935,
    "USA": 3.80810690649597,
    "UZB": 30.3555361995552,
    "VEN": 37.8217316167707,
    "VNM": 58.1791643889834,
    "VUT": 63.5812999559142,
    "YEM": 65.1943294202782,
    "ZAF": 14.720540190716,
    "ZMB": 80.1219715332744,
    "ZWE": 78.3562409102603
  },
  "stats": {
    "coverage": 163,
    "min": 1.24348873315051,
    "max": 96.7549887241295,
    "median": 33.6165033275882,
    "quantileBreaks": [
      1.24348873315051,
      8.735083943212095,
      14.806382522092257,
      26.515397728354774,
      39.77532234907824,
      64.77673787068854,
      83.92661576761857,
      96.7549887241295
    ]
  },
  "formatting": {
    "maximumFractionDigits": 1,
    "suffix": "%"
  },
  "source": {
    "provider": "World Bank",
    "dataset": "World Development Indicators",
    "attribution": "The World Bank",
    "sourceReference": "https://api.worldbank.org/v2/indicator/SL.EMP.SELF.FE.ZS?format=json&per_page=1",
    "valuesReference": "https://api.worldbank.org/v2/country/all/indicator/SL.EMP.SELF.FE.ZS?format=json&per_page=20000&page=1&date=2015%3A2025",
    "license": "Creative Commons Attribution 4.0 International unless specifically labeled otherwise by World Bank metadata",
    "licenseReference": "https://www.worldbank.org/en/about/legal/terms-of-use-for-datasets",
    "retrievedAt": "2026-06-27T17:15:56.898416+00:00",
    "checksum": "b66e4b429b92c1fa000b736628c94ba82258d7c0707f7f7722f5072485e4b1d6",
    "sourceOrganization": "ILO Modelled Estimates database (ILOEST), International Labour Organization (ILO), uri: https://ilostat.ilo.org/data/bulk/, publisher: ILOSTAT, type: external database, date accessed: January 17, 2026"
  },
  "reviewStatus": "approved",
  "contentVersion": "2026.06.22-exp2-qa1",
  "editorial": {
    "shortHook": "A women's self-employment map.",
    "patternNote": "The darkest countries include Chad, Niger, Sierra Leone, while the lightest include Qatar, Kuwait, Jordan; that contrast is the fastest way to read the female self-employed pattern.",
    "whyItMatters": "Female self-employment helps distinguish entrepreneurial, informal, and agricultural work structures.",
    "bestProbeCountries": [
      {
        "iso3": "TCD",
        "reason": "High anchor: this country sits near the darkest end of the map."
      },
      {
        "iso3": "QAT",
        "reason": "Low anchor: this country clarifies the lightest end of the scale."
      },
      {
        "iso3": "LSO",
        "reason": "Middle check: this country helps separate a true pattern from one-off outliers."
      }
    ],
    "commonConfusions": [
      {
        "confusedWithIndicatorCode": "SL.EMP.WORK.FE.ZS",