{
  "schemaVersion": "1.1.0",
  "id": "fertilizer-use",
  "providerCode": "AG.CON.FERT.ZS",
  "title": "Fertilizer consumption (kilograms per hectare of arable land)",
  "shortTitle": "Fertilizer use per hectare",
  "category": "agriculture",
  "difficulty": "expert",
  "definition": "Fertilizer consumption measures the quantity of plant nutrients used per unit of arable land. Fertilizer products cover nitrogenous, potash, and phosphate fertilizers (including ground rock phosphate). Traditional nutrients--animal and plant manures--are not included. For the purpose of data dissemination, FAO has adopted the concept of a calendar year (January to December). Some countries compile fertilizer data on a calendar year basis, while others are on a split-year basis. Arable land includes land defined by the FAO as land under temporary crops (double-cropped areas are counted once), temporary meadows for mowing or for pasture, land under market or kitchen gardens, and land temporarily fallow. Land abandoned as a result of shifting cultivation is excluded.",
  "unit": "kilograms per hectare of arable land",
  "year": 2023,
  "valuesByIso3": {
    "AFG": 6.59533520265103,
    "AGO": 5.99962859795729,
    "ALB": 66.0843067546978,
    "ARE": 326.88948872658,
    "ARG": 50.1885205714362,
    "ARM": 40.2015398550725,
    "AUS": 102.688610687155,
    "AUT": 106.416218836758,
    "AZE": 43.8442415260315,
    "BDI": 38.955294508021,
    "BEL": 191.6622951002,
    "BEN": 33.1713429986072,
    "BFA": 17.7724916950143,
    "BGD": 391.888102126796,
    "BGR": 128.294732615336,
    "BIH": 108.397297297297,
    "BLR": 198.942131542081,
    "BLZ": 337.54,
    "BOL": 8.54803094887332,
    "BRA": 344.085888357715,
    "BRN": 177.25,
    "BTN": 9.81,
    "BWA": 93.0769230769231,
    "CAF": 0.0438888888888889,
    "CAN": 132.840554638148,
    "CHE": 142.696815430266,
    "CHL": 249.515957068733,
    "CHN": 394.019742296898,
    "CIV": 43.7850458640548,
    "CMR": 16.4033870967742,
    "COD": 2.78805072711163,
    "COG": 10.3363636363636,
    "COL": 372.911387439689,
    "CRI": 1024.54685897612,
    "CUB": 3.78257580966788,
    "CYP": 172.120486383927,
    "CZE": 113.434505577045,
    "DEU": 128.575550038524,
    "DJI": 28.3333333333333,
    "DNK": 113.644820295983,
    "DOM": 89.5507367233961,
    "DZA": 20.6745452131191,
    "ECU": 216.910505836576,
    "EGY": 532.774734128263,
    "ERI": 1.87391304347826,
    "ESP": 115.13935888866,
    "EST": 74.8621659634318,
    "ETH": 45.3223334771547,
    "FIN": 87.1675579322638,
    "FJI": 103.138020833333,
    "FRA": 131.322782093355,
    "GAB": 50.2676923076923,
    "GBR": 191.439285220973,
    "GEO": 170.243421052632,
    "GHA": 28.8902099832268,
    "GIN": 2.90895588083581,
    "GMB": 15.575,
    "GNB": 13.5994569318927,
    "GNQ": 12.2264150943396,
    "GRC": 142.180135529957,
    "GTM": 196.646718146718,
    "GUY": 201.443298969072,
    "HND": 187.970530451866,
    "HRV": 169.019585253456,
    "HTI": 4.40597014925373,
    "HUN": 89.5252991749569,
    "IDN": 311.071988639875,
    "IND": 199.141215854816,
    "IRL": 895.870159453303,
    "IRN": 68.2894451875916,
    "IRQ": 50.5312940229422,
    "ISL": 97.2892561983471,
    "ISR": 248.257184966839,
    "ITA": 114.107223440771,
    "JAM": 59.1916666666667,
    "JOR": 231.132352941176,
    "JPN": 202.84371909001,
    "KAZ": 3.87937862533157,
    "KEN": 50.4610949535603,
    "KGZ": 25.655616320153,
    "KHM": 51.0900152244838,
    "KOR": 262.3125,
    "KWT": 2008.5,
    "LAO": 77.406045751634,
    "LBN": 190.092225985703,
    "LBR": 11.676,
    "LBY": 22.0406976744186,
    "LKA": 153.93804664723,
    "LSO": 8.69801652707233,
    "LTU": 93.8028658271819,
    "LUX": 171.101979584516,
    "LVA": 94.5036764705882,
    "MAR": 55.0535566228931,
    "MDA": 51.0833778727953,
    "MDG": 7.283,
    "MEX": 94.2486620259481,
    "MKD": 54.2668269230769,
    "MLI": 8.53902409783,
    "MMR": 24.7212494362848,
    "MNE": 251.381215469613,
    "MNG": 47.4324272907021,
    "MOZ": 15.1302654867257,
    "MRT": 8.52444444444444,
    "MWI": 87.35575,
    "MYS": 2926.42866250159,
    "NAM": 27.065,
    "NCL": 248.91122278057,
    "NER": 0.772372881355932,
    "NGA": 4.23860924278585,
    "NIC": 64.2175648702595,
    "NLD": 238.01982160555,
    "NOR": 205.144458281445,
    "NPL": 67.842887238053,
    "NZL": 1291.13076923077,
    "OMN": 301.457592103753,
    "PAK": 160.257600793126,
    "PAN": 112.578761061947,
    "PER": 93.4652160520371,
    "PHL": 199.449373881932,
    "PNG": 123.657575757576,
    "POL": 155.600785574005,
    "PRI": 36.6932270916335,
    "PRK": 14.682788671024,
    "PRT": 179.157408234214,
    "PRY": 137.652269239202,
    "PSE": 199.522673031026,
    "QAT": 240.238095238095,
    "ROU": 91.5666706316165,
    "RUS": 28.7290072257067,
    "RWA": 31.8349781851155,
    "SAU": 122.422725866855,
    "SDN": 7.10302452964992,
    "SEN": 8.49712793733682,
    "SLB": 0.0,
    "SLE": 2.66603535353535,
    "SLV": 74.5963938973648,
    "SRB": 137.801383019593,
    "SSD": 0.187206237358306,
    "SUR": 285.641461342396,
    "SVK": 106.321346595256,
    "SVN": 221.029683045447,
    "SWE": 93.520190023753,
    "SWZ": 80.9491525423729,
    "SYR": 17.3184090909091,
    "TCD": 6.52641509433962,
    "TGO": 17.3615094339623,
    "THA": 287.332398706679,
    "TJK": 92.9381809568925,
    "TKM": 347.309698686655,
    "TTO": 155.36,
    "TUN": 49.8968671634938,
    "TUR": 139.557478917,
    "TZA": 20.7059433438252,
    "UGA": 3.32855072463768,
    "UKR": 42.5221722755437,
    "URY": 174.382615020913,
    "USA": 127.796948422916,
    "UZB": 303.041697691735,
    "VEN": 50.8861538461538,
    "VNM": 419.949527976601,
    "VUT": 77.35,
    "YEM": 8.9300518134715,
    "ZAF": 77.1865833333333,
    "ZMB": 77.271052631579,
    "ZWE": 26.2132619037616
  },
  "stats": {
    "coverage": 165,
    "min": 0.0,
    "max": 2926.42866250159,
    "median": 91.5666706316165,
    "quantileBreaks": [
      0.0,
      9.307172464840857,
      32.980433739536956,
      70.09143053324104,
      106.38911248204315,
      169.19441893905258,
      244.8204322259486,
      2926.42866250159
    ]
  },
  "formatting": {
    "maximumFractionDigits": 1,
    "suffix": " kg/ha"
  },
  "source": {
    "provider": "World Bank",
    "dataset": "World Development Indicators",
    "attribution": "The World Bank",
    "sourceReference": "https://api.worldbank.org/v2/indicator/AG.CON.FERT.ZS?format=json&per_page=1",
    "valuesReference": "https://api.worldbank.org/v2/country/all/indicator/AG.CON.FERT.ZS?format=json&per_page=20000&page=1&date=2015%3A2025",
    "license": "Creative Commons Attribution 4.0 International unless specifically labeled otherwise by World Bank metadata",
    "licenseReference": "https://www.worldbank.org/en/about/legal/terms-of-use-for-datasets",
    "retrievedAt": "2026-07-02T22:21:27.210570+00:00",
    "checksum": "cc242b594ea6ac21734f1f7b5b8ac5d137e4b61d3bee7fea89acd72cc27a9c11",
    "sourceOrganization": "FAO electronic files and web site, Food and Agriculture Organization of the United Nations (FAO), publisher: Food and Agriculture Organization of the United Nations (FAO)"
  },
  "reviewStatus": "approved",
  "contentVersion": "2026.07.02-exp4-content50",
  "editorial": {
    "shortHook": "An intensive-farming input map.",
    "patternNote": "The darkest countries include Malaysia, Kuwait, New Zealand, while the lightest include Solomon Islands, Central African Republic, South Sudan; that contrast is the fastest way to read the fertilizer use per hectare pattern.",
    "whyItMatters": "Fertilizer use per hectare helps distinguish high-input farming systems from land area or crop-output maps.",
    "bestProbeCountries": [
      {
        "iso3": "MYS",
        "reason": "High anchor: this country sits near the darkest end of the map."
      },
      {
        "iso3": "SLB",
        "reason": "Low anchor: this country clarifies the lightest end of the scale."
      },
      {
        "iso3": "ROU",