{
  "schemaVersion": "1.1.0",
  "id": "final-consumption-share",
  "providerCode": "NE.CON.TOTL.ZS",
  "title": "Final consumption expenditure (% of GDP)",
  "shortTitle": "Final consumption share",
  "category": "economy",
  "difficulty": "expert",
  "definition": "Final consumption expenditure is expenditure on goods and services by resident institutional units for the direct satisfaction of human needs or wants, whether individual or collective. Final consumption expenditure can be measured for households, general government, the central bank and non-profit institutions serving households. This indicator is expressed as a percentage of Gross Domestic Product (GDP) which is the total income earned through the production of goods and services in an economic territory during an accounting period.",
  "unit": "percent of GDP",
  "year": 2025,
  "valuesByIso3": {
    "ALB": 82.0375876175404,
    "ARG": 84.9099777016769,
    "ARM": 81.2975438666992,
    "AUS": 75.0035715609467,
    "AUT": 73.7546433131341,
    "AZE": 74.8974375478334,
    "BDI": 71.7300742098879,
    "BEL": 76.2709081855214,
    "BEN": 67.1856965983254,
    "BFA": 77.8008630435249,
    "BGD": 78.0218224348599,
    "BGR": 79.3207705934658,
    "BIH": 89.6659926642155,
    "BLR": 74.4765088309046,
    "BRA": 82.5740399540919,
    "BRN": 53.1245132342331,
    "BWA": 77.2561711989326,
    "CAF": 104.912723830744,
    "CAN": 77.687658106377,
    "CHE": 61.5690292484525,
    "CHL": 71.8002168196154,
    "CIV": 75.6852010269478,
    "CMR": 86.961692347009,
    "COD": 68.6797545144545,
    "COG": 66.1321087839431,
    "COL": 88.6818109490843,
    "CRI": 78.0073607924518,
    "CYP": 75.0889263986485,
    "CZE": 67.3938450189401,
    "DEU": 75.7117704830746,
    "DJI": 83.7585547176231,
    "DNK": 66.8657391747325,
    "DOM": 79.5112959831522,
    "DZA": 60.0419510147052,
    "ECU": 75.5413239459949,
    "EGY": 98.8034979764228,
    "ESP": 74.7660554591406,
    "EST": 74.1173385594347,
    "ETH": 86.7723013259205,
    "FIN": 76.8382221905407,
    "FRA": 78.4683391555347,
    "GAB": 49.0808031365017,
    "GBR": 81.6634379006145,
    "GEO": 84.5384083163796,
    "GIN": 83.8552792679708,
    "GMB": 96.3242502227368,
    "GNB": 87.3347001718568,
    "GNQ": 85.5714210226062,
    "GRC": 87.2844770095556,
    "GTM": 98.6380072587557,
    "HND": 97.3591661497671,
    "HRV": 80.4571121269158,
    "HTI": 100.705932249683,
    "HUN": 73.366355965751,
    "IDN": 62.7621467738157,
    "IND": 67.440507236698,
    "IRL": 36.4567619037479,
    "IRN": 66.9611672941491,
    "ISL": 75.6865354758688,
    "ISR": 73.5254384472202,
    "ITA": 75.8195737762432,
    "KEN": 88.1527165578243,
    "KGZ": 105.548506787175,
    "KHM": 63.9050333744832,
    "KOR": 65.6696288340824,
    "LBY": 63.2115363639705,
    "LKA": 74.2288425261532,
    "LSO": 133.192145618837,
    "LTU": 73.8999991787133,
    "LUX": 53.3405809745965,
    "LVA": 80.5225840354445,
    "MAR": 77.2919818393584,
    "MDA": 104.976685292067,
    "MDG": 87.426163256421,
    "MEX": 82.022412458858,
    "MKD": 82.0216895118567,
    "MLI": 84.5967521253935,
    "MNE": 98.713682389874,
    "MNG": 66.1034512440774,
    "MOZ": 90.1224498695689,
    "MRT": 69.9909027708372,
    "MWI": 102.368195686246,
    "MYS": 73.9998963943795,
    "NAM": 100.551557170265,
    "NER": 80.4052218875246,
    "NIC": 87.5042403438873,
    "NLD": 68.9613364782807,
    "NOR": 65.0939313272612,
    "NPL": 93.1101863761048,
    "PAK": 92.9403157750285,
    "PER": 71.5364754263057,
    "PHL": 91.5519867006082,
    "POL": 79.2415787324635,
    "PRI": 86.4119270347174,
    "PRT": 78.0470267051067,
    "PRY": 76.8353986258657,
    "PSE": 107.65825328681,
    "ROU": 79.3455182670426,
    "RUS": 70.3656678013013,
    "RWA": 79.4381085588485,
    "SAU": 66.8034238439473,
    "SDN": 99.4416241748337,
    "SEN": 79.2156555288755,
    "SLE": 84.1166662270432,
    "SLV": 97.7327898385398,
    "SOM": 141.452228512251,
    "SRB": 80.9165414705267,
    "SVK": 80.0694737874152,
    "SVN": 72.6078593921428,
    "SWE": 72.4111683355304,
    "TCD": 66.9475422568296,
    "THA": 75.1130735693269,
    "TUN": 99.5154167126102,
    "TUR": 68.5685174577168,
    "TZA": 60.3205448574682,
    "UGA": 76.8805442809959,
    "UKR": 105.734037352676,
    "URY": 79.3959158952747,
    "UZB": 80.0505575027639,
    "VEN": 89.2779713992719,
    "VNM": 62.5877512283866,
    "ZAF": 84.7241721907922
  },
  "stats": {
    "coverage": 122,
    "min": 36.4567619037479,
    "max": 141.452228512251,
    "median": 78.2576829303207,
    "quantileBreaks": [
      36.4567619037479,
      66.95143512463518,
      73.83770380775078,
      76.83781882415856,
      80.05325982914265,
      84.80380312402849,
      95.40594626655621,
      141.452228512251
    ]
  },
  "formatting": {
    "maximumFractionDigits": 1,
    "suffix": "% of GDP"
  },
  "source": {
    "provider": "World Bank",
    "dataset": "World Development Indicators",
    "attribution": "The World Bank",
    "sourceReference": "https://api.worldbank.org/v2/indicator/NE.CON.TOTL.ZS?format=json&per_page=1",
    "valuesReference": "https://api.worldbank.org/v2/country/all/indicator/NE.CON.TOTL.ZS?format=json&per_page=20000&page=1&date=2015%3A2025",
    "license": "Creative Commons Attribution 4.0 International unless specifically labeled otherwise by World Bank metadata",
    "licenseReference": "https://www.worldbank.org/en/about/legal/terms-of-use-for-datasets",
    "retrievedAt": "2026-07-02T22:50:13.227799+00:00",
    "checksum": "c9fe0e4da76eb3675381cfb7acb8d5983ec716e99fb52a23b05636e8e1da3d3e",
    "sourceOrganization": "Country official statistics, National Statistical Organizations and/or Central Banks;\nNational Accounts data files, Organisation for Economic Co-operation and Development (OECD);\nStaff estimates, World Bank (WB)"
  },
  "reviewStatus": "approved",
  "contentVersion": "2026.07.02-exp4-content50",
  "editorial": {
    "shortHook": "A consumption-weight map.",
    "patternNote": "The darkest countries include Somalia, Fed. Rep., Lesotho, West Bank and Gaza, while the lightest include Ireland, Gabon, Brunei Darussalam; that contrast is the fastest way to read the final consumption share pattern.",
    "whyItMatters": "Final consumption as a share of GDP helps distinguish domestic-demand economies from investment- or export-heavy ones.",
    "bestProbeCountries": [
      {
        "iso3": "SOM",
        "reason": "High anchor: this country sits near the darkest end of the map."
      },
      {
        "iso3": "IRL",
        "reason": "Low anchor: this country clarifies the lightest end of the scale."
      },
      {
        "iso3": "FRA",
        "reason": "Middle check: this country helps separate a true pattern from one-off outliers."
      }
    ],
    "commonConfusions": [
      {
        "confusedWithIndicatorCode": "NY.GDS.TOTL.ZS",
        "reason": "Domestic savings can tempt players because it shares a strong country ranking with this map, but its unit and definition point to a different story."
      },
      {
        "confusedWithIndicatorCode": "NE.CON.PRVT.ZS",
        "reason": "Household consumption can tempt players because it shares a strong country ranking with this map, but its unit and definition point to a different story."
      },
      {
        "confusedWithIndicatorCode": "NE.RSB.GNFS.ZS",
        "reason": "External balance can tempt players because it shares a strong country ranking with this map, but its unit and definition point to a different story."
      }
    ],
    "difficultyReason": "Expert difficulty: the map can be mistaken for adjacent indicators unless players probe a high, low, and middle country.",
    "regionalSignals": [
      "Economic-share maps are not the same as raw totals.",
      "Small open economies can dominate percentage maps."
    ]
  },
  "editorialReview": {
    "status": "practice_eligible",
    "reviewedAt": "2026-07-02",
    "reviewedBy": "Codex editorial QA",
    "qualityScore": 4,