{
  "schemaVersion": "1.1.0",
  "id": "financial-service-imports-share",
  "providerCode": "BM.GSR.INSF.ZS",
  "title": "Insurance and financial services (% of service imports, BoP)",
  "shortTitle": "Financial service imports",
  "category": "economy",
  "difficulty": "expert",
  "definition": "Insurance and financial services cover various types of insurance provided to nonresidents by resident insurance enterprises and vice versa, and financial intermediary and auxiliary services (except those of insurance enterprises and pension funds) exchanged between residents and nonresidents. This indicator is expressed as a percentage of service imports which are services provided by non-residents to residents.",
  "unit": "percent of service imports",
  "year": 2024,
  "valuesByIso3": {
    "AGO": 7.34622250054512,
    "ALB": 3.54256100100867,
    "ARE": 8.14659197012138,
    "ARG": 3.62307888143141,
    "ARM": 8.04776683354645,
    "AUS": 2.60137248856574,
    "AUT": 4.78774661829339,
    "AZE": 3.07221273404587,
    "BDI": 10.4568485205666,
    "BEL": 8.87720708122898,
    "BFA": 16.0993993614606,
    "BGD": 6.34396209220047,
    "BGR": 7.22439846669746,
    "BHS": 11.2757145635665,
    "BIH": 4.37665580174856,
    "BLZ": 12.4429605127786,
    "BOL": 10.0553793927963,
    "BRA": 4.48237593396616,
    "BRN": 2.63333562886475,
    "BTN": 11.0031840269601,
    "BWA": 2.0780004801877,
    "CAN": 9.3502976130121,
    "CHE": 4.66652930356893,
    "CHL": 11.5042463130628,
    "CHN": 3.09193447938271,
    "CIV": 3.87360483149582,
    "CMR": 9.24160379129216,
    "COD": 21.2705639655168,
    "COL": 9.24072479546488,
    "CRI": 9.90452567306393,
    "CYP": 17.3132032421402,
    "CZE": 6.63782579492985,
    "DEU": 7.81026106042514,
    "DJI": 2.55583848410001,
    "DNK": 1.63558776417867,
    "DOM": 11.8219837449696,
    "DZA": 2.68720195261038,
    "ECU": 12.6680400880302,
    "EGY": 10.0659043296089,
    "ESP": 5.07371850619214,
    "EST": 2.46958412734998,
    "ETH": 13.282199961427,
    "FIN": 4.217931423061,
    "FJI": 7.75366886742431,
    "FRA": 9.97782785341126,
    "GBR": 9.33654805224254,
    "GEO": 7.38385220016373,
    "GHA": 9.73423983142779,
    "GIN": 7.93915644079163,
    "GMB": 19.7782517351087,
    "GNB": 3.89503487178238,
    "GRC": 8.59172835229215,
    "GTM": 10.6515621279536,
    "HND": 8.57720616510991,
    "HRV": 5.23242788726284,
    "HTI": 4.38870309262292,
    "HUN": 3.88766633126394,
    "IDN": 10.2252729525956,
    "IND": 3.7955335203766,
    "IRL": 8.77780537719948,
    "IRQ": 19.0978404029306,
    "ISL": 5.13693499126737,
    "ISR": 1.57908949749083,
    "ITA": 10.4641954205783,
    "JAM": 6.17339879443601,
    "JOR": 11.2659270174222,
    "JPN": 13.0907854297587,
    "KAZ": 5.67483069561208,
    "KEN": 13.7875423670882,
    "KGZ": 11.6592251394238,
    "KHM": 9.05175137764316,
    "KOR": 4.08211946175955,
    "KWT": 9.88904240923751,
    "LAO": 2.09067697995077,
    "LBR": 9.09823338386114,
    "LKA": 3.50719863861391,
    "LSO": 2.55718518441989,
    "LTU": 4.09818649858023,
    "LUX": 50.9639559701437,
    "LVA": 2.45786813716756,
    "MAR": 1.99237995628524,
    "MDA": 2.53442302627842,
    "MDG": 1.38898536728051,
    "MEX": 17.357799038802,
    "MKD": 1.24137617155726,
    "MLI": 4.03285801430085,
    "MNE": 1.7838370263565,
    "MNG": 5.44641978262664,
    "MOZ": 6.55753902626394,
    "MWI": 4.18981212581127,
    "MYS": 5.88311533641427,
    "NAM": 1.85402434954024,
    "NER": 1.00884310665647,
    "NGA": 8.28326851758983,
    "NIC": 15.9494640122512,
    "NLD": 6.58332383085349,
    "NOR": 3.59048339280799,
    "NPL": 4.39608498593263,
    "NZL": 13.9105172476935,
    "OMN": 14.4112748753445,
    "PAK": 9.74535321395798,
    "PAN": 17.8697997792719,
    "PER": 9.5780011200673,
    "PHL": 10.8140384468221,
    "PNG": 2.09896006469624,
    "POL": 5.26667111674788,
    "PRT": 5.37634999035589,
    "PRY": 6.34104808731438,
    "PSE": 5.09127815229253,
    "QAT": 3.47655381880139,
    "ROU": 3.56369813026963,
    "RUS": 1.73342675313441,
    "RWA": 3.82271852510611,
    "SAU": 6.76776605310216,
    "SLB": 3.69680261861739,
    "SLE": 9.43847447498069,
    "SLV": 16.2770645766896,
    "SRB": 2.41488774209349,
    "SUR": 4.56279328627313,
    "SVK": 4.20958882030613,
    "SVN": 3.56629010016291,
    "SWE": 2.53352807587437,
    "SWZ": 1.40847368562873,
    "THA": 6.98926331354255,
    "TJK": 14.3120778050323,
    "TLS": 12.3480435502189,
    "TTO": 16.4368122762395,
    "TUN": 3.46905001215848,
    "TUR": 8.72984593335722,
    "TZA": 7.77586933559001,
    "UGA": 3.42624527446115,
    "UKR": 3.16518726997186,
    "URY": 6.28374070578665,
    "USA": 18.850371039863,
    "UZB": 3.32289810668373,
    "ZAF": 6.36789756662854,
    "ZMB": 7.77195037334205,
    "ZWE": 6.96756036872645
  },
  "stats": {
    "coverage": 138,
    "min": 1.00884310665647,
    "max": 50.9639559701437,
    "median": 6.46271829644624,
    "quantileBreaks": [
      1.00884310665647,
      2.582435072503233,
      3.87561361717698,
      5.256887336895011,
      7.758892154829379,
      9.558068742197785,
      12.38872224845877,
      50.9639559701437
    ]
  },
  "formatting": {
    "maximumFractionDigits": 1,
    "suffix": "%"
  },
  "source": {
    "provider": "World Bank",
    "dataset": "World Development Indicators",
    "attribution": "The World Bank",
    "sourceReference": "https://api.worldbank.org/v2/indicator/BM.GSR.INSF.ZS?format=json&per_page=1",
    "valuesReference": "https://api.worldbank.org/v2/country/all/indicator/BM.GSR.INSF.ZS?format=json&per_page=20000&page=1&date=2015%3A2025",
    "license": "Creative Commons Attribution 4.0 International unless specifically labeled otherwise by World Bank metadata",
    "licenseReference": "https://www.worldbank.org/en/about/legal/terms-of-use-for-datasets",
    "retrievedAt": "2026-07-02T22:50:01.898197+00:00",
    "checksum": "18fd31b072aec5620276b38c842e258f8f447e05b85ea58adf368f09d89458dc",
    "sourceOrganization": "Balance of Payments Statistics Yearbook and data files, International Monetary Fund (IMF)"
  },
  "reviewStatus": "approved",
  "contentVersion": "2026.07.02-exp4-content50",
  "editorial": {
    "shortHook": "A finance-service import map.",
    "patternNote": "The darkest countries include Luxembourg, Congo, Dem. Rep., Gambia, The, while the lightest include Niger, North Macedonia, Madagascar; that contrast is the fastest way to read the financial service imports pattern.",
    "whyItMatters": "Financial service imports add a specialized services-trade puzzle for advanced players.",
    "bestProbeCountries": [
      {
        "iso3": "LUX",
        "reason": "High anchor: this country sits near the darkest end of the map."
      },
      {
        "iso3": "NER",
        "reason": "Low anchor: this country clarifies the lightest end of the scale."
      },
      {
        "iso3": "MOZ",
        "reason": "Middle check: this country helps separate a true pattern from one-off outliers."
      }
    ],
    "commonConfusions": [
      {
        "confusedWithIndicatorCode": "ER.GDP.FWTL.M3.KD",
        "reason": "Water productivity overlaps with part of the visible pattern, but the full country spread does not match."
      },
      {
        "confusedWithIndicatorCode": "SH.MED.BEDS.ZS",
        "reason": "Hospital beds overlaps with part of the visible pattern, but the full country spread does not match."
      },
      {
        "confusedWithIndicatorCode": "NE.CON.GOVT.ZS",
        "reason": "Government consumption lives in the same category, so it can feel plausible until the high and low countries are checked."
      }
    ],
    "difficultyReason": "Expert difficulty: the map can be mistaken for adjacent indicators unless players probe a high, low, and middle country.",
    "regionalSignals": [
      "Economic-share maps are not the same as raw totals.",
      "Small open economies can dominate percentage maps."
    ]
  },
  "editorialReview": {
    "status": "expert_only",