{
  "schemaVersion": "1.1.0",
  "id": "fixed-capital-formation",
  "providerCode": "NE.GDI.FTOT.ZS",
  "title": "Gross fixed capital formation (% of GDP)",
  "shortTitle": "Fixed capital formation",
  "category": "economy",
  "difficulty": "standard",
  "definition": "Gross fixed capital formation includes acquisitions less disposals of fixed assets during the accounting period, including certain specified expenditures on services that add to the value of non-produced assets. This indicator is expressed as a percentage of Gross Domestic Product (GDP) which is the total income earned through the production of goods and services in an economic territory during an accounting period.",
  "unit": "percent of GDP",
  "year": 2024,
  "valuesByIso3": {
    "AFG": 17.0345350970985,
    "AGO": 10.6227544338657,
    "ALB": 24.3552461083467,
    "ARG": 15.9035666572482,
    "ARM": 21.3550447611018,
    "AUS": 24.0919767539482,
    "AUT": 23.5479112127244,
    "AZE": 17.6085681632447,
    "BEL": 24.2779848762966,
    "BEN": 34.66631864209,
    "BFA": 17.2008676536653,
    "BGD": 30.7004900245244,
    "BGR": 18.3125443566691,
    "BHS": 25.7497094638977,
    "BIH": 24.365123971607,
    "BLR": 23.5065901235555,
    "BLZ": 21.1340516722302,
    "BOL": 16.608811759145,
    "BRA": 16.9093613197373,
    "BRN": 27.6977510164472,
    "BTN": 42.1455062871038,
    "BWA": 28.4591944895772,
    "CAF": 15.1266121685887,
    "CAN": 22.9101597496711,
    "CHE": 26.4501761760284,
    "CHL": 23.6573014977168,
    "CHN": 39.6519325237885,
    "CIV": 19.7219893709546,
    "CMR": 18.181902575179,
    "COD": 31.3846449133461,
    "COG": 26.5393398661499,
    "COL": 16.2164481041442,
    "CRI": 16.2962103335576,
    "CUB": 12.7563522251456,
    "CYP": 20.5485340033866,
    "CZE": 26.5024711602825,
    "DEU": 20.4603173503166,
    "DJI": 24.1649469069389,
    "DNK": 23.3320384051141,
    "DOM": 26.1210921622134,
    "DZA": 35.1978539491642,
    "ECU": 18.9666209470264,
    "EGY": 11.6981379076204,
    "ESP": 20.2878325064447,
    "EST": 23.8965498272625,
    "ETH": 20.5754723151817,
    "FIN": 22.0530955495248,
    "FJI": 20.0879039704524,
    "FRA": 22.096846539157,
    "GAB": 19.1352290513023,
    "GBR": 18.6685960371358,
    "GEO": 21.3178431037582,
    "GHA": 9.74192442150454,
    "GIN": 33.1775583630456,
    "GMB": 29.9390742901818,
    "GNB": 23.3321996596616,
    "GNQ": 6.48993571519582,
    "GRC": 16.0395231559948,
    "GTM": 15.9624423412969,
    "HND": 24.247501612997,
    "HRV": 25.1906175426343,
    "HTI": 12.1387816868155,
    "HUN": 23.2061119734289,
    "IDN": 29.1455504170466,
    "IND": 31.6434415327216,
    "IRL": 17.3480143254281,
    "IRN": 28.1071602327718,
    "IRQ": 14.3560078875112,
    "ISL": 26.7786299037103,
    "ISR": 23.0668461645279,
    "ITA": 21.5129467738695,
    "JPN": 27.8136184893082,
    "KAZ": 24.3175818053134,
    "KEN": 17.5649161132175,
    "KGZ": 23.3275911588625,
    "KHM": 31.5853497927725,
    "KOR": 30.029371211707,
    "KWT": 16.7471564420992,
    "LBN": 1.44489296022022,
    "LBY": 14.2709460093897,
    "LKA": 19.082722603178,
    "LSO": 29.3435852974058,
    "LTU": 22.4117705922418,
    "LUX": 15.375144986765,
    "LVA": 22.2448373054644,
    "MAR": 26.4589344056453,
    "MDA": 20.5167740905919,
    "MDG": 20.4410737587017,
    "MEX": 23.7623066664138,
    "MKD": 23.4918705962856,
    "MLI": 20.882066238539,
    "MNE": 21.0603764351519,
    "MNG": 27.166909098029,
    "MRT": 25.7869093913102,
    "MYS": 20.5427183763046,
    "NAM": 24.0374170503891,
    "NCL": 22.1189475397667,
    "NER": 22.4068618546939,
    "NIC": 22.9726116436066,
    "NLD": 19.8576425513779,
    "NOR": 22.9488999507844,
    "NPL": 24.5105351183299,
    "NZL": 23.3735424950356,
    "OMN": 25.5360863699509,
    "PAK": 11.4892532780615,
    "PAN": 31.3963314699963,
    "PER": 20.598445586393,
    "PHL": 23.5578639327357,
    "POL": 17.0407167835613,
    "PRI": 13.7477307166013,
    "PRT": 20.4281161978824,
    "PRY": 20.8362407935755,
    "PSE": 22.0716867808377,
    "ROU": 25.2916623299005,
    "RUS": 22.4336678847527,
    "RWA": 32.9381189863003,
    "SAU": 30.6297134526947,
    "SDN": 2.88674000548273,
    "SEN": 31.1360501162209,
    "SLB": 19.4606422691219,
    "SLE": 19.5509247888101,
    "SLV": 22.8360999354066,
    "SOM": 26.7485585359739,
    "SRB": 23.7954199963938,
    "SVK": 20.4183967254733,
    "SVN": 20.9214124483696,
    "SWE": 25.1020245960477,
    "SWZ": 16.0703120268798,
    "TCD": 15.4741814189462,
    "THA": 22.0668845799118,
    "TJK": 30.2409940950252,
    "TKM": 17.6374899630975,
    "TLS": 27.0079116726373,
    "TUN": 15.2116354094814,
    "TUR": 31.3157272627937,
    "TZA": 41.1459129767637,
    "UGA": 21.6442820900246,
    "UKR": 18.4575384971972,
    "URY": 16.3094353014272,
    "USA": 21.3498335194267,
    "UZB": 35.2972174028982,
    "VEN": 3.79701758245832,
    "VNM": 29.0429540155282,
    "VUT": 24.3684982963839,
    "ZAF": 14.5217362279274,
    "ZMB": 21.6032158081555,
    "ZWE": 7.92958898570701
  },
  "stats": {
    "coverage": 147,
    "min": 1.44489296022022,
    "max": 42.1455062871038,
    "median": 22.1189475397667,
    "quantileBreaks": [
      1.44489296022022,
      16.028511611037956,
      19.12022720898107,
      21.239075347389058,
      23.25817448147187,
      24.40908024551133,
      29.057610644316544,
      42.1455062871038
    ]
  },
  "formatting": {
    "maximumFractionDigits": 1,
    "suffix": "% of GDP"
  },
  "source": {
    "provider": "World Bank",
    "dataset": "World Development Indicators",
    "attribution": "The World Bank",
    "sourceReference": "https://api.worldbank.org/v2/indicator/NE.GDI.FTOT.ZS?format=json&per_page=1",
    "valuesReference": "https://api.worldbank.org/v2/country/all/indicator/NE.GDI.FTOT.ZS?format=json&per_page=20000&page=1&date=2015%3A2025",
    "license": "Creative Commons Attribution 4.0 International unless specifically labeled otherwise by World Bank metadata",
    "licenseReference": "https://www.worldbank.org/en/about/legal/terms-of-use-for-datasets",
    "retrievedAt": "2026-07-02T22:35:42.279966+00:00",
    "checksum": "99b4c6d5da8d2abd076899439901f4c5cbf5f9f366dcb2dbd7589cb45c905e9a",
    "sourceOrganization": "Country official statistics, National Statistical Organizations and/or Central Banks;\nNational Accounts data files, Organisation for Economic Co-operation and Development (OECD);\nStaff estimates, World Bank (WB)"
  },
  "reviewStatus": "approved",
  "contentVersion": "2026.07.02-exp4-content50",
  "editorial": {
    "shortHook": "A candidate map for fixed capital formation.",
    "patternNote": "The darkest countries include Bhutan, Tanzania, China, while the lightest include Lebanon, Sudan, Venezuela, RB; that contrast is the fastest way to read the fixed capital formation pattern.",
    "whyItMatters": "Fixed capital formation may add useful WORLDPRINT variety once source coverage, unit clarity, map interest, and distractor ambiguity are reviewed.",
    "bestProbeCountries": [
      {
        "iso3": "BTN",
        "reason": "High anchor: this country sits near the darkest end of the map."
      },
      {
        "iso3": "LBN",
        "reason": "Low anchor: this country clarifies the lightest end of the scale."
      },
      {
        "iso3": "NCL",
        "reason": "Middle check: this country helps separate a true pattern from one-off outliers."
      }
    ],
    "commonConfusions": [
      {
        "confusedWithIndicatorCode": "NE.GDI.TOTL.ZS",
        "reason": "Gross capital formation can tempt players because it shares a strong country ranking with this map, but its unit and definition point to a different story."
      },
      {
        "confusedWithIndicatorCode": "NY.GNS.ICTR.ZS",
        "reason": "Gross savings lives in the same category, so it can feel plausible until the high and low countries are checked."
      },
      {
        "confusedWithIndicatorCode": "NY.GDS.TOTL.ZS",