{
  "schemaVersion": "1.1.0",
  "id": "fixed-capital-formation",
  "providerCode": "NE.GDI.FTOT.ZS",
  "title": "Gross fixed capital formation (% of GDP)",
  "shortTitle": "Fixed capital formation",
  "category": "economy",
  "difficulty": "standard",
  "definition": "Gross fixed capital formation includes acquisitions less disposals of fixed assets during the accounting period, including certain specified expenditures on services that add to the value of non-produced assets. This indicator is expressed as a percentage of Gross Domestic Product (GDP) which is the total income earned through the production of goods and services in an economic territory during an accounting period.",
  "unit": "percent of GDP",
  "year": 2024,
  "valuesByIso3": {
    "AGO": 10.3941219963068,
    "ALB": 24.3552461083467,
    "ARG": 15.9035666572482,
    "ARM": 21.3550447611018,
    "AUS": 24.0919767539482,
    "AUT": 23.5479112127244,
    "AZE": 16.7969003538156,
    "BEL": 24.2476765830721,
    "BEN": 34.6655509408179,
    "BFA": 17.1648896381461,
    "BGD": 30.7004900245244,
    "BGR": 18.3125447926031,
    "BHS": 25.7497094638977,
    "BIH": 24.4669748531952,
    "BLR": 23.8001790850118,
    "BLZ": 21.1340516722302,
    "BOL": 16.608811759145,
    "BRA": 16.9093613196902,
    "BRN": 27.6977511976314,
    "BWA": 28.2893193159531,
    "CAF": 15.1358985879924,
    "CAN": 22.5959576167528,
    "CHE": 25.0546188527537,
    "CHL": 23.4893507192449,
    "CHN": 39.8697027685165,
    "CIV": 19.7219893709546,
    "CMR": 18.181902575179,
    "COD": 32.5422682705268,
    "COG": 26.5393398661499,
    "COL": 16.5945382423245,
    "CRI": 15.8255239777781,
    "CUB": 12.7563522251456,
    "CYP": 20.5485311273581,
    "CZE": 26.4879424582154,
    "DEU": 20.4603173503166,
    "DJI": 24.1649469069389,
    "DNK": 23.3320384051141,
    "DOM": 26.1210921622134,
    "DZA": 35.1978539491642,
    "ECU": 18.4101486634308,
    "EGY": 11.6981379076204,
    "ESP": 20.2878325064447,
    "EST": 23.8965498272625,
    "ETH": 20.5754723153175,
    "FIN": 21.9949775875751,
    "FRA": 22.096846539157,
    "GAB": 19.1352290512735,
    "GBR": 18.6678876534931,
    "GEO": 21.3178430978306,
    "GHA": 9.85797271154309,
    "GIN": 33.1775583630348,
    "GMB": 29.9390742710396,
    "GNB": 24.1142464088152,
    "GNQ": 9.07181309458443,
    "GRC": 16.0395231559948,
    "GTM": 16.1138303325026,
    "HND": 23.9265010808856,
    "HRV": 25.2027496420771,
    "HTI": 9.93936193656659,
    "HUN": 23.0580056906236,
    "IDN": 29.1455857193679,
    "IND": 29.8962309444631,
    "IRL": 17.3480143254281,
    "IRN": 28.1071602327718,
    "IRQ": 19.4223897234495,
    "ISL": 26.6450896088268,
    "ISR": 22.690494387869,
    "ITA": 22.1523278072561,
    "JPN": 26.0840902660166,
    "KAZ": 24.3175818053134,
    "KEN": 17.5385919966115,
    "KGZ": 23.9871003557033,
    "KHM": 31.5853497927725,
    "KOR": 30.029371211707,
    "LBY": 14.2709346991037,
    "LKA": 18.7930222888714,
    "LTU": 22.5009606900955,
    "LUX": 15.375144986765,
    "LVA": 22.4062700990842,
    "MAR": 26.4589344056453,
    "MDA": 19.9854977022621,
    "MDG": 22.224338487768,
    "MEX": 24.1240412731899,
    "MKD": 23.4918705962856,
    "MLI": 20.7917259274175,
    "MNE": 21.0603764351519,
    "MNG": 27.166909098029,
    "MRT": 25.7869093913102,
    "MYS": 20.5427183763046,
    "NAM": 23.6594562414878,
    "NCL": 22.1189475350042,
    "NER": 22.0531389038293,
    "NIC": 22.9144793545779,
    "NLD": 19.849010075201,
    "NOR": 21.9878128147487,
    "NPL": 24.3288506292299,
    "NZL": 23.2066715516941,
    "OMN": 25.5360863533197,
    "PAK": 11.4565315730663,
    "PAN": 31.3963315060588,
    "PER": 20.7786009172227,
    "PHL": 23.5705070697968,
    "POL": 17.0407167835613,
    "PRI": 13.7477307166013,
    "PRT": 20.4404295779662,
    "PRY": 20.9667292353666,
    "PSE": 21.847991773089,
    "ROU": 25.2916623299005,
    "RUS": 22.1329042728009,
    "RWA": 29.1132831962602,
    "SAU": 28.628276242255,
    "SDN": 2.88674000548273,
    "SEN": 34.0006097744121,
    "SLB": 19.4606421723765,
    "SLE": 19.550924768647,
    "SLV": 22.1882903303157,
    "SOM": 26.7485585359739,
    "SRB": 23.7954199963938,
    "SVK": 20.4183967254733,
    "SVN": 20.9214124483696,
    "SWE": 25.0968871804526,
    "SWZ": 16.0703120268798,
    "TCD": 14.9015216339142,
    "THA": 22.2430564475903,
    "TKM": 17.6375193145689,
    "TLS": 27.0079126873215,
    "TUN": 15.2116354094814,
    "TUR": 31.3157272627937,
    "TZA": 41.3501218577049,
    "UGA": 21.6442820900246,
    "UKR": 18.8802112745848,
    "URY": 16.2379503195638,
    "USA": 21.6987566313724,
    "UZB": 37.0559095195938,
    "VEN": 3.82359847041536,
    "VNM": 29.0216638418898,
    "ZAF": 14.5217362279274,
    "ZMB": 21.6032158081555,
    "ZWE": 7.92626050746844
  },
  "stats": {
    "coverage": 139,
    "min": 2.88674000548273,
    "max": 41.3501218577049,
    "median": 22.1329042728009,
    "quantileBreaks": [
      2.88674000548273,
      16.061515206626943,
      19.438783630132498,
      21.39049776782376,
      23.037501928331356,
      24.34393376015379,
      28.159205685109313,
      41.3501218577049
    ]
  },
  "formatting": {
    "maximumFractionDigits": 1,
    "suffix": "% of GDP"
  },
  "source": {
    "provider": "World Bank",
    "dataset": "World Development Indicators",
    "attribution": "The World Bank",
    "sourceReference": "https://api.worldbank.org/v2/indicator/NE.GDI.FTOT.ZS?format=json&per_page=1",
    "valuesReference": "https://api.worldbank.org/v2/country/all/indicator/NE.GDI.FTOT.ZS?format=json&per_page=20000&page=1&date=2015%3A2025",
    "license": "Creative Commons Attribution 4.0 International unless specifically labeled otherwise by World Bank metadata",
    "licenseReference": "https://www.worldbank.org/en/about/legal/terms-of-use-for-datasets",
    "retrievedAt": "2026-06-27T17:15:06.123015+00:00",
    "checksum": "ab0633fd25f3e83bd01dfccad6691335f47d1a7e09a107f874861b8c14be520c",
    "sourceOrganization": "Country official statistics, National Statistical Organizations and/or Central Banks;\nNational Accounts data files, Organisation for Economic Co-operation and Development (OECD);\nStaff estimates, World Bank (WB)"
  },
  "reviewStatus": "approved",
  "contentVersion": "2026.06.22-exp2-qa1",
  "editorial": {
    "shortHook": "A candidate map for fixed capital formation.",
    "patternNote": "The darkest countries include Tanzania, China, Uzbekistan, while the lightest include Sudan, Venezuela, RB, Zimbabwe; that contrast is the fastest way to read the fixed capital formation pattern.",
    "whyItMatters": "Fixed capital formation may add useful WORLDPRINT variety once source coverage, unit clarity, map interest, and distractor ambiguity are reviewed.",
    "bestProbeCountries": [
      {
        "iso3": "TZA",
        "reason": "High anchor: this country sits near the darkest end of the map."
      },
      {
        "iso3": "SDN",
        "reason": "Low anchor: this country clarifies the lightest end of the scale."
      },
      {
        "iso3": "RUS",
        "reason": "Middle check: this country helps separate a true pattern from one-off outliers."
      }
    ],
    "commonConfusions": [
      {
        "confusedWithIndicatorCode": "NE.GDI.TOTL.ZS",
        "reason": "Gross capital formation can tempt players because it shares a strong country ranking with this map, but its unit and definition point to a different story."
      },
      {
        "confusedWithIndicatorCode": "NY.GNS.ICTR.ZS",
        "reason": "Gross savings lives in the same category, so it can feel plausible until the high and low countries are checked."
      },
      {
        "confusedWithIndicatorCode": "NY.GDS.TOTL.ZS",
        "reason": "Domestic savings lives in the same category, so it can feel plausible until the high and low countries are checked."
      }
    ],