{
  "schemaVersion": "1.1.0",
  "id": "fixed-broadband",
  "providerCode": "IT.NET.BBND.P2",
  "title": "Fixed broadband subscriptions (per 100 people)",
  "shortTitle": "Fixed broadband",
  "category": "connectivity",
  "difficulty": "expert",
  "definition": "Fixed broadband subscriptions refers to fixed subscriptions to high-speed access to the public Internet (a TCP/IP connection), at downstream speeds equal to, or greater than, 256 kbit/s. This includes cable modem, DSL, fiber-to-the-home/building, other fixed (wired)-broadband subscriptions, satellite broadband and terrestrial fixed wireless broadband. This total is measured irrespective of the method of payment. It excludes subscriptions that have access to data communications (including the Internet) via mobile-cellular networks. It should include fixed WiMAX and any other fixed wireless technologies. It includes both residential subscriptions and subscriptions for organizations.",
  "unit": "subscriptions per 100 people",
  "year": 2024,
  "valuesByIso3": {
    "AGO": 0.362845240712436,
    "ALB": 24.8815713356962,
    "ARE": 40.840113505519,
    "ARG": 26.0976420359532,
    "ARM": 20.3090953111129,
    "AUS": 36.4788276060473,
    "AUT": 30.12779672163,
    "AZE": 21.7534102440295,
    "BEL": 44.2321563183446,
    "BEN": 0.277382047807868,
    "BFA": 0.851360416490348,
    "BGD": 8.08931134401926,
    "BHS": 25.2679530406222,
    "BIH": 29.3909178564419,
    "BLR": 36.2627055164488,
    "BOL": 12.0711429622144,
    "BRA": 24.079199344422,
    "BRN": 21.1771240120937,
    "BTN": 2.92069476099272,
    "BWA": 7.4409622000215,
    "CAN": 42.5238215177079,
    "CHE": 47.0197818175134,
    "CHL": 23.731405742065,
    "CHN": 47.1933952081567,
    "CIV": 1.60153227430253,
    "COD": 0.0320289131404702,
    "COL": 17.2244156778185,
    "CRI": 23.287699004466,
    "CUB": 3.08297531927544,
    "CYP": 37.5627069536424,
    "CZE": 38.8656371139002,
    "DEU": 45.6069242965787,
    "DNK": 43.3933280824544,
    "DOM": 11.2045645451604,
    "DZA": 13.3173088877016,
    "ECU": 17.246394056997,
    "EGY": 11.6871225241757,
    "ESP": 39.2337541858756,
    "EST": 35.3527186879385,
    "ETH": 0.593917449513598,
    "FIN": 36.4765341417867,
    "FJI": 1.80009560888215,
    "FRA": 48.9251978969333,
    "GAB": 4.6941021334787,
    "GBR": 42.1648283773461,
    "GEO": 30.4157660721649,
    "GHA": 0.664728986034211,
    "GMB": 0.518552979215852,
    "GNB": 0.386080917545218,
    "GRC": 44.6759828527928,
    "GTM": 5.33792153027114,
    "HND": 4.57914834722512,
    "HRV": 29.5997367962687,
    "HUN": 37.542262483936,
    "IDN": 4.92196685438436,
    "IND": 3.15046250037677,
    "IRL": 32.3023693358176,
    "IRN": 12.0603874696566,
    "IRQ": 17.6333290365333,
    "ISL": 37.5242757933482,
    "ISR": 29.1837101461688,
    "ITA": 31.7807732477772,
    "JAM": 15.981614377416,
    "JOR": 7.01801006087142,
    "KAZ": 15.3162031103353,
    "KEN": 3.04382666975517,
    "KGZ": 7.79695655822307,
    "KHM": 4.14566160137529,
    "KOR": 47.8014965507867,
    "LKA": 8.4682688580745,
    "LSO": 0.379434958926989,
    "LTU": 27.8460080234758,
    "LUX": 40.3174570156723,
    "LVA": 25.7542854181725,
    "MAR": 7.30282126551091,
    "MDA": 29.6324400873685,
    "MEX": 21.7367225364543,
    "MKD": 29.8921727758887,
    "MMR": 2.86965759378273,
    "MNE": 32.305369479654,
    "MNG": 15.7837343261767,
    "MOZ": 0.141999688956087,
    "MRT": 0.946513083252489,
    "MWI": 0.0863853749149284,
    "MYS": 13.5464432669708,
    "NAM": 2.83462992194067,
    "NER": 0.111273829357144,
    "NGA": 0.0787379280608494,
    "NIC": 5.77624223916809,
    "NLD": 42.9782483069868,
    "NOR": 45.1633056345554,
    "NPL": 10.0656152054494,
    "NZL": 38.048298946057,
    "OMN": 11.0647690464367,
    "PAK": 1.46559368502535,
    "PER": 11.6788671222106,
    "PHL": 7.13893301204977,
    "PNG": 0.232591077844073,
    "POL": 25.3612522999634,
    "PRI": 27.9891394865962,
    "PRT": 45.2439221846256,
    "PSE": 8.16158042217888,
    "QAT": 11.8175200751339,
    "ROU": 35.7995871488999,
    "RUS": 27.1333512124875,
    "RWA": 0.595648307197658,
    "SAU": 44.0705800179885,
    "SEN": 4.03828584004829,
    "SLV": 12.4640729621203,
    "SRB": 33.3746847922718,
    "SUR": 18.7523938773484,
    "SVK": 33.8136036435218,
    "SVN": 34.2332575162942,
    "SWE": 40.6156538715616,
    "SWZ": 2.5065536335855,
    "TCD": 0.0,
    "TGO": 1.41538265577438,
    "THA": 14.8870491187484,
    "TLS": 0.00599726695977119,
    "TTO": 27.0294379426204,
    "TUN": 14.9741523024679,
    "TUR": 23.4317347919186,
    "TZA": 0.246433216306666,
    "UGA": 0.207613333991268,
    "UKR": 21.6539327212609,
    "URY": 33.0440254320868,
    "USA": 38.8571729185246,
    "UZB": 34.7381414135069,
    "VEN": 12.9446636524427,
    "VNM": 23.711259212336,
    "VUT": 1.15566375920214,
    "ZAF": 5.34791194620067,
    "ZMB": 0.789797548725881,
    "ZWE": 1.93865437549104
  },
  "stats": {
    "coverage": 134,
    "min": 0.0,
    "max": 48.9251978969333,
    "median": 16.60301502761725,
    "quantileBreaks": [
      0.0,
      0.851360416490348,
      4.92196685438436,
      12.0711429622144,
      23.287699004466,
      30.12779672163,
      38.8571729185246,
      48.9251978969333
    ]
  },
  "formatting": {
    "maximumFractionDigits": 1,
    "suffix": " per 100"
  },
  "source": {
    "provider": "World Bank",
    "dataset": "World Development Indicators",
    "attribution": "The World Bank",
    "sourceReference": "https://api.worldbank.org/v2/indicator/IT.NET.BBND.P2?format=json&per_page=1",
    "valuesReference": "https://api.worldbank.org/v2/country/all/indicator/IT.NET.BBND.P2?format=json&per_page=20000&page=1&date=2015%3A2025",
    "license": "Creative Commons Attribution 4.0 International unless specifically labeled otherwise by World Bank metadata",
    "licenseReference": "https://www.worldbank.org/en/about/legal/terms-of-use-for-datasets",
    "retrievedAt": "2026-06-19T17:09:07.156856+00:00",
    "checksum": "b6f069268630d64910a520d9929a972437dd5faf26cd8dacd9ffea5169b1b915",
    "sourceOrganization": "World Telecommunication/ICT Indicators Database, International Telecommunication Union (ITU)"
  },
  "reviewStatus": "approved",
  "contentVersion": "2026.06.19-ed1",
  "editorial": {
    "shortHook": "A wired-connectivity map.",
    "patternNote": "The darkest countries include France, Korea, Rep., China, while the lightest include Chad, Timor-Leste, Congo, Dem. Rep.; that contrast is the fastest way to read the fixed broadband pattern.",
    "whyItMatters": "Fixed broadband separates household infrastructure from mobile-first connectivity.",
    "bestProbeCountries": [
      {
        "iso3": "FRA",
        "reason": "High anchor: this country sits near the darkest end of the map."
      },
      {
        "iso3": "TCD",
        "reason": "Low anchor: this country clarifies the lightest end of the scale."
      },
      {
        "iso3": "COL",
        "reason": "Middle check: this country helps separate a true pattern from one-off outliers."
      }
    ],
    "commonConfusions": [
      {
        "confusedWithIndicatorCode": "NY.GDP.PCAP.PP.CD",
        "reason": "GDP per capita, PPP can tempt players because it shares a strong country ranking with this map, but its unit and definition point to a different story."
      },
      {
        "confusedWithIndicatorCode": "NY.GDP.PCAP.CD",
        "reason": "GDP per capita can tempt players because it shares a strong country ranking with this map, but its unit and definition point to a different story."
      },
      {
        "confusedWithIndicatorCode": "SH.DYN.MORT",
        "reason": "Under-5 mortality can tempt players because it shares a strong country ranking with this map, but its unit and definition point to a different story."
      }
    ],
    "difficultyReason": "Expert difficulty: the map can be mistaken for adjacent indicators unless players probe a high, low, and middle country.",