{
  "schemaVersion": "1.1.0",
  "id": "fixed-telephone-subscriptions",
  "providerCode": "IT.MLT.MAIN.P2",
  "title": "Fixed telephone subscriptions (per 100 people)",
  "shortTitle": "Fixed telephone subscriptions",
  "category": "connectivity",
  "difficulty": "expert",
  "definition": "Fixed telephone subscriptions refers to the sum of active number of analogue fixed telephone lines, voice-over-IP (VoIP) subscriptions, fixed wireless local loop (WLL) subscriptions, ISDN voice-channel equivalents and fixed public payphones.",
  "unit": "subscriptions per 100 people",
  "year": 2024,
  "valuesByIso3": {
    "AGO": 0.21186538541079,
    "ALB": 5.92385104047081,
    "ARE": 20.7970089041309,
    "ARG": 14.0529010326667,
    "ARM": 9.99811691281306,
    "AUS": 22.2848587430823,
    "AUT": 38.1665537929568,
    "AZE": 12.8228619590412,
    "BEL": 21.1811329694619,
    "BEN": 0.00933434116560615,
    "BFA": 0.347015839163819,
    "BGD": 0.164060913574558,
    "BGR": 8.1676294958232,
    "BHS": 23.1965969153939,
    "BIH": 18.4259918533695,
    "BLR": 45.7584311099765,
    "BOL": 2.97201835287351,
    "BRA": 10.6345130917461,
    "BRN": 27.7221046807904,
    "BTN": 0.0,
    "BWA": 3.2993817476942,
    "CAN": 27.5989666459751,
    "CHE": 30.5941023635894,
    "CHL": 8.78587968461663,
    "CHN": 11.7314194172181,
    "CIV": 0.766268671579055,
    "CMR": 0.231793686965522,
    "COD": 0.0,
    "COL": 11.9425247676797,
    "CRI": 11.8999553598406,
    "CUB": 14.4879730318896,
    "CYP": 25.3998344370861,
    "CZE": 10.7888525734177,
    "DEU": 45.4157087874737,
    "DNK": 11.6750694113104,
    "DOM": 10.0576614931783,
    "DZA": 14.8068449500525,
    "ECU": 6.71806941068771,
    "EGY": 11.3698035541255,
    "ESP": 38.0466977131497,
    "EST": 16.715348102894,
    "ETH": 0.579763252194743,
    "FIN": 2.67031728710005,
    "FJI": 8.37277558614274,
    "GAB": 2.64357104821202,
    "GBR": 34.384757993093,
    "GEO": 6.77679525799242,
    "GHA": 0.782388128251515,
    "GMB": 1.59881129917956,
    "GRC": 46.6893156991215,
    "GTM": 10.774939247898,
    "HND": 4.24748397401998,
    "HRV": 28.4603484869011,
    "HUN": 26.0027169939237,
    "IDN": 1.64194256297987,
    "IND": 2.70417879573832,
    "IRL": 20.5144531406844,
    "IRN": 30.8251777498315,
    "IRQ": 11.4593507690747,
    "ISL": 17.4170555877538,
    "ITA": 34.2114882990065,
    "JAM": 15.9864045013076,
    "JOR": 4.20612148870982,
    "KAZ": 11.8649584843,
    "KEN": 0.101034955752087,
    "KGZ": 2.18059843788117,
    "KHM": 0.164863813589144,
    "KOR": 41.1670420064044,
    "LKA": 6.84577899557925,
    "LSO": 0.341401620502579,
    "LTU": 7.04631860963726,
    "LVA": 10.9385742927798,
    "MAR": 7.97506946542849,
    "MDA": 24.1914805495029,
    "MEX": 22.5576706741986,
    "MKD": 25.0236285174676,
    "MMR": 1.02508269206376,
    "MNE": 30.1046706312972,
    "MNG": 14.9377938392307,
    "MOZ": 0.0818006220069747,
    "MRT": 0.309455942136362,
    "MWI": 0.0224841177345799,
    "MYS": 23.1145609556621,
    "NAM": 2.55401499143106,
    "NER": 0.434896449491817,
    "NGA": 0.0441439876360733,
    "NIC": 3.5400093115524,
    "NLD": 21.8062222834686,
    "NOR": 1.31275709833485,
    "NPL": 1.37575210648498,
    "NZL": 10.8171472497595,
    "OMN": 8.268603770032,
    "PAK": 1.01235183796767,
    "PER": 4.08214157710912,
    "PHL": 3.81753357779497,
    "POL": 11.4549157363174,
    "PRI": 23.8424849269201,
    "PRT": 53.0028799193346,
    "QAT": 17.2103084119231,
    "ROU": 9.06122548578266,
    "RWA": 0.0649174517259309,
    "SAU": 19.7480817001988,
    "SEN": 1.6054818769706,
    "SLV": 13.9645637171352,
    "SRB": 36.6886050438081,
    "SUR": 19.5551604508607,
    "SVK": 8.26032004300169,
    "SVN": 28.6705932938971,
    "SWE": 7.51122914219187,
    "SWZ": 2.86774775470663,
    "SYR": 11.5172805960906,
    "TCD": 0.0,
    "TGO": 0.825791393928643,
    "THA": 5.44594435584378,
    "TLS": 0.120730695583013,
    "TTO": 19.7464885507321,
    "TUN": 15.970030077928,
    "TUR": 10.3188571710125,
    "TZA": 0.114204814320947,
    "UGA": 0.391831729510765,
    "URY": 35.6206600861989,
    "USA": 23.6082012347568,
    "UZB": 17.3881126374754,
    "VEN": 8.50508296919372,
    "VNM": 2.61816376305523,
    "VUT": 0.926239485992001,
    "ZAF": 1.58269570571817,
    "ZMB": 0.345710307823296,
    "ZWE": 1.79175373787759
  },
  "stats": {
    "coverage": 129,
    "min": 0.0,
    "max": 53.0028799193346,
    "median": 9.99811691281306,
    "quantileBreaks": [
      0.0,
      0.3598203792629464,
      2.590671432359157,
      7.444813351826925,
      11.455549312425585,
      17.400516759023283,
      25.830464834827236,
      53.0028799193346
    ]
  },
  "formatting": {
    "maximumFractionDigits": 1,
    "suffix": " per 100"
  },
  "source": {
    "provider": "World Bank",
    "dataset": "World Development Indicators",
    "attribution": "The World Bank",
    "sourceReference": "https://api.worldbank.org/v2/indicator/IT.MLT.MAIN.P2?format=json&per_page=1",
    "valuesReference": "https://api.worldbank.org/v2/country/all/indicator/IT.MLT.MAIN.P2?format=json&per_page=20000&page=1&date=2015%3A2025",
    "license": "Creative Commons Attribution 4.0 International unless specifically labeled otherwise by World Bank metadata",
    "licenseReference": "https://www.worldbank.org/en/about/legal/terms-of-use-for-datasets",
    "retrievedAt": "2026-06-22T18:07:19.494715+00:00",
    "checksum": "c05b7d9bce1118a9d17262a9d39d56170dae5acdb2f91b19c45c4bb9b01c5b82",
    "sourceOrganization": "World Telecommunication/ICT Indicators Database, International Telecommunication Union (ITU)"
  },
  "reviewStatus": "approved",
  "contentVersion": "2026.06.22-exp2-qa1",
  "editorial": {
    "shortHook": "A candidate map for fixed telephone subscriptions.",
    "patternNote": "The darkest countries include Portugal, Greece, Belarus, while the lightest include Bhutan, Congo, Dem. Rep., Chad; that contrast is the fastest way to read the fixed telephone subscriptions pattern.",
    "whyItMatters": "Fixed telephone subscriptions may add useful WORLDPRINT variety once source coverage, unit clarity, map interest, and distractor ambiguity are reviewed.",
    "bestProbeCountries": [
      {
        "iso3": "PRT",
        "reason": "High anchor: this country sits near the darkest end of the map."
      },
      {
        "iso3": "BTN",
        "reason": "Low anchor: this country clarifies the lightest end of the scale."
      },
      {
        "iso3": "ARM",
        "reason": "Middle check: this country helps separate a true pattern from one-off outliers."
      }
    ],
    "commonConfusions": [
      {
        "confusedWithIndicatorCode": "IT.NET.BBND.P2",
        "reason": "Fixed broadband can tempt players because it shares a strong country ranking with this map, but its unit and definition point to a different story."
      },
      {
        "confusedWithIndicatorCode": "NY.GDP.PCAP.PP.CD",
        "reason": "GDP per capita, PPP can tempt players because it shares a strong country ranking with this map, but its unit and definition point to a different story."
      },
      {
        "confusedWithIndicatorCode": "NY.GDP.PCAP.CD",
        "reason": "GDP per capita can tempt players because it shares a strong country ranking with this map, but its unit and definition point to a different story."
      }
    ],
    "difficultyReason": "Expert difficulty: the map can be mistaken for adjacent indicators unless players probe a high, low, and middle country.",
    "regionalSignals": [
      "Connectivity maps often expose infrastructure, income, and island-state outliers.",
      "Small high-income countries can be powerful probes."
    ]
  },
  "editorialReview": {
    "status": "practice_eligible",
    "reviewedAt": "2026-06-22",
    "reviewedBy": "Codex editorial QA",
    "qualityScore": 3,
    "funScore": 4,
    "fairnessScore": 4,
    "ambiguityRisk": "medium",
    "dailyEligible": false,
    "practiceEligible": true,
    "challengeEligible": true,