{
  "schemaVersion": "1.1.0",
  "id": "food-imports-share",
  "providerCode": "TM.VAL.FOOD.ZS.UN",
  "title": "Food imports (% of merchandise imports)",
  "shortTitle": "Food imports share",
  "category": "agriculture",
  "difficulty": "expert",
  "definition": "Food comprises the commodities in SITC (Rev. 3) sections 0 (food and live animals), 1 (beverages and tobacco), and 4 (animal and vegetable oils and fats) and division 22 (oil seeds, oil nuts, and oil kernels). This indicator is expressed as a percentage of merchandise imports which is comprised of goods whose economic ownership is changed between a non-resident and a resident and that are not included in the following specific categories: goods under merchanting, non-monetary gold, and parts of travel, construction, and government goods and services n.i.e.",
  "unit": "percent of merchandise imports",
  "year": 2023,
  "valuesByIso3": {
    "AGO": 14.4443926524951,
    "ALB": 16.077738075903,
    "ARE": 4.98896751809272,
    "ARG": 10.6683998553206,
    "ARM": 9.90988450563072,
    "AUS": 6.12272392365969,
    "AUT": 8.16326342188619,
    "AZE": 14.5216014154835,
    "BDI": 13.6549138261671,
    "BEL": 9.59808316401005,
    "BEN": 32.7370696077588,
    "BFA": 11.3694599596704,
    "BGR": 12.1895750473205,
    "BHS": 22.1072116100899,
    "BIH": 16.3641440333112,
    "BLZ": 18.7539444450692,
    "BOL": 7.15089981197722,
    "BRA": 5.36398908769221,
    "BRN": 8.2669685596365,
    "BTN": 17.8223187322888,
    "BWA": 16.2058105870723,
    "CAF": 18.5071342295585,
    "CAN": 8.46189467887988,
    "CHE": 4.26183066735549,
    "CHL": 11.8966755276116,
    "CHN": 8.98411591719164,
    "CIV": 16.8590606859451,
    "CMR": 21.7495498286128,
    "COD": 4.76738036029683,
    "COG": 21.2405849167454,
    "COL": 14.4323873930124,
    "CRI": 13.3217397162158,
    "CYP": 13.7883761063365,
    "CZE": 6.34988888247925,
    "DEU": 8.39736226374845,
    "DJI": 38.5612340185621,
    "DNK": 14.3122840682596,
    "DOM": 17.1912167437314,
    "ECU": 13.0250450479146,
    "EGY": 21.6972770278526,
    "ESP": 12.2528443279897,
    "EST": 12.5542772482861,
    "ETH": 13.8401468775133,
    "FIN": 8.60660307330664,
    "FJI": 18.9872092117188,
    "FRA": 9.82996957617559,
    "GAB": 15.715777594256,
    "GBR": 9.94062516865512,
    "GEO": 12.4206920599197,
    "GHA": 13.69452189875,
    "GMB": 7.30686278959141,
    "GRC": 12.1575262578546,
    "GTM": 16.9561740584858,
    "GUY": 10.0749322194577,
    "HND": 19.4028342519915,
    "HRV": 13.9255559042201,
    "HUN": 6.49519491394277,
    "IDN": 11.814123641417,
    "IND": 4.69913000107828,
    "IRL": 8.55002119510273,
    "ISL": 11.2249405309035,
    "ISR": 9.99506959636049,
    "ITA": 10.574914613224,
    "JAM": 20.5146673938933,
    "JOR": 20.1760819152798,
    "JPN": 9.6868733799793,
    "KAZ": 9.70778983096429,
    "KEN": 18.8247071859348,
    "KGZ": 9.24560938263853,
    "KHM": 8.5184168292817,
    "KOR": 6.33497186956266,
    "KWT": 17.1095766003205,
    "LAO": 12.6886401660591,
    "LBN": 16.2628211646141,
    "LBR": 23.0903875580164,
    "LKA": 15.3541604282848,
    "LSO": 22.5085951092009,
    "LTU": 12.688496862156,
    "LUX": 13.6078364804508,
    "LVA": 18.6799464201277,
    "MAR": 13.9777708702069,
    "MDA": 14.1001622626195,
    "MDG": 18.0933612117187,
    "MEX": 6.24392883075378,
    "MKD": 10.5591537526063,
    "MLI": 13.5059344388347,
    "MMR": 12.0734229406505,
    "MNE": 24.1170573873794,
    "MNG": 11.0102584059355,
    "MOZ": 17.4892658464209,
    "MRT": 25.2900300589906,
    "MWI": 8.94279490229731,
    "MYS": 8.34559944038586,
    "NAM": 13.5137778390088,
    "NER": 19.6214412615414,
    "NGA": 10.6947833248612,
    "NIC": 15.6220965314608,
    "NLD": 11.9865362943404,
    "NOR": 10.7621771019837,
    "NZL": 11.2682320290767,
    "OMN": 13.6921582029731,
    "PAK": 16.1107282427233,
    "PAN": 16.344062207153,
    "PER": 12.5486557221096,
    "PHL": 13.9096015233525,
    "PNG": 16.4888046620318,
    "POL": 9.26227852497136,
    "PRT": 15.2279156701104,
    "PRY": 7.44600723058505,
    "PSE": 30.9230514954555,
    "QAT": 11.204295679661,
    "ROU": 10.5734842607407,
    "SAU": 13.4010931323156,
    "SEN": 18.5061079369258,
    "SLV": 19.8963644879181,
    "SUR": 15.7948639198877,
    "SVK": 6.71291440093651,
    "SVN": 6.27876819755673,
    "SWE": 10.8757630877108,
    "SWZ": 19.5826390405392,
    "TGO": 19.2960459636213,
    "THA": 7.02762772372685,
    "TJK": 26.4602498560308,
    "TLS": 28.0558750199224,
    "TTO": 13.600777673733,
    "TUN": 13.3879850452307,
    "TUR": 6.54790608311516,
    "TZA": 8.82090581410317,
    "UGA": 10.6550373917887,
    "UKR": 10.6179504986024,
    "URY": 15.6960864594616,
    "USA": 6.78268948296484,
    "UZB": 11.4447498383301,
    "VNM": 8.79902680198845,
    "ZAF": 6.32333801823275,
    "ZMB": 6.8602251801721,
    "ZWE": 13.8194390564742
  },
  "stats": {
    "coverage": 137,
    "min": 4.26183066735549,
    "max": 38.5612340185621,
    "median": 12.6886401660591,
    "quantileBreaks": [
      4.26183066735549,
      7.753402741142681,
      9.93623364536592,
      11.922350032391257,
      13.6815169524571,
      16.08245095687733,
      19.163687355663086,
      38.5612340185621
    ]
  },
  "formatting": {
    "maximumFractionDigits": 1,
    "suffix": "%"
  },
  "source": {
    "provider": "World Bank",
    "dataset": "World Development Indicators",
    "attribution": "The World Bank",
    "sourceReference": "https://api.worldbank.org/v2/indicator/TM.VAL.FOOD.ZS.UN?format=json&per_page=1",
    "valuesReference": "https://api.worldbank.org/v2/country/all/indicator/TM.VAL.FOOD.ZS.UN?format=json&per_page=20000&page=1&date=2015%3A2025",
    "license": "Creative Commons Attribution 4.0 International unless specifically labeled otherwise by World Bank metadata",
    "licenseReference": "https://www.worldbank.org/en/about/legal/terms-of-use-for-datasets",
    "retrievedAt": "2026-07-02T22:48:40.178228+00:00",
    "checksum": "04ae30fa253f48a35c2d7822e7ba24f4c6ed91dfbd9759e31783c1e2091e4c25",
    "sourceOrganization": "Comtrade database, United Nations (UN), publisher: UN Statistics Division;\nWorld Integrated Trade Solution system (WITS);\nStaff estimates, World Bank (WB)"
  },
  "reviewStatus": "approved",
  "contentVersion": "2026.07.02-exp4-content50",
  "editorial": {
    "shortHook": "A food-dependence trade map.",
    "patternNote": "The darkest countries include Djibouti, Benin, West Bank and Gaza, while the lightest include Switzerland, India, Congo, Dem. Rep.; that contrast is the fastest way to read the food imports share pattern.",
    "whyItMatters": "Food imports as a share of merchandise imports can reveal dependence on imported food and island or arid-country patterns.",
    "bestProbeCountries": [
      {
        "iso3": "DJI",
        "reason": "High anchor: this country sits near the darkest end of the map."
      },
      {
        "iso3": "CHE",
        "reason": "Low anchor: this country clarifies the lightest end of the scale."
      },
      {
        "iso3": "LAO",
        "reason": "Middle check: this country helps separate a true pattern from one-off outliers."
      }
    ],
    "commonConfusions": [
      {
        "confusedWithIndicatorCode": "EG.ELC.LOSS.ZS",
        "reason": "Electric transmission losses overlaps with part of the visible pattern, but the full country spread does not match."
      },
      {
        "confusedWithIndicatorCode": "TX.VAL.TECH.MF.ZS",
        "reason": "High-tech exports overlaps with part of the visible pattern, but the full country spread does not match."
      },
      {
        "confusedWithIndicatorCode": "IS.AIR.PSGR",
        "reason": "Air passengers carried overlaps with part of the visible pattern, but the full country spread does not match."
      }
    ],
    "difficultyReason": "Expert difficulty: the map can be mistaken for adjacent indicators unless players probe a high, low, and middle country.",