{
  "schemaVersion": "1.1.0",
  "id": "food-exports-share",
  "providerCode": "TX.VAL.FOOD.ZS.UN",
  "title": "Food exports (% of merchandise exports)",
  "shortTitle": "Food exports share",
  "category": "agriculture",
  "difficulty": "expert",
  "definition": "Food comprises the commodities in SITC (Rev. 3) sections 0 (food and live animals), 1 (beverages and tobacco), and 4 (animal and vegetable oils and fats) and division 22 (oil seeds, oil nuts, and oil kernels). This indicator is expressed as a percentage of merchandise exports which is comprised of goods whose economic ownership is changed between a resident and a non-resident and that are not included in the following specific categories: goods under merchanting, non-monetary gold, and parts of travel, construction, and government goods and services n.i.e.",
  "unit": "percent of merchandise exports",
  "year": 2023,
  "valuesByIso3": {
    "AGO": 0.451668885477411,
    "ALB": 11.9640780632637,
    "ARE": 2.89132651275323,
    "ARG": 52.7267666905217,
    "ARM": 13.0960733549578,
    "AUS": 11.6335324538363,
    "AUT": 8.03478088149338,
    "AZE": 2.83565108634186,
    "BDI": 46.0212438657281,
    "BEL": 11.9094769544787,
    "BEN": 37.3824789832326,
    "BFA": 8.53200243789895,
    "BGR": 17.431792921811,
    "BHS": 42.0246555668094,
    "BIH": 6.23155033228985,
    "BLZ": 94.9904721791233,
    "BOL": 23.8487849704852,
    "BRA": 42.0864551625389,
    "BRN": 0.171146697847164,
    "BTN": 12.1698373384061,
    "BWA": 1.85190802071299,
    "CAF": 1.35240099123738,
    "CAN": 12.8027235232881,
    "CHE": 2.56981145451484,
    "CHL": 22.1865500856767,
    "CHN": 2.45628079906291,
    "CIV": 44.2799487358773,
    "CMR": 22.8464876533836,
    "COD": 0.631252576879563,
    "COG": 0.173192941619293,
    "COL": 15.7216530157287,
    "CRI": 32.790841827007,
    "CYP": 21.4166383566941,
    "CZE": 5.28727634076273,
    "DEU": 5.98632344026706,
    "DJI": 41.4702982972354,
    "DNK": 18.0143792178322,
    "DOM": 23.1304958056263,
    "ECU": 50.6682635226331,
    "EGY": 19.8805835620573,
    "ESP": 17.2639525802691,
    "EST": 11.6672788567089,
    "ETH": 80.3857509910765,
    "FIN": 2.76291767202959,
    "FJI": 68.5366169029673,
    "FRA": 13.0524619487553,
    "GAB": 0.94233636066199,
    "GBR": 6.54486658290483,
    "GEO": 40.3266864279385,
    "GHA": 18.0590476821292,
    "GMB": 75.2939759717388,
    "GRC": 20.2083204225338,
    "GTM": 48.6293419901711,
    "GUY": 4.8996465364257,
    "HND": 56.8579087755183,
    "HRV": 15.9899527077402,
    "HUN": 8.29831386531217,
    "IDN": 19.5934434193276,
    "IND": 11.013039162045,
    "IRL": 8.46499244255303,
    "ISL": 44.6492767764763,
    "ISR": 4.12302718320441,
    "ITA": 10.112164845389,
    "JAM": 30.3866398719161,
    "JOR": 13.4446162280279,
    "JPN": 1.16659144062924,
    "KAZ": 6.69012026327187,
    "KEN": 48.9805623380495,
    "KGZ": 11.5143020989457,
    "KHM": 7.81289675407201,
    "KOR": 1.646011457517,
    "KWT": 0.468798742130884,
    "LAO": 23.2332990831131,
    "LBN": 16.4425663042855,
    "LBR": 24.4632706892066,
    "LKA": 25.7048170080461,
    "LSO": 13.9943146225283,
    "LTU": 18.5593608988671,
    "LUX": 10.9833728201137,
    "LVA": 22.1437646200932,
    "MAR": 18.9023701743813,
    "MDA": 57.3675444569892,
    "MDG": 27.5461585814086,
    "MEX": 8.39588935939699,
    "MKD": 8.95378294649297,
    "MLI": 6.16572092381273,
    "MMR": 28.4476641504868,
    "MNE": 13.7181534125979,
    "MNG": 3.33847813154935,
    "MOZ": 10.7802188334834,
    "MRT": 20.1257963529639,
    "MWI": 89.2004067002169,
    "MYS": 9.54179049585687,
    "NAM": 29.121802400457,
    "NER": 7.45115343571803,
    "NGA": 3.78331365664372,
    "NIC": 43.8173116259905,
    "NLD": 15.0452371830763,
    "NOR": 9.73848115296135,
    "NZL": 65.7581594237945,
    "OMN": 3.70606297547888,
    "PAK": 21.9335337033458,
    "PAN": 17.3874099458965,
    "PER": 19.9041116521987,
    "PHL": 8.41637176627866,
    "PNG": 19.7229396571942,
    "POL": 14.4213014401337,
    "PRT": 13.5319741097578,
    "PRY": 70.5634803637952,
    "PSE": 21.3953024551424,
    "QAT": 0.0798738697571159,
    "ROU": 13.0396643365619,
    "SAU": 1.57606809115096,
    "SEN": 26.5981384645677,
    "SLV": 21.6148994457441,
    "SUR": 3.49482571976993,
    "SVK": 4.5269140203818,
    "SVN": 3.80287493089948,
    "SWE": 6.78477872762508,
    "SWZ": 29.6977974071694,
    "TGO": 31.9620441511226,
    "THA": 15.0565120386781,
    "TJK": 5.22655112519882,
    "TLS": 10.4763990410188,
    "TTO": 7.17137681251142,
    "TUN": 12.8606244712212,
    "TUR": 11.9585305603823,
    "TZA": 33.1465652358269,
    "UGA": 39.2731109256684,
    "UKR": 60.3289594994246,
    "URY": 66.1561983859233,
    "USA": 9.54645463140735,
    "UZB": 8.72874386757163,
    "VNM": 9.36226903673916,
    "ZAF": 11.6716750751014,
    "ZMB": 10.6148860130193,
    "ZWE": 20.3073386564622
  },
  "stats": {
    "coverage": 137,
    "min": 0.0798738697571159,
    "max": 94.9904721791233,
    "median": 13.5319741097578,
    "quantileBreaks": [
      0.0798738697571159,
      3.7391704102638115,
      8.413445708152707,
      11.923492270451156,
      17.352136412860098,
      22.887060246561127,
      42.05996962151197,
      94.9904721791233
    ]
  },
  "formatting": {
    "maximumFractionDigits": 1,
    "suffix": "%"
  },
  "source": {
    "provider": "World Bank",
    "dataset": "World Development Indicators",
    "attribution": "The World Bank",
    "sourceReference": "https://api.worldbank.org/v2/indicator/TX.VAL.FOOD.ZS.UN?format=json&per_page=1",
    "valuesReference": "https://api.worldbank.org/v2/country/all/indicator/TX.VAL.FOOD.ZS.UN?format=json&per_page=20000&page=1&date=2015%3A2025",
    "license": "Creative Commons Attribution 4.0 International unless specifically labeled otherwise by World Bank metadata",
    "licenseReference": "https://www.worldbank.org/en/about/legal/terms-of-use-for-datasets",
    "retrievedAt": "2026-07-02T22:49:43.428827+00:00",
    "checksum": "e0ab48efd1ed57d34c7a300f33d74148252f751505ae07ed68362f9f2f1f03fb",
    "sourceOrganization": "Comtrade database, United Nations (UN), publisher: UN Statistics Division;\nWorld Integrated Trade Solution system (WITS);\nStaff estimates, World Bank (WB)"
  },
  "reviewStatus": "approved",
  "contentVersion": "2026.07.02-exp4-content50",
  "editorial": {
    "shortHook": "A food-export specialization map.",
    "patternNote": "The darkest countries include Belize, Malawi, Ethiopia, while the lightest include Qatar, Brunei Darussalam, Congo, Rep.; that contrast is the fastest way to read the food exports share pattern.",
    "whyItMatters": "Food exports as a share of merchandise exports can highlight agriculture-specialized economies without raw export totals.",
    "bestProbeCountries": [
      {
        "iso3": "BLZ",
        "reason": "High anchor: this country sits near the darkest end of the map."
      },
      {
        "iso3": "QAT",
        "reason": "Low anchor: this country clarifies the lightest end of the scale."
      },
      {
        "iso3": "PRT",
        "reason": "Middle check: this country helps separate a true pattern from one-off outliers."
      }
    ],
    "commonConfusions": [
      {
        "confusedWithIndicatorCode": "NE.CON.PRVT.ZS",
        "reason": "Household consumption overlaps with part of the visible pattern, but the full country spread does not match."
      },
      {
        "confusedWithIndicatorCode": "SN.ITK.MSFI.ZS",
        "reason": "Moderate or severe food insecurity lives in the same category, so it can feel plausible until the high and low countries are checked."
      },
      {
        "confusedWithIndicatorCode": "SN.ITK.SVFI.ZS",
        "reason": "Severe food insecurity lives in the same category, so it can feel plausible until the high and low countries are checked."
      }
    ],