{
  "schemaVersion": "1.1.0",
  "id": "forest-area",
  "providerCode": "AG.LND.FRST.ZS",
  "title": "Forest area (% of land area)",
  "shortTitle": "Forest area",
  "category": "environment",
  "difficulty": "intro",
  "definition": "Forest area (% of land area) is the share of total land area that is under natural or planted stands of trees of at least 5 meters in situ, whether productive or not, and excludes tree stands in agricultural production systems (for example, in fruit plantations and agroforestry systems) and trees in urban parks and gardens.",
  "unit": "percent of land area",
  "year": 2023,
  "valuesByIso3": {
    "AFG": 1.85278199408184,
    "AGO": 52.0912696719339,
    "ALB": 28.7919708029197,
    "ARE": 4.46775556181357,
    "ARG": 10.3212951412107,
    "ARM": 11.6183158247114,
    "AUS": 17.4213145571644,
    "AUT": 47.2402653902084,
    "AZE": 14.1119540229885,
    "BDI": 10.8894080996885,
    "BEL": 22.604446776415,
    "BEN": 26.4734835047889,
    "BFA": 22.172514619883,
    "BGD": 14.4899215263887,
    "BGR": 36.2196020633751,
    "BHS": 50.9350649350649,
    "BIH": 42.7326171875,
    "BLR": 43.4080686559958,
    "BLZ": 54.5186321788689,
    "BOL": 46.3457431920982,
    "BRA": 58.9818729765235,
    "BRN": 72.1062618595825,
    "BTN": 71.60513896172,
    "BWA": 26.2908263194114,
    "CAF": 35.6560403223217,
    "CAN": 39.4617117321106,
    "CHE": 32.3827380818297,
    "CHL": 25.0116461113584,
    "CHN": 24.0319389958256,
    "CIV": 7.85551603773585,
    "CMR": 42.6741130925938,
    "COD": 54.1898572594341,
    "COG": 64.1317715959004,
    "COL": 52.7661596214511,
    "CRI": 60.3991382687035,
    "CUB": 31.233140655106,
    "CYP": 18.6655844155844,
    "CZE": 34.7623883740408,
    "DEU": 32.6789342643734,
    "DJI": 0.260724762726488,
    "DNK": 15.7815,
    "DOM": 44.9887775472934,
    "DZA": 0.830314224054683,
    "ECU": 49.5450958286359,
    "EGY": 0.0451855944547692,
    "ERI": 8.63010013352237,
    "ESP": 37.1925889548355,
    "EST": 57.0652937046572,
    "ETH": 14.9308975782695,
    "FIN": 73.7235162521384,
    "FJI": 63.4953475643131,
    "FRA": 32.4764820484275,
    "GAB": 91.1823650405558,
    "GBR": 13.2907130161617,
    "GEO": 40.6159159591308,
    "GHA": 35.1921958573042,
    "GIN": 24.6988442129253,
    "GMB": 22.2792391304348,
    "GNB": 69.5124466571835,
    "GNQ": 86.3935828877005,
    "GRC": 30.2699767261443,
    "GRL": 0.000535997076379583,
    "GTM": 32.5961179544606,
    "GUY": 87.0878369802027,
    "HND": 56.2732147645008,
    "HRV": 34.785739814153,
    "HTI": 12.2630624092888,
    "HUN": 22.4484341442034,
    "IDN": 47.7220336902463,
    "IND": 24.5390304689576,
    "IRL": 11.5259108724053,
    "IRN": 6.64923611710324,
    "IRQ": 1.90035242899592,
    "ISL": 0.528744421303184,
    "ISR": 6.46950092421442,
    "ITA": 32.8944947923712,
    "JAM": 56.190757156048,
    "JOR": 1.09804716534901,
    "JPN": 68.3957811364628,
    "KAZ": 1.31214516427751,
    "KEN": 6.21662477880402,
    "KGZ": 7.14337851929093,
    "KHM": 43.0619759800589,
    "KOR": 64.108606557377,
    "KWT": 0.350729517396184,
    "LAO": 71.4558058925477,
    "LBN": 14.1867057673509,
    "LBR": 78.1422342192691,
    "LBY": 0.123327687918433,
    "LKA": 34.0048496605238,
    "LSO": 1.13702239789196,
    "LTU": 35.2301501597444,
    "LUX": 34.4538272103664,
    "LVA": 54.9959826450265,
    "MAR": 12.9371068787811,
    "MDA": 11.7370179167932,
    "MDG": 21.2962600550017,
    "MEX": 33.5959176419147,
    "MKD": 39.7101506740682,
    "MLI": 10.896663634352,
    "MMR": 42.4023779245254,
    "MNE": 61.4869888475836,
    "MNG": 9.09172405879304,
    "MOZ": 45.8130349195046,
    "MRT": 0.287611138061512,
    "MWI": 22.4406024607552,
    "MYS": 57.7190381981434,
    "NAM": 7.80511120018463,
    "NCL": 45.8271334792123,
    "NER": 0.822957290597616,
    "NGA": 23.2078900271199,
    "NIC": 25.8229183978727,
    "NLD": 11.0574428274428,
    "NOR": 33.5009745518434,
    "NPL": 41.5907220090687,
    "NZL": 37.7892841137822,
    "OMN": 0.00762261712439418,
    "PAK": 4.67242631797426,
    "PAN": 56.3439727689404,
    "PER": 56.103020234375,
    "PHL": 24.4600731126539,
    "PNG": 78.9541359360509,
    "POL": 31.0804192379273,
    "PRI": 56.1217587373168,
    "PRK": 49.5507017689561,
    "PRT": 36.154994891142,
    "PRY": 38.5449252640128,
    "PSE": 1.68298755186722,
    "QAT": 0.0,
    "ROU": 30.1158292767733,
    "RUS": 49.7843605035639,
    "RWA": 11.3092825293879,
    "SAU": 0.454484134921779,
    "SDN": 9.55196466809422,
    "SEN": 41.2827091881785,
    "SLB": 90.0600214362272,
    "SLE": 34.2988362427265,
    "SLV": 27.5279922779923,
    "SOM": 9.16528517231485,
    "SRB": 32.3896349149721,
    "SSD": 11.3256215087114,
    "SUR": 94.44758351333,
    "SVK": 40.05615640599,
    "SVN": 61.1748938389332,
    "SWE": 68.7013529108454,
    "SWZ": 29.1389534883721,
    "SYR": 2.84310842454937,
    "TCD": 3.16103105146125,
    "TGO": 22.0700496414782,
    "THA": 38.6873886746658,
    "TJK": 3.07514950644859,
    "TKM": 8.78215904496414,
    "TLS": 61.6610625420309,
    "TTO": 44.2358674463938,
    "TUN": 4.55278063851699,
    "TUR": 29.4795681041539,
    "TZA": 50.0541883043576,
    "UGA": 11.0419703770197,
    "UKR": 16.7552640662755,
    "URY": 11.9643469317792,
    "USA": 33.8669264120375,
    "UZB": 8.54914331101781,
    "VEN": 52.2338793719177,
    "VNM": 47.4454820708996,
    "VUT": 36.2838392124692,
    "YEM": 1.03983180862549,
    "ZAF": 13.965072665672,
    "ZMB": 59.523784150984,
    "ZWE": 44.7366421093447
  },
  "stats": {
    "coverage": 169,
    "min": 0.0,
    "max": 94.44758351333,
    "median": 32.3827380818297,
    "quantileBreaks": [
      0.0,
      4.67242631797426,
      12.2630624092888,
      25.0116461113584,
      34.7623883740408,
      44.7366421093447,
      57.0652937046572,
      94.44758351333
    ]
  },
  "formatting": {
    "maximumFractionDigits": 1,
    "suffix": "%"
  },
  "source": {
    "provider": "World Bank",
    "dataset": "World Development Indicators",
    "attribution": "The World Bank",
    "sourceReference": "https://api.worldbank.org/v2/indicator/AG.LND.FRST.ZS?format=json&per_page=1",
    "valuesReference": "https://api.worldbank.org/v2/country/all/indicator/AG.LND.FRST.ZS?format=json&per_page=20000&page=1&date=2015%3A2025",
    "license": "Creative Commons Attribution 4.0 International unless specifically labeled otherwise by World Bank metadata",
    "licenseReference": "https://www.worldbank.org/en/about/legal/terms-of-use-for-datasets",
    "retrievedAt": "2026-06-19T17:09:11.937768+00:00",
    "checksum": "26ac325f2b04677f4bf1c08cb62210524c05c5a649e819791c9956b5e00194a4",
    "sourceOrganization": "FAOSTAT, Food and Agriculture Organization of the United Nations (FAO), uri: https://www.fao.org/faostat/en/#data/RL, publisher: Food and Agriculture Organization of the United Nations (FAO)"
  },
  "reviewStatus": "approved",
  "contentVersion": "2026.06.19-ed1",
  "editorial": {
    "shortHook": "The forest-cover map.",
    "patternNote": "The darkest countries include Suriname, Gabon, Solomon Islands, while the lightest include Qatar, Greenland, Oman; that contrast is the fastest way to read the forest area pattern.",
    "whyItMatters": "Forest area makes land cover visible and separates humid, boreal, island, and arid geographies.",
    "bestProbeCountries": [
      {
        "iso3": "SUR",
        "reason": "High anchor: this country sits near the darkest end of the map."
      },
      {
        "iso3": "QAT",
        "reason": "Low anchor: this country clarifies the lightest end of the scale."
      },
      {
        "iso3": "CHE",
        "reason": "Middle check: this country helps separate a true pattern from one-off outliers."
      }
    ],
    "commonConfusions": [
      {
        "confusedWithIndicatorCode": "AG.LND.AGRI.ZS",