{
  "schemaVersion": "1.1.0",
  "id": "forest-rents",
  "providerCode": "NY.GDP.FRST.RT.ZS",
  "title": "Forest rents (% of GDP)",
  "shortTitle": "Forest rents",
  "category": "economy",
  "difficulty": "expert",
  "definition": "Forest rents are roundwood harvest times the product of regional prices and a regional rental rate.",
  "unit": "percent of GDP",
  "year": 2021,
  "valuesByIso3": {
    "AFG": 0.389304648467567,
    "AGO": 0.68064589862518,
    "ALB": 0.138488454188665,
    "ARE": 0.000106328279494557,
    "ARG": 0.138885076654013,
    "ARM": 0.267728589079385,
    "AUS": 0.123032396768265,
    "AUT": 0.0559934904917667,
    "AZE": 0.0187764098766762,
    "BDI": 13.9570339894077,
    "BEL": 0.0134810818415549,
    "BEN": 2.30442028320417,
    "BFA": 4.68280095373394,
    "BGD": 0.0751845026992809,
    "BGR": 0.171861677306964,
    "BHS": 0.0147540061086709,
    "BIH": 0.471634730600031,
    "BLR": 1.00983526941144,
    "BLZ": 0.241103335046054,
    "BOL": 0.43985726005293,
    "BRA": 0.763404742957637,
    "BRN": 0.0488644759154256,
    "BTN": 2.65821966747759,
    "BWA": 0.295898276706959,
    "CAF": 9.49214772137022,
    "CAN": 0.0680306464521413,
    "CHE": 0.00859511306158471,
    "CHL": 0.642780125199411,
    "CHN": 0.0708433815950244,
    "CIV": 1.2244190059936,
    "CMR": 2.57962248017974,
    "COD": 9.36463181694085,
    "COG": 2.9727410958572,
    "COL": 0.0879916865767101,
    "CRI": 0.754441580498447,
    "CYP": 0.000839544041055134,
    "CZE": 0.27927082252104,
    "DEU": 0.0308696938217838,
    "DJI": 0.277110490356489,
    "DNK": 0.0132691377186323,
    "DOM": 0.032322990953766,
    "DZA": 0.129189496160402,
    "ECU": 0.282583696370884,
    "EGY": 0.107579624880014,
    "ESP": 0.0179665098501539,
    "EST": 0.758996770060817,
    "ETH": 5.60232241207702,
    "FIN": 0.293602465459058,
    "FJI": 1.12676637286871,
    "FRA": 0.0252966547056052,
    "GAB": 2.64578378403823,
    "GBR": 0.0,
    "GEO": 0.0650330099876407,
    "GHA": 3.7560551680039,
    "GIN": 4.51955879028644,
    "GMB": 2.85673041093642,
    "GNB": 10.4285037712862,
    "GNQ": 1.92985225995556,
    "GRC": 0.00857648449460072,
    "GTM": 0.688766877489161,
    "GUY": 2.22332084873264,
    "HND": 0.838961473050968,
    "HRV": 0.2176446256734,
    "HTI": 0.327641965983974,
    "HUN": 0.0781133973061465,
    "IDN": 0.41753137709282,
    "IND": 0.160725947336095,
    "IRL": 0.0117159689556259,
    "IRN": 0.00800076329996801,
    "IRQ": 0.00323627059518963,
    "ISL": 0.000106967737793307,
    "ISR": 0.000174075408224396,
    "ITA": 0.0099675453738169,
    "JAM": 0.16274860094682,
    "JOR": 0.0202972086435752,
    "JPN": 0.028703107133117,
    "KAZ": 0.00768633060047667,
    "KEN": 1.22226614678512,
    "KGZ": 0.0139920276901101,
    "KHM": 0.789446513603084,
    "KOR": 0.0147189954905301,
    "LAO": 1.49346268158709,
    "LBN": 0.00276403839242888,
    "LBR": 16.4804415866455,
    "LBY": 0.0765423782704484,
    "LKA": 0.0832444969793704,
    "LSO": 4.31788190525398,
    "LTU": 0.270178087184519,
    "LUX": 0.00475136757511518,
    "LVA": 1.09972035164877,
    "MAR": 0.115570302322102,
    "MDA": 0.224174207052017,
    "MDG": 5.44735877336419,
    "MEX": 0.105388324112049,
    "MKD": 0.128288733786959,
    "MLI": 2.23456673263579,
    "MMR": 2.17227831182645,
    "MNE": 0.47878926865507,
    "MNG": 0.174160026203042,
    "MOZ": 7.34073942101609,
    "MRT": 1.19369920050682,
    "MWI": 4.20023001186865,
    "MYS": 1.70393676123606,
    "NAM": 0.862664220207092,
    "NCL": 0.0123296068298993,
    "NER": 4.8887254788283,
    "NGA": 1.13371531183728,
    "NIC": 1.13992662673056,
    "NLD": 0.00385280512396815,
    "NOR": 0.0403713388100448,
    "NPL": 0.492874643993917,
    "NZL": 0.970351896048609,
    "OMN": 0.00135528804610878,
    "PAK": 0.128676978113697,
    "PAN": 0.0861571934558768,
    "PER": 0.118747804117353,
    "PHL": 0.164463350386355,
    "PNG": 1.95769505135664,
    "POL": 0.163813641500021,
    "PRI": 0.0,
    "PRT": 0.0909308598606746,
    "PRY": 1.27405261918214,
    "PSE": 0.0,
    "QAT": 6.61222919613419e-05,
    "ROU": 0.176558892679398,
    "RUS": 0.313757348169815,
    "RWA": 3.96625349516769,
    "SAU": 0.000897108905666679,
    "SDN": 2.81389455122223,
    "SEN": 1.50333498944711,
    "SLB": 18.395048524098,
    "SLE": 8.82423302294365,
    "SLV": 0.535114528890792,
    "SOM": 11.2356934915275,
    "SRB": 0.330932972111187,
    "SUR": 1.64873811666235,
    "SVK": 0.1989552526273,
    "SVN": 0.161994846724178,
    "SWE": 0.179786890775554,
    "SWZ": 2.8626079405632,
    "TCD": 4.57787415477362,
    "TGO": 2.98358217087813,
    "THA": 0.362259862876361,
    "TJK": 1.00818663938698,
    "TLS": 0.0537192368212247,
    "TTO": 0.0543014411044929,
    "TUN": 0.209270738302313,
    "TUR": 0.0,
    "TZA": 2.39316354560753,
    "UGA": 7.47552032336567,
    "UKR": 0.209022460450405,
    "URY": 1.9058269960478,
    "USA": 0.0377125136209131,
    "UZB": 0.000733723417289998,
    "VNM": 1.07137512098653,
    "VUT": 0.568069760913224,
    "ZAF": 0.63026707703441,
    "ZMB": 6.78387314173671,
    "ZWE": 1.81989235157518
  },
  "stats": {
    "coverage": 159,
    "min": 0.0,
    "max": 18.395048524098,
    "median": 0.27927082252104,
    "quantileBreaks": [
      0.0,
      0.012866481623461013,
      0.0767668095612624,
      0.175873502257582,
      0.4736788843300421,
      1.186017404253069,
      2.9098078642606273,
      18.395048524098
    ]
  },
  "formatting": {
    "maximumFractionDigits": 1,
    "suffix": "% of GDP"
  },
  "source": {
    "provider": "World Bank",
    "dataset": "World Development Indicators",
    "attribution": "The World Bank",
    "sourceReference": "https://api.worldbank.org/v2/indicator/NY.GDP.FRST.RT.ZS?format=json&per_page=1",
    "valuesReference": "https://api.worldbank.org/v2/country/all/indicator/NY.GDP.FRST.RT.ZS?format=json&per_page=20000&page=1&date=2015%3A2025",
    "license": "Creative Commons Attribution 4.0 International unless specifically labeled otherwise by World Bank metadata",
    "licenseReference": "https://www.worldbank.org/en/about/legal/terms-of-use-for-datasets",
    "retrievedAt": "2026-07-02T22:28:44.541752+00:00",
    "checksum": "2eb7157afdd48b6c1d2326381b714d51b5864b791033be7af942c555a1e1d2fd",
    "sourceOrganization": "The Changing Wealth of Nations, World Bank (WB), uri: https://www.worldbank.org/en/publication/changing-wealth-of-nations/data, note: World Bank staff estimates based on sources and methods described in the World Bank's The Changing Wealth of Nations., publisher: World Bank (WB);\nStaff estimates, World Bank (WB), note: World Bank staff estimates based on sources and methods described in the World Bank's The Changing Wealth of Nations."
  },
  "reviewStatus": "approved",
  "contentVersion": "2026.07.02-exp4-content50",
  "editorial": {
    "shortHook": "A candidate map for forest rents.",
    "patternNote": "The darkest countries include Solomon Islands, Liberia, Burundi, while the lightest include United Kingdom, Puerto Rico (US), West Bank and Gaza; that contrast is the fastest way to read the forest rents pattern.",
    "whyItMatters": "Forest rents may add useful WORLDPRINT variety once source coverage, unit clarity, map interest, and distractor ambiguity are reviewed.",
    "bestProbeCountries": [
      {
        "iso3": "SLB",
        "reason": "High anchor: this country sits near the darkest end of the map."
      },
      {
        "iso3": "GBR",
        "reason": "Low anchor: this country clarifies the lightest end of the scale."
      },
      {
        "iso3": "CZE",
        "reason": "Middle check: this country helps separate a true pattern from one-off outliers."
      }
    ],
    "commonConfusions": [
      {
        "confusedWithIndicatorCode": "EG.USE.CRNW.ZS",