{
  "schemaVersion": "1.1.0",
  "id": "fossil-electricity-share",
  "providerCode": "EG.ELC.FOSL.ZS",
  "title": "Electricity production from oil, gas and coal sources (% of total)",
  "shortTitle": "Fossil electricity share",
  "category": "energy",
  "difficulty": "standard",
  "definition": "The share of electricity production from oil. gas and coal sources of total electricity production. Sources of electricity refer to the inputs used to generate electricity. Oil refers to crude oil and petroleum products. Gas refers to natural gas but excludes natural gas liquids. Coal refers to all coal and brown coal, both primary (including hard coal and lignite-brown coal) and derived fuels (including patent fuel, coke oven coke, gas coke, coke oven gas, and blast furnace gas). Peat is also included in this category.",
  "unit": "percent of electricity production",
  "year": 2022,
  "valuesByIso3": {
    "AGO": 27.1141280213157,
    "ARE": 81.7670067808387,
    "ARG": 60.9200453156648,
    "ARM": 42.1980413492927,
    "AUS": 69.0657788613455,
    "AUT": 19.5091989074039,
    "AZE": 93.302110954234,
    "BEL": 25.590169572785,
    "BEN": 96.6033966033966,
    "BFA": 85.9796285200719,
    "BGD": 98.3771055614179,
    "BGR": 48.1950137626488,
    "BIH": 67.803955078125,
    "BLR": 79.2664974619289,
    "BOL": 63.4028751753156,
    "BRA": 9.83892135919607,
    "BRN": 99.875044626919,
    "BWA": 99.7645211930926,
    "CAN": 17.8645505923368,
    "CHE": 0.625942340201946,
    "CHL": 44.6774849207308,
    "CHN": 64.7954007326624,
    "CIV": 75.8988764044944,
    "CMR": 28.5742931622218,
    "COD": 0.030188679245283,
    "COG": 77.4586076201875,
    "COL": 24.1859707879803,
    "CRI": 0.725952813067151,
    "CUB": 95.9144467213115,
    "CYP": 83.2162521359408,
    "CZE": 49.305833824396,
    "DEU": 48.0764281482479,
    "DNK": 16.4422173504541,
    "DOM": 84.4437181941267,
    "DZA": 99.2524470848725,
    "ECU": 23.8820891904993,
    "EGY": 87.4893743015693,
    "ERI": 97.2431077694236,
    "ESP": 35.9923269984339,
    "EST": 66.965085049239,
    "ETH": 0.0115353558657285,
    "FIN": 10.2512952650098,
    "FRA": 11.8691837389586,
    "GAB": 51.8796992481203,
    "GBR": 41.5896664004423,
    "GEO": 23.7750947634424,
    "GHA": 63.9357707083351,
    "GNQ": 68.7458526874585,
    "GRC": 57.0001898614012,
    "GTM": 23.5860409145608,
    "HND": 40.5024239753195,
    "HRV": 36.2447257383966,
    "HTI": 81.4229249011858,
    "HUN": 33.5074439261473,
    "IDN": 82.762621140552,
    "IND": 74.9875814205977,
    "IRL": 59.3831693347041,
    "IRN": 93.9412895838376,
    "IRQ": 97.9692542700323,
    "ISL": 0.0099403578528827,
    "ISR": 91.2866621031015,
    "ITA": 62.8614492835284,
    "JAM": 87.9026807839603,
    "JOR": 76.8807908853128,
    "JPN": 68.319872965837,
    "KAZ": 88.178103423982,
    "KEN": 12.2477383437717,
    "KGZ": 14.0613744417231,
    "KHM": 35.190753617741,
    "KOR": 63.1866329321357,
    "KWT": 99.8036962558652,
    "LAO": 23.8658854421822,
    "LBN": 54.8349873067159,
    "LBY": 99.971514840768,
    "LKA": 49.7104247104247,
    "LTU": 18.6075684716705,
    "LUX": 4.34012400354296,
    "LVA": 24.1153081510934,
    "MAR": 79.434483404335,
    "MDA": 90.4109589041096,
    "MDG": 65.5185610409491,
    "MEX": 68.6226065472514,
    "MKD": 72.9720632783575,
    "MMR": 55.856200401568,
    "MNE": 46.6586393738712,
    "MNG": 90.1935483870968,
    "MOZ": 16.295122200634,
    "MYS": 81.568943608581,
    "NAM": 1.50262960180316,
    "NER": 96.8030690537084,
    "NGA": 75.4608993801925,
    "NIC": 35.5001144426642,
    "NLD": 54.8933965057744,
    "NOR": 1.01478906835685,
    "NPL": 0.0,
    "NZL": 13.3206618962433,
    "OMN": 97.4912908278974,
    "PAK": 59.682058345245,
    "PAN": 22.772196357102,
    "PER": 44.5974204125333,
    "PHL": 77.864861229431,
    "POL": 78.0870997173821,
    "PRK": 37.0262610995655,
    "PRT": 38.2670518573156,
    "PRY": 0.00226711102042667,
    "QAT": 98.9125459971074,
    "ROU": 37.3558087211171,
    "RUS": 62.2063927099305,
    "RWA": 47.7747502270663,
    "SAU": 99.3961880340656,
    "SDN": 28.629300441381,
    "SEN": 85.0443767386409,
    "SLV": 22.0793285501557,
    "SRB": 70.4308645451985,
    "SSD": 93.3085501858736,
    "SUR": 55.3742802303263,
    "SVK": 17.4193307996125,
    "SVN": 26.9903055229142,
    "SWE": 0.708597300746713,
    "SWZ": 2.70700636942675,
    "SYR": 95.7280295099945,
    "TCD": 98.1382978723404,
    "TGO": 79.1463414634146,
    "THA": 81.3851419587635,
    "TJK": 7.29142431715602,
    "TKM": 99.9815950920245,
    "TTO": 99.9262614558095,
    "TUN": 95.934086453179,
    "TUR": 57.6075205783561,
    "TZA": 69.6103896103896,
    "UGA": 2.61471861471861,
    "UKR": 29.9962598179778,
    "URY": 8.91109160872207,
    "USA": 59.9780262705968,
    "UZB": 90.6798260377816,
    "VEN": 21.6138503348539,
    "VNM": 50.9022632553832,
    "YEM": 80.2672955974843,
    "ZAF": 85.1793592779364,
    "ZMB": 11.1219512195122,
    "ZWE": 31.0016080863772
  },
  "stats": {
    "coverage": 141,
    "min": 0.0,
    "max": 99.9815950920245,
    "median": 57.6075205783561,
    "quantileBreaks": [
      0.0,
      13.3206618962433,
      28.5742931622218,
      48.1950137626488,
      64.7954007326624,
      79.434483404335,
      93.3085501858736,
      99.9815950920245
    ]
  },
  "formatting": {
    "maximumFractionDigits": 1,
    "suffix": "%"
  },
  "source": {
    "provider": "World Bank",
    "dataset": "World Development Indicators",
    "attribution": "The World Bank",
    "sourceReference": "https://api.worldbank.org/v2/indicator/EG.ELC.FOSL.ZS?format=json&per_page=1",
    "valuesReference": "https://api.worldbank.org/v2/country/all/indicator/EG.ELC.FOSL.ZS?format=json&per_page=20000&page=1&date=2015%3A2025",
    "license": "Creative Commons Attribution 4.0 International unless specifically labeled otherwise by World Bank metadata",
    "licenseReference": "https://www.worldbank.org/en/about/legal/terms-of-use-for-datasets",
    "retrievedAt": "2026-06-27T17:15:02.179377+00:00",
    "checksum": "887cd6f362d22cefc1c2f0c8f75887fbcc0f2d600f290679cad55166e67f3b98",
    "sourceOrganization": "IEA Energy Statistics Data Browser, International Energy Agency (IEA), uri: https://www.iea.org/data-and-statistics/data-tools/energy-statistics-data-browser, publisher: International Energy Agency (IEA), date accessed: 2025-03-25"
  },
  "reviewStatus": "approved",
  "contentVersion": "2026.06.22-exp2-qa1",
  "editorial": {
    "shortHook": "A candidate map for fossil electricity share.",
    "patternNote": "The darkest countries include Turkmenistan, Libya, Trinidad and Tobago, while the lightest include Nepal, Paraguay, Iceland; that contrast is the fastest way to read the fossil electricity share pattern.",
    "whyItMatters": "Fossil electricity share may add useful WORLDPRINT variety once source coverage, unit clarity, map interest, and distractor ambiguity are reviewed.",
    "bestProbeCountries": [
      {
        "iso3": "TKM",
        "reason": "High anchor: this country sits near the darkest end of the map."
      },
      {
        "iso3": "NPL",
        "reason": "Low anchor: this country clarifies the lightest end of the scale."
      },
      {
        "iso3": "TUR",
        "reason": "Middle check: this country helps separate a true pattern from one-off outliers."
      }
    ],
    "commonConfusions": [
      {
        "confusedWithIndicatorCode": "EG.ELC.RNEW.ZS",
        "reason": "Renewable electricity can tempt players because it shares a strong country ranking with this map, but its unit and definition point to a different story."
      },
      {
        "confusedWithIndicatorCode": "EG.ELC.HYRO.ZS",
        "reason": "Hydroelectricity share can tempt players because it shares a strong country ranking with this map, but its unit and definition point to a different story."
      },
      {
        "confusedWithIndicatorCode": "EG.ELC.NGAS.ZS",