{
  "schemaVersion": "1.1.0",
  "id": "freshwater-per-capita",
  "providerCode": "ER.H2O.INTR.PC",
  "title": "Renewable internal freshwater resources per capita (cubic meters)",
  "shortTitle": "Freshwater per person",
  "category": "environment",
  "difficulty": "standard",
  "definition": "Renewable internal freshwater resources flows refer to internal renewable resources (internal river flows and groundwater from rainfall) in the country. Renewable internal freshwater resources per capita are calculated using the World Bank's population estimates.",
  "unit": "cubic meters per person",
  "year": 2022,
  "valuesByIso3": {
    "AFG": 1161.93557223737,
    "AGO": 4153.21676881475,
    "ALB": 10972.2650507661,
    "ARE": 14.8883714573244,
    "ARG": 6430.59851430271,
    "ARM": 2310.04984507611,
    "AUS": 18909.4613835938,
    "AUT": 6082.82529760776,
    "AZE": 800.157290315405,
    "BDI": 755.193059550576,
    "BEL": 1027.3787885663,
    "BEN": 748.573658303452,
    "BFA": 555.332484666826,
    "BGD": 619.889977558035,
    "BGR": 3248.21112506123,
    "BHS": 1760.83795762921,
    "BIH": 11077.1273857168,
    "BLR": 3684.41031717246,
    "BLZ": 37891.1089977727,
    "BOL": 25130.0927354243,
    "BRA": 26917.8664854327,
    "BRN": 18666.1396227244,
    "BTN": 99882.9576624315,
    "BWA": 983.650095987855,
    "CAF": 27657.6934778255,
    "CAN": 73197.1653742787,
    "CHE": 4602.89335141678,
    "CHL": 45261.513352709,
    "CHN": 1991.89193973835,
    "CIV": 2528.04720986694,
    "CMR": 9879.57378577776,
    "COD": 8789.32274635319,
    "COG": 36784.7844875581,
    "COL": 41458.9338919227,
    "CRI": 22236.3686632499,
    "CUB": 3446.71070596086,
    "CYP": 585.862682800424,
    "CZE": 1232.18277758923,
    "DEU": 1286.40073765825,
    "DJI": 263.829966862956,
    "DNK": 1016.42595159068,
    "DOM": 2092.47231748165,
    "DZA": 247.309712525493,
    "ECU": 24820.6102178441,
    "EGY": 8.8795554894522,
    "ERI": 821.247551289109,
    "ESP": 2327.03642577919,
    "EST": 9422.91153880371,
    "ETH": 973.008683296975,
    "FIN": 19258.0919082537,
    "FJI": 31052.1175260109,
    "FRA": 2933.21980990477,
    "GAB": 67468.9714725556,
    "GBR": 2144.84350038459,
    "GEO": 15657.904022678,
    "GHA": 914.050531368042,
    "GIN": 16079.5302102,
    "GMB": 1137.88512670351,
    "GNB": 7599.04043116955,
    "GNQ": 14416.052829289,
    "GRC": 5557.21526793155,
    "GTM": 6118.37475123792,
    "GUY": 293316.878378165,
    "HND": 8664.09680852365,
    "HRV": 9777.88129133392,
    "HTI": 1130.68893353962,
    "HUN": 624.669835963783,
    "IDN": 7239.88154109194,
    "IND": 1014.43556399726,
    "IRL": 9399.87369639099,
    "IRN": 1435.365342256,
    "IRQ": 798.71930804768,
    "ISL": 445022.683067934,
    "ITA": 3092.50397878173,
    "JAM": 3812.06448140707,
    "JOR": 60.5884919355562,
    "JPN": 3436.56373867893,
    "KAZ": 3211.94189514754,
    "KEN": 381.549511643352,
    "KGZ": 7014.83250707505,
    "KHM": 7010.92518401063,
    "KOR": 1255.01791869493,
    "KWT": 0.0,
    "LAO": 25188.4936738384,
    "LBN": 835.583460948398,
    "LBR": 37221.1161347211,
    "LBY": 96.9018405120293,
    "LKA": 2380.41567106983,
    "LSO": 2287.72893692779,
    "LTU": 5459.73551007032,
    "LUX": 1531.15205411704,
    "LVA": 9013.59648352678,
    "MAR": 776.874555440233,
    "MDA": 640.657045210614,
    "MDG": 11071.9555218848,
    "MEX": 3180.07999137444,
    "MKD": 2948.06170402334,
    "MLI": 2600.48264957976,
    "MMR": 18654.3887007235,
    "MNG": 10134.6982946914,
    "MOZ": 3071.3879360169,
    "MRT": 82.040562084503,
    "MWI": 784.686345212985,
    "MYS": 16716.8686722509,
    "NAM": 2131.73720663524,
    "NER": 138.274483778882,
    "NGA": 990.36124865033,
    "NIC": 23208.7401907749,
    "NLD": 621.434449229992,
    "NOR": 70000.2034037324,
    "NPL": 6669.93410428169,
    "NZL": 64348.5447783222,
    "OMN": 295.968945247014,
    "PAK": 225.68670277788,
    "PAN": 31040.0013815755,
    "PER": 49021.0165435326,
    "PHL": 4203.06920924684,
    "PNG": 78505.0213320979,
    "POL": 1455.66143531096,
    "PRI": 2204.8751341946,
    "PRK": 2544.73753026386,
    "PRT": 3641.8239327635,
    "PRY": 17306.5044056148,
    "QAT": 21.0737607970096,
    "ROU": 2224.84686722347,
    "RUS": 29895.2557456279,
    "RWA": 695.918183463079,
    "SAU": 74.5915552911147,
    "SDN": 80.9989667366808,
    "SEN": 1461.66503022502,
    "SLB": 57229.4786868203,
    "SLE": 19331.1261214621,
    "SLV": 2488.72708535984,
    "SOM": 337.042732018953,
    "SRB": 1261.46962787171,
    "SSD": 2359.09467745596,
    "SUR": 158866.686779082,
    "SVK": 2319.6935353455,
    "SVN": 8839.64402796112,
    "SWE": 16305.9942837478,
    "SWZ": 2165.85706820071,
    "SYR": 317.51157824312,
    "TCD": 812.773945458317,
    "TGO": 1265.16297829486,
    "THA": 3129.69917514423,
    "TJK": 6232.43138874796,
    "TKM": 194.323996607006,
    "TLS": 5999.43766682855,
    "TTO": 2811.52873213965,
    "TUN": 346.141132837828,
    "TUR": 2671.21949159915,
    "TZA": 1298.06268316881,
    "UGA": 824.302657389021,
    "UKR": 1342.30588076631,
    "URY": 27190.3171800633,
    "USA": 8436.68822791378,
    "UZB": 467.672831084959,
    "VEN": 28532.9286123494,
    "VNM": 3605.71466951135,
    "VUT": 31944.1871162705,
    "YEM": 54.9409207198328,
    "ZAF": 718.197209579404,
    "ZMB": 3979.56863659284,
    "ZWE": 762.957077254569
  },
  "stats": {
    "coverage": 164,
    "min": 0.0,
    "max": 445022.683067934,
    "median": 2940.640756964055,
    "quantileBreaks": [
      0.0,
      620.3312551785941,
      1086.4131571224827,
      2306.861143912064,
      3702.646626348833,
      9409.747057425013,
      26423.759967834292,
      445022.683067934
    ]
  },
  "formatting": {
    "maximumFractionDigits": 0,
    "suffix": " m3/person"
  },
  "source": {
    "provider": "World Bank",
    "dataset": "World Development Indicators",
    "attribution": "The World Bank",
    "sourceReference": "https://api.worldbank.org/v2/indicator/ER.H2O.INTR.PC?format=json&per_page=1",
    "valuesReference": "https://api.worldbank.org/v2/country/all/indicator/ER.H2O.INTR.PC?format=json&per_page=20000&page=1&date=2015%3A2025",
    "license": "Creative Commons Attribution 4.0 International unless specifically labeled otherwise by World Bank metadata",
    "licenseReference": "https://www.worldbank.org/en/about/legal/terms-of-use-for-datasets",
    "retrievedAt": "2026-06-22T18:06:28.093110+00:00",
    "checksum": "26cc3e56ebf74cab03f4cd9c232b70d8fa50cb42d21127638db862bc7dd7a094",
    "sourceOrganization": "AQUASTAT - FAO's Global Information System on Water and Agriculture, Food and Agriculture Organization of the United Nations (FAO), uri: https://data.apps.fao.org/aquastat/, publisher: Food and Agriculture Organization of the United Nations (FAO), date accessed: 20240529"
  },
  "reviewStatus": "approved",
  "contentVersion": "2026.06.22-exp2-qa1",
  "editorial": {
    "shortHook": "A water-abundance map shaped by rivers, rainfall, and population.",
    "patternNote": "The darkest countries include Iceland, Guyana, Suriname, while the lightest include Kuwait, Egypt, Arab Rep., United Arab Emirates; that contrast is the fastest way to read the freshwater per person pattern.",
    "whyItMatters": "Freshwater per person helps distinguish water-rich countries from densely populated or arid countries.",
    "bestProbeCountries": [
      {
        "iso3": "ISL",
        "reason": "High anchor: this country sits near the darkest end of the map."
      },
      {
        "iso3": "KWT",
        "reason": "Low anchor: this country clarifies the lightest end of the scale."
      },
      {
        "iso3": "MKD",
        "reason": "Middle check: this country helps separate a true pattern from one-off outliers."
      }
    ],
    "commonConfusions": [
      {
        "confusedWithIndicatorCode": "ER.H2O.FWTL.ZS",