{
  "schemaVersion": "1.1.0",
  "id": "freshwater-withdrawal",
  "providerCode": "ER.H2O.FWTL.ZS",
  "title": "Annual freshwater withdrawals, total (% of internal resources)",
  "shortTitle": "Freshwater withdrawal",
  "category": "environment",
  "difficulty": "expert",
  "definition": "Annual freshwater withdrawals refer to total water withdrawals, not counting evaporation losses from storage basins. Withdrawals also include water from desalination plants in countries where they are a significant source. Withdrawals can exceed 100 percent of total renewable resources where extraction from nonrenewable aquifers or desalination plants is considerable or where there is significant water reuse. Withdrawals for agriculture and industry are total withdrawals for irrigation and livestock production and for direct industrial use (including withdrawals for cooling thermoelectric plants). Withdrawals for domestic uses include drinking water, municipal use or supply, and use for public services, commercial establishments, and homes. Data are for the most recent year available for 1987-2002.",
  "unit": "percent of internal resources",
  "year": 2022,
  "valuesByIso3": {
    "AFG": 43.0159066808059,
    "AGO": 0.476824324324324,
    "ALB": 2.96282527881041,
    "ARE": 1509.93333333333,
    "ARG": 12.9075342465753,
    "ARM": 44.787869951888,
    "AUS": 2.36178861788618,
    "AUT": 5.70909090909091,
    "AZE": 160.52988293284,
    "BDI": 2.78429423459245,
    "BEL": 35.833461825,
    "BEN": 1.2621359223301,
    "BFA": 6.544,
    "BGD": 34.1619047619048,
    "BGR": 25.9211136285714,
    "BIH": 0.878971830985916,
    "BLR": 4.15882352941177,
    "BLZ": 0.661861074705111,
    "BOL": 0.118644412191104,
    "BRA": 1.20014131778838,
    "BRN": 1.08235294117647,
    "BTN": 0.433205128205128,
    "BWA": 8.88565995833333,
    "CAF": 0.0514184397163121,
    "CAN": 1.26764912280702,
    "CHE": 4.21782178217822,
    "CHL": 3.99638418079096,
    "CHN": 20.2097479469587,
    "CIV": 1.51223321186882,
    "CMR": 0.398681318681319,
    "COD": 0.0759555555555556,
    "COG": 0.0207207207207207,
    "COL": 1.13117202797203,
    "CRI": 3.05029203539823,
    "CUB": 18.2528856243442,
    "CYP": 28.5897435897436,
    "CZE": 10.9885931558935,
    "DEU": 24.1052046728972,
    "DJI": 6.33333333333333,
    "DNK": 15.5725,
    "DOM": 30.3702127659574,
    "DZA": 91.5088468035921,
    "ECU": 2.24136528028933,
    "EGY": 7750.0,
    "ERI": 20.7857142857143,
    "ESP": 26.0971223021583,
    "EST": 9.48447483870968,
    "ETH": 8.64598360655738,
    "FIN": 2.80373831775701,
    "FJI": 0.297373029772329,
    "FRA": 12.2138298,
    "GAB": 0.0848170731707317,
    "GBR": 5.80620689655172,
    "GEO": 2.22497849647342,
    "GHA": 4.78085808580858,
    "GIN": 0.393805309734513,
    "GMB": 3.38666666666667,
    "GNB": 1.09375,
    "GNQ": 0.0761538461538462,
    "GRC": 17.3224137931035,
    "GTM": 3.04404761904762,
    "GUY": 0.599460580912863,
    "HND": 1.77255680564747,
    "HRV": 1.80106100795756,
    "HTI": 11.1478434689014,
    "HUN": 78.247,
    "IDN": 11.0286322881062,
    "IND": 44.7786998616874,
    "IRL": 3.41428571428571,
    "IRN": 72.3346303501945,
    "IRQ": 120.521875,
    "ISL": 0.170588235294118,
    "ITA": 18.5112328767123,
    "JAM": 12.3828188764668,
    "JOR": 139.277126099707,
    "JPN": 18.5348837209302,
    "KAZ": 38.7972027972028,
    "KEN": 19.4782608695652,
    "KGZ": 15.7510729613734,
    "KHM": 1.81094527363184,
    "KOR": 45.0223592906708,
    "LAO": 3.86029411764706,
    "LBN": 37.75,
    "LBR": 0.07295,
    "LBY": 817.142857142857,
    "LKA": 24.5189393939394,
    "LSO": 0.837476099426386,
    "LTU": 1.94282018111255,
    "LUX": 4.774,
    "LVA": 1.0173199527745,
    "MAR": 36.4586206896552,
    "MDA": 52.2222222222222,
    "MDG": 3.9933234421365,
    "MEX": 21.9569682151589,
    "MKD": 40.212962962963,
    "MLI": 8.64333333333333,
    "MMR": 3.313821300359,
    "MNG": 1.32873563218391,
    "MOZ": 1.46859421734796,
    "MRT": 337.05,
    "MWI": 8.40644361833953,
    "MYS": 1.15637931034483,
    "NAM": 1.67142008116883,
    "NER": 73.8087942857143,
    "NGA": 5.64343891402715,
    "NIC": 0.814941425004801,
    "NLD": 74.8572727272727,
    "NOR": 0.703630890052356,
    "NPL": 4.79167507568113,
    "NZL": 3.01987767584098,
    "OMN": 116.714285714286,
    "PAK": 326.0,
    "PAN": 0.886822840409956,
    "PER": 1.57946374162096,
    "PHL": 19.0056142943633,
    "PNG": 0.0489513108614232,
    "POL": 17.509328358209,
    "PRI": 12.3239436619718,
    "PRK": 12.9220895522388,
    "PRT": 16.1303421052632,
    "PRY": 2.06239316239316,
    "QAT": 446.428571428571,
    "ROU": 19.2331288343558,
    "RUS": 1.50324675324675,
    "RWA": 6.42105263157895,
    "SAU": 974.166666666667,
    "SDN": 673.375,
    "SEN": 11.8666666666667,
    "SLE": 0.132625,
    "SLV": 12.4025761356366,
    "SOM": 54.9666666666667,
    "SRB": 60.5566789580112,
    "SSD": 2.53076923076923,
    "SUR": 0.622121212121212,
    "SVK": 4.47320253968254,
    "SVN": 4.42956614890198,
    "SWE": 1.45204678362573,
    "SWZ": 40.4545454545455,
    "SYR": 195.799214806506,
    "TCD": 5.864,
    "TGO": 1.93913043478261,
    "THA": 25.5253663533918,
    "TJK": 16.7065868263473,
    "TKM": 1867.97153024911,
    "TLS": 14.2665855143031,
    "TTO": 8.75520833333333,
    "TUN": 92.1096543504172,
    "TUR": 28.4007224669604,
    "TZA": 6.17142857142857,
    "UGA": 1.63333333333333,
    "UKR": 8.82196007259528,
    "URY": 4.88877806399132,
    "USA": 15.7661462029808,
    "UZB": 262.545899632803,
    "VEN": 2.81007453416149,
    "VNM": 22.7761393355962,
    "YEM": 169.761904761905,
    "ZAF": 47.1205357142857,
    "ZMB": 1.96009975062344,
    "ZWE": 40.0463245921697
  },
  "stats": {
    "coverage": 160,
    "min": 0.0207207207207207,
    "max": 7750.0,
    "median": 8.52488847583643,
    "quantileBreaks": [
      0.0207207207207207,
      0.9800350635274871,
      2.1320725912846994,
      4.7824033700760875,
      12.30821311026154,
      23.53560524262534,
      56.56381303562222,
      7750.0
    ]
  },
  "formatting": {
    "maximumFractionDigits": 1,
    "suffix": "%"
  },
  "source": {
    "provider": "World Bank",
    "dataset": "World Development Indicators",
    "attribution": "The World Bank",
    "sourceReference": "https://api.worldbank.org/v2/indicator/ER.H2O.FWTL.ZS?format=json&per_page=1",
    "valuesReference": "https://api.worldbank.org/v2/country/all/indicator/ER.H2O.FWTL.ZS?format=json&per_page=20000&page=1&date=2015%3A2025",
    "license": "Creative Commons Attribution 4.0 International unless specifically labeled otherwise by World Bank metadata",
    "licenseReference": "https://www.worldbank.org/en/about/legal/terms-of-use-for-datasets",
    "retrievedAt": "2026-07-02T22:21:21.664640+00:00",
    "checksum": "ce5ee3e171f2a2ac39ce40616eb36be744603beff24e882ecc1256b166bd9fbd",
    "sourceOrganization": "AQUASTAT - FAO's Global Information System on Water and Agriculture, Food and Agriculture Organization of the United Nations (FAO), uri: https://data.apps.fao.org/aquastat/, publisher: Food and Agriculture Organization of the United Nations (FAO), date accessed: 20240529"
  },
  "reviewStatus": "approved",
  "contentVersion": "2026.07.02-exp4-content50",
  "editorial": {
    "shortHook": "A water-pressure map where arid countries can dominate.",
    "patternNote": "The darkest countries include Egypt, Arab Rep., Turkmenistan, United Arab Emirates, while the lightest include Congo, Rep., Papua New Guinea, Central African Republic; that contrast is the fastest way to read the freshwater withdrawal pattern.",
    "whyItMatters": "Freshwater withdrawal pressure shows where demand strains renewable water resources.",
    "bestProbeCountries": [
      {
        "iso3": "EGY",
        "reason": "High anchor: this country sits near the darkest end of the map."
      },
      {
        "iso3": "COG",