{
  "schemaVersion": "1.1.0",
  "id": "gdp-per-capita-growth",
  "providerCode": "NY.GDP.PCAP.KD.ZG",
  "title": "GDP per capita growth (annual %)",
  "shortTitle": "GDP per person growth",
  "category": "economy",
  "difficulty": "expert",
  "definition": "Gross domestic product is the total income earned through the production of goods and services in an economic territory during an accounting period. It can be measured in three different ways: using either the expenditure approach, the income approach, or the production approach. The core indicator has been divided by the general population to achieve a per capita estimate.This indicator denotes the percentage change over each previous year of the constant price (base year 2015) series in United States dollars.",
  "unit": "annual percent change",
  "year": 2024,
  "valuesByIso3": {
    "AGO": 1.29293270746824,
    "ALB": 5.66395904797913,
    "ARE": -0.766018786578641,
    "ARG": -1.68352700528746,
    "ARM": 3.48421625230606,
    "AUS": -0.62779626326919,
    "AUT": -1.15937778694629,
    "AZE": 3.5728955022992,
    "BDI": 1.45654027332857,
    "BEL": 0.400004034972383,
    "BEN": 4.84017869082697,
    "BFA": 2.47226549746027,
    "BGD": 2.96499837954917,
    "BGR": 3.47015122309477,
    "BHS": 2.90387123462988,
    "BIH": 3.64904450955625,
    "BLR": 4.52996444880654,
    "BLZ": 2.02408347328358,
    "BOL": -2.47074604396363,
    "BRA": 3.00083291987643,
    "BRN": 3.20430381881549,
    "BWA": -4.56345490621125,
    "CAF": -1.89436423949913,
    "CAN": -1.40934525428779,
    "CHE": -0.0110810035101565,
    "CHL": 2.09415451485827,
    "CHN": 5.10662482837367,
    "CIV": 3.4679130572198,
    "CMR": 0.854978148597212,
    "COD": 2.74070877266892,
    "COG": 0.148777085583603,
    "COL": 0.512522429942436,
    "CRI": 3.82533390959907,
    "CUB": -0.699961142159495,
    "CYP": 2.29692759392108,
    "CZE": 0.852606650391238,
    "DEU": -0.769070552658818,
    "DJI": 5.53622497099775,
    "DNK": 2.95776259160623,
    "DOM": 4.06915239840208,
    "DZA": 2.25996527082104,
    "ECU": -2.84096326274179,
    "EGY": 0.639636335125445,
    "ESP": 2.40413218623925,
    "EST": -0.239652154313688,
    "ETH": 4.86819977515492,
    "FIN": -0.227073487020519,
    "FJI": 3.01375309468594,
    "FRA": 0.925700761599856,
    "GAB": 1.18835281747864,
    "GBR": 0.0541839994899789,
    "GEO": 10.1519478105331,
    "GHA": 3.62907892202038,
    "GIN": 2.85590233664557,
    "GMB": 3.17470253855478,
    "GNB": 1.87480874655408,
    "GNQ": -1.49035168546814,
    "GRC": 2.10832570957629,
    "GTM": 2.06653256614987,
    "GUY": 43.0000937802239,
    "HND": 1.82401839948827,
    "HRV": 3.65195341396083,
    "HTI": -5.26984833324718,
    "HUN": 0.8768874226772,
    "IDN": 4.1790017564892,
    "IND": 5.55042158511394,
    "IRL": 0.997438539135004,
    "IRN": 2.57740906823993,
    "IRQ": -3.6151190083088,
    "ISL": -1.18666721611689,
    "ISR": -0.396212603094554,
    "ITA": 0.746500224061592,
    "JAM": -0.51363387005874,
    "JOR": 1.48055685000026,
    "JPN": 0.541366477991744,
    "KAZ": 3.66170013445029,
    "KEN": 2.6946724258593,
    "KGZ": 7.19632406056586,
    "KHM": 4.68384949204055,
    "KOR": 1.92783227201599,
    "KWT": -3.43244663969313,
    "LAO": 2.725327025989,
    "LBR": 1.8018710155725,
    "LBY": 0.859500182813605,
    "LKA": 5.58848090094126,
    "LSO": 1.71259070592455,
    "LTU": 2.17864980259621,
    "LUX": -1.2100374075406,
    "LVA": 0.89583858235207,
    "MAR": 2.77494467917541,
    "MDA": 2.41476213011262,
    "MDG": 1.69312025320663,
    "MEX": 0.558373546635821,
    "MKD": 3.18889944421623,
    "MLI": 1.94925730152001,
    "MMR": -1.63760945284048,
    "MNE": 3.16476067540844,
    "MNG": 3.82045181254634,
    "MOZ": -0.791001789666225,
    "MRT": 3.2855217223692,
    "MWI": -0.912638164593119,
    "MYS": 3.83035137439249,
    "NAM": 1.41712041604308,
    "NCL": -14.3184777148637,
    "NER": 6.73976595652603,
    "NGA": 1.91718752367555,
    "NIC": 2.20198911444788,
    "NLD": 0.427291768689813,
    "NOR": 1.13204599317447,
    "NPL": 3.81766783822374,
    "NZL": -0.387550970211336,
    "OMN": -2.83787602327396,
    "PAK": 1.50503969652753,
    "PAN": 1.45504306659862,
    "PER": 2.18017278753871,
    "PHL": 4.82301240715314,
    "PNG": 1.96584743874992,
    "POL": 3.38947422901255,
    "PRI": 3.19308375394527,
    "PRT": 1.02697035140542,
    "PRY": 2.97101932232356,
    "PSE": -28.2706767006663,
    "QAT": -4.86788389922177,
    "ROU": 0.965042709085722,
    "RUS": 4.55626099351906,
    "RWA": 6.58326731079626,
    "SAU": -2.61945058525819,
    "SDN": -14.6570236407403,
    "SEN": 3.62766288039693,
    "SLB": 0.584428781115449,
    "SLE": 2.10273334346427,
    "SLV": 2.13954811058277,
    "SOM": 0.548466776307393,
    "SRB": 4.52924814890834,
    "SUR": 0.831904488689332,
    "SVK": 2.02649250952174,
    "SVN": 1.39957708502673,
    "SWE": 0.504564017875396,
    "SWZ": 1.95346963066669,
    "TCD": -0.831570679019237,
    "TGO": 4.17083175833358,
    "THA": 2.59107416696065,
    "TJK": 6.34141937002055,
    "TKM": 4.45469950237209,
    "TLS": -10.161913982094,
    "TTO": 2.44755276913735,
    "TUN": 0.979801739421518,
    "TUR": 3.09479882124933,
    "TZA": 2.5538482690819,
    "UGA": 3.17493921238938,
    "UKR": 2.53118166051888,
    "URY": 3.15371074530447,
    "USA": 1.79419235153047,
    "UZB": 4.42179800265912,
    "VEN": 4.91191547368044,
    "VNM": 6.4172854315141,
    "VUT": -1.32686347809192,
    "ZAF": -0.713538079423742,
    "ZMB": 0.941472566904864,
    "ZWE": -0.0530786093100204
  },
  "stats": {
    "coverage": 160,
    "min": -28.2706767006663,
    "max": 43.0000937802239,
    "median": 1.959658534708305,
    "quantileBreaks": [
      -28.2706767006663,
      -0.8547328177546321,
      0.5695400756985185,
      1.4840543995041555,
      2.251682962767731,
      3.160024991078167,
      4.173166043520899,
      43.0000937802239
    ]
  },
  "formatting": {
    "maximumFractionDigits": 1,
    "suffix": "%"
  },
  "source": {
    "provider": "World Bank",
    "dataset": "World Development Indicators",
    "attribution": "The World Bank",
    "sourceReference": "https://api.worldbank.org/v2/indicator/NY.GDP.PCAP.KD.ZG?format=json&per_page=1",
    "valuesReference": "https://api.worldbank.org/v2/country/all/indicator/NY.GDP.PCAP.KD.ZG?format=json&per_page=20000&page=1&date=2015%3A2025",
    "license": "Creative Commons Attribution 4.0 International unless specifically labeled otherwise by World Bank metadata",
    "licenseReference": "https://www.worldbank.org/en/about/legal/terms-of-use-for-datasets",
    "retrievedAt": "2026-06-22T18:07:03.768071+00:00",
    "checksum": "80368ff2220d9259fbf03bd4dbec3054e3c6bf5c8dbf18740c161d34f054ba53",
    "sourceOrganization": "Country official statistics, National Statistical Organizations and/or Central Banks;\nNational Accounts data files, Organisation for Economic Co-operation and Development (OECD);\nStaff estimates, World Bank (WB)"
  },
  "reviewStatus": "approved",
  "contentVersion": "2026.06.22-exp2-qa1",
  "editorial": {
    "shortHook": "A candidate map for gdp per person growth.",
    "patternNote": "The darkest countries include Guyana, Georgia, Kyrgyz Republic, while the lightest include West Bank and Gaza, Sudan, New Caledonia; that contrast is the fastest way to read the gdp per person growth pattern.",
    "whyItMatters": "GDP per person growth may add useful WORLDPRINT variety once source coverage, unit clarity, map interest, and distractor ambiguity are reviewed.",
    "bestProbeCountries": [
      {
        "iso3": "GUY",
        "reason": "High anchor: this country sits near the darkest end of the map."
      },
      {
        "iso3": "PSE",
        "reason": "Low anchor: this country clarifies the lightest end of the scale."
      },
      {
        "iso3": "PNG",
        "reason": "Middle check: this country helps separate a true pattern from one-off outliers."
      }
    ],