{
  "schemaVersion": "1.1.0",
  "id": "gdp-per-capita",
  "providerCode": "NY.GDP.PCAP.CD",
  "title": "GDP per capita (current US$)",
  "shortTitle": "GDP per capita",
  "category": "development",
  "difficulty": "intro",
  "definition": "Gross domestic product is the total income earned through the production of goods and services in an economic territory during an accounting period. It can be measured in three different ways: using either the expenditure approach, the income approach, or the production approach. The core indicator has been divided by the general population to achieve a per capita estimate.This indicator is expressed in current prices, meaning no adjustment has been made to account for price changes over time. This indicator is expressed in United States dollars.",
  "unit": "current US dollars",
  "year": 2024,
  "valuesByIso3": {
    "AGO": 2665.87444776753,
    "ALB": 11377.7757431099,
    "ARE": 50273.5060469837,
    "ARG": 13969.7836603737,
    "ARM": 8556.21406956719,
    "AUS": 64603.9856308464,
    "AUT": 58268.8787651601,
    "AZE": 7283.8499076179,
    "BDI": 219.424830882698,
    "BEL": 56614.5679499036,
    "BEN": 1485.38018885134,
    "BFA": 981.992649769081,
    "BGD": 2593.41611680774,
    "BGR": 17596.0173663521,
    "BHS": 39455.4466548546,
    "BIH": 9358.78768951134,
    "BLR": 8317.63399913792,
    "BLZ": 7681.24400583113,
    "BOL": 4421.16609889999,
    "BRA": 10310.5488778166,
    "BRN": 33153.4738913513,
    "BWA": 7695.75319445165,
    "CAF": 516.160999996036,
    "CAN": 54340.3477224733,
    "CHE": 103998.186685604,
    "CHL": 16709.8893972307,
    "CHN": 13303.1481543868,
    "CIV": 2727.8935220697,
    "CMR": 1830.00833684727,
    "COD": 649.383338556725,
    "COG": 2482.2489948456,
    "COL": 7919.20886825345,
    "CRI": 18587.1532203482,
    "CYP": 38674.29296875,
    "CZE": 31823.3078290564,
    "DEU": 56103.7323182554,
    "DJI": 3552.72335079222,
    "DNK": 71026.4832271897,
    "DOM": 10875.6618443092,
    "DZA": 5752.99076651465,
    "ECU": 6874.705739766,
    "EGY": 3338.47371395895,
    "ESP": 35326.7683069278,
    "EST": 31428.3547816104,
    "ETH": 1133.88279681719,
    "FIN": 53149.7671934051,
    "FJI": 6425.74151715712,
    "FRA": 46103.0840855884,
    "GAB": 8230.04311451151,
    "GBR": 53246.3676145108,
    "GEO": 9241.49122313713,
    "GHA": 2390.77237652715,
    "GIN": 1694.95375862193,
    "GMB": 871.340291776294,
    "GNB": 1007.74151728028,
    "GNQ": 6745.40013244916,
    "GRC": 24626.1481858973,
    "GTM": 6150.02571438505,
    "GUY": 29675.2443873316,
    "HND": 3426.43483328923,
    "HRV": 24050.4397933135,
    "HTI": 2142.62330526788,
    "HUN": 23292.3263882478,
    "IDN": 4925.43048751861,
    "IND": 2694.73780859961,
    "IRL": 112894.953240805,
    "IRN": 5190.16959024821,
    "IRQ": 6073.61032342708,
    "ISL": 86040.5309851288,
    "ISR": 54176.6844383302,
    "ITA": 40385.3413957669,
    "JAM": 7753.8006955432,
    "JOR": 4618.09592498567,
    "JPN": 32487.0778047567,
    "KAZ": 14154.6324958076,
    "KEN": 2132.43452097647,
    "KGZ": 2420.18542283831,
    "KHM": 2627.87969756224,
    "KOR": 36238.639908315,
    "KWT": 32717.7186631255,
    "LAO": 2123.97909415109,
    "LBR": 851.497723870206,
    "LBY": 6569.16408678648,
    "LKA": 4515.56787322732,
    "LSO": 971.90771824829,
    "LTU": 29384.0189598663,
    "LUX": 137781.681659123,
    "LVA": 23409.0845154775,
    "MAR": 4153.1943359375,
    "MDA": 7576.19589413326,
    "MDG": 544.987501003384,
    "MEX": 14185.7812248529,
    "MKD": 9291.85661671864,
    "MLI": 1094.61949265799,
    "MMR": 1359.05001560107,
    "MNE": 13263.3281277699,
    "MNG": 6750.6301157724,
    "MOZ": 656.776824637306,
    "MRT": 2110.12036938187,
    "MWI": 522.570393642547,
    "MYS": 11874.4273684245,
    "NAM": 4413.12752211572,
    "NCL": 29213.1923192946,
    "NER": 735.270255787226,
    "NGA": 1084.16041805436,
    "NIC": 2847.53966339498,
    "NLD": 67520.4218956281,
    "NOR": 86785.4334489176,
    "NPL": 1447.31004458428,
    "NZL": 49205.1792146792,
    "OMN": 20285.2272897377,
    "PAK": 1478.77277977996,
    "PAN": 19161.2188501596,
    "PER": 8452.37167056621,
    "PHL": 3984.8315387656,
    "PNG": 3006.70564478923,
    "POL": 25103.565661423,
    "PRI": 39343.7154660139,
    "PRT": 29292.242104753,
    "PRY": 6416.09708970845,
    "PSE": 2592.30591217647,
    "QAT": 76688.6941743178,
    "ROU": 20080.2096215595,
    "RUS": 14889.0185546875,
    "RWA": 999.65456165547,
    "SAU": 35121.6628687742,
    "SDN": 984.607666015625,
    "SEN": 1773.21829923448,
    "SLB": 1933.55538435227,
    "SLE": 806.654650417726,
    "SLV": 5579.65969165029,
    "SOM": 629.538899449007,
    "SRB": 13679.2065983557,
    "SUR": 6961.78955961526,
    "SVK": 25992.6748502048,
    "SVN": 34301.0318686594,
    "SWE": 57117.4877440616,
    "SWZ": 3909.55892378182,
    "TCD": 961.55975562506,
    "TGO": 1119.38160509429,
    "THA": 7346.62022142185,
    "TJK": 1341.20229027672,
    "TKM": 6856.65802730208,
    "TLS": 1331.9705130185,
    "TTO": 18733.4110406494,
    "TUN": 4181.13789301228,
    "TUR": 15892.7157287241,
    "TZA": 1186.71691894531,
    "UGA": 1077.91278452817,
    "UKR": 5389.47314453125,
    "URY": 23906.5133029408,
    "USA": 84534.0407841548,
    "UZB": 3161.70010632875,
    "VEN": 4217.59102643391,
    "VNM": 4717.29028732449,
    "VUT": 3410.77023167097,
    "ZAF": 6267.186814093,
    "ZMB": 1187.10943350064,
    "ZWE": 2497.20332208763
  },
  "stats": {
    "coverage": 159,
    "min": 219.424830882698,
    "max": 137781.681659123,
    "median": 6874.705739766,
    "quantileBreaks": [
      219.424830882698,
      1186.9412129769273,
      2669.9977850292557,
      5525.320678187706,
      8482.040927423632,
      20255.939051426532,
      39391.60026123134,
      137781.681659123
    ]
  },
  "formatting": {
    "maximumFractionDigits": 0,
    "prefix": "$"
  },
  "source": {
    "provider": "World Bank",
    "dataset": "World Development Indicators",
    "attribution": "The World Bank",
    "sourceReference": "https://api.worldbank.org/v2/indicator/NY.GDP.PCAP.CD?format=json&per_page=1",
    "valuesReference": "https://api.worldbank.org/v2/country/all/indicator/NY.GDP.PCAP.CD?format=json&per_page=20000&page=1&date=2015%3A2025",
    "license": "Creative Commons Attribution 4.0 International unless specifically labeled otherwise by World Bank metadata",
    "licenseReference": "https://www.worldbank.org/en/about/legal/terms-of-use-for-datasets",
    "retrievedAt": "2026-06-19T17:09:14.559742+00:00",
    "checksum": "69b76f9a6e81c0619495dd0525468e1ccbf404425db02603893f2c9e000bd485",
    "sourceOrganization": "Country official statistics, National Statistical Organizations and/or Central Banks;\nNational Accounts data files, Organisation for Economic Co-operation and Development (OECD);\nStaff estimates, World Bank (WB)"
  },
  "reviewStatus": "approved",
  "contentVersion": "2026.06.19-ed1",
  "editorial": {
    "shortHook": "The familiar income-per-person map.",
    "patternNote": "The darkest countries include Luxembourg, Ireland, Switzerland, while the lightest include Burundi, Central African Republic, Malawi; that contrast is the fastest way to read the gdp per capita pattern.",
    "whyItMatters": "GDP per capita is a useful baseline for reading many other world-data patterns.",
    "bestProbeCountries": [
      {
        "iso3": "LUX",
        "reason": "High anchor: this country sits near the darkest end of the map."
      },
      {
        "iso3": "BDI",
        "reason": "Low anchor: this country clarifies the lightest end of the scale."
      },
      {
        "iso3": "ECU",
        "reason": "Middle check: this country helps separate a true pattern from one-off outliers."
      }
    ],
    "commonConfusions": [
      {
        "confusedWithIndicatorCode": "NY.GDP.PCAP.PP.CD",