{
  "schemaVersion": "1.1.0",
  "id": "gdp-growth",
  "providerCode": "NY.GDP.MKTP.KD.ZG",
  "title": "GDP growth (annual %)",
  "shortTitle": "GDP growth",
  "category": "economy",
  "difficulty": "expert",
  "definition": "Gross domestic product is the total income earned through the production of goods and services in an economic territory during an accounting period. It can be measured in three different ways: using either the expenditure approach, the income approach, or the production approach. This indicator denotes the percentage change over each previous year of the constant price (base year 2015) series in United States dollars.",
  "unit": "annual percent change",
  "year": 2024,
  "valuesByIso3": {
    "AGO": 4.42390664406875,
    "ALB": 4.04592845095348,
    "ARE": 3.99180705485398,
    "ARG": -1.34293072157739,
    "ARM": 5.90000000046228,
    "AUS": 1.37340773365975,
    "AUT": -0.659089573171372,
    "AZE": 4.07140205008956,
    "BDI": 4.11227376264944,
    "BEL": 1.07045413019414,
    "BEN": 7.45311566226201,
    "BFA": 4.79980951667159,
    "BGD": 4.22325911250161,
    "BGR": 3.38709063847314,
    "BHS": 3.37866553336166,
    "BIH": 2.9715174617652,
    "BLR": 4.00984852465452,
    "BLZ": 3.50466435023895,
    "BOL": -1.12335595517212,
    "BRA": 3.41931516597739,
    "BRN": 4.05251709306727,
    "BWA": -2.98986879467928,
    "CAF": 1.49999999847535,
    "CAN": 1.55479521049516,
    "CHE": 1.30233332541106,
    "CHL": 2.64431154871538,
    "CHN": 4.9773565917572,
    "CIV": 6.01953461940062,
    "CMR": 3.52472308052245,
    "COD": 6.12675551779212,
    "COG": 2.57966943921721,
    "COL": 1.5983315366523,
    "CRI": 4.32122429646145,
    "CUB": -1.06173273220524,
    "CYP": 3.94077381708404,
    "CZE": 1.23308611983484,
    "DEU": -0.495851897260366,
    "DJI": 6.98048467276334,
    "DNK": 3.47783593140312,
    "DOM": 4.95352204492849,
    "DZA": 3.69999999907979,
    "ECU": -2.00125476341026,
    "EGY": 2.3991692678251,
    "ESP": 3.45525405630191,
    "EST": -0.0900428648493801,
    "ETH": 7.61277447511073,
    "FIN": 0.416171964862073,
    "FJI": 3.53085896076352,
    "FRA": 1.19046798275883,
    "GAB": 3.39403899592401,
    "GBR": 1.1264226705118,
    "GEO": 9.67979387500691,
    "GHA": 5.59045469593266,
    "GIN": 5.35004659051708,
    "GMB": 5.55126069510321,
    "GNB": 4.14631137217332,
    "GNQ": 0.907248245986736,
    "GRC": 2.0865743380603,
    "GTM": 3.65186382894819,
    "GUY": 43.8193108024355,
    "HND": 3.55397003296669,
    "HRV": 3.82688702890739,
    "HTI": -4.16963395808132,
    "HUN": 0.560117843140432,
    "IDN": 5.03034469419038,
    "IND": 6.49476552383821,
    "IRL": 2.59946721553708,
    "IRN": 3.66312056830718,
    "IRQ": -1.54525198318304,
    "ISL": -0.970676468918384,
    "ISR": 0.871968424377442,
    "ITA": 0.692676948440536,
    "JAM": -0.535039063867487,
    "JOR": 2.48889409603647,
    "JPN": 0.104309021773304,
    "KAZ": 4.99999999996936,
    "KEN": 4.72473994710138,
    "KGZ": 9.04013556120012,
    "KHM": 5.97510939607335,
    "KOR": 2.00361101838986,
    "KWT": -2.56011099967517,
    "LAO": 4.13019264436937,
    "LBR": 4.02185464964835,
    "LBY": 1.89995052025442,
    "LKA": 5.00871930957159,
    "LSO": 2.85452253179545,
    "LTU": 2.77263124530285,
    "LUX": 0.35861253942069,
    "LVA": -0.0461080109713521,
    "MAR": 3.79336515978963,
    "MDA": 0.103059364371205,
    "MDG": 4.19999999988647,
    "MEX": 1.42742769080466,
    "MKD": 2.99373536567732,
    "MLI": 4.99226917482922,
    "MMR": -0.97204641363362,
    "MNE": 3.16409886329913,
    "MNG": 5.12204539122661,
    "MOZ": 2.14854964610538,
    "MRT": 6.30760213290844,
    "MWI": 1.6734340852915,
    "MYS": 5.10545921024041,
    "NAM": 3.71154502416731,
    "NCL": -13.5,
    "NER": 10.3000000007793,
    "NGA": 4.06236408888319,
    "NIC": 3.5878302292345,
    "NLD": 1.08100584845663,
    "NOR": 2.09723059960317,
    "NPL": 3.66537430744967,
    "NZL": 1.28862004711685,
    "OMN": 1.63163221127449,
    "PAK": 3.04898287335465,
    "PAN": 2.74788545546916,
    "PER": 3.30394098171516,
    "PHL": 5.69201612823412,
    "PNG": 3.79979560086888,
    "POL": 3.02841630700273,
    "PRI": 3.17707554784896,
    "PRT": 2.13967177177636,
    "PRY": 4.24996010464072,
    "PSE": -26.5575264529877,
    "QAT": 2.35970586926597,
    "ROU": 0.916003764382594,
    "RUS": 4.34437475491529,
    "RWA": 8.89065529573114,
    "SAU": 1.99650173436159,
    "SDN": -13.9643375197179,
    "SEN": 6.06055141198976,
    "SLB": 2.99755987604104,
    "SLE": 4.29322336690163,
    "SLV": 2.60202016121069,
    "SOM": 4.11139335779471,
    "SRB": 3.94992622592932,
    "SUR": 1.72095737011739,
    "SVK": 1.93867445549446,
    "SVN": 1.73139722479493,
    "SWE": 0.820071806703865,
    "SWZ": 2.97391075973985,
    "TCD": 4.19925854085865,
    "TGO": 6.53204505563791,
    "THA": 2.54182067735289,
    "TJK": 8.39999980983981,
    "TKM": 6.2994265836889,
    "TLS": -9.10069369772735,
    "TTO": 2.50920813979569,
    "TUN": 1.61444564976986,
    "TUR": 3.3276230893799,
    "TZA": 5.5263138305945,
    "UGA": 6.05558075875589,
    "UKR": 2.9138222142611,
    "URY": 3.10825478066172,
    "USA": 2.79300127716779,
    "UZB": 6.49999999997677,
    "VEN": 5.29999999999984,
    "VNM": 7.09118746633975,
    "VUT": 0.942185362275907,
    "ZAF": 0.534843531905139,
    "ZMB": 3.82004825518591,
    "ZWE": 1.74239524880791
  },
  "stats": {
    "coverage": 160,
    "min": -26.5575264529877,
    "max": 43.8193108024355,
    "median": 3.24050826478206,
    "quantileBreaks": [
      -26.5575264529877,
      0.5009373698928341,
      1.6938012073597384,
      2.801790027828884,
      3.5506684512233795,
      4.139403345971627,
      5.562458981054481,
      43.8193108024355
    ]
  },
  "formatting": {
    "maximumFractionDigits": 1,
    "suffix": "%"
  },
  "source": {
    "provider": "World Bank",
    "dataset": "World Development Indicators",
    "attribution": "The World Bank",
    "sourceReference": "https://api.worldbank.org/v2/indicator/NY.GDP.MKTP.KD.ZG?format=json&per_page=1",
    "valuesReference": "https://api.worldbank.org/v2/country/all/indicator/NY.GDP.MKTP.KD.ZG?format=json&per_page=20000&page=1&date=2015%3A2025",
    "license": "Creative Commons Attribution 4.0 International unless specifically labeled otherwise by World Bank metadata",
    "licenseReference": "https://www.worldbank.org/en/about/legal/terms-of-use-for-datasets",
    "retrievedAt": "2026-06-27T17:14:26.269635+00:00",
    "checksum": "57623b8d8005347fe830593a13a7c31b0f9fecc0ce4c1c1cda0db6065e0d4a6f",
    "sourceOrganization": "Country official statistics, National Statistical Organizations and/or Central Banks;\nNational Accounts data files, Organisation for Economic Co-operation and Development (OECD);\nStaff estimates, World Bank (WB)"
  },
  "reviewStatus": "approved",
  "contentVersion": "2026.06.22-exp2-qa1",
  "editorial": {
    "shortHook": "A one-year macro momentum map.",
    "patternNote": "The darkest countries include Guyana, Niger, Georgia, while the lightest include West Bank and Gaza, Sudan, New Caledonia; that contrast is the fastest way to read the gdp growth pattern.",
    "whyItMatters": "GDP growth can reveal rebounds, shocks, and fast expansions, but it is much more volatile than income level.",
    "bestProbeCountries": [
      {
        "iso3": "GUY",
        "reason": "High anchor: this country sits near the darkest end of the map."
      },
      {
        "iso3": "PSE",
        "reason": "Low anchor: this country clarifies the lightest end of the scale."
      },
      {
        "iso3": "PER",
        "reason": "Middle check: this country helps separate a true pattern from one-off outliers."
      }
    ],
    "commonConfusions": [
      {
        "confusedWithIndicatorCode": "NY.GDP.PCAP.KD.ZG",