{
  "schemaVersion": "1.1.0",
  "id": "ghg-per-capita",
  "providerCode": "EN.GHG.ALL.PC.CE.AR5",
  "title": "Total greenhouse gas emissions excluding LULUCF per capita (t CO2e/capita)",
  "shortTitle": "Greenhouse gas emissions per capita",
  "category": "environment",
  "difficulty": "expert",
  "definition": "Total annual emissions of the six greenhouse gases (GHG) covered by the Kyoto Protocol (carbon dioxide (CO2), methane (CH4), nitrous oxide (N2O), hydrofluorocarbons (HFCs), perfluorocarbons (PFCs), and sulphurhexafluoride (SF6)) from the energy, industry, waste, and agriculture sectors, standardized to carbon dioxide equivalent values divided by the economy's population. This measure excludes GHG fluxes caused by Land Use Change Land Use and Forestry (LULUCF), as these fluxes have larger uncertainties.",
  "unit": "metric tons CO2e per capita",
  "year": 2024,
  "valuesByIso3": {
    "AFG": 0.774601235636553,
    "AGO": 1.84562051123627,
    "ALB": 2.99701993329766,
    "ARE": 24.0432170683754,
    "ARG": 8.1920364466519,
    "ARM": 3.55384868963244,
    "AUS": 21.7471812505083,
    "AUT": 7.73589444825671,
    "AZE": 5.71212104876784,
    "BDI": 0.599503722508301,
    "BEL": 9.09246530579891,
    "BEN": 1.22847535498845,
    "BFA": 1.4827816352787,
    "BGD": 1.27231903801449,
    "BGR": 7.24632033832286,
    "BHS": 4.59501150061179,
    "BIH": 8.73087581808408,
    "BLR": 9.58008915067063,
    "BLZ": 2.48086661295891,
    "BOL": 5.13619448149024,
    "BRA": 6.12824974062443,
    "BRN": 25.6428819958463,
    "BTN": 3.54543892541477,
    "BWA": 4.79850575474022,
    "CAF": 2.522056244126,
    "CAN": 18.6022029955533,
    "CHE": 4.77397240955665,
    "CHL": 5.97633536963317,
    "CHN": 11.0265417768236,
    "CIV": 1.19078180372597,
    "CMR": 1.39480349779204,
    "COD": 0.535264451068125,
    "COG": 3.88807068289225,
    "COL": 4.11421182432227,
    "CRI": 3.32888881091481,
    "CUB": 3.27745092958577,
    "CYP": 6.87868940323143,
    "CZE": 9.20485486144556,
    "DEU": 8.0745427438593,
    "DJI": 2.06832762624474,
    "DNK": 6.40198280339007,
    "DOM": 4.51372064912912,
    "DZA": 5.39792236168481,
    "ECU": 4.10293017917697,
    "EGY": 3.31735008429592,
    "ERI": 1.86087069164722,
    "ESP": 5.84739166784718,
    "EST": 10.2956918142065,
    "ETH": 1.45921808267313,
    "FIN": 8.66188094437794,
    "FJI": 2.96182966114834,
    "FRA": 5.51584365150174,
    "GAB": 8.57913028682701,
    "GBR": 5.58598936815647,
    "GEO": 5.29868846459184,
    "GHA": 1.39696522079759,
    "GIN": 1.99094056606043,
    "GMB": 0.673734813339768,
    "GNB": 1.44847348356828,
    "GNQ": 4.3004656235403,
    "GRC": 6.87161741501839,
    "GRL": 11.6000422267577,
    "GTM": 2.36180333112051,
    "GUY": 10.5053983517971,
    "HND": 2.252703588857,
    "HRV": 6.94268273757178,
    "HTI": 1.17071422971237,
    "HUN": 6.32215949169975,
    "IDN": 4.6696093739525,
    "IND": 3.0126552305856,
    "IRL": 11.0600672005397,
    "IRN": 11.5189598764578,
    "IRQ": 8.97607109506393,
    "ISL": 11.0797762518564,
    "ISR": 7.68173524222008,
    "ITA": 6.29609288150718,
    "JAM": 3.31952063539585,
    "JOR": 3.01705826324112,
    "JPN": 8.57699228018443,
    "KAZ": 16.0442957802598,
    "KEN": 1.82227246553006,
    "KGZ": 3.09739806930838,
    "KHM": 2.82529407752829,
    "KOR": 12.9126869176509,
    "KWT": 35.3933819768307,
    "LAO": 5.34756343744944,
    "LBN": 3.23569117400355,
    "LBR": 0.794592091635983,
    "LBY": 13.3004462931493,
    "LKA": 1.69586147107136,
    "LSO": 1.30699492560824,
    "LTU": 7.45624209303952,
    "LUX": 11.8959486685613,
    "LVA": 6.23881371227207,
    "MAR": 2.85538473302805,
    "MDA": 4.85296211223716,
    "MDG": 1.11966367167845,
    "MEX": 5.24815921674819,
    "MKD": 5.37838221534248,
    "MLI": 1.96124409918135,
    "MMR": 2.1612349234426,
    "MNG": 29.6060358807395,
    "MOZ": 0.970946731391059,
    "MRT": 3.38697275019611,
    "MWI": 0.87847373615846,
    "MYS": 9.34163492644752,
    "NAM": 4.69025926601853,
    "NCL": 18.3898933498269,
    "NER": 1.52210243022339,
    "NGA": 1.50660214219666,
    "NIC": 2.77012900259393,
    "NLD": 8.05884463182091,
    "NOR": 9.64768634162073,
    "NPL": 1.39854050382155,
    "NZL": 14.7210212765957,
    "OMN": 25.0428379006267,
    "PAK": 2.09290504106584,
    "PAN": 4.25593451290942,
    "PER": 3.03388453885236,
    "PHL": 2.30135405758467,
    "PNG": 1.01745359666173,
    "POL": 9.52413306920307,
    "PRI": 5.49949349029671,
    "PRK": 3.44361709952174,
    "PRT": 4.97159288809082,
    "PRY": 5.98081756890056,
    "QAT": 56.9471086722686,
    "ROU": 5.34634935358352,
    "RUS": 17.9445808919319,
    "RWA": 0.585687985052783,
    "SAU": 23.7640211352431,
    "SDN": 2.74935284596435,
    "SEN": 1.7144431645817,
    "SLB": 0.756593644027451,
    "SLE": 0.917435757511379,
    "SLV": 2.32741413838297,
    "SOM": 1.81054377441686,
    "SUR": 5.77935189169508,
    "SVK": 7.19297375227058,
    "SVN": 8.14933721914073,
    "SWE": 4.97324950005719,
    "SWZ": 2.35737700169453,
    "SYR": 1.91164669052023,
    "TCD": 4.98414635942646,
    "TGO": 1.13967746044344,
    "THA": 5.89366572486573,
    "TJK": 2.0950951696674,
    "TKM": 15.3195317418191,
    "TLS": 1.38515447960144,
    "TTO": 24.5456332632481,
    "TUN": 3.6344875654358,
    "TUR": 6.77637831583916,
    "TZA": 1.49540205982901,
    "UGA": 1.14561820660052,
    "UKR": 5.20239963733968,
    "URY": 13.177599400931,
    "USA": 17.3843771845442,
    "UZB": 6.25623678921366,
    "VEN": 5.89034330376997,
    "VNM": 5.78543407757655,
    "VUT": 1.92844525393789,
    "YEM": 0.810749994751518,
    "ZAF": 8.90227530230316,
    "ZMB": 1.80713485873487,
    "ZWE": 1.85064384452603
  },
  "stats": {
    "coverage": 165,
    "min": 0.535264451068125,
    "max": 56.9471086722686,
    "median": 4.77397240955665,
    "quantileBreaks": [
      0.535264451068125,
      1.419940352284434,
      2.294403990623574,
      3.5478417151912467,
      5.369576850230183,
      7.200594693135191,
      11.045699161804228,
      56.9471086722686
    ]
  },
  "formatting": {
    "maximumFractionDigits": 1,
    "suffix": " t/person"
  },
  "source": {
    "provider": "World Bank",
    "dataset": "World Development Indicators",
    "attribution": "The World Bank",
    "sourceReference": "https://api.worldbank.org/v2/indicator/EN.GHG.ALL.PC.CE.AR5?format=json&per_page=1",
    "valuesReference": "https://api.worldbank.org/v2/country/all/indicator/EN.GHG.ALL.PC.CE.AR5?format=json&per_page=20000&page=1&date=2015%3A2025",
    "license": "Creative Commons Attribution 4.0 International unless specifically labeled otherwise by World Bank metadata",
    "licenseReference": "https://www.worldbank.org/en/about/legal/terms-of-use-for-datasets",
    "retrievedAt": "2026-06-22T18:05:52.112625+00:00",
    "checksum": "b1195a73e6610661dc5fe377c8d7f796a6cae16b1beee0a6e395c0fcf4446af2",
    "sourceOrganization": "EDGAR (Emissions Database for Global Atmospheric Research) Community GHG Database, Joint Research Centre (JRC) - European Commission, uri: https://edgar.jrc.ec.europa.eu/dataset_ghg2024, publisher: JRC European Commission, date published: 2024;\nInternational Energy Agency (IEA), uri: https://edgar.jrc.ec.europa.eu/dataset_ghg2024, publisher: JRC European Commission, date published: 2024"
  },
  "reviewStatus": "approved",
  "contentVersion": "2026.06.22-exp2-qa1",
  "editorial": {
    "shortHook": "A broader climate footprint map.",
    "patternNote": "The darkest countries include Qatar, Kuwait, Mongolia, while the lightest include Congo, Dem. Rep., Rwanda, Burundi; that contrast is the fastest way to read the greenhouse gas emissions per capita pattern.",
    "whyItMatters": "Total greenhouse gases per person include more than CO2, changing the visible pattern.",
    "bestProbeCountries": [
      {
        "iso3": "QAT",
        "reason": "High anchor: this country sits near the darkest end of the map."
      },
      {
        "iso3": "COD",