{
  "schemaVersion": "1.1.0",
  "id": "ghg-emissions-change",
  "providerCode": "EN.GHG.TOT.ZG.AR5",
  "title": "Total greenhouse gas emissions excluding LULUCF (% change from 1990)",
  "shortTitle": "Greenhouse gas emissions change",
  "category": "environment",
  "difficulty": "expert",
  "definition": "Change of emissions (as %) of current year with respect to emissions in baseline year 1990 emissions of the six greenhouse gases (GHG) covered by the Kyoto Protocol (carbon dioxide (CO2), methane (CH4), nitrous oxide (N2O), hydrofluorocarbons (HFCs), perfluorocarbons (PFCs), and sulphurhexafluoride (SF6)) from the energy, industry, waste, and agriculture sectors, standardized to carbon dioxide equivalent values. This measure excludes GHG fluxes caused by Land Use Change Land Use and Forestry (LULUCF), as these fluxes have larger uncertainties. The measure is standardized to carbon dioxide equivalent values using the Global Warming Potential (GWP) factors of IPCC's 5th Assessment Report (AR5) to combine different GHGs. Negative values indicate that the emission level for that year is lower than the emissions level in 1990.",
  "unit": "percent change from 1990",
  "year": 2024,
  "valuesByIso3": {
    "AFG": 155.457947972409,
    "AGO": 105.145740732591,
    "ALB": -38.0409448271064,
    "ARE": 232.246675311967,
    "ARG": 47.9241713202764,
    "ARM": -55.6478022610957,
    "AUS": 28.3816210943393,
    "AUT": -11.4466028499267,
    "AZE": -13.8807862468858,
    "BDI": 176.438536024947,
    "BEL": -23.2966832843907,
    "BEN": 362.817473755503,
    "BFA": 208.823087196087,
    "BGD": 194.929114718629,
    "BGR": -53.6729836652619,
    "BHS": 41.0572215422277,
    "BIH": -15.9562299600265,
    "BLR": -39.6491581437153,
    "BLZ": 136.556927297668,
    "BOL": 116.64089922154,
    "BRA": 100.109082059528,
    "BRN": 102.773600382801,
    "BTN": 148.103615949076,
    "BWA": 30.4953293206481,
    "CAF": 76.8823924112253,
    "CAN": 30.0658102851136,
    "CHE": -20.34668287188,
    "CHL": 115.617943686396,
    "CHN": 318.453923980802,
    "CIV": 282.654765738206,
    "CMR": 35.0246636175078,
    "COD": 130.897707669655,
    "COG": 125.836925616803,
    "COL": 64.5445876321794,
    "CRI": 77.9789263045993,
    "CUB": -39.040144464509,
    "CYP": 67.3988605009496,
    "CZE": -49.7051832433451,
    "DEU": -45.4240575821508,
    "DJI": 30.615442805425,
    "DNK": -44.5613323384742,
    "DOM": 209.707169747879,
    "DZA": 91.4356232377241,
    "ECU": 110.635882657669,
    "EGY": 159.142559906049,
    "ERI": 39.8541790664059,
    "ESP": -3.02454277246077,
    "EST": -69.0208907053025,
    "ETH": 188.583588665355,
    "FIN": -33.3535960088006,
    "FJI": 29.1259857303793,
    "FRA": -28.777509888868,
    "GAB": 6.64799600473949,
    "GBR": -50.3045566486161,
    "GEO": -51.9769914452861,
    "GHA": 359.196066262472,
    "GIN": 325.879641039767,
    "GMB": 100.658249703248,
    "GNB": 93.0846554438658,
    "GNQ": 4294.5464362851,
    "GRC": -27.2586414578365,
    "GRL": 979.050736497545,
    "GTM": 232.363892138199,
    "GUY": 253.234615851438,
    "HND": 183.356765235578,
    "HRV": -18.2410205175691,
    "HTI": 90.1531456953642,
    "HUN": -37.3084473462886,
    "IDN": 291.602416627791,
    "IND": 222.916625728049,
    "IRL": 1.23117112226896,
    "IRN": 218.387261431818,
    "IRQ": 140.671285862535,
    "ISL": -2.96823310826121,
    "ISR": 82.7461278304879,
    "ITA": -26.449809165108,
    "JAM": 1.88534425910512,
    "JOR": 187.566929848444,
    "JPN": -17.9426579479271,
    "KAZ": -3.46938757622318,
    "KEN": 167.400111290817,
    "KGZ": -32.9613124226413,
    "KHM": 241.872813336077,
    "KOR": 114.592419254719,
    "KWT": 242.856379895915,
    "LAO": 513.595215240346,
    "LBN": 142.338205131513,
    "LBR": 146.594050646909,
    "LBY": 12.7902020370296,
    "LKA": 133.481380038195,
    "LSO": 43.5215634689467,
    "LTU": -55.697522762525,
    "LUX": -37.7164422653066,
    "LVA": -57.7353120552958,
    "MAR": 155.928034626981,
    "MDA": -68.8444023987429,
    "MDG": 56.409102231856,
    "MEX": 55.9193935216591,
    "MKD": -31.6763223128987,
    "MLI": 300.678529102472,
    "MMR": 86.3039417429966,
    "MNG": 248.662383353213,
    "MOZ": 290.364411010112,
    "MRT": 162.730151108177,
    "MWI": 223.822493063476,
    "MYS": 287.387311739172,
    "NAM": 115.491569626395,
    "NCL": 180.510815741465,
    "NER": 283.157179174388,
    "NGA": 34.4073744055187,
    "NIC": 112.629990122415,
    "NLD": -35.2119944311697,
    "NOR": -2.87422877842115,
    "NPL": 79.545552948104,
    "NZL": 8.38765197266824,
    "OMN": 278.267683657506,
    "PAK": 178.425317163409,
    "PAN": 179.554876718307,
    "PER": 138.875172288428,
    "PHL": 189.744715583229,
    "PNG": 120.880970463269,
    "POL": -32.1859572668016,
    "PRI": -19.0139064475348,
    "PRK": -44.6823343412569,
    "PRT": -7.75076383358577,
    "PRY": 99.5243230751454,
    "QAT": 519.041225113923,
    "ROU": -57.7379959554317,
    "RUS": -15.7149276139294,
    "RWA": 47.2281976231618,
    "SAU": 254.540540426314,
    "SDN": 126.742845933155,
    "SEN": 220.802192578808,
    "SLB": 105.503978779841,
    "SLE": 128.263373063857,
    "SLV": 108.255922297202,
    "SOM": 34.0932113580401,
    "SUR": 65.6546489563567,
    "SVK": -47.185376878774,
    "SVN": -17.7336161449362,
    "SWE": -30.1468800123319,
    "SWZ": -9.06043393239593,
    "SYR": -25.6051357276929,
    "TCD": 814.300947974371,
    "TGO": 233.794016252155,
    "THA": 130.457475116228,
    "TJK": 0.926987245965472,
    "TKM": 87.2400037835423,
    "TLS": 266.263922975269,
    "TTO": 111.316219957217,
    "TUN": 92.1811337657527,
    "TUR": 156.217365276345,
    "TZA": 251.144279970134,
    "UGA": 274.635160581651,
    "UKR": -79.8594155218009,
    "URY": 54.4115509975295,
    "USA": -4.88566358282501,
    "UZB": 39.4083758371823,
    "VEN": 2.19103285266689,
    "VNM": 535.786852849768,
    "VUT": 34.6039182282794,
    "YEM": 87.9397501585071,
    "ZAF": 39.9703409367538,
    "ZMB": 142.806084177482,
    "ZWE": -10.6255915364561
  },
  "stats": {
    "coverage": 165,
    "min": -79.8594155218009,
    "max": 4294.5464362851,
    "median": 87.2400037835423,
    "quantileBreaks": [
      -79.8594155218009,
      -31.967542286557503,
      -2.887657968398302,
      49.777708370920095,
      107.46965272081313,
      155.96936757689014,
      242.43485137027014,
      4294.5464362851
    ]
  },
  "formatting": {
    "maximumFractionDigits": 1,
    "suffix": "%"
  },
  "source": {
    "provider": "World Bank",
    "dataset": "World Development Indicators",
    "attribution": "The World Bank",
    "sourceReference": "https://api.worldbank.org/v2/indicator/EN.GHG.TOT.ZG.AR5?format=json&per_page=1",
    "valuesReference": "https://api.worldbank.org/v2/country/all/indicator/EN.GHG.TOT.ZG.AR5?format=json&per_page=20000&page=1&date=2015%3A2025",
    "license": "Creative Commons Attribution 4.0 International unless specifically labeled otherwise by World Bank metadata",
    "licenseReference": "https://www.worldbank.org/en/about/legal/terms-of-use-for-datasets",
    "retrievedAt": "2026-07-02T22:50:35.582193+00:00",
    "checksum": "b98ca3a6f6b03ba9500b36a5308336eab64a5d3266cd8d674ab0ebfe1e864cf0",
    "sourceOrganization": "EDGAR (Emissions Database for Global Atmospheric Research) Community GHG Database, Joint Research Centre (JRC) - European Commission, uri: https://edgar.jrc.ec.europa.eu/dataset_ghg2024, publisher: JRC European Commission, date published: 2024;\nInternational Energy Agency (IEA), uri: https://edgar.jrc.ec.europa.eu/dataset_ghg2024, publisher: JRC European Commission, date published: 2024"
  },
  "reviewStatus": "approved",
  "contentVersion": "2026.07.02-exp4-content50",
  "editorial": {
    "shortHook": "A total climate-emissions trend map.",