{
  "schemaVersion": "1.1.0",
  "id": "government-education-spending-share",
  "providerCode": "SE.XPD.TOTL.GB.ZS",
  "title": "Government expenditure on education, total (% of government expenditure)",
  "shortTitle": "Education spending share",
  "category": "education",
  "difficulty": "expert",
  "definition": "General government expenditure on education (current, capital, and transfers) is expressed as a percentage of total general government expenditure on all sectors (including health, education, social services, etc.). It includes expenditure funded by transfers from international sources to government. General government usually refers to local, regional and central governments.",
  "unit": "percent of government expenditure",
  "year": 2022,
  "valuesByIso3": {
    "AGO": 6.64047212078077,
    "ALB": 9.01408958435059,
    "ARG": 12.7075796127319,
    "ARM": 9.4465503692627,
    "AUS": 12.6419696807861,
    "AUT": 9.95557975769043,
    "AZE": 11.6396102905273,
    "BDI": 20.6370838073023,
    "BEL": 12.0103797912598,
    "BEN": 14.9914706871899,
    "BFA": 21.9580967321077,
    "BGD": 12.4040438079191,
    "BGR": 11.9818496704102,
    "BHS": 10.3566126185111,
    "BLR": 12.1773300170898,
    "BLZ": 17.8313503265381,
    "BOL": 21.0422992706299,
    "BRA": 12.9340095520019,
    "BTN": 22.1064354322847,
    "CAF": 10.7420521886098,
    "CAN": 10.6535596847534,
    "CHE": 15.4151697158813,
    "CHL": 18.3798809051514,
    "CIV": 15.9030103683472,
    "CMR": 12.7669754975237,
    "COG": 15.5095016256821,
    "CRI": 21.5819606781006,
    "CUB": 16.9599641692685,
    "CYP": 12.4829502105713,
    "CZE": 10.0093603134155,
    "DEU": 10.6821203231812,
    "DNK": 14.1607599258423,
    "DOM": 19.2600265459877,
    "DZA": 13.101506524289,
    "ECU": 9.29922962188721,
    "ESP": 9.87539005279541,
    "EST": 13.0291900634766,
    "ETH": 23.0064025033357,
    "FIN": 12.1127700805664,
    "FJI": 12.6465342556156,
    "FRA": 9.11748027801514,
    "GAB": 13.8033786137402,
    "GEO": 13.1722602844238,
    "GHA": 13.1793045277004,
    "GIN": 11.9496957293769,
    "GMB": 17.1251741785773,
    "GRC": 6.39132022857666,
    "GTM": 22.4845294952393,
    "HTI": 13.124044561831,
    "HUN": 7.80341005325317,
    "IDN": 8.70282050991956,
    "IND": 14.1554744728238,
    "IRN": 18.8211994171143,
    "ISL": 15.6550102233887,
    "ISR": 16.0677604675293,
    "ITA": 7.40515995025635,
    "JAM": 16.9328594207764,
    "JOR": 9.47626972198486,
    "KAZ": 20.0552104288335,
    "KEN": 16.0816754795722,
    "KGZ": 23.5183648321502,
    "KHM": 11.6742808441972,
    "KWT": 12.2631651878182,
    "LAO": 9.82493417180385,
    "LBN": 8.85817043035745,
    "LKA": 5.34583042566108,
    "LTU": 11.7303800582886,
    "LUX": 8.45038032531738,
    "LVA": 9.92103004455566,
    "MAR": 23.8656662804477,
    "MDA": 16.6931304931641,
    "MEX": 14.2361097335815,
    "MLI": 18.1899960391199,
    "MNG": 7.45206641970586,
    "MRT": 4.84178018569946,
    "MYS": 20.1496790295371,
    "NAM": 24.7069207267821,
    "NER": 12.3714513252292,
    "NGA": 4.30281801083668,
    "NIC": 18.5192097359421,
    "NLD": 11.9706201553345,
    "NOR": 14.4691095352173,
    "NPL": 12.4379256037804,
    "NZL": 12.6147699356079,
    "OMN": 14.1779499053955,
    "PAK": 9.40440332600436,
    "PAN": 15.7813301086426,
    "PER": 16.4729995727539,
    "PHL": 15.6964005295008,
    "PNG": 2.93439934399344,
    "POL": 9.97441005706787,
    "PRI": 16.3748707258125,
    "PRK": 13.8555208161922,
    "PRT": 10.3742399215698,
    "PRY": 24.068510055542,
    "ROU": 8.77511978149414,
    "RWA": 12.7661399841309,
    "SEN": 16.4915504455566,
    "SLB": 25.7816174582679,
    "SLE": 29.3700008392334,
    "SLV": 11.4042797088623,
    "SOM": 2.76215255439452,
    "SRB": 7.4496898651123,
    "SUR": 10.9554367201426,
    "SVK": 10.8280897140503,
    "SVN": 11.0809497833252,
    "SWE": 15.2760496139526,
    "SWZ": 16.620931006141,
    "TCD": 16.7226097517041,
    "TGO": 14.4758197870089,
    "THA": 14.6416516129032,
    "TJK": 18.3473626996201,
    "TKM": 28.6807193756104,
    "TTO": 10.4055900573731,
    "TUN": 19.9702624772082,
    "TUR": 11.3262901306152,
    "TZA": 14.3321092964105,
    "UGA": 8.48236433206127,
    "URY": 14.933629989624,
    "UZB": 21.8510183445407,
    "VNM": 15.4493443908999,
    "VUT": 20.9390999125074,
    "ZAF": 18.8926601409912
  },
  "stats": {
    "coverage": 123,
    "min": 2.76215255439452,
    "max": 29.3700008392334,
    "median": 13.101506524289,
    "quantileBreaks": [
      2.76215255439452,
      9.195372853960313,
      10.937244290700843,
      12.520612989153184,
      14.219492639814073,
      16.388889132518415,
      20.01880416385123,
      29.3700008392334
    ]
  },
  "formatting": {
    "maximumFractionDigits": 1,
    "suffix": "% of spending"
  },
  "source": {
    "provider": "World Bank",
    "dataset": "World Development Indicators",
    "attribution": "The World Bank",
    "sourceReference": "https://api.worldbank.org/v2/indicator/SE.XPD.TOTL.GB.ZS?format=json&per_page=1",
    "valuesReference": "https://api.worldbank.org/v2/country/all/indicator/SE.XPD.TOTL.GB.ZS?format=json&per_page=20000&page=1&date=2015%3A2025",
    "license": "Creative Commons Attribution 4.0 International unless specifically labeled otherwise by World Bank metadata",
    "licenseReference": "https://www.worldbank.org/en/about/legal/terms-of-use-for-datasets",
    "retrievedAt": "2026-07-02T22:42:10.923468+00:00",
    "checksum": "fbcc3065666ebcc57ef3416c3a51518e0a9fe08b835645608e2a9a8e083c9e89",
    "sourceOrganization": "Data API, UN Educational, Scientific and Cultural Organization (UNESCO), uri: https://databrowser.uis.unesco.org/resources, note: The data are obtained through the UIS API.  Detailed documentation is available at: https://api.uis.unesco.org/api/public/documentation/, publisher: UNESCO Institute for Statistics (UIS), date accessed: 2026-03-19, date published: 2026-02"
  },
  "reviewStatus": "approved",
  "contentVersion": "2026.07.02-exp4-content50",
  "editorial": {
    "shortHook": "A budget-priority education map.",
    "patternNote": "The darkest countries include Sierra Leone, Turkmenistan, Solomon Islands, while the lightest include Somalia, Fed. Rep., Papua New Guinea, Nigeria; that contrast is the fastest way to read the education spending share pattern.",
    "whyItMatters": "Education spending as a government-budget share can show policy priority without simply tracking national income.",
    "bestProbeCountries": [
      {
        "iso3": "SLE",
        "reason": "High anchor: this country sits near the darkest end of the map."
      },
      {
        "iso3": "SOM",
        "reason": "Low anchor: this country clarifies the lightest end of the scale."
      },
      {
        "iso3": "DZA",
        "reason": "Middle check: this country helps separate a true pattern from one-off outliers."
      }
    ],
    "commonConfusions": [
      {
        "confusedWithIndicatorCode": "SE.XPD.TOTL.GD.ZS",
        "reason": "Education spending lives in the same category, so it can feel plausible until the high and low countries are checked."
      },
      {
        "confusedWithIndicatorCode": "SH.MED.BEDS.ZS",
        "reason": "Hospital beds overlaps with part of the visible pattern, but the full country spread does not match."
      },
      {
        "confusedWithIndicatorCode": "TM.VAL.MRCH.HI.ZS",
        "reason": "Imports from high-income economies overlaps with part of the visible pattern, but the full country spread does not match."
      }
    ],
    "difficultyReason": "Expert difficulty: the map can be mistaken for adjacent indicators unless players probe a high, low, and middle country.",
    "dataCaveat": "Budget-share maps do not directly measure school quality.",
    "regionalSignals": [
      "Education indicators can be shaped by enrollment systems and data coverage.",
      "Compare youth-heavy countries with higher-income service economies."
    ]
  },