{
  "schemaVersion": "1.1.0",
  "id": "government-health-spending-share",
  "providerCode": "SH.XPD.GHED.CH.ZS",
  "title": "Domestic general government health expenditure (% of current health expenditure)",
  "shortTitle": "Government health spending share",
  "category": "health",
  "difficulty": "expert",
  "definition": "Share of current health expenditures funded from domestic public sources for health.  Domestic public sources include domestic revenue as internal transfers and grants, transfers, subsidies to voluntary health insurance beneficiaries, non-profit institutions serving households (NPISH) or enterprise financing schemes as well as compulsory prepayment and social health insurance contributions. They do not include external resources spent by governments on health.",
  "unit": "percent of current health expenditure",
  "year": 2023,
  "valuesByIso3": {
    "AFG": 1.65323246,
    "AGO": 44.52539825,
    "ALB": 49.59543228,
    "ARE": 66.77935791,
    "ARG": 60.22618103,
    "ARM": 15.71054554,
    "AUS": 73.6608429,
    "AUT": 76.50154114,
    "AZE": 32.62691879,
    "BDI": 14.73785591,
    "BEL": 73.65628815,
    "BEN": 14.66711426,
    "BFA": 31.44460487,
    "BGD": 14.48319054,
    "BGR": 62.81087875,
    "BHS": 50.55857849,
    "BIH": 67.29257202,
    "BLR": 66.75576019,
    "BLZ": 65.07689667,
    "BOL": 67.28231049,
    "BRA": 44.12654495,
    "BRN": 92.53526306,
    "BTN": 66.65106201,
    "BWA": 75.46138,
    "CAF": 14.36223125,
    "CAN": 70.30995178,
    "CHE": 33.08256912,
    "CHL": 51.60597992,
    "CHN": 57.0976181,
    "CIV": 40.82644653,
    "CMR": 14.69373989,
    "COD": 18.72224808,
    "COG": 33.99457169,
    "COL": 70.33099365,
    "CRI": 67.15689087,
    "CUB": 83.39429474,
    "CYP": 76.7871933,
    "CZE": 84.34033203,
    "DEU": 79.11742401,
    "DJI": 46.09060287,
    "DNK": 83.28481293,
    "DOM": 64.09429169,
    "DZA": 53.07563782,
    "ECU": 61.9509697,
    "EGY": 32.24971008,
    "ERI": 23.05821609,
    "ESP": 73.18374634,
    "EST": 75.76696777,
    "ETH": 21.91303253,
    "FIN": 81.14877319,
    "FJI": 74.75609589,
    "FRA": 67.71356964,
    "GAB": 65.685112,
    "GBR": 81.77081299,
    "GEO": 33.67455673,
    "GHA": 63.22566223,
    "GIN": 21.83618927,
    "GMB": 44.92813492,
    "GNB": 10.63656521,
    "GNQ": 32.25142288,
    "GRC": 50.62671661,
    "GTM": 35.81219101,
    "GUY": 70.1448822,
    "HND": 31.92416763,
    "HRV": 84.0160675,
    "HTI": 9.34003258,
    "HUN": 73.36637115,
    "IDN": 53.61269379,
    "IND": 39.02440643,
    "IRL": 76.59344482,
    "IRN": 46.72418594,
    "IRQ": 46.0176239,
    "ISL": 83.62537384,
    "ISR": 65.24039459,
    "ITA": 73.07653809,
    "JAM": 64.34702301,
    "JOR": 45.00594711,
    "JPN": 84.8254776,
    "KAZ": 65.83128357,
    "KEN": 44.90883636,
    "KGZ": 53.33329391,
    "KHM": 26.8850174,
    "KOR": 58.5876236,
    "KWT": 88.54973602,
    "LAO": 39.79618073,
    "LBN": 37.90446472,
    "LBR": 10.00271988,
    "LBY": 80.14811707,
    "LKA": 33.57352066,
    "LSO": 46.33968353,
    "LTU": 65.02508545,
    "LUX": 86.60796356,
    "LVA": 59.45503235,
    "MAR": 56.53299713,
    "MDA": 69.56813812,
    "MDG": 28.81880569,
    "MEX": 48.62679672,
    "MKD": 57.57066345,
    "MLI": 35.38718414,
    "MMR": 11.11042404,
    "MNE": 69.33267212,
    "MNG": 44.95745087,
    "MOZ": 26.45714378,
    "MRT": 34.15849304,
    "MWI": 12.81832027,
    "MYS": 50.02873993,
    "NAM": 58.50912857,
    "NER": 24.00525284,
    "NGA": 14.33912182,
    "NIC": 57.42655945,
    "NLD": 68.36824799,
    "NOR": 86.10611725,
    "NPL": 31.30563164,
    "NZL": 77.68591309,
    "OMN": 85.34009552,
    "PAK": 35.71940231,
    "PAN": 51.21797943,
    "PER": 63.57583237,
    "PHL": 42.39336395,
    "PNG": 73.25162506,
    "POL": 77.10754395,
    "PRT": 61.43894577,
    "PRY": 55.41991043,
    "PSE": 41.43405914,
    "QAT": 83.0215683,
    "ROU": 75.86407471,
    "RUS": 70.04312897,
    "RWA": 47.02923203,
    "SAU": 77.76662445,
    "SDN": 20.74396706,
    "SEN": 27.57372856,
    "SLB": 62.90795135,
    "SLE": 16.71863747,
    "SLV": 60.54508972,
    "SOM": 14.16550159,
    "SRB": 65.54528046,
    "SSD": 4.31647301,
    "SUR": 62.00385666,
    "SVK": 78.94538116,
    "SVN": 73.1528244,
    "SWE": 86.0816803,
    "SWZ": 42.73051453,
    "SYR": 14.93860626,
    "TCD": 25.24867439,
    "TGO": 11.14169788,
    "THA": 77.88262939,
    "TJK": 25.61055756,
    "TKM": 17.13752747,
    "TLS": 77.70168304,
    "TTO": 48.38174057,
    "TUN": 54.08564377,
    "TUR": 75.92346191,
    "TZA": 31.67225456,
    "UGA": 21.79863739,
    "URY": 72.35817719,
    "USA": 53.95373535,
    "UZB": 35.36053848,
    "VEN": 31.73043251,
    "VNM": 44.30301285,
    "VUT": 56.58071136,
    "YEM": 8.44428062,
    "ZAF": 61.61361313,
    "ZMB": 40.71538925,
    "ZWE": 32.35212708
  },
  "stats": {
    "coverage": 164,
    "min": 1.65323246,
    "max": 92.53526306,
    "median": 53.78321457,
    "quantileBreaks": [
      1.65323246,
      21.858144487142855,
      34.84537614857143,
      46.985654017142856,
      60.27173941428572,
      67.47299957142857,
      76.73183659142856,
      92.53526306
    ]
  },
  "formatting": {
    "maximumFractionDigits": 1,
    "suffix": "%"
  },
  "source": {
    "provider": "World Bank",
    "dataset": "World Development Indicators",
    "attribution": "The World Bank",
    "sourceReference": "https://api.worldbank.org/v2/indicator/SH.XPD.GHED.CH.ZS?format=json&per_page=1",
    "valuesReference": "https://api.worldbank.org/v2/country/all/indicator/SH.XPD.GHED.CH.ZS?format=json&per_page=20000&page=1&date=2015%3A2025",
    "license": "Creative Commons Attribution 4.0 International unless specifically labeled otherwise by World Bank metadata",
    "licenseReference": "https://www.worldbank.org/en/about/legal/terms-of-use-for-datasets",
    "retrievedAt": "2026-07-02T22:21:46.947220+00:00",
    "checksum": "44c68d87e4d8e8008eb7cadcf9495f009972853bdad5ba5d0cc64c03587799d3",
    "sourceOrganization": "Global Health Expenditure Database, updated December 12th, 2025, World Health Organization (WHO), uri: http://apps.who.int/nha/database"
  },
  "reviewStatus": "approved",
  "contentVersion": "2026.07.02-exp4-content50",
  "editorial": {
    "shortHook": "A candidate map for government health spending share.",
    "patternNote": "The darkest countries include Brunei Darussalam, Kuwait, Luxembourg, while the lightest include Afghanistan, South Sudan, Yemen, Rep.; that contrast is the fastest way to read the government health spending share pattern.",
    "whyItMatters": "Government health spending share may add useful WORLDPRINT variety once source coverage, unit clarity, map interest, and distractor ambiguity are reviewed.",
    "bestProbeCountries": [
      {
        "iso3": "BRN",
        "reason": "High anchor: this country sits near the darkest end of the map."
      },
      {
        "iso3": "AFG",
        "reason": "Low anchor: this country clarifies the lightest end of the scale."
      },
      {
        "iso3": "USA",
        "reason": "Middle check: this country helps separate a true pattern from one-off outliers."
      }
    ],
    "commonConfusions": [
      {
        "confusedWithIndicatorCode": "NY.GDP.PCAP.CD",
        "reason": "GDP per capita can tempt players because it shares a strong country ranking with this map, but its unit and definition point to a different story."
      },
      {
        "confusedWithIndicatorCode": "NV.AGR.TOTL.ZS",
        "reason": "Agriculture value added can tempt players because it shares a strong country ranking with this map, but its unit and definition point to a different story."
      },
      {
        "confusedWithIndicatorCode": "NY.GNP.PCAP.CD",
        "reason": "GNI per capita can tempt players because it shares a strong country ranking with this map, but its unit and definition point to a different story."
      }
    ],