{
  "schemaVersion": "1.1.0",
  "id": "government-expense",
  "providerCode": "GC.XPN.TOTL.GD.ZS",
  "title": "Expense (% of GDP)",
  "shortTitle": "Government expense",
  "category": "economy",
  "difficulty": "expert",
  "definition": "Expense is a decrease in net worth resulting from a transaction. This indicator is expressed as a percentage of Gross Domestic Product (GDP) which is the total income earned through the production of goods and services in an economic territory during an accounting period.",
  "unit": "percent of GDP",
  "year": 2020,
  "valuesByIso3": {
    "ALB": 24.6048161574433,
    "ARE": 5.14595540707077,
    "ARG": 25.8405452538391,
    "ARM": 26.5812877778437,
    "AUS": 30.1434988129749,
    "AUT": 51.1591725615403,
    "AZE": 33.9314765748897,
    "BDI": 14.6877026186562,
    "BEL": 43.656605302545,
    "BFA": 18.017832406322,
    "BGD": 8.14832024557625,
    "BGR": 36.4964323663751,
    "BHS": 25.8412924772271,
    "BIH": 38.3614625111768,
    "BLR": 29.9281796626654,
    "BRA": 34.9119748286061,
    "BTN": 24.0761573964997,
    "BWA": 33.8588005105797,
    "CAF": 13.9733066121224,
    "CAN": 28.571435004902,
    "CHE": 19.6695070367946,
    "CHL": 26.235836275938,
    "CIV": 16.0320683194889,
    "CMR": 12.0602939460197,
    "COD": 9.47234288372236,
    "COG": 17.7950013756253,
    "COL": 36.5543934839744,
    "CRI": 31.6809688040089,
    "CYP": 43.6947268030349,
    "CZE": 37.6424553361707,
    "DEU": 32.1505946585061,
    "DNK": 38.7585745073268,
    "DOM": 21.4214588048653,
    "ECU": 34.0396754166882,
    "ESP": 40.3694073931071,
    "EST": 40.9084381155599,
    "ETH": 8.4122686683976,
    "FIN": 41.4819765892371,
    "FJI": 32.529176076387,
    "FRA": 51.9636314257982,
    "GAB": 16.4453716158986,
    "GBR": 47.5326631273768,
    "GEO": 29.0090180561971,
    "GHA": 21.8835544057028,
    "GNB": 15.09453058271,
    "GNQ": 12.2535279171298,
    "GRC": 58.0698817576878,
    "GTM": 14.9980142189795,
    "HND": 24.3924492884403,
    "HRV": 44.8967365599874,
    "HUN": 44.0965958368183,
    "IRL": 25.1258796519129,
    "ISL": 36.3538902057074,
    "ISR": 41.7825260857878,
    "ITA": 50.3444915572159,
    "JAM": 27.4675611588785,
    "JOR": 25.6788130419209,
    "JPN": 22.9911903527757,
    "KAZ": 16.8328642687514,
    "KEN": 19.9941461757389,
    "KGZ": 25.7762999997186,
    "KHM": 12.9375804463012,
    "KOR": 28.0256629437299,
    "LAO": 11.447710373245,
    "LBN": 14.9448707575471,
    "LKA": 19.0691715859134,
    "LSO": 43.288414970617,
    "LTU": 38.9088887136828,
    "LUX": 42.9034537011063,
    "LVA": 36.2189154656701,
    "MAR": 27.2102123069577,
    "MDA": 32.7222723725292,
    "MDG": 11.7977522158693,
    "MEX": 21.6980704265989,
    "MKD": 34.9241702124671,
    "MLI": 12.2360084788215,
    "MNG": 33.1789935421218,
    "MOZ": 22.904910395848,
    "MWI": 16.4935394603346,
    "MYS": 18.4715851445262,
    "NAM": 40.3152887138993,
    "NIC": 16.416309030407,
    "NLD": 43.0242399226909,
    "NOR": 43.6549969354522,
    "NPL": 20.1647829301293,
    "NZL": 36.2969426871643,
    "PAN": 19.26891438532,
    "PER": 26.9065402747666,
    "PHL": 19.5603029244639,
    "PNG": 20.8959129575791,
    "POL": 40.522296880667,
    "PRT": 44.5273320079934,
    "PRY": 18.4727986970316,
    "PSE": 29.2345671715076,
    "ROU": 38.2165874567657,
    "RUS": 35.2998185923772,
    "RWA": 20.8878339741935,
    "SAU": 31.9689061537757,
    "SEN": 20.9459226870621,
    "SLB": 31.9131931709477,
    "SLV": 33.9446069790407,
    "SOM": 5.47997845296968,
    "SRB": 42.5376524683873,
    "SVK": 42.1100121910824,
    "SVN": 49.1075307851423,
    "SWE": 34.935620519644,
    "SWZ": 26.0695180972398,
    "TGO": 14.2385236126303,
    "THA": 22.839890357645,
    "TLS": 52.1860734633397,
    "TUR": 33.4510950281809,
    "TZA": 14.2926515974573,
    "UGA": 13.6717290825135,
    "UKR": 37.2092047751482,
    "URY": 34.6908163005683,
    "USA": 31.7966159134937,
    "UZB": 18.0452274411827,
    "VUT": 30.42678979112,
    "ZAF": 37.8354162011745,
    "ZMB": 25.3722344097293
  },
  "stats": {
    "coverage": 120,
    "min": 5.14595540707077,
    "max": 58.0698817576878,
    "median": 28.29854897431595,
    "quantileBreaks": [
      5.14595540707077,
      14.9980142189795,
      20.1647829301293,
      25.8405452538391,
      31.9131931709477,
      36.2969426871643,
      42.1100121910824,
      58.0698817576878
    ]
  },
  "formatting": {
    "maximumFractionDigits": 1,
    "suffix": "% of GDP"
  },
  "source": {
    "provider": "World Bank",
    "dataset": "World Development Indicators",
    "attribution": "The World Bank",
    "sourceReference": "https://api.worldbank.org/v2/indicator/GC.XPN.TOTL.GD.ZS?format=json&per_page=1",
    "valuesReference": "https://api.worldbank.org/v2/country/all/indicator/GC.XPN.TOTL.GD.ZS?format=json&per_page=20000&page=1&date=2015%3A2025",
    "license": "Creative Commons Attribution 4.0 International unless specifically labeled otherwise by World Bank metadata",
    "licenseReference": "https://www.worldbank.org/en/about/legal/terms-of-use-for-datasets",
    "retrievedAt": "2026-07-02T22:35:59.382898+00:00",
    "checksum": "a9a44e60a33dadb85276174dd9521de2e472b7cfaa4956c807f3f868f97155f3",
    "sourceOrganization": "Government Finance Statistics Yearbook and data files, International Monetary Fund (IMF);\nWorld Development Indicators, World Bank (WB);\nNational Accounts data files, Organisation for Economic Co-operation and Development (OECD)"
  },
  "reviewStatus": "approved",
  "contentVersion": "2026.07.02-exp4-content50",
  "editorial": {
    "shortHook": "A candidate map for government expense.",
    "patternNote": "The darkest countries include Greece, Timor-Leste, France, while the lightest include United Arab Emirates, Somalia, Fed. Rep., Bangladesh; that contrast is the fastest way to read the government expense pattern.",
    "whyItMatters": "Government expense may add useful WORLDPRINT variety once source coverage, unit clarity, map interest, and distractor ambiguity are reviewed.",
    "bestProbeCountries": [
      {
        "iso3": "GRC",
        "reason": "High anchor: this country sits near the darkest end of the map."
      },
      {
        "iso3": "ARE",
        "reason": "Low anchor: this country clarifies the lightest end of the scale."
      },
      {
        "iso3": "CAN",
        "reason": "Middle check: this country helps separate a true pattern from one-off outliers."
      }
    ],
    "commonConfusions": [
      {
        "confusedWithIndicatorCode": "GC.REV.XGRT.GD.ZS",
        "reason": "Government revenue excluding grants can tempt players because it shares a strong country ranking with this map, but its unit and definition point to a different story."
      },
      {
        "confusedWithIndicatorCode": "GC.TAX.TOTL.GD.ZS",
        "reason": "Tax revenue can tempt players because it shares a strong country ranking with this map, but its unit and definition point to a different story."
      },
      {
        "confusedWithIndicatorCode": "NV.AGR.TOTL.ZS",
        "reason": "Agriculture value added can tempt players because it shares a strong country ranking with this map, but its unit and definition point to a different story."
      }
    ],
    "difficultyReason": "Expert difficulty: the map can be mistaken for adjacent indicators unless players probe a high, low, and middle country.",
    "regionalSignals": [
      "Economic-share maps are not the same as raw totals.",
      "Small open economies can dominate percentage maps."
    ]
  },
  "editorialReview": {
    "status": "needs_review",
    "reviewedAt": "2026-07-02",
    "reviewedBy": "pipeline-default-needs-review",
    "qualityScore": 2,
    "funScore": 2,
    "fairnessScore": 2,
    "ambiguityRisk": "medium",
    "dailyEligible": false,
    "practiceEligible": false,
    "challengeEligible": false,
    "expertOnly": false,