{
  "schemaVersion": "1.1.0",
  "id": "government-consumption",
  "providerCode": "NE.CON.GOVT.ZS",
  "title": "General government final consumption expenditure (% of GDP)",
  "shortTitle": "Government consumption",
  "category": "economy",
  "difficulty": "expert",
  "definition": "Final consumption expenditure is expenditure on goods and services by resident institutional units for the direct satisfaction of human needs or wants, whether individual or collective. General government FCE includes all government current expenditures for purchases of goods and services (including compensation of employees), and most expenditures on national defense and security, but excludes government military expenditures that are part of government capital formation. This indicator is expressed as a percentage of Gross Domestic Product (GDP) which is the total income earned through the production of goods and services in an economic territory during an accounting period.",
  "unit": "percent of GDP",
  "year": 2025,
  "valuesByIso3": {
    "ALB": 12.8457490142259,
    "ARG": 14.9273063065132,
    "ARM": 10.1943866851191,
    "AUS": 23.1487888899804,
    "AUT": 21.9087193894571,
    "AZE": 15.528684524455,
    "BDI": 20.6395655907328,
    "BEL": 23.9532297750536,
    "BEN": 8.87107492357949,
    "BFA": 17.8056393150096,
    "BGD": 5.80165807734513,
    "BGR": 20.8235359898362,
    "BIH": 20.3126435105157,
    "BLR": 18.8996150040956,
    "BRA": 19.1341362432545,
    "BRN": 23.811454697091,
    "BWA": 31.4833071567619,
    "CAF": 10.3141854495943,
    "CAN": 21.9050614080929,
    "CHE": 12.0424583002077,
    "CHL": 15.0559876360369,
    "CIV": 8.70904741213398,
    "CMR": 11.1480029686798,
    "COD": 15.9433789016148,
    "COG": 14.8781583150088,
    "COL": 15.4890786943518,
    "CRI": 14.011135286022,
    "CYP": 18.4850473125663,
    "CZE": 20.0164039954878,
    "DEU": 22.5148381063601,
    "DJI": 15.0299927180423,
    "DNK": 23.2175760812324,
    "DOM": 11.6655797883817,
    "DZA": 18.2810222948981,
    "ECU": 12.8197684607256,
    "EGY": 5.44546266582856,
    "ESP": 19.2021821388944,
    "EST": 21.4566586709904,
    "ETH": 5.8394034253959,
    "FIN": 26.0676480022811,
    "FRA": 24.362352052313,
    "GAB": 11.1617431839841,
    "GBR": 21.225279708513,
    "GEO": 13.8473539910436,
    "GIN": 16.7223257558418,
    "GMB": 10.2188703392001,
    "GNB": 15.4846347639105,
    "GNQ": 32.4054589720002,
    "GRC": 18.2358778794238,
    "GTM": 11.4566558495637,
    "HND": 15.2212889651062,
    "HRV": 24.2785695079322,
    "HTI": 5.52594624237898,
    "HUN": 20.8168656149859,
    "IDN": 7.53238764093054,
    "IND": 10.769509367472,
    "IRL": 11.242254181376,
    "IRN": 13.2913933691992,
    "ISL": 26.064572584086,
    "ISR": 24.9735492008504,
    "ITA": 18.2507578335224,
    "KEN": 11.211529565798,
    "KGZ": 12.2127451199647,
    "KHM": 5.65244702456717,
    "KOR": 17.6476657565572,
    "LBY": 32.2746707561706,
    "LKA": 6.74261836159275,
    "LSO": 36.4307745775229,
    "LTU": 19.3273452827545,
    "LUX": 19.8476000284133,
    "LVA": 22.9039708140553,
    "MAR": 18.0238666509869,
    "MDA": 18.4613174805734,
    "MDG": 14.6119729866174,
    "MEX": 11.7906956206298,
    "MKD": 16.3891085739818,
    "MLI": 13.0612020161238,
    "MNE": 17.4063513161434,
    "MNG": 14.6189893644525,
    "MOZ": 19.2008767030181,
    "MRT": 16.0285677169976,
    "MWI": 18.2440037992452,
    "MYS": 12.3701302778767,
    "NAM": 22.2805833179459,
    "NER": 12.22529909378,
    "NIC": 11.3640911177281,
    "NLD": 25.8706965402753,
    "NOR": 22.568782930698,
    "NPL": 8.38497228649717,
    "PAK": 9.3210389430664,
    "PER": 13.073905268375,
    "PHL": 15.1427961989116,
    "POL": 21.3122462448735,
    "PRI": 7.69932497624383,
    "PRT": 17.0486927497727,
    "PRY": 10.8605167269899,
    "PSE": 17.0494725375864,
    "ROU": 17.3026639620886,
    "RUS": 19.1007675301371,
    "RWA": 15.0568328613251,
    "SAU": 20.6094096400236,
    "SDN": 17.9002396767533,
    "SEN": 15.3890331206208,
    "SLE": 5.9470362924168,
    "SLV": 16.4128853269754,
    "SOM": 8.11145653865519,
    "SRB": 18.4732910718136,
    "SVK": 21.4054142585281,
    "SVN": 21.2320359666487,
    "SWE": 26.4325067172356,
    "TCD": 9.89868647083669,
    "THA": 16.6531014046858,
    "TUN": 19.9102795494246,
    "TUR": 13.8634290925197,
    "TZA": 9.78027059150065,
    "UGA": 11.6673728167979,
    "UKR": 38.9417249250212,
    "URY": 17.6025541164343,
    "UZB": 15.9076603046157,
    "VNM": 9.37624929603956,
    "ZAF": 18.8902308338831
  },
  "stats": {
    "coverage": 121,
    "min": 5.44546266582856,
    "max": 38.9417249250212,
    "median": 16.4128853269754,
    "quantileBreaks": [
      5.44546266582856,
      10.197884349987815,
      12.498598330119242,
      15.2931793174696,
      17.737936361387142,
      19.698955815367935,
      22.561076527221157,
      38.9417249250212
    ]
  },
  "formatting": {
    "maximumFractionDigits": 1,
    "suffix": "% of GDP"
  },
  "source": {
    "provider": "World Bank",
    "dataset": "World Development Indicators",
    "attribution": "The World Bank",
    "sourceReference": "https://api.worldbank.org/v2/indicator/NE.CON.GOVT.ZS?format=json&per_page=1",
    "valuesReference": "https://api.worldbank.org/v2/country/all/indicator/NE.CON.GOVT.ZS?format=json&per_page=20000&page=1&date=2015%3A2025",
    "license": "Creative Commons Attribution 4.0 International unless specifically labeled otherwise by World Bank metadata",
    "licenseReference": "https://www.worldbank.org/en/about/legal/terms-of-use-for-datasets",
    "retrievedAt": "2026-07-02T22:35:33.622373+00:00",
    "checksum": "1f3cc67571d73ad6fa5049ad8ac322cb8625d4cd053c8bc9b48b30ad4a6fcb57",
    "sourceOrganization": "Country official statistics, National Statistical Offices (NSOs);\nNational Accounts data files, Central Banks;\nStaff estimates, World Bank (WB)"
  },
  "reviewStatus": "approved",
  "contentVersion": "2026.07.02-exp4-content50",
  "editorial": {
    "shortHook": "A candidate map for government consumption.",
    "patternNote": "The darkest countries include Ukraine, Lesotho, Equatorial Guinea, while the lightest include Egypt, Arab Rep., Haiti, Cambodia; that contrast is the fastest way to read the government consumption pattern.",
    "whyItMatters": "Government consumption may add useful WORLDPRINT variety once source coverage, unit clarity, map interest, and distractor ambiguity are reviewed.",
    "bestProbeCountries": [
      {
        "iso3": "UKR",
        "reason": "High anchor: this country sits near the darkest end of the map."
      },
      {
        "iso3": "EGY",
        "reason": "Low anchor: this country clarifies the lightest end of the scale."
      },
      {
        "iso3": "SLV",
        "reason": "Middle check: this country helps separate a true pattern from one-off outliers."
      }
    ],
    "commonConfusions": [
      {
        "confusedWithIndicatorCode": "GC.REV.XGRT.GD.ZS",
        "reason": "Government revenue excluding grants can tempt players because it shares a strong country ranking with this map, but its unit and definition point to a different story."
      },
      {
        "confusedWithIndicatorCode": "GC.XPN.TOTL.GD.ZS",
        "reason": "Government expense can tempt players because it shares a strong country ranking with this map, but its unit and definition point to a different story."
      },
      {
        "confusedWithIndicatorCode": "EG.USE.PCAP.KG.OE",
        "reason": "Energy use can tempt players because it shares a strong country ranking with this map, but its unit and definition point to a different story."
      }
    ],
    "difficultyReason": "Expert difficulty: the map can be mistaken for adjacent indicators unless players probe a high, low, and middle country.",
    "regionalSignals": [
      "Economic-share maps are not the same as raw totals.",
      "Small open economies can dominate percentage maps."
    ]
  },