{
  "schemaVersion": "1.1.0",
  "id": "government-consumption",
  "providerCode": "NE.CON.GOVT.ZS",
  "title": "General government final consumption expenditure (% of GDP)",
  "shortTitle": "Government consumption",
  "category": "economy",
  "difficulty": "expert",
  "definition": "Final consumption expenditure is expenditure on goods and services by resident institutional units for the direct satisfaction of human needs or wants, whether individual or collective. General government FCE includes all government current expenditures for purchases of goods and services (including compensation of employees), and most expenditures on national defense and security, but excludes government military expenditures that are part of government capital formation. This indicator is expressed as a percentage of Gross Domestic Product (GDP) which is the total income earned through the production of goods and services in an economic territory during an accounting period.",
  "unit": "percent of GDP",
  "year": 2023,
  "valuesByIso3": {
    "AFG": 21.2145146604881,
    "AGO": 11.4124342408281,
    "ALB": 12.1218077852414,
    "ARE": 12.2173883594796,
    "ARG": 16.3015627890885,
    "ARM": 12.0992285468561,
    "AUS": 21.2449452137028,
    "AUT": 20.2679436557872,
    "AZE": 13.81500937233,
    "BDI": 23.4920286407168,
    "BEL": 23.5329643613137,
    "BEN": 9.5040595229118,
    "BFA": 20.8974398580733,
    "BGD": 5.66516962733289,
    "BGR": 18.4564371446211,
    "BHS": 13.1128325682817,
    "BIH": 19.1261848173666,
    "BLR": 17.8518963705848,
    "BLZ": 15.8201811308365,
    "BOL": 16.8530546961722,
    "BRA": 19.0426107944103,
    "BRN": 22.8682451787794,
    "BTN": 20.3353967828134,
    "BWA": 29.2900715297286,
    "CAF": 8.33527999694578,
    "CAN": 20.9054437744776,
    "CHE": 11.2574218352381,
    "CHL": 15.299339236854,
    "CHN": 17.1891419707315,
    "CIV": 9.26221456590428,
    "CMR": 11.2406870791033,
    "COD": 16.8866147903097,
    "COG": 13.0993020877754,
    "COL": 14.6540810646728,
    "CRI": 14.873493459823,
    "CUB": 26.7223820119028,
    "CYP": 18.4416024400142,
    "CZE": 19.5529041451606,
    "DEU": 21.0588698152068,
    "DJI": 17.0952967214066,
    "DNK": 22.617097497429,
    "DOM": 11.2787393309517,
    "DZA": 17.9064173126831,
    "ECU": 13.5836201122079,
    "EGY": 6.78850660732221,
    "ESP": 19.470863508931,
    "EST": 20.5544434569907,
    "ETH": 6.31777188442684,
    "FIN": 25.6197589866886,
    "FRA": 23.0901262196221,
    "GAB": 11.4661377111924,
    "GBR": 20.2413809642158,
    "GEO": 12.1485458625234,
    "GHA": 5.49933849254746,
    "GIN": 13.491592156736,
    "GMB": 9.61731353349514,
    "GNB": 15.9067047788791,
    "GNQ": 26.2033825636043,
    "GRC": 19.3306773184981,
    "GRL": 41.7101169776909,
    "GTM": 11.2417426602033,
    "HND": 14.9293299388294,
    "HRV": 20.9014881150441,
    "HTI": 6.2167919005445,
    "HUN": 19.9521193750233,
    "IDN": 7.45486118997106,
    "IND": 10.3054222433801,
    "IRL": 11.8263997853123,
    "IRN": 12.5507486764489,
    "IRQ": 17.527542508163,
    "ISL": 25.1365329197638,
    "ISR": 22.3099973815371,
    "ITA": 17.6651591380703,
    "KAZ": 11.2471234717129,
    "KEN": 11.7769650802435,
    "KGZ": 15.9811206166166,
    "KHM": 6.07786090254716,
    "KOR": 17.7751832803211,
    "KWT": 24.5978587375597,
    "LBN": 5.16901441243845,
    "LBY": 36.1401604530439,
    "LKA": 6.77749233444335,
    "LSO": 35.5840481087612,
    "LTU": 17.2754834531022,
    "LUX": 18.3408704839661,
    "LVA": 20.112103306672,
    "MAR": 18.150541674579,
    "MDA": 17.9303159195662,
    "MDG": 16.6262406413491,
    "MEX": 11.1313196484459,
    "MKD": 14.934347481884,
    "MLI": 12.8416749921675,
    "MNE": 17.8621887929582,
    "MNG": 13.0063852760592,
    "MOZ": 17.2118079322706,
    "MRT": 16.4865587126041,
    "MWI": 19.0395224898473,
    "MYS": 11.9697728310015,
    "NAM": 21.7553488337535,
    "NER": 13.4392076221623,
    "NIC": 12.8951938413098,
    "NLD": 24.9106541742808,
    "NOR": 22.0477897050686,
    "NPL": 6.62485343600964,
    "OMN": 18.8474117097071,
    "PAK": 10.3442770582193,
    "PAN": 12.2638661007732,
    "PER": 13.5642010031547,
    "PHL": 14.2212747884667,
    "POL": 18.9482308008084,
    "PRI": 8.10567266535621,
    "PRT": 16.6915492938731,
    "PRY": 12.1267410499793,
    "PSE": 20.2483205307067,
    "ROU": 17.1999939148178,
    "RUS": 17.9582539621367,
    "RWA": 16.2989613675996,
    "SAU": 20.9337084424946,
    "SDN": 17.4245401216912,
    "SEN": 8.0703764544053,
    "SLB": 27.8268760317656,
    "SLE": 5.50037312032248,
    "SLV": 19.0636599462278,
    "SOM": 7.16371600657054,
    "SRB": 17.1267778521403,
    "SVK": 19.9979297175368,
    "SVN": 19.1972075944159,
    "SWE": 26.3170240463134,
    "SWZ": 19.4173831726115,
    "TCD": 9.39409136356972,
    "THA": 16.6164810176384,
    "TJK": 10.6621971920935,
    "TKM": 12.7079042982832,
    "TLS": 52.9207740368254,
    "TUN": 19.4187952219205,
    "TUR": 13.2360600879054,
    "TZA": 8.75962998482192,
    "UGA": 9.56616058785446,
    "UKR": 41.8556928744753,
    "URY": 16.9963640196447,
    "UZB": 14.4844754028732,
    "VNM": 8.84756445434067,
    "ZAF": 19.1795974311491,
    "ZMB": 13.312782708599,
    "ZWE": 11.9689867430753
  },
  "stats": {
    "coverage": 145,
    "min": 5.16901441243845,
    "max": 52.9207740368254,
    "median": 16.6915492938731,
    "quantileBreaks": [
      5.16901441243845,
      9.595390842506276,
      12.224028036807256,
      14.932913898154114,
      17.453969374968857,
      19.311610215057787,
      21.880680635745684,
      52.9207740368254
    ]
  },
  "formatting": {
    "maximumFractionDigits": 1,
    "suffix": "% of GDP"
  },
  "source": {
    "provider": "World Bank",
    "dataset": "World Development Indicators",
    "attribution": "The World Bank",
    "sourceReference": "https://api.worldbank.org/v2/indicator/NE.CON.GOVT.ZS?format=json&per_page=1",
    "valuesReference": "https://api.worldbank.org/v2/country/all/indicator/NE.CON.GOVT.ZS?format=json&per_page=20000&page=1&date=2015%3A2025",
    "license": "Creative Commons Attribution 4.0 International unless specifically labeled otherwise by World Bank metadata",
    "licenseReference": "https://www.worldbank.org/en/about/legal/terms-of-use-for-datasets",
    "retrievedAt": "2026-06-22T18:07:04.296322+00:00",
    "checksum": "37d20942ee5536b9d2fd32e06460db74264ee03d7f32273d48fa6d1e154d0b38",
    "sourceOrganization": "Country official statistics, National Statistical Organizations and/or Central Banks;\nNational Accounts data files, Organisation for Economic Co-operation and Development (OECD);\nStaff estimates, World Bank (WB)"
  },
  "reviewStatus": "approved",
  "contentVersion": "2026.06.22-exp2-qa1",
  "editorial": {
    "shortHook": "A candidate map for government consumption.",
    "patternNote": "The darkest countries include Timor-Leste, Ukraine, Greenland, while the lightest include Lebanon, Ghana, Sierra Leone; that contrast is the fastest way to read the government consumption pattern.",
    "whyItMatters": "Government consumption may add useful WORLDPRINT variety once source coverage, unit clarity, map interest, and distractor ambiguity are reviewed.",
    "bestProbeCountries": [
      {
        "iso3": "TLS",
        "reason": "High anchor: this country sits near the darkest end of the map."
      },
      {
        "iso3": "LBN",
        "reason": "Low anchor: this country clarifies the lightest end of the scale."
      },
      {
        "iso3": "PRT",
        "reason": "Middle check: this country helps separate a true pattern from one-off outliers."
      }
    ],
    "commonConfusions": [
      {
        "confusedWithIndicatorCode": "SE.XPD.TOTL.GD.ZS",
        "reason": "Education spending can tempt players because it shares a strong country ranking with this map, but its unit and definition point to a different story."
      },
      {
        "confusedWithIndicatorCode": "GC.XPN.TOTL.GD.ZS",