{
  "schemaVersion": "1.1.0",
  "id": "gross-savings-gdp",
  "providerCode": "NY.GNS.ICTR.ZS",
  "title": "Gross savings (% of GDP)",
  "shortTitle": "Gross savings",
  "category": "economy",
  "difficulty": "standard",
  "definition": "Savings is an amount that represent the part of disposable income (adjusted for the\n\n\nchange in pension entitlements) that is not spent on final consumption. Gross savings are calculated as gross national income less total consumption, plus net transfers. This indicator is expressed as a percentage of Gross Domestic Product (GDP) which is the total income earned through the production of goods and services in an economic territory during an accounting period.",
  "unit": "percent of GDP",
  "year": 2024,
  "valuesByIso3": {
    "AGO": 15.7266926308562,
    "ALB": 22.501611798468,
    "ARG": 16.697116558858,
    "ARM": 19.2356859370729,
    "AUS": 22.9216103635704,
    "AUT": 25.4397148337891,
    "AZE": 27.5914932284287,
    "BEL": 24.1180248907637,
    "BGD": 34.3815638598099,
    "BGR": 18.8352481861383,
    "BHS": 19.2134398049619,
    "BIH": 21.0828280230989,
    "BLR": 23.4576585094751,
    "BLZ": 20.7760941244778,
    "BOL": 13.8585720638387,
    "BRA": 14.1411508180947,
    "BRN": 47.6532636453176,
    "BWA": 33.3898542917565,
    "CAN": 21.4350659303842,
    "CHE": 31.8105143856335,
    "CHL": 21.7590730162887,
    "CHN": 42.8328411949589,
    "CIV": 17.5409769127084,
    "CMR": 15.8875923157027,
    "COD": 28.294287787862,
    "COL": 13.6413778006162,
    "CRI": 14.6813233366301,
    "CYP": 12.4742361895558,
    "CZE": 28.8730096780121,
    "DEU": 27.1419009835217,
    "DJI": 14.8612556656457,
    "DNK": 35.4003327746803,
    "DOM": 23.4974409414524,
    "DZA": 39.4198562679812,
    "ECU": 23.8872440029651,
    "EGY": 9.2603736311048,
    "ESP": 24.3518457211748,
    "EST": 23.9688893652885,
    "ETH": 19.6728981679166,
    "FIN": 21.7546702495377,
    "FRA": 21.4347338631091,
    "GBR": 17.0025166407376,
    "GEO": 19.1789469515337,
    "GHA": 14.0176372227613,
    "GIN": 9.59341925198605,
    "GMB": 25.9296911089999,
    "GNB": 17.4529659863756,
    "GRC": 10.7754390550526,
    "GTM": 19.5835955284341,
    "HND": 17.7555166464754,
    "HRV": 22.3031714897026,
    "HTI": 9.45736851295342,
    "HUN": 25.0966320527314,
    "IDN": 34.6500005662338,
    "IND": 30.268447331199,
    "IRL": 34.8617497487066,
    "IRQ": 41.9390491453257,
    "ISL": 24.3601042950881,
    "ISR": 26.1257915876323,
    "ITA": 23.6481103644527,
    "JPN": 31.068062509507,
    "KAZ": 28.6963179827299,
    "KEN": 15.987440966771,
    "KHM": 40.5312466046711,
    "KOR": 35.0305415292226,
    "LKA": 28.3501158218362,
    "LTU": 24.0856790486668,
    "LUX": 12.5266878221563,
    "LVA": 19.3286712623104,
    "MAR": 28.9907934432117,
    "MDA": 4.47513954067376,
    "MDG": 17.4750167540295,
    "MEX": 19.2837457728117,
    "MKD": 28.4490922415018,
    "MLI": 15.3724367808945,
    "MNE": 8.7888359898131,
    "MNG": 25.644836509203,
    "MOZ": 1.67600198582508,
    "MRT": 34.4224521983398,
    "MYS": 23.3780820262118,
    "NAM": 8.64440973000428,
    "NER": 27.6478671852498,
    "NIC": 28.0154509170396,
    "NLD": 28.8114021586621,
    "NOR": 40.9841015453117,
    "NPL": 35.8388851554448,
    "NZL": 17.4807083978229,
    "OMN": 27.7133409248373,
    "PAK": 13.8547722818026,
    "PAN": 33.2811442953164,
    "PER": 21.9259555171345,
    "PHL": 29.2404093806474,
    "POL": 18.1156905931218,
    "PRT": 21.8603178375271,
    "PRY": 19.5881824106121,
    "PSE": 1.88326325713028,
    "ROU": 16.8381220133057,
    "RUS": 30.5968405956269,
    "RWA": 21.0746850700481,
    "SAU": 29.8566401019629,
    "SLB": 1.2335262068222,
    "SLE": 19.1812187797449,
    "SLV": 18.5555871937644,
    "SRB": 20.6351104667315,
    "SVK": 15.855666333081,
    "SVN": 26.1897027593066,
    "SWE": 30.7493775280268,
    "SWZ": 21.4850341207617,
    "THA": 23.7806684438327,
    "TLS": -21.128200558324,
    "TUN": 5.49875282317027,
    "TUR": 30.1060618091059,
    "TZA": 36.3736201857253,
    "UGA": 25.063715585198,
    "UKR": 11.8567422698282,
    "URY": 14.6965390593129,
    "USA": 17.8108789729135,
    "UZB": 28.2899277820315,
    "VNM": 36.6901082961998,
    "ZAF": 13.5815040357795,
    "ZMB": 34.4212036674193,
    "ZWE": 10.7002133822311
  },
  "stats": {
    "coverage": 122,
    "min": -21.128200558324,
    "max": 47.6532636453176,
    "median": 21.8931366773308,
    "quantileBreaks": [
      -21.128200558324,
      13.702347652383743,
      17.478269121911445,
      20.755953601942615,
      23.795893523708756,
      27.842816635781144,
      32.86096432112128,
      47.6532636453176
    ]
  },
  "formatting": {
    "maximumFractionDigits": 1,
    "suffix": "% of GDP"
  },
  "source": {
    "provider": "World Bank",
    "dataset": "World Development Indicators",
    "attribution": "The World Bank",
    "sourceReference": "https://api.worldbank.org/v2/indicator/NY.GNS.ICTR.ZS?format=json&per_page=1",
    "valuesReference": "https://api.worldbank.org/v2/country/all/indicator/NY.GNS.ICTR.ZS?format=json&per_page=20000&page=1&date=2015%3A2025",
    "license": "Creative Commons Attribution 4.0 International unless specifically labeled otherwise by World Bank metadata",
    "licenseReference": "https://www.worldbank.org/en/about/legal/terms-of-use-for-datasets",
    "retrievedAt": "2026-06-27T17:15:07.157745+00:00",
    "checksum": "5588fd20116f0b69e806b18ca93a1df42d57136c848be3021dca6d1b786703c2",
    "sourceOrganization": "Country official statistics, National Statistical Organizations and/or Central Banks;\nNational Accounts data files, Organisation for Economic Co-operation and Development (OECD);\nStaff estimates, World Bank (WB)"
  },
  "reviewStatus": "approved",
  "contentVersion": "2026.06.22-exp2-qa1",
  "editorial": {
    "shortHook": "A candidate map for gross savings.",
    "patternNote": "The darkest countries include Brunei Darussalam, China, Iraq, while the lightest include Timor-Leste, Solomon Islands, Mozambique; that contrast is the fastest way to read the gross savings pattern.",
    "whyItMatters": "Gross savings may add useful WORLDPRINT variety once source coverage, unit clarity, map interest, and distractor ambiguity are reviewed.",
    "bestProbeCountries": [
      {
        "iso3": "BRN",
        "reason": "High anchor: this country sits near the darkest end of the map."
      },
      {
        "iso3": "TLS",
        "reason": "Low anchor: this country clarifies the lightest end of the scale."
      },
      {
        "iso3": "PER",
        "reason": "Middle check: this country helps separate a true pattern from one-off outliers."
      }
    ],
    "commonConfusions": [
      {
        "confusedWithIndicatorCode": "NY.GDS.TOTL.ZS",
        "reason": "Domestic savings can tempt players because it shares a strong country ranking with this map, but its unit and definition point to a different story."
      },
      {
        "confusedWithIndicatorCode": "NE.GDI.TOTL.ZS",
        "reason": "Gross capital formation can tempt players because it shares a strong country ranking with this map, but its unit and definition point to a different story."
      },
      {
        "confusedWithIndicatorCode": "NE.CON.PRVT.ZS",
        "reason": "Household consumption lives in the same category, so it can feel plausible until the high and low countries are checked."
      }
    ],
    "difficultyReason": "Standard difficulty: the map has readable regional structure, but the best answer still depends on checking the unit and country anchors.",
    "regionalSignals": [
      "Economic-share maps are not the same as raw totals.",
      "Small open economies can dominate percentage maps."
    ]
  },
  "editorialReview": {
    "status": "expert_only",
    "reviewedAt": "2026-06-22",
    "reviewedBy": "Codex editorial QA",
    "qualityScore": 3,
    "funScore": 3,
    "fairnessScore": 3,
    "ambiguityRisk": "high",
    "dailyEligible": false,