{
  "schemaVersion": "1.1.0",
  "id": "gross-capital-formation",
  "providerCode": "NE.GDI.TOTL.ZS",
  "title": "Gross capital formation (% of GDP)",
  "shortTitle": "Gross capital formation",
  "category": "economy",
  "difficulty": "standard",
  "definition": "Gross capital formation includes acquisitions less disposals of produced assets for purposes of fixed capital formation, inventories or valuables. This indicator is expressed as a percentage of Gross Domestic Product (GDP) which is the total income earned through the production of goods and services in an economic territory during an accounting period.",
  "unit": "percent of GDP",
  "year": 2025,
  "valuesByIso3": {
    "ARG": 16.1135884834348,
    "ARM": 24.2105870879516,
    "AUS": 24.4610361593107,
    "AUT": 23.6592175891117,
    "AZE": 18.8877097308938,
    "BEL": 25.7467384344267,
    "BEN": 35.8263558083087,
    "BFA": 17.2222874070324,
    "BGD": 28.5411003849809,
    "BGR": 21.7165315576291,
    "BIH": 28.7377419362939,
    "BLR": 27.1222916675388,
    "BRA": 17.0759965150742,
    "BRN": 27.1271902797812,
    "BWA": 29.1572113352996,
    "CAF": 9.30438422011293,
    "CAN": 23.15443514883,
    "CHE": 29.4875351254104,
    "CHL": 24.0570386136924,
    "CIV": 19.3019144967857,
    "CMR": 19.3425524762361,
    "COD": 31.6534511007956,
    "COG": 29.3854818484005,
    "COL": 16.7190504572681,
    "CRI": 15.7847318414254,
    "CYP": 19.2596047828909,
    "CZE": 26.7554004860893,
    "DEU": 21.9314930278238,
    "DJI": 1.55023263730147,
    "DNK": 22.1224200633434,
    "DOM": 24.7037677098246,
    "DZA": 45.2674453295975,
    "ECU": 20.9382930185742,
    "EGY": 12.8907929996361,
    "ESP": 21.4098077707284,
    "EST": 24.8484773056413,
    "ETH": 20.1199721623161,
    "FIN": 21.9039811811669,
    "FRA": 21.9383964560126,
    "GAB": 24.8259134740888,
    "GBR": 19.6884002261946,
    "GEO": 21.2783084109128,
    "GIN": 36.9988628041511,
    "GMB": 40.3862842226019,
    "GNB": 25.811997138469,
    "GNQ": -3.67920645534179,
    "GRC": 17.2436068756368,
    "GTM": 16.7712548416598,
    "HND": 24.1646781235937,
    "HRV": 24.5851035224523,
    "HTI": 12.0595765408366,
    "HUN": 22.1520837238855,
    "IDN": 30.6186915015727,
    "IND": 34.6030048968457,
    "IRL": 22.93212457567,
    "IRN": 41.7726821761424,
    "ISL": 26.5735971497726,
    "ISR": 24.3470505998991,
    "ITA": 22.2496175569641,
    "KEN": 16.9554961477297,
    "KGZ": 27.9650862325005,
    "KHM": 31.5241909112165,
    "KOR": 29.1311226726896,
    "LBY": 14.2718932290827,
    "LKA": 29.6454009006075,
    "LSO": 31.2328945653591,
    "LTU": 22.2383972717709,
    "LUX": 15.5020257191959,
    "LVA": 24.0558692275565,
    "MAR": 31.8712471269796,
    "MDA": 24.1856235131564,
    "MDG": 24.1486885195054,
    "MEX": 22.610982698175,
    "MKD": 31.7227439150438,
    "MLI": 20.0219072254101,
    "MNE": 26.9347425678931,
    "MNG": 31.4134320394491,
    "MOZ": 24.1957507116392,
    "MRT": 44.3274839153538,
    "MWI": 15.7335546496801,
    "MYS": 20.4609568977283,
    "NAM": 18.6754345701553,
    "NER": 21.9767991617026,
    "NIC": 25.7585096351916,
    "NLD": 19.8199511979231,
    "NOR": 23.2129704540775,
    "NPL": 29.4037590216874,
    "PAK": 14.2828081828942,
    "PER": 20.3393534084364,
    "PHL": 22.1409469966766,
    "POL": 17.8874733244136,
    "PRI": 14.2344560519083,
    "PRT": 21.0356725757463,
    "PRY": 25.2866462584826,
    "PSE": 25.5890628003565,
    "ROU": 25.9006434391814,
    "RUS": 25.8916433341468,
    "RWA": 34.1257782993714,
    "SAU": 31.625031115982,
    "SDN": 0.734291872696879,
    "SEN": 26.8773140866567,
    "SLE": 23.1972792226218,
    "SLV": 26.332110261193,
    "SOM": 28.1142267908557,
    "SRB": 23.3807803980233,
    "SVK": 20.0837637938612,
    "SVN": 22.0285678943431,
    "SWE": 25.4668351283759,
    "TCD": 20.3565004354769,
    "THA": 22.0706663098923,
    "TUN": 15.231584384231,
    "TUR": 31.6666169240923,
    "TZA": 40.6816628149363,
    "UGA": 22.6462066202612,
    "UKR": 20.7791701759026,
    "URY": 16.1783539610716,
    "UZB": 33.277986337555,
    "VEN": 5.92724285755004,
    "VNM": 30.7951346149846,
    "ZAF": 13.8713160276315
  },
  "stats": {
    "coverage": 120,
    "min": -3.67920645534179,
    "max": 45.2674453295975,
    "median": 23.2968754260504,
    "quantileBreaks": [
      -3.67920645534179,
      16.7190504572681,
      20.3393534084364,
      22.1520837238855,
      24.2105870879516,
      26.7554004860893,
      31.2328945653591,
      45.2674453295975
    ]
  },
  "formatting": {
    "maximumFractionDigits": 1,
    "suffix": "% of GDP"
  },
  "source": {
    "provider": "World Bank",
    "dataset": "World Development Indicators",
    "attribution": "The World Bank",
    "sourceReference": "https://api.worldbank.org/v2/indicator/NE.GDI.TOTL.ZS?format=json&per_page=1",
    "valuesReference": "https://api.worldbank.org/v2/country/all/indicator/NE.GDI.TOTL.ZS?format=json&per_page=20000&page=1&date=2015%3A2025",
    "license": "Creative Commons Attribution 4.0 International unless specifically labeled otherwise by World Bank metadata",
    "licenseReference": "https://www.worldbank.org/en/about/legal/terms-of-use-for-datasets",
    "retrievedAt": "2026-07-02T22:35:39.242012+00:00",
    "checksum": "75acf8ed83793680291123f017cfb92c9fddfd73d48295cde679ae920c1ce477",
    "sourceOrganization": "Country official statistics, National Statistical Organizations and/or Central Banks;\nNational Accounts data files, Organisation for Economic Co-operation and Development (OECD);\nStaff estimates, World Bank (WB)"
  },
  "reviewStatus": "approved",
  "contentVersion": "2026.07.02-exp4-content50",
  "editorial": {
    "shortHook": "A candidate map for gross capital formation.",
    "patternNote": "The darkest countries include Algeria, Mauritania, Iran, Islamic Rep., while the lightest include Equatorial Guinea, Sudan, Djibouti; that contrast is the fastest way to read the gross capital formation pattern.",
    "whyItMatters": "Gross capital formation may add useful WORLDPRINT variety once source coverage, unit clarity, map interest, and distractor ambiguity are reviewed.",
    "bestProbeCountries": [
      {
        "iso3": "DZA",
        "reason": "High anchor: this country sits near the darkest end of the map."
      },
      {
        "iso3": "GNQ",
        "reason": "Low anchor: this country clarifies the lightest end of the scale."
      },
      {
        "iso3": "SRB",
        "reason": "Middle check: this country helps separate a true pattern from one-off outliers."
      }
    ],
    "commonConfusions": [
      {
        "confusedWithIndicatorCode": "NE.GDI.FTOT.ZS",
        "reason": "Fixed capital formation can tempt players because it shares a strong country ranking with this map, but its unit and definition point to a different story."
      },
      {
        "confusedWithIndicatorCode": "NY.GNS.ICTR.ZS",
        "reason": "Gross savings lives in the same category, so it can feel plausible until the high and low countries are checked."
      },
      {
        "confusedWithIndicatorCode": "SE.PRM.ENRL.FE.ZS",
        "reason": "Female primary pupils overlaps with part of the visible pattern, but the full country spread does not match."
      }
    ],
    "difficultyReason": "Standard difficulty: the map has readable regional structure, but the best answer still depends on checking the unit and country anchors.",
    "regionalSignals": [
      "Economic-share maps are not the same as raw totals.",
      "Small open economies can dominate percentage maps."
    ]
  },
  "editorialReview": {
    "status": "needs_review",
    "reviewedAt": "2026-07-02",
    "reviewedBy": "pipeline-default-needs-review",
    "qualityScore": 2,
    "funScore": 2,
    "fairnessScore": 2,
    "ambiguityRisk": "medium",
    "dailyEligible": false,
    "practiceEligible": false,
    "challengeEligible": false,
    "expertOnly": false,