{
  "schemaVersion": "1.1.0",
  "id": "gross-capital-formation",
  "providerCode": "NE.GDI.TOTL.ZS",
  "title": "Gross capital formation (% of GDP)",
  "shortTitle": "Gross capital formation",
  "category": "economy",
  "difficulty": "standard",
  "definition": "Gross capital formation includes acquisitions less disposals of produced assets for purposes of fixed capital formation, inventories or valuables. This indicator is expressed as a percentage of Gross Domestic Product (GDP) which is the total income earned through the production of goods and services in an economic territory during an accounting period.",
  "unit": "percent of GDP",
  "year": 2024,
  "valuesByIso3": {
    "AGO": 10.4110011927256,
    "ALB": 24.9514965978049,
    "ARG": 15.8378002382311,
    "ARM": 23.8327452429021,
    "AUS": 24.323541758006,
    "AUT": 23.5771489456415,
    "AZE": 21.0824224099037,
    "BEL": 24.4957130083941,
    "BEN": 35.0616847972117,
    "BFA": 21.9339346887971,
    "BGD": 30.7004900245244,
    "BGR": 20.4299085537289,
    "BHS": 26.8063766358446,
    "BIH": 27.479854363065,
    "BLR": 25.8358517163125,
    "BLZ": 19.7878841757033,
    "BOL": 17.9470160851028,
    "BRA": 16.9814356039822,
    "BRN": 27.8989648348497,
    "BWA": 35.9882137116598,
    "CAF": 23.6399492481873,
    "CAN": 23.2003491794218,
    "CHE": 26.9877309828941,
    "CHL": 23.2396642941548,
    "CHN": 40.6111616668625,
    "CIV": 20.8700396792272,
    "CMR": 18.9056881687822,
    "COD": 32.5446486830452,
    "COG": 26.8446298603412,
    "COL": 16.8220284603038,
    "CRI": 15.669024509728,
    "CUB": 24.2142342206136,
    "CYP": 20.6775296375465,
    "CZE": 26.3044257488365,
    "DEU": 21.4994328905028,
    "DJI": 0.252268985586049,
    "DNK": 23.2065036119904,
    "DOM": 26.9980468938553,
    "DZA": 41.098075603421,
    "ECU": 18.4824073547769,
    "EGY": 12.9967401874752,
    "ESP": 21.1732200987249,
    "EST": 24.5542382524843,
    "ETH": 20.5754723153175,
    "FIN": 22.2812478484434,
    "FRA": 21.5139121721262,
    "GAB": 19.1352290512735,
    "GBR": 19.1197244388535,
    "GEO": 24.4998956373299,
    "GHA": 10.0180662777629,
    "GIN": 32.102948363037,
    "GMB": 29.9390742710396,
    "GNB": 24.9121444346833,
    "GNQ": 8.95580591611743,
    "GRC": 18.2925535607175,
    "GTM": 16.6836132749865,
    "HND": 22.4923355282969,
    "HRV": 24.409099144064,
    "HTI": 9.93936193656659,
    "HUN": 23.4595838132325,
    "IDN": 31.396354183511,
    "IND": 32.9141372549127,
    "IRL": 18.2483791335529,
    "IRN": 44.3461376412017,
    "IRQ": 28.2290697048236,
    "ISL": 26.1116569910227,
    "ISR": 23.4267177207644,
    "ITA": 22.5774286224244,
    "JPN": 26.1778501334799,
    "KAZ": 27.2119249591734,
    "KEN": 16.7771560971022,
    "KGZ": 29.7809636564477,
    "KHM": 32.1861316004857,
    "KOR": 29.9738499299961,
    "LBY": 14.2709346991037,
    "LKA": 26.9589666223169,
    "LTU": 20.4124317092532,
    "LUX": 15.8427821306684,
    "LVA": 20.8942490906585,
    "MAR": 30.0743550064848,
    "MDA": 21.1312285971513,
    "MDG": 22.224338487768,
    "MEX": 24.1235135559623,
    "MKD": 30.5962109009491,
    "MLI": 19.5164229348668,
    "MNE": 25.880193688808,
    "MNG": 35.5452639328236,
    "MOZ": 17.6602368096018,
    "MRT": 43.0818501467663,
    "MYS": 21.9538831069426,
    "NAM": 25.6134843991812,
    "NCL": 22.1189475350042,
    "NER": 22.0531487338986,
    "NIC": 24.6940528397434,
    "NLD": 19.6654844408571,
    "NOR": 24.1355030571877,
    "NPL": 30.3993910198841,
    "NZL": 22.5146260046291,
    "OMN": 24.8481263106812,
    "PAK": 13.1665315730663,
    "PAN": 33.5339875592363,
    "PER": 19.4197023486874,
    "PHL": 23.6846445959545,
    "POL": 17.8032326864165,
    "PRI": 14.1765984690411,
    "PRT": 20.3671429506228,
    "PRY": 22.8357199630034,
    "PSE": 23.4700352269329,
    "ROU": 24.9970256084173,
    "RUS": 26.2988564685306,
    "RWA": 25.914149825303,
    "SAU": 30.2367878635492,
    "SDN": 2.88674000548273,
    "SEN": 37.4782050534292,
    "SLB": 19.4589053652813,
    "SLE": 20.4557869154859,
    "SLV": 20.3442333880768,
    "SOM": 26.7485585359739,
    "SRB": 25.0264449793479,
    "SVK": 20.1257200812979,
    "SVN": 21.5339676972715,
    "SWE": 25.3566898119593,
    "SWZ": 14.9720984162991,
    "TCD": 26.7898570855335,
    "THA": 21.5809288126556,
    "TLS": 30.1076519396981,
    "TUN": 7.85819532475466,
    "TUR": 30.7311559549208,
    "TZA": 39.764568079457,
    "UGA": 22.3995184838424,
    "UKR": 18.6430287599957,
    "URY": 15.5966726541364,
    "USA": 21.8410127699649,
    "UZB": 33.2966957187478,
    "VEN": 4.89832894999471,
    "VNM": 30.5632304440275,
    "ZAF": 14.0695508769888,
    "ZMB": 23.7884862636697,
    "ZWE": 8.84620096694091
  },
  "stats": {
    "coverage": 139,
    "min": 0.252268985586049,
    "max": 44.3461376412017,
    "median": 23.2396642941548,
    "quantileBreaks": [
      0.252268985586049,
      16.750429576497712,
      20.354051772025084,
      22.13400338539903,
      24.133790271298356,
      26.246996610651728,
      30.446202283925068,
      44.3461376412017
    ]
  },
  "formatting": {
    "maximumFractionDigits": 1,
    "suffix": "% of GDP"
  },
  "source": {
    "provider": "World Bank",
    "dataset": "World Development Indicators",
    "attribution": "The World Bank",
    "sourceReference": "https://api.worldbank.org/v2/indicator/NE.GDI.TOTL.ZS?format=json&per_page=1",
    "valuesReference": "https://api.worldbank.org/v2/country/all/indicator/NE.GDI.TOTL.ZS?format=json&per_page=20000&page=1&date=2015%3A2025",
    "license": "Creative Commons Attribution 4.0 International unless specifically labeled otherwise by World Bank metadata",
    "licenseReference": "https://www.worldbank.org/en/about/legal/terms-of-use-for-datasets",
    "retrievedAt": "2026-06-22T18:07:05.393211+00:00",
    "checksum": "ed509848bd55256dea996523e97c225468a1e04a2d3e9ee7d4266ab9ca9fd563",
    "sourceOrganization": "Country official statistics, National Statistical Organizations and/or Central Banks;\nNational Accounts data files, Organisation for Economic Co-operation and Development (OECD);\nStaff estimates, World Bank (WB)"
  },
  "reviewStatus": "approved",
  "contentVersion": "2026.06.22-exp2-qa1",
  "editorial": {
    "shortHook": "A candidate map for gross capital formation.",
    "patternNote": "The darkest countries include Iran, Islamic Rep., Mauritania, Algeria, while the lightest include Djibouti, Sudan, Venezuela, RB; that contrast is the fastest way to read the gross capital formation pattern.",
    "whyItMatters": "Gross capital formation may add useful WORLDPRINT variety once source coverage, unit clarity, map interest, and distractor ambiguity are reviewed.",
    "bestProbeCountries": [
      {
        "iso3": "IRN",
        "reason": "High anchor: this country sits near the darkest end of the map."
      },
      {
        "iso3": "DJI",
        "reason": "Low anchor: this country clarifies the lightest end of the scale."
      },
      {
        "iso3": "CHL",
        "reason": "Middle check: this country helps separate a true pattern from one-off outliers."
      }
    ],
    "commonConfusions": [
      {
        "confusedWithIndicatorCode": "NE.GDI.FTOT.ZS",
        "reason": "Fixed capital formation can tempt players because it shares a strong country ranking with this map, but its unit and definition point to a different story."
      },
      {
        "confusedWithIndicatorCode": "NY.GNS.ICTR.ZS",
        "reason": "Gross savings can tempt players because it shares a strong country ranking with this map, but its unit and definition point to a different story."
      },
      {
        "confusedWithIndicatorCode": "NY.GDS.TOTL.ZS",
        "reason": "Domestic savings lives in the same category, so it can feel plausible until the high and low countries are checked."
      }
    ],