{
  "schemaVersion": "1.1.0",
  "id": "health-spending-per-person",
  "providerCode": "SH.XPD.CHEX.PC.CD",
  "title": "Current health expenditure per capita (current US$)",
  "shortTitle": "Health spending per person",
  "category": "health",
  "difficulty": "standard",
  "definition": "Current expenditures on health per capita in current US dollars. Estimates of current health expenditures include healthcare goods and services consumed during each year.",
  "unit": "current US dollars per person",
  "year": 2023,
  "valuesByIso3": {
    "AFG": 59.06770706,
    "AGO": 76.07118225,
    "ALB": 590.62799072,
    "ARE": 2401.52026367,
    "ARG": 1456.98596191,
    "ARM": 766.95874023,
    "AUS": 6980.38525391,
    "AUT": 6267.93164063,
    "AZE": 299.81060791,
    "BDI": 28.14028931,
    "BEL": 5931.01464844,
    "BEN": 46.52822113,
    "BFA": 71.73455048,
    "BGD": 53.46432495,
    "BGR": 1257.87597656,
    "BHS": 2262.33447266,
    "BIH": 772.88568115,
    "BLR": 558.22644043,
    "BLZ": 309.40835571,
    "BOL": 255.04104614,
    "BRA": 1009.83563232,
    "BRN": 733.00543213,
    "BTN": 162.19680786,
    "BWA": 489.59677124,
    "CAF": 53.81136703,
    "CAN": 6186.65234375,
    "CHE": 11783.66992188,
    "CHL": 1736.52038574,
    "CHN": 763.37762451,
    "CIV": 87.68105316,
    "CMR": 79.09996796,
    "COD": 23.43148804,
    "COG": 75.55332184,
    "COL": 571.15496826,
    "CRI": 1163.30224609,
    "CYP": 2899.36499023,
    "CZE": 2671.08398438,
    "DEU": 6394.62255859,
    "DJI": 77.57087708,
    "DNK": 6510.625,
    "DOM": 488.8727417,
    "DZA": 233.37947083,
    "ECU": 509.49414063,
    "EGY": 141.41111755,
    "ERI": 28.29782677,
    "ESP": 3106.62011719,
    "EST": 2258.4597168,
    "ETH": 34.79846954,
    "FIN": 5515.40478516,
    "FJI": 212.88697815,
    "FRA": 5149.0546875,
    "GAB": 252.98246765,
    "GBR": 5407.17041016,
    "GEO": 554.3248291,
    "GHA": 70.25730896,
    "GIN": 59.33010101,
    "GMB": 25.74407768,
    "GNB": 82.13543701,
    "GNQ": 233.68379211,
    "GRC": 1962.59594727,
    "GTM": 392.01223755,
    "GUY": 505.03240967,
    "HND": 249.15301514,
    "HRV": 1548.33959961,
    "HTI": 54.4146843,
    "HUN": 1419.87475586,
    "IDN": 131.77729797,
    "IND": 84.68669891,
    "IRL": 6877.9375,
    "IRN": 267.059021,
    "IRQ": 333.29360962,
    "ISL": 7064.62402344,
    "ISR": 3927.69873047,
    "ITA": 3283.47216797,
    "JAM": 520.15704346,
    "JOR": 342.10394287,
    "JPN": 3638.19287109,
    "KAZ": 489.71456909,
    "KEN": 84.958992,
    "KGZ": 96.65081787,
    "KHM": 114.56295776,
    "KOR": 3043.87329102,
    "KWT": 1679.12353516,
    "LAO": 27.41773605,
    "LBN": 260.8119812,
    "LBR": 103.94123077,
    "LBY": 470.4034729,
    "LKA": 134.23654175,
    "LSO": 122.63982391,
    "LTU": 2044.18371582,
    "LUX": 7510.99414063,
    "LVA": 1645.4152832,
    "MAR": 232.24751282,
    "MDA": 451.73007202,
    "MDG": 17.44003487,
    "MEX": 760.98840332,
    "MKD": 639.41693115,
    "MLI": 33.9802475,
    "MMR": 56.18909836,
    "MNE": 1147.69787598,
    "MNG": 359.60980225,
    "MOZ": 52.96166611,
    "MRT": 92.11444092,
    "MWI": 41.26664734,
    "MYS": 450.33853149,
    "NAM": 397.09063721,
    "NER": 26.01301575,
    "NGA": 66.82009125,
    "NIC": 216.55238342,
    "NLD": 6371.85595703,
    "NOR": 8296.35546875,
    "NPL": 83.96018982,
    "NZL": 4997.24316406,
    "OMN": 732.04089355,
    "PAK": 30.48608398,
    "PAN": 1557.81286621,
    "PER": 445.52667236,
    "PHL": 194.05484009,
    "PNG": 85.15021515,
    "POL": 1577.98168945,
    "PRT": 2762.26293945,
    "PRY": 526.5098877,
    "PSE": 345.67965698,
    "QAT": 1804.35424805,
    "ROU": 1050.99755859,
    "RUS": 1003.33166504,
    "RWA": 52.65630722,
    "SAU": 1825.2545166,
    "SDN": 21.0830822,
    "SEN": 73.22670746,
    "SLB": 111.35532379,
    "SLE": 35.76205063,
    "SLV": 500.69497681,
    "SOM": 22.37065506,
    "SRB": 983.69372559,
    "SSD": 72.75582886,
    "SUR": 297.04589844,
    "SVK": 1813.46618652,
    "SVN": 3037.7644043,
    "SWE": 6206.23046875,
    "SWZ": 296.04562378,
    "SYR": 33.34017944,
    "TCD": 47.43893051,
    "TGO": 59.60503769,
    "THA": 326.50482178,
    "TJK": 85.14702606,
    "TKM": 581.38220215,
    "TLS": 144.21452332,
    "TTO": 1276.33862305,
    "TUN": 317.70983887,
    "TUR": 547.8145752,
    "TZA": 36.25619888,
    "UGA": 45.21318436,
    "URY": 2076.09423828,
    "USA": 13473.19335938,
    "UZB": 192.11869812,
    "VEN": 185.99124146,
    "VNM": 197.19210815,
    "VUT": 143.43753052,
    "YEM": 47.78109741,
    "ZAF": 536.58843994,
    "ZMB": 79.55635071,
    "ZWE": 62.92946243
  },
  "stats": {
    "coverage": 163,
    "min": 17.44003487,
    "max": 13473.19335938,
    "median": 345.67965698,
    "quantileBreaks": [
      17.44003487,
      53.89755521142857,
      88.94773537714286,
      253.8647155742857,
      503.17350987285715,
      1158.8438546300001,
      3017.993059432858,
      13473.19335938
    ]
  },
  "formatting": {
    "maximumFractionDigits": 0,
    "prefix": "$"
  },
  "source": {
    "provider": "World Bank",
    "dataset": "World Development Indicators",
    "attribution": "The World Bank",
    "sourceReference": "https://api.worldbank.org/v2/indicator/SH.XPD.CHEX.PC.CD?format=json&per_page=1",
    "valuesReference": "https://api.worldbank.org/v2/country/all/indicator/SH.XPD.CHEX.PC.CD?format=json&per_page=20000&page=1&date=2015%3A2025",
    "license": "Creative Commons Attribution 4.0 International unless specifically labeled otherwise by World Bank metadata",
    "licenseReference": "https://www.worldbank.org/en/about/legal/terms-of-use-for-datasets",
    "retrievedAt": "2026-07-02T22:21:36.943509+00:00",
    "checksum": "29393ccae16f64e68038caac14beaf03ac7262136ac4423806e94912a2db8967",
    "sourceOrganization": "Global Health Expenditure Database, updated December 12th, 2025, World Health Organization (WHO), uri: http://apps.who.int/nha/database"
  },
  "reviewStatus": "approved",
  "contentVersion": "2026.07.02-exp4-content50",
  "editorial": {
    "shortHook": "A candidate map for health spending per person.",
    "patternNote": "The darkest countries include United States, Switzerland, Norway, while the lightest include Madagascar, Sudan, Somalia, Fed. Rep.; that contrast is the fastest way to read the health spending per person pattern.",
    "whyItMatters": "Health spending per person may add useful WORLDPRINT variety once source coverage, unit clarity, map interest, and distractor ambiguity are reviewed.",
    "bestProbeCountries": [
      {
        "iso3": "USA",
        "reason": "High anchor: this country sits near the darkest end of the map."
      },
      {
        "iso3": "MDG",
        "reason": "Low anchor: this country clarifies the lightest end of the scale."
      },
      {
        "iso3": "PSE",
        "reason": "Middle check: this country helps separate a true pattern from one-off outliers."
      }
    ],
    "commonConfusions": [
      {
        "confusedWithIndicatorCode": "NY.GNP.PCAP.CD",
        "reason": "GNI per capita can tempt players because it shares a strong country ranking with this map, but its unit and definition point to a different story."
      },
      {
        "confusedWithIndicatorCode": "NY.GDP.PCAP.CD",
        "reason": "GDP per capita can tempt players because it shares a strong country ranking with this map, but its unit and definition point to a different story."
      },
      {
        "confusedWithIndicatorCode": "NY.GNP.PCAP.PP.CD",
        "reason": "GNI per capita, PPP can tempt players because it shares a strong country ranking with this map, but its unit and definition point to a different story."
      }
    ],
    "difficultyReason": "Standard difficulty: the map has readable regional structure, but the best answer still depends on checking the unit and country anchors.",