{
  "schemaVersion": "1.1.0",
  "id": "health-expenditure",
  "providerCode": "SH.XPD.CHEX.GD.ZS",
  "title": "Current health expenditure (% of GDP)",
  "shortTitle": "Health expenditure",
  "category": "health",
  "difficulty": "standard",
  "definition": "Level of current health expenditure expressed as a percentage of GDP.  Estimates of current health expenditures include healthcare goods and services consumed during each year. This indicator does not include capital health expenditures such as buildings, machinery, IT and stocks of vaccines for emergency or outbreaks.",
  "unit": "percent of GDP",
  "year": 2023,
  "valuesByIso3": {
    "AFG": 14.9857626,
    "AGO": 2.54692864,
    "ALB": 7.05240345,
    "ARE": 4.97095108,
    "ARG": 10.2695179,
    "ARM": 9.32119179,
    "AUS": 10.39852047,
    "AUT": 11.15297318,
    "AZE": 4.27113533,
    "BDI": 9.09471226,
    "BEL": 10.80371571,
    "BEN": 3.33732462,
    "BFA": 7.79943228,
    "BGD": 2.17014575,
    "BGR": 7.91853094,
    "BHS": 6.30260801,
    "BIH": 8.9216938,
    "BLR": 7.08167362,
    "BLZ": 4.14735794,
    "BOL": 6.91864729,
    "BRA": 9.73092747,
    "BRN": 2.2286067,
    "BTN": 4.41551638,
    "BWA": 6.25574684,
    "CAF": 10.65553188,
    "CAN": 11.18692875,
    "CHE": 11.69096088,
    "CHL": 10.17470455,
    "CHN": 5.94388866,
    "CIV": 3.43218303,
    "CMR": 4.5545516,
    "COD": 3.68495083,
    "COG": 3.29744148,
    "COL": 8.15838146,
    "CRI": 6.8663702,
    "CUB": 9.38383102,
    "CYP": 8.11912918,
    "CZE": 8.42677402,
    "DEU": 11.74428654,
    "DJI": 2.28316021,
    "DNK": 9.5572958,
    "DOM": 4.59880495,
    "DZA": 4.35082531,
    "ECU": 7.56167889,
    "EGY": 4.88449335,
    "ERI": 3.6837678,
    "ESP": 9.2206583,
    "EST": 7.47082138,
    "ETH": 2.80310345,
    "FIN": 10.47389507,
    "FJI": 3.61524153,
    "FRA": 11.51974583,
    "GAB": 3.13430715,
    "GBR": 10.99128914,
    "GEO": 6.85758877,
    "GHA": 2.94686937,
    "GIN": 3.69442987,
    "GMB": 2.89250112,
    "GNB": 8.82204819,
    "GNQ": 3.49941635,
    "GRC": 8.39367008,
    "GTM": 6.80241346,
    "GUY": 2.46673751,
    "HND": 7.70976162,
    "HRV": 7.14699411,
    "HTI": 3.19156528,
    "HUN": 6.36868954,
    "IDN": 2.70239949,
    "IND": 3.33944035,
    "IRL": 6.57538509,
    "IRN": 6.02542305,
    "IRQ": 5.53275251,
    "ISL": 8.70510101,
    "ISR": 7.09822369,
    "ITA": 8.40559483,
    "JAM": 7.60493946,
    "JOR": 7.66000605,
    "JPN": 10.73979473,
    "KAZ": 3.76701546,
    "KEN": 4.35172892,
    "KGZ": 4.50344467,
    "KHM": 4.61706829,
    "KOR": 8.5650692,
    "KWT": 4.96311998,
    "LAO": 1.32651615,
    "LBN": 5.57497263,
    "LBR": 13.00574875,
    "LBY": 7.80515862,
    "LKA": 3.68313766,
    "LSO": 12.61182117,
    "LTU": 7.31801939,
    "LUX": 5.78777981,
    "LVA": 7.27783823,
    "MAR": 6.06396198,
    "MDA": 6.7359705,
    "MDG": 3.42822957,
    "MEX": 5.50398684,
    "MKD": 7.42730284,
    "MLI": 3.81316996,
    "MMR": 4.45748425,
    "MNE": 9.6549921,
    "MNG": 6.07207489,
    "MOZ": 8.50126553,
    "MRT": 4.34333467,
    "MWI": 6.53459597,
    "MYS": 3.95760036,
    "NAM": 9.48251629,
    "NER": 4.04895782,
    "NGA": 4.19086456,
    "NIC": 8.29879284,
    "NLD": 9.83150005,
    "NOR": 9.42925453,
    "NPL": 6.15843678,
    "NZL": 10.12947655,
    "OMN": 3.49047446,
    "PAK": 2.51988316,
    "PAN": 8.33022976,
    "PER": 5.63786411,
    "PHL": 5.10122538,
    "PNG": 2.87081432,
    "POL": 7.13848782,
    "PRT": 10.02761173,
    "PRY": 8.35731316,
    "PSE": 10.73343945,
    "QAT": 2.52358818,
    "ROU": 5.70901489,
    "RUS": 7.04438496,
    "RWA": 5.12708998,
    "SAU": 5.68722248,
    "SDN": 2.85165739,
    "SEN": 4.32314825,
    "SLB": 5.36366177,
    "SLE": 4.71883011,
    "SLV": 9.28738594,
    "SOM": 3.74413586,
    "SRB": 8.03133774,
    "SSD": 11.61002254,
    "SUR": 5.40666008,
    "SVK": 7.35262203,
    "SVN": 9.30008888,
    "SWE": 11.152915,
    "SWZ": 7.49763966,
    "SYR": 2.70998812,
    "TCD": 4.99707747,
    "TGO": 6.10829544,
    "THA": 4.53787661,
    "TJK": 7.43789911,
    "TKM": 5.49789095,
    "TLS": 9.59779453,
    "TTO": 7.52568626,
    "TUN": 7.98537874,
    "TUR": 4.27524424,
    "TZA": 3.05201221,
    "UGA": 4.23600149,
    "URY": 9.01887608,
    "USA": 16.69414902,
    "UZB": 6.74312878,
    "VEN": 3.77611423,
    "VNM": 4.56109476,
    "VUT": 4.1186676,
    "YEM": 9.69559193,
    "ZAF": 8.90966797,
    "ZMB": 5.97841072,
    "ZWE": 2.92601609
  },
  "stats": {
    "coverage": 164,
    "min": 1.32651615,
    "max": 16.69414902,
    "median": 6.451642755,
    "quantileBreaks": [
      1.32651615,
      3.4488377242857142,
      4.388178897142858,
      5.705901688571428,
      7.103975708571428,
      8.34183693142857,
      9.72083160142857,
      16.69414902
    ]
  },
  "formatting": {
    "maximumFractionDigits": 1,
    "suffix": "% of GDP"
  },
  "source": {
    "provider": "World Bank",
    "dataset": "World Development Indicators",
    "attribution": "The World Bank",
    "sourceReference": "https://api.worldbank.org/v2/indicator/SH.XPD.CHEX.GD.ZS?format=json&per_page=1",
    "valuesReference": "https://api.worldbank.org/v2/country/all/indicator/SH.XPD.CHEX.GD.ZS?format=json&per_page=20000&page=1&date=2015%3A2025",
    "license": "Creative Commons Attribution 4.0 International unless specifically labeled otherwise by World Bank metadata",
    "licenseReference": "https://www.worldbank.org/en/about/legal/terms-of-use-for-datasets",
    "retrievedAt": "2026-06-27T17:13:58.555568+00:00",
    "checksum": "e95d201b33e14587e72437ac627a0db9b552912a427ec6477ffb4e213d00bbef",
    "sourceOrganization": "Global Health Expenditure Database, updated December 12th, 2025, World Health Organization (WHO), uri: https://apps.who.int/nha/database"
  },
  "reviewStatus": "approved",
  "contentVersion": "2026.06.22-exp2-qa1",
  "editorial": {
    "shortHook": "A health-system spending map.",
    "patternNote": "The darkest countries include United States, Afghanistan, Liberia, while the lightest include Lao PDR, Bangladesh, Brunei Darussalam; that contrast is the fastest way to read the health expenditure pattern.",
    "whyItMatters": "Health expenditure as a GDP share shows how large health systems are relative to national economies.",
    "bestProbeCountries": [
      {
        "iso3": "USA",
        "reason": "High anchor: this country sits near the darkest end of the map."
      },
      {
        "iso3": "LAO",
        "reason": "Low anchor: this country clarifies the lightest end of the scale."
      },
      {
        "iso3": "MWI",
        "reason": "Middle check: this country helps separate a true pattern from one-off outliers."
      }
    ],
    "commonConfusions": [
      {
        "confusedWithIndicatorCode": "SH.XPD.CHEX.PC.CD",
        "reason": "Health spending per person lives in the same category, so it can feel plausible until the high and low countries are checked."
      },
      {
        "confusedWithIndicatorCode": "GC.XPN.TOTL.GD.ZS",
        "reason": "Government expense overlaps with part of the visible pattern, but the full country spread does not match."
      },
      {
        "confusedWithIndicatorCode": "IT.NET.BBND.P2",
        "reason": "Fixed broadband overlaps with part of the visible pattern, but the full country spread does not match."
      }
    ],
    "difficultyReason": "Standard difficulty: the map has readable regional structure, but the best answer still depends on checking the unit and country anchors.",
    "dataCaveat": "A high share can reflect either strong systems or high costs; it is not a quality score.",
    "regionalSignals": [
      "Health maps often separate income, public-health capacity, and conflict exposure.",
      "Check both high-income and low-income anchors."
    ]
  },
  "editorialReview": {
    "status": "daily_eligible",
    "reviewedAt": "2026-06-22",
    "reviewedBy": "Codex editorial QA",
    "qualityScore": 4,
    "funScore": 4,
    "fairnessScore": 5,
    "ambiguityRisk": "low",