{
  "schemaVersion": "1.1.0",
  "id": "high-tech-exports",
  "providerCode": "TX.VAL.TECH.MF.ZS",
  "title": "High-technology exports (% of manufactured exports)",
  "shortTitle": "High-tech exports",
  "category": "economy",
  "difficulty": "expert",
  "definition": "High-technology exports are products with high R&D intensity, such as in aerospace, computers, pharmaceuticals, scientific instruments, and electrical machinery.",
  "unit": "percent of manufactured exports",
  "year": 2023,
  "valuesByIso3": {
    "AGO": 23.4714139423334,
    "ALB": 0.682326849473647,
    "ARE": 8.96029397394575,
    "ARG": 5.44959440578319,
    "ARM": 20.9051560207484,
    "AUS": 25.2582777120781,
    "AUT": 15.9232697881169,
    "AZE": 4.17224487630151,
    "BDI": 1.30508367041098,
    "BEL": 18.6668227645892,
    "BEN": 4.41801513975982,
    "BFA": 3.79784659837351,
    "BGR": 12.0578944173221,
    "BHS": 0.0138247645369376,
    "BIH": 4.96705366555243,
    "BLZ": 0.0,
    "BOL": 8.16517022638076,
    "BRA": 9.849149349554,
    "BRN": 1.01925056768477,
    "BTN": 0.0107261524845822,
    "BWA": 0.539469030954736,
    "CAF": 1.87856696826495,
    "CAN": 16.3717954388263,
    "CHE": 29.3340286978728,
    "CHL": 10.7195633423709,
    "CHN": 26.5682136542881,
    "CIV": 4.41310726011773,
    "CMR": 2.10363029161033,
    "COD": 0.199611665225369,
    "COG": 3.15972234574724,
    "COL": 8.59989159781141,
    "CRI": 24.177789153066,
    "CYP": 18.7419533928829,
    "CZE": 20.302723987427,
    "DEU": 17.7818374796623,
    "DJI": 3.27550022198031,
    "DNK": 17.1321575837404,
    "DOM": 6.03092939982151,
    "ECU": 7.27423385399254,
    "EGY": 3.16286878393567,
    "ESP": 9.56253561613111,
    "EST": 16.581160524959,
    "ETH": 3.75062055802087,
    "FIN": 9.71402259549133,
    "FJI": 1.64679784443044,
    "FRA": 22.3835449721792,
    "GAB": 1.77313570365975,
    "GBR": 28.8917146113567,
    "GEO": 2.29303754401881,
    "GHA": 2.11003762211445,
    "GMB": 2.3423098344067,
    "GRC": 15.1515337740903,
    "GTM": 5.77662450839393,
    "GUY": 15.7138926801315,
    "HND": 3.30891556062124,
    "HRV": 11.0335908814715,
    "HUN": 18.8624569621863,
    "IDN": 9.08308687782522,
    "IND": 14.9343472986716,
    "IRL": 47.7737732849219,
    "ISL": 43.4245422764011,
    "ISR": 34.9377735824443,
    "ITA": 9.9836968942283,
    "JAM": 2.64698979146794,
    "JOR": 2.08415985427159,
    "JPN": 17.1028060703212,
    "KAZ": 34.4293373196596,
    "KEN": 3.04169416728318,
    "KGZ": 16.3335372866981,
    "KHM": 12.9853431148883,
    "KOR": 30.2762799912651,
    "KWT": 1.78499656846825,
    "LAO": 7.41963729583454,
    "LBN": 4.30236078360336,
    "LBR": 0.643718596498284,
    "LKA": 1.41723845257758,
    "LSO": 0.0742607412455623,
    "LTU": 14.4028959953361,
    "LUX": 5.979250210644,
    "LVA": 18.554389354563,
    "MAR": 5.43070567261144,
    "MDA": 2.61708440538272,
    "MDG": 0.478060054077076,
    "MEX": 17.9938785812602,
    "MKD": 5.22971063617991,
    "MLI": 5.3606547607953,
    "MMR": 2.94631414241606,
    "MNE": 7.99520160312392,
    "MNG": 22.5365545669935,
    "MOZ": 2.74244557815277,
    "MRT": 2.3506462344976,
    "MWI": 5.31056594105904,
    "MYS": 59.4155074421789,
    "NAM": 0.0809713952530879,
    "NER": 8.96675024256666,
    "NGA": 3.53042370294988,
    "NIC": 0.804653157141111,
    "NLD": 24.5106465274936,
    "NOR": 25.6746143774999,
    "NZL": 12.6494857356401,
    "OMN": 5.00539346096146,
    "PAK": 1.90280938998427,
    "PAN": 1.00049164015675,
    "PER": 5.01572012821525,
    "PHL": 63.977928897569,
    "PNG": 10.2480784684723,
    "POL": 12.1223189735947,
    "PRT": 6.71084167998399,
    "PRY": 9.96565594921736,
    "PSE": 1.84344953927492,
    "QAT": 2.78003630297901,
    "ROU": 12.6747408327123,
    "SAU": 0.590629141767828,
    "SEN": 1.60473886534447,
    "SLV": 6.40401071272118,
    "SUR": 3.21274943551639,
    "SVK": 9.7184584659913,
    "SVN": 8.20345582131026,
    "SWE": 17.6238520277113,
    "SWZ": 0.285307158606886,
    "TGO": 0.573585599316818,
    "THA": 26.0506229435129,
    "TJK": 15.2077910112936,
    "TLS": 1.52605032155587,
    "TTO": 0.223229642343117,
    "TUN": 7.70110744284105,
    "TUR": 4.51829098986852,
    "TZA": 5.06811053608461,
    "UGA": 1.40810780488794,
    "UKR": 6.68812192869261,
    "URY": 10.7072308737214,
    "USA": 21.8459878355521,
    "UZB": 2.82239070122292,
    "VNM": 44.256885251682,
    "ZAF": 4.95551571209936,
    "ZMB": 1.16356588883727,
    "ZWE": 1.94218828246376
  },
  "stats": {
    "coverage": 137,
    "min": 0.0,
    "max": 63.977928897569,
    "median": 6.03092939982151,
    "quantileBreaks": [
      0.0,
      1.4120209396120715,
      2.7746661994324042,
      5.008343937319685,
      8.486624233096794,
      14.478817610098314,
      21.44277420063623,
      63.977928897569
    ]
  },
  "formatting": {
    "maximumFractionDigits": 1,
    "suffix": "%"
  },
  "source": {
    "provider": "World Bank",
    "dataset": "World Development Indicators",
    "attribution": "The World Bank",
    "sourceReference": "https://api.worldbank.org/v2/indicator/TX.VAL.TECH.MF.ZS?format=json&per_page=1",
    "valuesReference": "https://api.worldbank.org/v2/country/all/indicator/TX.VAL.TECH.MF.ZS?format=json&per_page=20000&page=1&date=2015%3A2025",
    "license": "Creative Commons Attribution 4.0 International unless specifically labeled otherwise by World Bank metadata",
    "licenseReference": "https://www.worldbank.org/en/about/legal/terms-of-use-for-datasets",
    "retrievedAt": "2026-07-02T22:20:46.117534+00:00",
    "checksum": "0a1ab448f690475473d79a70bb8742d57f2b3d42e0186b677a43431968a4572f",
    "sourceOrganization": "Comtrade database, United Nations (UN), uri: comtrade.un.org, publisher: UN Statistics Division;\nWorld Integrated Trade Solution system (WITS), World Bank (WB), uri: https://wits.worldbank.org/"
  },
  "reviewStatus": "approved",
  "contentVersion": "2026.07.02-exp4-content50",
  "editorial": {
    "shortHook": "A manufacturing-composition map with export-hub outliers.",
    "patternNote": "The darkest countries include Philippines, Malaysia, Ireland, while the lightest include Belize, Bhutan, Bahamas, The; that contrast is the fastest way to read the high-tech exports pattern.",
    "whyItMatters": "High-tech export share is useful for spotting electronics, pharmaceutical, and advanced-manufacturing patterns.",
    "bestProbeCountries": [
      {
        "iso3": "PHL",
        "reason": "High anchor: this country sits near the darkest end of the map."
      },
      {
        "iso3": "BLZ",
        "reason": "Low anchor: this country clarifies the lightest end of the scale."
      },
      {
        "iso3": "DOM",
        "reason": "Middle check: this country helps separate a true pattern from one-off outliers."
      }
    ],
    "commonConfusions": [
      {
        "confusedWithIndicatorCode": "SN.ITK.MSFI.ZS",
        "reason": "Moderate or severe food insecurity can tempt players because it shares a strong country ranking with this map, but its unit and definition point to a different story."
      },
      {
        "confusedWithIndicatorCode": "SN.ITK.SVFI.ZS",
        "reason": "Severe food insecurity can tempt players because it shares a strong country ranking with this map, but its unit and definition point to a different story."
      },
      {
        "confusedWithIndicatorCode": "HD_HCIP_OVRL_TO",
        "reason": "Human Capital Index can tempt players because it shares a strong country ranking with this map, but its unit and definition point to a different story."
      }
    ],
    "difficultyReason": "Expert difficulty: the map can be mistaken for adjacent indicators unless players probe a high, low, and middle country.",
    "regionalSignals": [
      "Economic-share maps are not the same as raw totals.",
      "Small open economies can dominate percentage maps."
    ]
  },
  "editorialReview": {
    "status": "expert_only",
    "reviewedAt": "2026-07-02",