{
  "schemaVersion": "1.1.0",
  "id": "household-consumption",
  "providerCode": "NE.CON.PRVT.ZS",
  "title": "Households and NPISHs final consumption expenditure (% of GDP)",
  "shortTitle": "Household consumption",
  "category": "economy",
  "difficulty": "standard",
  "definition": "This field includes expenditure on goods and services by the Household and NPISH sector for the direct satisfaction of human needs or wants, whether individual or collective. This indicator is expressed as a percentage of Gross Domestic Product (GDP) which is the total income earned through the production of goods and services in an economic territory during an accounting period.",
  "unit": "percent of GDP",
  "year": 2023,
  "valuesByIso3": {
    "AFG": 98.0710039899031,
    "AGO": 64.6608126621731,
    "ALB": 69.9537568857223,
    "ARE": 44.8718042233488,
    "ARG": 65.6351973299487,
    "ARM": 66.3615571271776,
    "AUS": 50.524153351186,
    "AUT": 51.6954048081208,
    "AZE": 53.9848645803892,
    "BDI": 58.1991034627493,
    "BEL": 49.8526253439918,
    "BEN": 60.6205330585091,
    "BFA": 63.9589418553944,
    "BGD": 68.5753162931573,
    "BGR": 57.6453672325702,
    "BHS": 63.3960435588326,
    "BIH": 69.7123214884356,
    "BLR": 53.9328069587877,
    "BLZ": 63.6731418529184,
    "BOL": 68.9661157909804,
    "BRA": 62.9243232230086,
    "BRN": 27.5947220886584,
    "BTN": 59.3592798149802,
    "BWA": 42.8941728213824,
    "CAF": 97.3649999972063,
    "CAN": 54.3804131828578,
    "CHE": 51.0613614898977,
    "CHL": 60.4412052921836,
    "CHN": 39.568245214664,
    "CIV": 70.1396633621975,
    "CMR": 73.6587029794592,
    "COD": 51.6673490307249,
    "COG": 44.108280717408,
    "COL": 73.6310097048901,
    "CRI": 64.510647827062,
    "CUB": 81.139390869678,
    "CYP": 58.04666921811,
    "CZE": 43.7565791148557,
    "DEU": 49.5271264732859,
    "DJI": 71.059363115226,
    "DNK": 45.7400713789682,
    "DOM": 68.1036779298913,
    "DZA": 40.6363836760009,
    "ECU": 65.6316810073232,
    "EGY": 78.9599621876046,
    "ESP": 54.2854300519242,
    "EST": 52.0428180906446,
    "ETH": 78.9191890809343,
    "FIN": 53.3850348912215,
    "FRA": 53.2795644429774,
    "GAB": 34.4798939372208,
    "GBR": 60.3642442819541,
    "GEO": 71.4697191156864,
    "GHA": 85.2301166069267,
    "GIN": 70.6468224495414,
    "GMB": 92.8123916254424,
    "GNB": 72.989592180403,
    "GNQ": 52.67525676687,
    "GRC": 67.0517084835345,
    "GRL": 32.5870787865037,
    "GTM": 87.3674130333781,
    "HND": 86.9388698232651,
    "HRV": 56.5755583116064,
    "HTI": 100.173542114338,
    "HUN": 49.3123739485497,
    "IDN": 54.4255527807226,
    "IND": 60.1880888009879,
    "IRL": 26.0118450684784,
    "IRN": 43.4945916321664,
    "IRQ": 39.7848322529153,
    "ISL": 48.9549986891846,
    "ISR": 47.9577354656336,
    "ITA": 57.9611180183419,
    "KAZ": 51.6743656329957,
    "KEN": 76.9538720240847,
    "KGZ": 88.2691924152565,
    "KHM": 60.3270643695032,
    "KOR": 49.9486442283876,
    "KWT": 38.3010190510264,
    "LBN": 136.037027564642,
    "LBY": 33.2095327984899,
    "LKA": 70.79543120746,
    "LSO": 92.8642561345521,
    "LTU": 57.3241995649036,
    "LUX": 31.1185675488431,
    "LVA": 62.3501041509196,
    "MAR": 61.1337761519919,
    "MDA": 85.7545426557627,
    "MDG": 71.5696477957309,
    "MEX": 69.7680753109004,
    "MKD": 68.4380818717181,
    "MLI": 73.6464588884515,
    "MNE": 75.0389480281434,
    "MNG": 44.522259164658,
    "MOZ": 78.0829684647027,
    "MRT": 54.3207258617104,
    "MWI": 85.1779698388011,
    "MYS": 60.4640226574717,
    "NAM": 73.7493322840065,
    "NCL": 61.9082904106426,
    "NER": 63.9383490424265,
    "NIC": 78.2580374784937,
    "NLD": 42.8396212670205,
    "NOR": 37.7153728889541,
    "NPL": 86.1538474692985,
    "OMN": 37.768712680713,
    "PAK": 83.1673509471454,
    "PAN": 47.3336664667287,
    "PER": 63.7659625773052,
    "PHL": 76.5188442185182,
    "POL": 57.645711588587,
    "PRI": 77.9578588250771,
    "PRT": 61.4592982575737,
    "PRY": 65.9917043314123,
    "PSE": 98.9791516088728,
    "ROU": 61.4764148268734,
    "RUS": 49.2595844884618,
    "RWA": 74.523471786113,
    "SAU": 43.5486461669627,
    "SDN": 80.6600440228371,
    "SEN": 75.1841057095837,
    "SLB": 77.0464537257531,
    "SLE": 88.1540051454861,
    "SLV": 79.1721436264139,
    "SOM": 128.47234896879,
    "SRB": 62.5999736785656,
    "SVK": 58.5863257195733,
    "SVN": 52.2432487440126,
    "SWE": 44.22564379043,
    "SWZ": 62.477431333149,
    "TCD": 59.957323528304,
    "THA": 57.4814304558569,
    "TJK": 89.5803805028084,
    "TLS": 70.0492364020734,
    "TUN": 78.4233085649332,
    "TUR": 54.0316865126121,
    "TZA": 54.1194004566407,
    "UGA": 71.6102539562648,
    "UKR": 60.982480132276,
    "UZB": 68.4481117376764,
    "VNM": 54.3121195084434,
    "ZAF": 64.1944347048698,
    "ZMB": 47.1051102997818,
    "ZWE": 84.0650763803385
  },
  "stats": {
    "coverage": 144,
    "min": 26.0118450684784,
    "max": 136.037027564642,
    "median": 62.1291972807811,
    "quantileBreaks": [
      26.0118450684784,
      45.24391871861426,
      53.85455380627825,
      60.227796106277985,
      64.42030122072137,
      71.48399464140704,
      80.02237242437002,
      136.037027564642
    ]
  },
  "formatting": {
    "maximumFractionDigits": 1,
    "suffix": "% of GDP"
  },
  "source": {
    "provider": "World Bank",
    "dataset": "World Development Indicators",
    "attribution": "The World Bank",
    "sourceReference": "https://api.worldbank.org/v2/indicator/NE.CON.PRVT.ZS?format=json&per_page=1",
    "valuesReference": "https://api.worldbank.org/v2/country/all/indicator/NE.CON.PRVT.ZS?format=json&per_page=20000&page=1&date=2015%3A2025",
    "license": "Creative Commons Attribution 4.0 International unless specifically labeled otherwise by World Bank metadata",
    "licenseReference": "https://www.worldbank.org/en/about/legal/terms-of-use-for-datasets",
    "retrievedAt": "2026-06-22T18:07:04.816792+00:00",
    "checksum": "56d32c54b2a59dbaa9368055f81a5dac4d7899568e3029df57d4da806a1a6859",
    "sourceOrganization": "Country official statistics, National Statistical Organizations and/or Central Banks;\nNational Accounts data files, Organisation for Economic Co-operation and Development (OECD);\nStaff estimates, World Bank (WB)"
  },
  "reviewStatus": "approved",
  "contentVersion": "2026.06.22-exp2-qa1",
  "editorial": {
    "shortHook": "A candidate map for household consumption.",
    "patternNote": "The darkest countries include Lebanon, Somalia, Fed. Rep., Haiti, while the lightest include Ireland, Brunei Darussalam, Luxembourg; that contrast is the fastest way to read the household consumption pattern.",
    "whyItMatters": "Household consumption may add useful WORLDPRINT variety once source coverage, unit clarity, map interest, and distractor ambiguity are reviewed.",
    "bestProbeCountries": [
      {
        "iso3": "LBN",
        "reason": "High anchor: this country sits near the darkest end of the map."
      },
      {
        "iso3": "IRL",
        "reason": "Low anchor: this country clarifies the lightest end of the scale."
      },
      {
        "iso3": "LVA",
        "reason": "Middle check: this country helps separate a true pattern from one-off outliers."
      }
    ],
    "commonConfusions": [
      {
        "confusedWithIndicatorCode": "NY.GDS.TOTL.ZS",
        "reason": "Domestic savings can tempt players because it shares a strong country ranking with this map, but its unit and definition point to a different story."
      },
      {
        "confusedWithIndicatorCode": "EN.GHG.ALL.PC.CE.AR5",
        "reason": "Greenhouse gas emissions per capita can tempt players because it shares a strong country ranking with this map, but its unit and definition point to a different story."
      },
      {
        "confusedWithIndicatorCode": "EG.USE.PCAP.KG.OE",