{
  "schemaVersion": "1.1.0",
  "id": "human-capital-education-index",
  "providerCode": "HD_HCIP_EDUC_TO",
  "title": "Human capital index plus (HCI+): education pillar score, total (scale 0–188)",
  "shortTitle": "Human capital education index",
  "category": "education",
  "difficulty": "expert",
  "definition": "The human capital index plus (HCI+): education pillar score aggregates human capital accumulated during formal schooling. This includes pre-school, primary, secondary, and tertiary schooling. The measure also captures learning quality through harmonized learning outcomes.",
  "unit": "index from 0 to 1",
  "year": 2025,
  "valuesByIso3": {
    "AFG": 30.5461120550569,
    "ALB": 120.711990833643,
    "ARE": 147.36036614728,
    "ARG": 110.420383444681,
    "ARM": 138.732864550104,
    "AUS": 160.764217995179,
    "AUT": 148.202428051263,
    "AZE": 122.443889414127,
    "BDI": 43.4781217179797,
    "BEL": 152.024840612204,
    "BEN": 51.789415891137,
    "BFA": 39.0290873517231,
    "BGD": 77.4609654615648,
    "BGR": 135.947962045667,
    "BIH": 114.965656415905,
    "BLR": 145.453796657656,
    "BRA": 114.514312306117,
    "BRN": 117.36512914528,
    "BTN": 74.650643703417,
    "BWA": 86.0798250347876,
    "CAF": 44.0218046614065,
    "CAN": 153.044181991372,
    "CHE": 154.447397879583,
    "CHL": 137.891417614386,
    "CHN": 127.489520906067,
    "CIV": 47.3267523881573,
    "CMR": 58.1504367428421,
    "COD": 62.7087593618149,
    "COG": 61.1821322712297,
    "COL": 114.943322448265,
    "CRI": 107.111324881714,
    "CUB": 127.545439060492,
    "CYP": 152.9576002616,
    "CZE": 148.114596000711,
    "DEU": 148.05230112006,
    "DJI": 38.4513894830445,
    "DNK": 157.026813435483,
    "DOM": 85.5374605537423,
    "DZA": 94.5207964250058,
    "ECU": 102.26667224113,
    "EGY": 95.301727428088,
    "ESP": 147.718319341064,
    "EST": 155.961423071836,
    "ETH": 57.5883281475053,
    "FIN": 154.504998907766,
    "FJI": 120.305439232675,
    "FRA": 152.459220484053,
    "GAB": 70.4983262872319,
    "GBR": 158.087343241315,
    "GEO": 132.209671510062,
    "GHA": 80.4912084059566,
    "GIN": 50.5061709748372,
    "GMB": 59.4373858545828,
    "GNB": 48.106097759578,
    "GRC": 134.967149503065,
    "GTM": 63.1642548215016,
    "GUY": 93.0416076283363,
    "HND": 65.2722616236009,
    "HRV": 146.687169952474,
    "HTI": 81.1702054164317,
    "HUN": 137.406556154695,
    "IDN": 96.5233421034342,
    "IND": 97.2933488487244,
    "IRL": 162.418246181426,
    "IRN": 120.293432683894,
    "ISL": 151.610236203648,
    "ISR": 146.957657630631,
    "ITA": 140.247998955799,
    "JAM": 106.275733319351,
    "JOR": 107.760198973912,
    "JPN": 172.465897427736,
    "KAZ": 130.223061654029,
    "KEN": 108.951813887549,
    "KGZ": 120.097007523894,
    "KHM": 69.9105734304694,
    "KOR": 170.788667542723,
    "KWT": 95.3613573448891,
    "LAO": 66.4865847775093,
    "LBN": 86.550858094505,
    "LSO": 46.7497171855583,
    "LTU": 159.066058666515,
    "LUX": 143.495229612046,
    "LVA": 154.371470422139,
    "MAR": 86.8956122051804,
    "MDA": 137.433294184401,
    "MDG": 43.8549533421582,
    "MEX": 108.362262516471,
    "MKD": 120.875769824493,
    "MLI": 32.6334353926879,
    "MMR": 76.3362758142522,
    "MNE": 133.317882044272,
    "MNG": 128.102448960398,
    "MWI": 52.7360483906695,
    "MYS": 111.123976485278,
    "NAM": 78.0738791683218,
    "NER": 30.0398052159314,
    "NGA": 63.6623285306096,
    "NIC": 95.6771872827017,
    "NLD": 159.114010558421,
    "NOR": 157.541157018109,
    "NPL": 82.6693919998016,
    "NZL": 155.044917028352,
    "OMN": 108.811862243832,
    "PAK": 70.6504423741136,
    "PAN": 91.1589712591842,
    "PER": 116.680640331924,
    "PHL": 98.3703783599623,
    "POL": 160.443587074758,
    "PRT": 149.832073031889,
    "PRY": 89.6476601131164,
    "PSE": 109.493781094044,
    "QAT": 108.078165859202,
    "ROU": 117.006160805453,
    "RUS": 153.407862430627,
    "RWA": 83.8868469547616,
    "SAU": 124.438097886775,
    "SDN": 65.2913605732106,
    "SEN": 55.0015622685072,
    "SLE": 59.4903003308988,
    "SLV": 75.0249842951207,
    "SRB": 141.931999560982,
    "SSD": 36.362814683202,
    "SVK": 138.886501325075,
    "SVN": 152.02066205629,
    "SWE": 162.110311359558,
    "SWZ": 87.8730722075344,
    "TCD": 36.0409595331088,
    "TGO": 63.0676397227094,
    "THA": 114.281471915186,
    "TJK": 87.7725883014248,
    "TKM": 112.135967069085,
    "TTO": 103.089269091391,
    "TUN": 98.206008682773,
    "TUR": 149.038984874864,
    "TZA": 52.4545521582904,
    "UGA": 67.7024219916139,
    "UKR": 138.908900541075,
    "URY": 112.867025231082,
    "USA": 151.43302240724,
    "UZB": 98.1446103238397,
    "VNM": 123.759199811242,
    "VUT": 84.15007902015,
    "ZAF": 80.6357731178176,
    "ZMB": 64.5192216387071,
    "ZWE": 78.6588282492936
  },
  "stats": {
    "coverage": 145,
    "min": 30.0398052159314,
    "max": 172.465897427736,
    "median": 108.811862243832,
    "quantileBreaks": [
      30.0398052159314,
      59.467622698191946,
      80.51186050765102,
      97.90139275952103,
      115.45565182048185,
      137.42947446587158,
      152.02245286596744,
      172.465897427736
    ]
  },
  "formatting": {
    "maximumFractionDigits": 2,
    "suffix": " index"
  },
  "source": {
    "provider": "World Bank",
    "dataset": "World Development Indicators",
    "attribution": "The World Bank",
    "sourceReference": "https://api.worldbank.org/v2/indicator/HD_HCIP_EDUC_TO?format=json&per_page=1",
    "valuesReference": "https://api.worldbank.org/v2/country/all/indicator/HD_HCIP_EDUC_TO?format=json&per_page=20000&page=1&date=2015%3A2025",
    "license": "Creative Commons Attribution 4.0 International unless specifically labeled otherwise by World Bank metadata",
    "licenseReference": "https://www.worldbank.org/en/about/legal/terms-of-use-for-datasets",
    "retrievedAt": "2026-07-02T22:54:12.355781+00:00",
    "checksum": "2d586304a2ec3d76eef0062f246f38c11b339f0c3c7225e93cbde3eb971a4d5e",
    "sourceOrganization": "Staff calculations based on the Human Capital Project, World Bank (WB), uri: https://humancapital.worldbank.org/en/home"
  },
  "reviewStatus": "approved",
  "contentVersion": "2026.07.02-exp4-content50",
  "editorial": {
    "shortHook": "An education-capital map.",
    "patternNote": "The darkest countries include Japan, Korea, Rep., Ireland, while the lightest include Niger, Afghanistan, Mali; that contrast is the fastest way to read the human capital education index pattern.",
    "whyItMatters": "The education component of human capital gives advanced players a compact education-quality signal beyond enrollment.",
    "bestProbeCountries": [
      {
        "iso3": "JPN",
        "reason": "High anchor: this country sits near the darkest end of the map."
      },
      {
        "iso3": "NER",
        "reason": "Low anchor: this country clarifies the lightest end of the scale."
      },
      {
        "iso3": "OMN",
        "reason": "Middle check: this country helps separate a true pattern from one-off outliers."
      }
    ],
    "commonConfusions": [
      {
        "confusedWithIndicatorCode": "HD_HCIP_OVRL_TO",
        "reason": "Human Capital Index can tempt players because it shares a strong country ranking with this map, but its unit and definition point to a different story."
      },
      {
        "confusedWithIndicatorCode": "IT.NET.SECR.P6",
        "reason": "Secure internet servers can tempt players because it shares a strong country ranking with this map, but its unit and definition point to a different story."
      },
      {
        "confusedWithIndicatorCode": "SH.DYN.MORT",
        "reason": "Under-5 mortality can tempt players because it shares a strong country ranking with this map, but its unit and definition point to a different story."
      }
    ],