{
  "schemaVersion": "1.1.0",
  "id": "human-capital-index",
  "providerCode": "HD_HCIP_OVRL_TO",
  "title": "Human capital index plus (HCI+): overall score, total (scale 0–325)",
  "shortTitle": "Human Capital Index",
  "category": "development",
  "difficulty": "standard",
  "definition": "The human capital index plus (HCI+): overall score calculates the contributions of health, education, and on-the-job learning to worker productivity. The index measures the productivity of a child born today as a future worker relative to the benchmark of full health, complete education, and full employment in wage employment.",
  "unit": "index from 0 to 1",
  "year": 2025,
  "valuesByIso3": {
    "AFG": 80.2485372320575,
    "ALB": 203.459741321192,
    "ARE": 262.769818900107,
    "ARG": 199.918168428304,
    "ARM": 223.605451269278,
    "AUS": 269.984965083665,
    "AUT": 252.119368847511,
    "AZE": 207.515782692056,
    "BDI": 114.25951684727,
    "BEL": 246.007415156981,
    "BEN": 124.776337202293,
    "BFA": 107.134396967593,
    "BGD": 146.7078335973,
    "BGR": 226.234387784634,
    "BIH": 191.624202512709,
    "BLR": 250.419940662448,
    "BRA": 202.918398704556,
    "BRN": 207.618978552671,
    "BTN": 151.233351326266,
    "BWA": 156.905382826979,
    "CAF": 105.950487304105,
    "CAN": 256.888938337996,
    "CHE": 264.915676386724,
    "CHL": 226.150644265244,
    "CHN": 218.194501157773,
    "CIV": 114.614230404904,
    "CMR": 126.931815193658,
    "COD": 121.542729897707,
    "COG": 124.758870547647,
    "COL": 197.634190932185,
    "CRI": 192.460526848094,
    "CYP": 257.18390053541,
    "CZE": 249.672229273336,
    "DEU": 257.354609424053,
    "DJI": 72.4308511986611,
    "DNK": 265.178774312543,
    "DOM": 173.667837180522,
    "DZA": 155.067203804097,
    "ECU": 184.17601580933,
    "EGY": 161.193015955761,
    "ESP": 240.509349347421,
    "EST": 262.158629983184,
    "ETH": 123.430698691138,
    "FIN": 256.79108789099,
    "FJI": 192.830506398657,
    "FRA": 251.244449185312,
    "GAB": 129.370289734272,
    "GBR": 261.200767838187,
    "GEO": 207.3034765733,
    "GHA": 151.103548422827,
    "GIN": 104.287671577352,
    "GMB": 113.903912570953,
    "GNB": 112.551019865699,
    "GRC": 221.945548275141,
    "GTM": 142.320706893762,
    "GUY": 158.343352175498,
    "HND": 140.426922489937,
    "HRV": 239.869595662273,
    "HTI": 141.173976068942,
    "HUN": 235.934126230516,
    "IDN": 175.368980057936,
    "IND": 158.761159883466,
    "IRL": 269.52288696857,
    "IRN": 180.455321718084,
    "ISL": 266.661214930692,
    "ISR": 248.570777889358,
    "ITA": 224.887290284884,
    "JAM": 200.125337175894,
    "JOR": 170.209690385734,
    "JPN": 283.794481765171,
    "KAZ": 229.787517348898,
    "KEN": 170.810173552016,
    "KGZ": 197.504551602378,
    "KHM": 138.916587206256,
    "KOR": 266.902286947982,
    "KWT": 194.502456825832,
    "LAO": 135.560140991602,
    "LBN": 160.100531946259,
    "LSO": 99.4602630441549,
    "LTU": 258.178006808676,
    "LUX": 239.86369476281,
    "LVA": 252.575868107477,
    "MAR": 147.050940879989,
    "MDA": 221.72119017642,
    "MDG": 119.213786287104,
    "MEX": 193.468533715888,
    "MKD": 202.451581213171,
    "MLI": 93.4526580680485,
    "MMR": 149.185531689632,
    "MNE": 218.864610323482,
    "MNG": 209.453827978017,
    "MWI": 123.841689144642,
    "MYS": 200.617273303235,
    "NAM": 140.689700953747,
    "NER": 101.470599643395,
    "NGA": 130.687436466829,
    "NIC": 178.080323441416,
    "NLD": 270.627627757936,
    "NOR": 266.006945772632,
    "NPL": 133.214866816606,
    "NZL": 263.66833343592,
    "OMN": 206.17282490536,
    "PAK": 129.581274572444,
    "PAN": 174.161556698804,
    "PER": 206.373846063001,
    "PHL": 175.448312088346,
    "POL": 259.093863791164,
    "PRT": 249.355005800635,
    "PRY": 180.840572907759,
    "PSE": 157.935687934005,
    "QAT": 228.588401444874,
    "ROU": 198.648041679,
    "RUS": 248.790457136841,
    "RWA": 156.944200946409,
    "SAU": 209.765196729666,
    "SDN": 109.275764568178,
    "SEN": 109.36866625024,
    "SLE": 116.63967001977,
    "SLV": 156.675182316704,
    "SRB": 230.386376813325,
    "SVK": 232.007657400246,
    "SVN": 252.553635723346,
    "SWE": 270.012235561226,
    "SWZ": 133.524393758374,
    "TCD": 89.3808236267492,
    "TGO": 136.164178497012,
    "THA": 202.297187373807,
    "TJK": 138.469191684176,
    "TKM": 178.768794380418,
    "TTO": 189.999056876157,
    "TUN": 161.163455429672,
    "TUR": 228.232515594739,
    "TZA": 132.631068631231,
    "UGA": 145.176022527982,
    "UKR": 220.311625686497,
    "URY": 204.588746951467,
    "USA": 251.724106430326,
    "UZB": 169.612080696624,
    "VNM": 214.368419596821,
    "VUT": 136.446004491691,
    "ZAF": 132.135890722015,
    "ZMB": 129.684500367016,
    "ZWE": 139.392818132141
  },
  "stats": {
    "coverage": 143,
    "min": 72.4308511986611,
    "max": 283.794481765171,
    "median": 192.460526848094,
    "quantileBreaks": [
      72.4308511986611,
      124.763861020403,
      143.952315827602,
      174.09102533904942,
      202.31924363657328,
      226.1865343449826,
      252.56951599772526,
      283.794481765171
    ]
  },
  "formatting": {
    "maximumFractionDigits": 2,
    "suffix": " index"
  },
  "source": {
    "provider": "World Bank",
    "dataset": "World Development Indicators",
    "attribution": "The World Bank",
    "sourceReference": "https://api.worldbank.org/v2/indicator/HD_HCIP_OVRL_TO?format=json&per_page=1",
    "valuesReference": "https://api.worldbank.org/v2/country/all/indicator/HD_HCIP_OVRL_TO?format=json&per_page=20000&page=1&date=2015%3A2025",
    "license": "Creative Commons Attribution 4.0 International unless specifically labeled otherwise by World Bank metadata",
    "licenseReference": "https://www.worldbank.org/en/about/legal/terms-of-use-for-datasets",
    "retrievedAt": "2026-07-02T22:54:10.271316+00:00",
    "checksum": "050144238ed53c54de72a33b6bb20ffdcc8f744cc0521e24b04e6b7d7094c608",
    "sourceOrganization": "Staff calculations based on the Human Capital Project, World Bank (WB), uri: https://humancapital.worldbank.org/en/home"
  },
  "reviewStatus": "approved",
  "contentVersion": "2026.07.02-exp4-content50",
  "editorial": {
    "shortHook": "A human-capital map.",
    "patternNote": "The darkest countries include Japan, Netherlands, Sweden, while the lightest include Djibouti, Afghanistan, Chad; that contrast is the fastest way to read the human capital index pattern.",
    "whyItMatters": "The Human Capital Index blends health and education outcomes into a broad but still geographically interesting development puzzle.",
    "bestProbeCountries": [
      {
        "iso3": "JPN",
        "reason": "High anchor: this country sits near the darkest end of the map."
      },
      {
        "iso3": "DJI",
        "reason": "Low anchor: this country clarifies the lightest end of the scale."
      },
      {
        "iso3": "CRI",
        "reason": "Middle check: this country helps separate a true pattern from one-off outliers."
      }
    ],
    "commonConfusions": [
      {
        "confusedWithIndicatorCode": "HD_HCIP_EDUC_TO",
        "reason": "Human capital education index can tempt players because it shares a strong country ranking with this map, but its unit and definition point to a different story."
      },
      {
        "confusedWithIndicatorCode": "SH.DYN.MORT",
        "reason": "Under-5 mortality can tempt players because it shares a strong country ranking with this map, but its unit and definition point to a different story."
      },
      {
        "confusedWithIndicatorCode": "SP.DYN.IMRT.IN",
        "reason": "Infant mortality can tempt players because it shares a strong country ranking with this map, but its unit and definition point to a different story."
      }
    ],