{
  "schemaVersion": "1.1.0",
  "id": "hydro-electricity-share",
  "providerCode": "EG.ELC.HYRO.ZS",
  "title": "Electricity production from hydroelectric sources (% of total)",
  "shortTitle": "Hydroelectricity share",
  "category": "energy",
  "difficulty": "standard",
  "definition": "The share of electricity production from hydroelectric sources of total electricity production. Sources of electricity refer to the inputs used to generate electricity. Hydropower refers to electricity produced by hydroelectric power plants.",
  "unit": "percent of electricity production",
  "year": 2023,
  "valuesByIso3": {
    "AGO": 71.4604165339787,
    "ALB": 96.6910948256718,
    "ARG": 27.1847534960094,
    "ARM": 18.6804451510334,
    "AUS": 6.07197767365944,
    "AUT": 59.401224767521,
    "AZE": 6.016038218734,
    "BEL": 1.97339325627816,
    "BFA": 4.95821727019499,
    "BGD": 0.640060240963855,
    "BGR": 7.77543162340082,
    "BIH": 39.3424498108816,
    "BLR": 0.71926922246997,
    "BOL": 19.406850459482,
    "BRA": 60.2032798376475,
    "CAN": 56.9998199057823,
    "CHE": 55.4708646996243,
    "CHL": 26.044019308268,
    "CHN": 13.4678671155083,
    "CIV": 23.5363342159459,
    "CMR": 74.6686303387334,
    "COD": 99.5215311004785,
    "COG": 35.0086157380816,
    "COL": 64.8377376244833,
    "CRI": 69.3223443223443,
    "CUB": 0.534705407586764,
    "CZE": 4.45041816009558,
    "DEU": 4.9497832504039,
    "DNK": 0.056326337009368,
    "DOM": 5.92574277825854,
    "DZA": 0.0240517845378397,
    "ECU": 71.6842938747808,
    "EGY": 7.18542276762888,
    "ESP": 10.8804393451798,
    "EST": 0.4177545691906,
    "ETH": 96.4858410098942,
    "FIN": 18.6411577140054,
    "FRA": 11.5759236008066,
    "GAB": 46.2372448979592,
    "GBR": 2.47619630150672,
    "GEO": 75.4637026745398,
    "GHA": 37.8523158068238,
    "GNQ": 31.8070818070818,
    "GRC": 8.10161070598606,
    "GTM": 30.621030345801,
    "HND": 26.9829253932206,
    "HRV": 47.021264466108,
    "HUN": 0.624560416373611,
    "IDN": 5.67295713560651,
    "IND": 7.24238666059989,
    "IRL": 3.88358658796936,
    "IRN": 4.39727026599072,
    "IRQ": 0.955119078883713,
    "ISL": 70.2712048609396,
    "ISR": 0.0,
    "ITA": 15.8917481376267,
    "JAM": 2.35092968583031,
    "JOR": 0.0924602841052366,
    "JPN": 8.47725223607886,
    "KAZ": 7.75542545230444,
    "KEN": 20.9871683854208,
    "KGZ": 86.7027027027027,
    "KHM": 34.4917582417582,
    "KOR": 1.22812906817754,
    "LAO": 75.9257086999022,
    "LBN": 8.7612323491656,
    "LKA": 38.040143185886,
    "LTU": 16.5272666443627,
    "LUX": 48.565815324165,
    "LVA": 59.4019101299515,
    "MAR": 1.17819313216353,
    "MDA": 4.73151750972763,
    "MDG": 37.2392870686386,
    "MEX": 5.46746626213656,
    "MKD": 23.5927272727273,
    "MMR": 44.2078689149281,
    "MNE": 53.0578117534639,
    "MNG": 0.76041038020519,
    "MOZ": 82.7800934063175,
    "MYS": 16.5276237654545,
    "NAM": 70.0,
    "NGA": 22.2344295515027,
    "NIC": 10.3646408839779,
    "NLD": 0.0567247615915817,
    "NOR": 89.0758255592498,
    "NPL": 99.0928407976463,
    "NZL": 59.4957682145896,
    "PAK": 26.7937925141907,
    "PAN": 46.8878718535469,
    "PER": 47.8058641772402,
    "PHL": 8.71609770976844,
    "POL": 2.23109188465721,
    "PRK": 62.7831200826512,
    "PRT": 30.3162530840283,
    "PRY": 99.5682585169963,
    "ROU": 32.1634300300093,
    "RUS": 17.4181514893558,
    "RWA": 49.6632996632997,
    "SDN": 79.9332730937652,
    "SLV": 18.7738549618321,
    "SRB": 32.6779423888875,
    "SUR": 61.0383309073265,
    "SVK": 16.8143664515266,
    "SVN": 33.5180753243482,
    "SWE": 39.8812713359383,
    "SWZ": 53.910149750416,
    "SYR": 3.0167240137633,
    "TGO": 12.8133704735376,
    "THA": 3.44606033410162,
    "TJK": 94.3781162801336,
    "TKM": 0.0153374233128834,
    "TUN": 0.0423031727379553,
    "TUR": 19.3273098433329,
    "TZA": 25.5200453857791,
    "UGA": 89.8467432950192,
    "UKR": 11.7424530453958,
    "URY": 27.1715610510046,
    "USA": 6.03900381332988,
    "UZB": 9.33699278872027,
    "VEN": 89.9876302731293,
    "VNM": 29.4125160574565,
    "ZAF": 2.90917495606365,
    "ZMB": 87.7850832134785,
    "ZWE": 45.0939199209095
  },
  "stats": {
    "coverage": 124,
    "min": 0.0,
    "max": 99.5682585169963,
    "median": 22.8853818837243,
    "quantileBreaks": [
      0.0,
      2.2995706281846955,
      7.193560466624739,
      16.732439969791713,
      29.670726636477006,
      47.00220837859927,
      70.78086700652777,
      99.5682585169963
    ]
  },
  "formatting": {
    "maximumFractionDigits": 1,
    "suffix": "%"
  },
  "source": {
    "provider": "World Bank",
    "dataset": "World Development Indicators",
    "attribution": "The World Bank",
    "sourceReference": "https://api.worldbank.org/v2/indicator/EG.ELC.HYRO.ZS?format=json&per_page=1",
    "valuesReference": "https://api.worldbank.org/v2/country/all/indicator/EG.ELC.HYRO.ZS?format=json&per_page=20000&page=1&date=2015%3A2025",
    "license": "Creative Commons Attribution 4.0 International unless specifically labeled otherwise by World Bank metadata",
    "licenseReference": "https://www.worldbank.org/en/about/legal/terms-of-use-for-datasets",
    "retrievedAt": "2026-07-02T22:34:29.750562+00:00",
    "checksum": "7adffbfeb79da92e35b5047baed0b467f636a37ec0ab8e8b9325dab6bff778b8",
    "sourceOrganization": "IEA Energy Statistics Data Browser, International Energy Agency (IEA), uri: https://www.iea.org/data-and-statistics/data-tools/energy-statistics-data-browser, publisher: International Energy Agency (IEA), date accessed: 2025-03-25"
  },
  "reviewStatus": "approved",
  "contentVersion": "2026.07.02-exp4-content50",
  "editorial": {
    "shortHook": "A candidate map for hydroelectricity share.",
    "patternNote": "The darkest countries include Paraguay, Congo, Dem. Rep., Nepal, while the lightest include Israel, Turkmenistan, Algeria; that contrast is the fastest way to read the hydroelectricity share pattern.",
    "whyItMatters": "Hydroelectricity share may add useful WORLDPRINT variety once source coverage, unit clarity, map interest, and distractor ambiguity are reviewed.",
    "bestProbeCountries": [
      {
        "iso3": "PRY",
        "reason": "High anchor: this country sits near the darkest end of the map."
      },
      {
        "iso3": "ISR",
        "reason": "Low anchor: this country clarifies the lightest end of the scale."
      },
      {
        "iso3": "CIV",
        "reason": "Middle check: this country helps separate a true pattern from one-off outliers."
      }
    ],
    "commonConfusions": [
      {
        "confusedWithIndicatorCode": "EG.ELC.RNEW.ZS",
        "reason": "Renewable electricity can tempt players because it shares a strong country ranking with this map, but its unit and definition point to a different story."
      },
      {
        "confusedWithIndicatorCode": "EG.ELC.FOSL.ZS",
        "reason": "Fossil electricity share can tempt players because it shares a strong country ranking with this map, but its unit and definition point to a different story."
      },
      {
        "confusedWithIndicatorCode": "EG.FEC.RNEW.ZS",
        "reason": "Renewable energy consumption can tempt players because it shares a strong country ranking with this map, but its unit and definition point to a different story."
      }
    ],
    "difficultyReason": "Standard difficulty: the map has readable regional structure, but the best answer still depends on checking the unit and country anchors.",
    "regionalSignals": [
      "Energy maps often separate access, consumption, and production mix.",
      "Look for hydro, fossil-fuel, and low-access signals."
    ]
  },
  "editorialReview": {
    "status": "practice_eligible",
    "reviewedAt": "2026-07-02",
    "reviewedBy": "Codex editorial QA",
    "qualityScore": 3,
    "funScore": 4,
    "fairnessScore": 4,
    "ambiguityRisk": "medium",
    "dailyEligible": false,
    "practiceEligible": true,