{
  "schemaVersion": "1.1.0",
  "id": "ict-service-exports",
  "providerCode": "BX.GSR.CCIS.ZS",
  "title": "ICT service exports (% of service exports, BoP)",
  "shortTitle": "ICT service exports",
  "category": "connectivity",
  "difficulty": "expert",
  "definition": "Information and communication technology service exports include computer and communications services (telecommunications and postal and courier services) and information services (computer data and news-related service transactions).",
  "unit": "percent of service exports",
  "year": 2024,
  "valuesByIso3": {
    "AGO": 22.3087695729056,
    "ALB": 2.98437302423958,
    "ARE": 4.58026730740353,
    "ARG": 15.740613131832,
    "ARM": 20.1631222184293,
    "AUS": 2.98037157487473,
    "AUT": 12.53916861103,
    "AZE": 1.36999947912043,
    "BDI": 2.83883189635632,
    "BEL": 14.6697052675351,
    "BGD": 9.51203440588108,
    "BGR": 25.5505150604287,
    "BIH": 13.5766902871611,
    "BLZ": 10.0027782148162,
    "BOL": 4.33936656750337,
    "BRA": 12.8530444076812,
    "BRN": 3.60783930779079,
    "BTN": 0.447055216258853,
    "BWA": 3.7792558648578,
    "CAN": 14.4447899140379,
    "CHE": 12.7476065696781,
    "CHL": 5.66245224602403,
    "CHN": 16.9375279540385,
    "CIV": 9.87269575792785,
    "CMR": 10.479456496953,
    "COD": 1.26372827938891,
    "COL": 11.4407204434867,
    "CRI": 14.2776211889662,
    "CYP": 29.7104200257727,
    "CZE": 17.9113983125881,
    "DEU": 11.4757887460968,
    "DJI": 6.86389417502454,
    "DNK": 7.45621210752859,
    "DOM": 0.357359217485416,
    "DZA": 1.72411735051471,
    "ECU": 2.45421153353899,
    "EGY": 5.76658761386299,
    "ESP": 10.3676098474106,
    "EST": 25.9425743305066,
    "ETH": 0.559793640362197,
    "FIN": 33.3953910357505,
    "FJI": 0.474598239547193,
    "FRA": 7.56867927222552,
    "GBR": 9.24844808246729,
    "GEO": 10.9296906577784,
    "GHA": 1.41070797624362,
    "GIN": 51.7696629213483,
    "GMB": 0.305249223942141,
    "GNB": 29.3577489854337,
    "GRC": 3.18525209187134,
    "GTM": 11.9639534767402,
    "HND": 2.20095833422763,
    "HRV": 7.77316155129731,
    "HTI": 2.07111744478863,
    "HUN": 11.1075832784513,
    "IDN": 9.61906733477209,
    "IND": 47.4135569645014,
    "IRL": 57.3696073257846,
    "IRQ": 0.905411893819878,
    "ISL": 7.46882100236492,
    "ISR": 63.961714871638,
    "ITA": 5.94784342686848,
    "JAM": 2.42703444865298,
    "JOR": 0.509793399517038,
    "JPN": 4.83083371130081,
    "KAZ": 7.23521044258557,
    "KEN": 10.6089745270793,
    "KHM": 6.32032986261647,
    "KOR": 11.6286945379275,
    "KWT": 44.7811307481638,
    "LAO": 3.50871084727488,
    "LKA": 14.0586358995322,
    "LSO": 0.0981801040817566,
    "LTU": 11.6581459440453,
    "LUX": 3.80366321182967,
    "LVA": 17.4837010008582,
    "MAR": 9.33576024893184,
    "MDA": 26.735615356763,
    "MDG": 19.1902998059646,
    "MEX": 3.85322686953104,
    "MKD": 21.6117320275475,
    "MLI": 33.3417440935702,
    "MNE": 7.50920174267315,
    "MNG": 3.85199323534365,
    "MOZ": 0.794844807336679,
    "MRT": 1.23328853474367,
    "MWI": 31.7026053523627,
    "MYS": 8.65874213939162,
    "NAM": 2.01916652214214,
    "NER": 28.2723995288989,
    "NGA": 4.03817725408016,
    "NIC": 19.4358250658517,
    "NLD": 9.52487396616862,
    "NOR": 8.13394937577002,
    "NPL": 7.05077993919477,
    "NZL": 6.23885230872959,
    "OMN": 6.9797490103033,
    "PAK": 44.8419776011614,
    "PAN": 2.93978426654893,
    "PER": 2.15949973332149,
    "PHL": 15.9566076017281,
    "PNG": 0.261104188296789,
    "POL": 16.7175333733504,
    "PRT": 8.46870124273545,
    "PRY": 7.98494275339248,
    "PSE": 17.6982188745939,
    "QAT": 3.44541870396169,
    "ROU": 25.6418520743738,
    "RUS": 5.54206423479125,
    "RWA": 3.187005962313,
    "SAU": 3.45004286026428,
    "SLB": 1.91641657681291,
    "SLE": 3.16353117936819,
    "SLV": 6.9114493479466,
    "SRB": 28.5641919197406,
    "SUR": 10.5737537372566,
    "SVK": 16.3712761894841,
    "SVN": 8.66604534266777,
    "SWE": 20.7518340646751,
    "SWZ": 2.56154253680204,
    "THA": 0.72117334961778,
    "TJK": 1.03560271234297,
    "TLS": 2.43709598929954,
    "TTO": 2.65965224993748,
    "TUN": 4.60032264285871,
    "TUR": 4.55332838406335,
    "TZA": 1.00350897434552,
    "UGA": 1.89162479943853,
    "UKR": 38.183813760037,
    "URY": 20.9358087447164,
    "USA": 7.87536206990779,
    "UZB": 9.46564335753084,
    "ZAF": 9.47859790223546,
    "ZMB": 1.8142798026064,
    "ZWE": 3.26611744525448
  },
  "stats": {
    "coverage": 135,
    "min": 0.0981801040817566,
    "max": 63.961714871638,
    "median": 7.77316155129731,
    "quantileBreaks": [
      0.0981801040817566,
      1.8951664819205842,
      3.4467398914767156,
      6.55328599650564,
      9.473045954504908,
      12.822919311108887,
      21.515171558571623,
      63.961714871638
    ]
  },
  "formatting": {
    "maximumFractionDigits": 1,
    "suffix": "%"
  },
  "source": {
    "provider": "World Bank",
    "dataset": "World Development Indicators",
    "attribution": "The World Bank",
    "sourceReference": "https://api.worldbank.org/v2/indicator/BX.GSR.CCIS.ZS?format=json&per_page=1",
    "valuesReference": "https://api.worldbank.org/v2/country/all/indicator/BX.GSR.CCIS.ZS?format=json&per_page=20000&page=1&date=2015%3A2025",
    "license": "Creative Commons Attribution 4.0 International unless specifically labeled otherwise by World Bank metadata",
    "licenseReference": "https://www.worldbank.org/en/about/legal/terms-of-use-for-datasets",
    "retrievedAt": "2026-06-27T17:15:36.886976+00:00",
    "checksum": "f3f36f61e2379bbc1ac27d7b1d3be2c0c63456ff062a9d9e0805033f550f6b7d",
    "sourceOrganization": "Balance of Payments Statistics Yearbook and data files, International Monetary Fund (IMF)"
  },
  "reviewStatus": "approved",
  "contentVersion": "2026.06.22-exp2-qa1",
  "editorial": {
    "shortHook": "A digital-services export map.",
    "patternNote": "The darkest countries include Israel, Ireland, Guinea, while the lightest include Lesotho, Papua New Guinea, Gambia, The; that contrast is the fastest way to read the ict service exports pattern.",
    "whyItMatters": "ICT service exports can highlight countries where software, telecom, and digital services matter in trade.",
    "bestProbeCountries": [
      {
        "iso3": "ISR",
        "reason": "High anchor: this country sits near the darkest end of the map."
      },
      {
        "iso3": "LSO",
        "reason": "Low anchor: this country clarifies the lightest end of the scale."
      },
      {
        "iso3": "HRV",
        "reason": "Middle check: this country helps separate a true pattern from one-off outliers."
      }
    ],
    "commonConfusions": [
      {
        "confusedWithIndicatorCode": "BX.GSR.CMCP.ZS",
        "reason": "Communications service exports lives in the same category, so it can feel plausible until the high and low countries are checked."
      },
      {
        "confusedWithIndicatorCode": "SH.H2O.SMDW.ZS",
        "reason": "Safely managed drinking water overlaps with part of the visible pattern, but the full country spread does not match."
      },
      {
        "confusedWithIndicatorCode": "TX.VAL.TECH.MF.ZS",
        "reason": "High-tech exports overlaps with part of the visible pattern, but the full country spread does not match."
      }
    ],
    "difficultyReason": "Expert difficulty: the map can be mistaken for adjacent indicators unless players probe a high, low, and middle country.",
    "regionalSignals": [
      "Connectivity maps often expose infrastructure, income, and island-state outliers.",
      "Small high-income countries can be powerful probes."
    ]
  },
  "editorialReview": {
    "status": "practice_eligible",
    "reviewedAt": "2026-06-22",
    "reviewedBy": "Codex editorial QA",
    "qualityScore": 4,
    "funScore": 4,
    "fairnessScore": 3,
    "ambiguityRisk": "medium",
    "dailyEligible": false,
    "practiceEligible": true,