{
  "schemaVersion": "1.1.0",
  "id": "ict-service-exports",
  "providerCode": "BX.GSR.CCIS.ZS",
  "title": "ICT service exports (% of service exports, BoP)",
  "shortTitle": "ICT service exports",
  "category": "connectivity",
  "difficulty": "expert",
  "definition": "Information and communication technology service exports include computer and communications services (telecommunications and postal and courier services) and information services (computer data and news-related service transactions).",
  "unit": "percent of service exports",
  "year": 2024,
  "valuesByIso3": {
    "AGO": 22.3087695729056,
    "ALB": 2.98437302423958,
    "ARE": 4.58026730740351,
    "ARG": 15.7406131318319,
    "ARM": 20.1631222184294,
    "AUS": 2.9841114443513,
    "AUT": 12.5391686110301,
    "AZE": 1.36999947912043,
    "BDI": 2.83883189635632,
    "BEL": 14.6697052675351,
    "BFA": 14.2143612785876,
    "BGD": 9.51203440588108,
    "BGR": 25.5505150604287,
    "BIH": 13.5766902871611,
    "BLZ": 9.88232959095166,
    "BOL": 4.33936656750335,
    "BRA": 12.5746509091821,
    "BRN": 3.6078393077908,
    "BTN": 0.447055216258853,
    "BWA": 3.77925586485781,
    "CAN": 14.4447899140379,
    "CHE": 12.7476065696781,
    "CHL": 5.73737630084437,
    "CHN": 19.7515188882622,
    "CIV": 9.87269575792784,
    "CMR": 10.4794564969531,
    "COD": 1.26372827938891,
    "COL": 11.4407204434867,
    "CRI": 14.2249209542443,
    "CYP": 29.7104200257727,
    "CZE": 17.6292660223356,
    "DEU": 11.3576255374221,
    "DJI": 6.8638941750245,
    "DNK": 7.45621210752855,
    "DOM": 0.357359217485416,
    "DZA": 1.7241173505147,
    "ECU": 2.44894088022704,
    "EGY": 5.76658761386299,
    "ESP": 10.3676098474106,
    "EST": 25.9425743305066,
    "ETH": 0.559793640362197,
    "FIN": 33.3953910357505,
    "FJI": 0.474598239547192,
    "FRA": 7.56867927222552,
    "GBR": 9.24867865376499,
    "GEO": 10.9296906577784,
    "GHA": 1.41070797624363,
    "GIN": 51.7696629213483,
    "GMB": 0.305249223942141,
    "GNB": 29.3577489854338,
    "GRC": 3.18525209187134,
    "GTM": 11.9639534767402,
    "HND": 0.782666813036849,
    "HRV": 7.7731615512973,
    "HTI": 2.07111744478863,
    "HUN": 11.1856997927911,
    "IDN": 9.61906733477208,
    "IND": 47.4135569645014,
    "IRL": 57.3696073257847,
    "IRQ": 0.905411893819878,
    "ISL": 7.46823561285374,
    "ISR": 63.961714871638,
    "ITA": 5.87955668717581,
    "JAM": 2.427034448653,
    "JOR": 0.509793399517038,
    "JPN": 5.11799438317156,
    "KAZ": 8.42393408167895,
    "KEN": 10.6089745270793,
    "KGZ": 11.556876653932,
    "KHM": 6.32032986261648,
    "KOR": 11.6286945379275,
    "KWT": 44.7811307481636,
    "LAO": 3.50871084727487,
    "LKA": 14.0586358995322,
    "LSO": 0.0981801040817565,
    "LTU": 11.6581459440453,
    "LUX": 3.80805748364268,
    "LVA": 17.4837010008582,
    "MAR": 9.33369218791272,
    "MDA": 26.735615356763,
    "MDG": 19.1902998059645,
    "MEX": 3.85322686953104,
    "MKD": 21.6117320275475,
    "MLI": 33.3417440935702,
    "MNE": 7.50920174267314,
    "MNG": 3.85199323534364,
    "MOZ": 0.794844807336678,
    "MRT": 1.23328853474367,
    "MWI": 31.7026053523627,
    "MYS": 8.65874213939161,
    "NAM": 2.01916652214214,
    "NER": 28.2723995288989,
    "NGA": 4.03817725408016,
    "NIC": 19.4358250658517,
    "NLD": 9.5248739661686,
    "NOR": 8.13394937577002,
    "NPL": 7.0507799391948,
    "NZL": 6.23885230872959,
    "OMN": 6.9797490103033,
    "PAK": 44.6151512007476,
    "PAN": 2.62187286806136,
    "PER": 2.20013705532384,
    "PHL": 15.9566076017281,
    "PNG": 0.261104188296789,
    "POL": 16.7175333733504,
    "PRT": 8.46870124273546,
    "PRY": 10.1032800316061,
    "PSE": 17.6982188745939,
    "QAT": 3.44541870396169,
    "ROU": 25.6418520743739,
    "RUS": 5.54203585815521,
    "RWA": 3.18700596231297,
    "SAU": 3.45004286026428,
    "SLB": 1.91641657681291,
    "SLE": 3.16353117936819,
    "SLV": 6.96593654554928,
    "SRB": 28.5641919197405,
    "SUR": 10.5737537372566,
    "SVK": 16.371276189484,
    "SVN": 8.66604534266778,
    "SWE": 20.5030862115119,
    "SWZ": 2.56154253680203,
    "THA": 0.72117334961778,
    "TJK": 1.03560271234297,
    "TLS": 2.43709598929954,
    "TTO": 2.65965224993746,
    "TUN": 4.60032264285868,
    "TUR": 4.55332838406335,
    "TZA": 1.00350897434552,
    "UGA": 1.89162479943852,
    "UKR": 38.183813760037,
    "URY": 20.8402439012093,
    "USA": 7.87536206990779,
    "UZB": 9.46564335753085,
    "ZAF": 9.47859790223543,
    "ZMB": 1.81427980260639,
    "ZWE": 3.26611744525448
  },
  "stats": {
    "coverage": 137,
    "min": 0.0981801040817565,
    "max": 63.961714871638,
    "median": 8.13394937577002,
    "quantileBreaks": [
      0.0981801040817565,
      1.8474276583915885,
      3.4493822665067673,
      6.89304913803158,
      9.521205520372167,
      12.866047100747096,
      21.28109425911684,
      63.961714871638
    ]
  },
  "formatting": {
    "maximumFractionDigits": 1,
    "suffix": "%"
  },
  "source": {
    "provider": "World Bank",
    "dataset": "World Development Indicators",
    "attribution": "The World Bank",
    "sourceReference": "https://api.worldbank.org/v2/indicator/BX.GSR.CCIS.ZS?format=json&per_page=1",
    "valuesReference": "https://api.worldbank.org/v2/country/all/indicator/BX.GSR.CCIS.ZS?format=json&per_page=20000&page=1&date=2015%3A2025",
    "license": "Creative Commons Attribution 4.0 International unless specifically labeled otherwise by World Bank metadata",
    "licenseReference": "https://www.worldbank.org/en/about/legal/terms-of-use-for-datasets",
    "retrievedAt": "2026-07-02T22:42:59.208088+00:00",
    "checksum": "71517633da9658b9ea3d46e6c48be4671a86fbe98a9771b017609dd1b4654e2d",
    "sourceOrganization": "Balance of Payments Statistics Yearbook and data files, International Monetary Fund (IMF)"
  },
  "reviewStatus": "approved",
  "contentVersion": "2026.07.02-exp4-content50",
  "editorial": {
    "shortHook": "A digital-services export map.",
    "patternNote": "The darkest countries include Israel, Ireland, Guinea, while the lightest include Lesotho, Papua New Guinea, Gambia, The; that contrast is the fastest way to read the ict service exports pattern.",
    "whyItMatters": "ICT service exports can highlight countries where software, telecom, and digital services matter in trade.",
    "bestProbeCountries": [
      {
        "iso3": "ISR",
        "reason": "High anchor: this country sits near the darkest end of the map."
      },
      {
        "iso3": "LSO",
        "reason": "Low anchor: this country clarifies the lightest end of the scale."
      },
      {
        "iso3": "NOR",
        "reason": "Middle check: this country helps separate a true pattern from one-off outliers."
      }
    ],
    "commonConfusions": [
      {
        "confusedWithIndicatorCode": "BX.GSR.CMCP.ZS",
        "reason": "Communications service exports lives in the same category, so it can feel plausible until the high and low countries are checked."
      },
      {
        "confusedWithIndicatorCode": "BX.GSR.TRVL.ZS",
        "reason": "Travel service exports overlaps with part of the visible pattern, but the full country spread does not match."
      },
      {
        "confusedWithIndicatorCode": "SH.H2O.SMDW.ZS",
        "reason": "Safely managed drinking water overlaps with part of the visible pattern, but the full country spread does not match."
      }
    ],
    "difficultyReason": "Expert difficulty: the map can be mistaken for adjacent indicators unless players probe a high, low, and middle country.",
    "regionalSignals": [
      "Connectivity maps often expose infrastructure, income, and island-state outliers.",
      "Small high-income countries can be powerful probes."
    ]
  },
  "editorialReview": {
    "status": "practice_eligible",
    "reviewedAt": "2026-07-02",
    "reviewedBy": "Codex editorial QA",
    "qualityScore": 4,
    "funScore": 4,
    "fairnessScore": 3,
    "ambiguityRisk": "medium",