{
  "schemaVersion": "1.1.0",
  "id": "imports-high-income-share",
  "providerCode": "TM.VAL.MRCH.HI.ZS",
  "title": "Merchandise imports from high-income economies (% of total merchandise imports)",
  "shortTitle": "Imports from high-income economies",
  "category": "economy",
  "difficulty": "expert",
  "definition": "Merchandise imports from high-income economies are the sum of merchandise imports by the reporting economy from high-income economies according to the World Bank classification of economies. Data are expressed as a percentage of total merchandise imports by the economy. Data are computed only if at least half of the economies in the partner country group had non-missing data.",
  "unit": "percent of merchandise imports",
  "year": 2023,
  "valuesByIso3": {
    "AFG": 13.3341397538612,
    "AGO": 57.4976026767851,
    "ALB": 62.2970497713708,
    "ARE": 40.3232831480013,
    "ARG": 35.9615783401782,
    "ARM": 62.1277179947929,
    "AUS": 54.0236558180617,
    "AUT": 89.3123574469187,
    "AZE": 50.0901210396168,
    "BDI": 44.8069963210584,
    "BEL": 84.6346007292669,
    "BEN": 41.4436326229204,
    "BFA": 41.7035036794942,
    "BGD": 34.0079629592279,
    "BGR": 72.8491507454573,
    "BHS": 93.5449981624468,
    "BIH": 66.9074843944549,
    "BLR": 83.5257829487163,
    "BLZ": 54.9697608143124,
    "BOL": 34.0585049683288,
    "BRA": 56.3874678216113,
    "BRN": 46.4188462013332,
    "BTN": 4.90052252715592,
    "BWA": 9.29698784536911,
    "CAF": 38.3900740139016,
    "CAN": 71.6326985940207,
    "CHE": 76.2689300659802,
    "CHL": 44.3998593601588,
    "CHN": 68.0586812991688,
    "CIV": 44.5266189212598,
    "CMR": 49.7996104144148,
    "COD": 43.846286885978,
    "COG": 28.4071698895422,
    "COL": 53.4693804435746,
    "CRI": 61.4403219315544,
    "CUB": 52.1928914937862,
    "CYP": 84.7245124707707,
    "CZE": 81.1803290762166,
    "DEU": 83.1572619283037,
    "DJI": 37.4870087633681,
    "DNK": 87.247902450621,
    "DOM": 60.1590245314021,
    "DZA": 53.3005726018103,
    "ECU": 51.8389445810886,
    "EGY": 62.2430604307047,
    "ERI": 44.7390250030594,
    "ESP": 70.9253966771634,
    "EST": 91.936422005791,
    "ETH": 38.55218477771,
    "FIN": 89.8352220990352,
    "FJI": 72.4831701104498,
    "FRA": 83.2079789515244,
    "GAB": 67.8837711102584,
    "GBR": 79.5846563769874,
    "GEO": 59.6661917844541,
    "GHA": 56.3969015230282,
    "GIN": 57.0191510783982,
    "GMB": 77.6956059460722,
    "GNB": 37.2985969873351,
    "GNQ": 53.7505651580718,
    "GRC": 62.3384000235767,
    "GRL": 98.3467339380723,
    "GTM": 51.8757182974726,
    "GUY": 69.4454779595498,
    "HND": 46.3796177146731,
    "HRV": 82.4659197622491,
    "HTI": 42.2615410495351,
    "HUN": 84.550665870389,
    "IDN": 47.2303914866425,
    "IND": 61.444210697132,
    "IRL": 88.2379897583684,
    "IRN": 50.6079043000363,
    "IRQ": 26.8955183133713,
    "ISL": 81.3829039142191,
    "ISR": 73.8545818572711,
    "ITA": 72.515632603003,
    "JAM": 67.0546781745235,
    "JOR": 56.2999291649657,
    "JPN": 57.7263506212742,
    "KAZ": 52.3573094224197,
    "KEN": 49.351236289053,
    "KGZ": 38.3388747687212,
    "KHM": 17.6401621538784,
    "KOR": 58.4750921570418,
    "KWT": 60.318577642611,
    "LAO": 17.4449786711313,
    "LBN": 61.262236060611,
    "LBR": 20.5199612610033,
    "LBY": 51.5301308184878,
    "LKA": 44.9344542442308,
    "LSO": 5.79239687284282,
    "LTU": 90.843986712457,
    "LUX": 97.152659689209,
    "LVA": 90.6632263186961,
    "MAR": 72.803972837861,
    "MDA": 58.4958313032494,
    "MDG": 46.2203246928209,
    "MEX": 67.9997118657071,
    "MKD": 68.7265141931703,
    "MLI": 15.9519261685951,
    "MMR": 34.3337424329407,
    "MNE": 51.9754709091258,
    "MNG": 52.6253367227725,
    "MOZ": 42.3966643590591,
    "MRT": 65.2744223288479,
    "MWI": 36.9518232552907,
    "MYS": 58.375693910981,
    "NAM": 32.5508017835584,
    "NCL": 89.3641221572285,
    "NER": 41.932614287113,
    "NGA": 65.3913578503346,
    "NIC": 37.2543520648977,
    "NLD": 69.6098132212571,
    "NOR": 77.8595682190669,
    "NPL": 12.6317537687982,
    "NZL": 63.0300385806215,
    "OMN": 71.0032542183417,
    "PAK": 52.9077709194672,
    "PAN": 49.9957570105506,
    "PER": 47.0388465085402,
    "PHL": 48.0405406008801,
    "PNG": 58.9308784286542,
    "POL": 82.4060293921126,
    "PRK": 0.17990078083706,
    "PRT": 82.520494154629,
    "PRY": 27.5137142021666,
    "PSE": 71.8450241100547,
    "QAT": 65.9120227830903,
    "ROU": 78.8936905254632,
    "RUS": 22.0018408706587,
    "RWA": 38.9347467919235,
    "SAU": 56.9656648964229,
    "SDN": 62.0550992315784,
    "SEN": 54.2417536730366,
    "SLB": 43.4268301928821,
    "SLE": 35.1627714869034,
    "SLV": 44.7570321802336,
    "SOM": 15.8342607033607,
    "SRB": 68.6751509948909,
    "SSD": 14.1935179212024,
    "SUR": 74.1396294074073,
    "SVK": 90.0844609068243,
    "SVN": 70.0977707026427,
    "SWE": 88.7900827972045,
    "SWZ": 10.8245725809853,
    "SYR": 37.7568920006331,
    "TCD": 29.5756516202614,
    "TGO": 38.483667010787,
    "THA": 54.1589132579191,
    "TJK": 44.2459793412656,
    "TKM": 27.1720697901534,
    "TLS": 36.8064597010635,
    "TTO": 73.7326645912054,
    "TUN": 64.3065562830651,
    "TUR": 69.5230064898455,
    "TZA": 41.6774143064608,
    "UGA": 34.9991024428947,
    "UKR": 64.9808795045305,
    "URY": 29.7162391811848,
    "USA": 52.5220040840467,
    "UZB": 41.5938323996046,
    "VEN": 32.7251157391636,
    "VNM": 48.0485253953898,
    "VUT": 68.323846574678,
    "YEM": 54.6743839353554,
    "ZAF": 53.3495665583273,
    "ZMB": 37.5556366402168,
    "ZWE": 8.71470994726448
  },
  "stats": {
    "coverage": 168,
    "min": 0.17990078083706,
    "max": 98.3467339380723,
    "median": 54.091284537990404,
    "quantileBreaks": [
      0.17990078083706,
      34.051284681314385,
      42.3580576991951,
      51.85995813330803,
      58.41829315929277,
      68.01656027526758,
      79.81260961973442,
      98.3467339380723
    ]
  },
  "formatting": {
    "maximumFractionDigits": 1,
    "suffix": "%"
  },
  "source": {
    "provider": "World Bank",
    "dataset": "World Development Indicators",
    "attribution": "The World Bank",
    "sourceReference": "https://api.worldbank.org/v2/indicator/TM.VAL.MRCH.HI.ZS?format=json&per_page=1",
    "valuesReference": "https://api.worldbank.org/v2/country/all/indicator/TM.VAL.MRCH.HI.ZS?format=json&per_page=20000&page=1&date=2015%3A2025",
    "license": "Creative Commons Attribution 4.0 International unless specifically labeled otherwise by World Bank metadata",
    "licenseReference": "https://www.worldbank.org/en/about/legal/terms-of-use-for-datasets",
    "retrievedAt": "2026-07-02T22:58:16.279522+00:00",
    "checksum": "25a47ec3bbbc413e2371e55aef73386302e0570791b836ed32195ea3a3c5ff82",
    "sourceOrganization": "Staff estimates, World Bank (WB);\nDirection of Trade database, International Monetary Fund (IMF)"
  },
  "reviewStatus": "approved",
  "contentVersion": "2026.07.02-exp4-content50",
  "editorial": {
    "shortHook": "A trade-partner import map.",
    "patternNote": "The darkest countries include Greenland, Luxembourg, Bahamas, The, while the lightest include Korea, Dem. People's Rep., Bhutan, Lesotho; that contrast is the fastest way to read the imports from high-income economies pattern.",
    "whyItMatters": "Imports from high-income economies add a complementary trade-partner pattern to export-side maps.",
    "bestProbeCountries": [
      {
        "iso3": "GRL",
        "reason": "High anchor: this country sits near the darkest end of the map."
      },
      {
        "iso3": "PRK",
        "reason": "Low anchor: this country clarifies the lightest end of the scale."
      },
      {
        "iso3": "THA",
        "reason": "Middle check: this country helps separate a true pattern from one-off outliers."
      }
    ],
    "commonConfusions": [
      {
        "confusedWithIndicatorCode": "TM.VAL.MRCH.WR.ZS",