{
  "schemaVersion": "1.1.0",
  "id": "imports-share",
  "providerCode": "NE.IMP.GNFS.ZS",
  "title": "Imports of goods and services (% of GDP)",
  "shortTitle": "Imports",
  "category": "economy",
  "difficulty": "standard",
  "definition": "Imports of goods includes change in the economic ownership of goods from non-residents to\n\n\nresidents of the compiling economy, irrespective of physical movement of goods across national borders. Imports of services includes services provided by non-residents to residents. This indicator is expressed as a percentage of Gross Domestic Product (GDP) which is the total income earned through the production of goods and services in an economic territory during an accounting period.",
  "unit": "percent of GDP",
  "year": 2024,
  "valuesByIso3": {
    "AGO": 19.3587070910069,
    "ALB": 43.1697675400758,
    "ARG": 12.6800122564846,
    "ARM": 76.4393725820236,
    "AUS": 22.5238570535723,
    "AUT": 53.1474927492406,
    "AZE": 36.7873227953806,
    "BEL": 79.6587399265935,
    "BEN": 21.7996453220123,
    "BFA": 31.9447036688705,
    "BGD": 16.3168879748762,
    "BGR": 53.8563524751163,
    "BHS": 41.4588701935223,
    "BIH": 54.2834545891856,
    "BLR": 66.8539840737623,
    "BLZ": 53.7490528718063,
    "BOL": 25.5428091852403,
    "BRA": 17.6459444987261,
    "BRN": 58.3166979342998,
    "BWA": 43.7109716982764,
    "CAF": 31.4248720942871,
    "CAN": 32.706147029013,
    "CHE": 61.9362037538192,
    "CHL": 30.1365360734052,
    "CHN": 17.1755035026016,
    "CIV": 25.2364054720554,
    "CMR": 18.7299249292924,
    "COD": 51.7998210616039,
    "COG": 40.4084790309171,
    "COL": 20.9261699894576,
    "CRI": 32.7992197178476,
    "CUB": 82.393075562947,
    "CYP": 93.3826349823034,
    "CZE": 62.6168296216274,
    "DEU": 37.6566712174028,
    "DJI": 114.822195954032,
    "DNK": 60.7630177709021,
    "DOM": 29.0155869970404,
    "DZA": 20.2821940516889,
    "ECU": 26.9245388746587,
    "EGY": 23.2245098772607,
    "ESP": 32.8943819660923,
    "EST": 75.3682190891409,
    "ETH": 11.8611650366546,
    "FIN": 41.5523095487439,
    "FRA": 34.2184333099912,
    "GAB": 27.4685070350534,
    "GBR": 31.856001686543,
    "GEO": 55.6414053366683,
    "GHA": 34.315046103667,
    "GIN": 56.3848109609522,
    "GMB": 33.4217749195406,
    "GNB": 26.9592665213593,
    "GNQ": 25.3771985254681,
    "GRC": 47.6648496225666,
    "GTM": 31.45132481303,
    "HND": 57.5610575916481,
    "HRV": 54.7712368782643,
    "HTI": 18.847110439748,
    "HUN": 71.1136712281889,
    "IDN": 20.389334433174,
    "IND": 23.4874474548813,
    "IRL": 102.18527319637,
    "IRN": 28.5106585810839,
    "IRQ": 33.2012497294786,
    "ISL": 43.515206980839,
    "ISR": 26.0172387092026,
    "ITA": 30.3187269579455,
    "JOR": 57.0673926170931,
    "JPN": 23.6379517504111,
    "KAZ": 25.5741795098408,
    "KEN": 23.1203986963402,
    "KGZ": 84.2075862450187,
    "KHM": 72.0834255374222,
    "KOR": 40.2842567598803,
    "LBY": 56.8451984635083,
    "LKA": 22.5111801542053,
    "LTU": 68.9344101088613,
    "LUX": 159.734950965581,
    "LVA": 66.928377524497,
    "MAR": 50.188721310572,
    "MDA": 57.2525683134332,
    "MDG": 31.7171007876805,
    "MEX": 37.8855391659966,
    "MKD": 74.6456724275939,
    "MLI": 27.3306373521709,
    "MNE": 66.1970215175412,
    "MNG": 69.7318164271926,
    "MOZ": 52.8241246053941,
    "MRT": 52.1880043827425,
    "MYS": 66.0214861785682,
    "NAM": 67.9846423448646,
    "NCL": 28.6742442271472,
    "NER": 22.6520634625631,
    "NIC": 58.0627752204161,
    "NLD": 71.4002916810324,
    "NOR": 33.8718001711117,
    "NPL": 32.9079241058137,
    "NZL": 26.419158612187,
    "OMN": 48.7801054086182,
    "PAK": 17.1880155617051,
    "PAN": 39.3159365600603,
    "PER": 22.9382969845426,
    "PHL": 40.1120313737041,
    "POL": 48.1796294552629,
    "PRI": 42.7455385003489,
    "PRT": 43.924683810711,
    "PRY": 39.6294750740646,
    "PSE": 60.2737927664447,
    "ROU": 41.6119570939538,
    "RUS": 17.5915644825897,
    "RWA": 39.1323331262486,
    "SAU": 25.5694929974983,
    "SDN": 1.27448191209378,
    "SEN": 43.4494308697157,
    "SLB": 70.7844657908823,
    "SLE": 23.2797967007874,
    "SLV": 51.8989417773977,
    "SOM": 99.1142308013704,
    "SRB": 58.1412616798937,
    "SVK": 85.729301195507,
    "SVN": 74.740539192438,
    "SWE": 51.5735105080172,
    "SWZ": 53.7247291821506,
    "TCD": 18.0933750666121,
    "THA": 66.6973762813753,
    "TKM": 11.1619902597159,
    "TLS": 84.8909487178537,
    "TUN": 56.2968591755414,
    "TUR": 27.0305829100406,
    "TZA": 21.6826378505804,
    "UGA": 25.8951957936008,
    "UKR": 48.3427973487265,
    "URY": 23.7041448689186,
    "USA": 14.2711775613413,
    "UZB": 37.9616488851682,
    "VEN": 9.22131705556772,
    "VNM": 83.7078037352994,
    "ZAF": 29.8548634083947,
    "ZMB": 27.5530146573139,
    "ZWE": 23.4376894224274
  },
  "stats": {
    "coverage": 141,
    "min": 1.27448191209378,
    "max": 159.734950965581,
    "median": 39.3159365600603,
    "quantileBreaks": [
      1.27448191209378,
      22.5111801542053,
      26.9592665213593,
      33.2012497294786,
      43.4494308697157,
      55.6414053366683,
      68.9344101088613,
      159.734950965581
    ]
  },
  "formatting": {
    "maximumFractionDigits": 1,
    "suffix": "% of GDP"
  },
  "source": {
    "provider": "World Bank",
    "dataset": "World Development Indicators",
    "attribution": "The World Bank",
    "sourceReference": "https://api.worldbank.org/v2/indicator/NE.IMP.GNFS.ZS?format=json&per_page=1",
    "valuesReference": "https://api.worldbank.org/v2/country/all/indicator/NE.IMP.GNFS.ZS?format=json&per_page=20000&page=1&date=2015%3A2025",
    "license": "Creative Commons Attribution 4.0 International unless specifically labeled otherwise by World Bank metadata",
    "licenseReference": "https://www.worldbank.org/en/about/legal/terms-of-use-for-datasets",
    "retrievedAt": "2026-06-22T18:06:04.762340+00:00",
    "checksum": "1c14da78a1e780eb62192234714206d761ed0a1dd60900699a59d4f23a75b038",
    "sourceOrganization": "Country official statistics, National Statistical Organizations and/or Central Banks;\nNational Accounts data files, Organisation for Economic Co-operation and Development (OECD);\nStaff estimates, World Bank (WB)"
  },
  "reviewStatus": "approved",
  "contentVersion": "2026.06.22-exp2-qa1",
  "editorial": {
    "shortHook": "A map of economies buying from abroad.",
    "patternNote": "The darkest countries include Luxembourg, Djibouti, Ireland, while the lightest include Sudan, Venezuela, RB, Turkmenistan; that contrast is the fastest way to read the imports pattern.",
    "whyItMatters": "Imports as a GDP share can reveal small markets, trade hubs, and resource-poor economies.",
    "bestProbeCountries": [
      {
        "iso3": "LUX",
        "reason": "High anchor: this country sits near the darkest end of the map."
      },
      {
        "iso3": "SDN",
        "reason": "Low anchor: this country clarifies the lightest end of the scale."
      },
      {
        "iso3": "PAN",
        "reason": "Middle check: this country helps separate a true pattern from one-off outliers."
      }
    ],
    "commonConfusions": [
      {
        "confusedWithIndicatorCode": "NE.TRD.GNFS.ZS",
        "reason": "Trade can tempt players because it shares a strong country ranking with this map, but its unit and definition point to a different story."
      },
      {
        "confusedWithIndicatorCode": "NE.EXP.GNFS.ZS",
        "reason": "Exports can tempt players because it shares a strong country ranking with this map, but its unit and definition point to a different story."
      },
      {
        "confusedWithIndicatorCode": "ER.GDP.FWTL.M3.KD",
        "reason": "Water productivity overlaps with part of the visible pattern, but the full country spread does not match."
      }
    ],