{
  "schemaVersion": "1.1.0",
  "id": "imports-within-region-share",
  "providerCode": "TM.VAL.MRCH.WR.ZS",
  "title": "Merchandise imports from low- and middle-income economies within region (% of total merchandise imports)",
  "shortTitle": "Imports within region",
  "category": "economy",
  "difficulty": "expert",
  "definition": "Merchandise imports from low- and middle-income economies within region are the sum of merchandise imports by the reporting economy from other low- and middle-income economies in the same World Bank region according to the World Bank classification of economies. Data are as a percentage of total merchandise imports by the economy. Data are computed only if at least half of the economies in the partner country group had non-missing data. No figures are shown for high-income economies, because they are a separate category in the World Bank classification of economies.",
  "unit": "percent of merchandise imports",
  "year": 2023,
  "valuesByIso3": {
    "AFG": 21.0247683662426,
    "AGO": 9.11053849537017,
    "ALB": 17.0810902927593,
    "ARE": 3.26782583454584,
    "ARG": 34.3657043883968,
    "ARM": 5.686083376123,
    "AUS": 39.958125612425,
    "AUT": 3.37853469161544,
    "AZE": 23.3708781739098,
    "BDI": 33.5483133543728,
    "BEL": 1.36045720122995,
    "BEN": 15.1725815212449,
    "BFA": 27.658413913262,
    "BGD": 15.4103768633673,
    "BGR": 15.5177263367713,
    "BHS": 2.57831114545687,
    "BIH": 17.6140936524873,
    "BLR": 4.21856216833005,
    "BLZ": 24.6386899763963,
    "BOL": 39.565937908128,
    "BRA": 10.9221750402315,
    "BRN": 52.2715867139411,
    "BTN": 91.5036877026794,
    "BWA": 84.0756114205326,
    "CAF": 31.6021122051918,
    "CHE": 4.71096434939162,
    "CHL": 26.9232357932024,
    "CHN": 15.2104989351334,
    "CIV": 19.4741955976053,
    "CMR": 7.32745990373741,
    "COD": 19.5619030323658,
    "COG": 41.7264029701782,
    "COL": 17.6777725267814,
    "CRI": 18.4474897133844,
    "CUB": 15.5440832526986,
    "CYP": 3.21289280338661,
    "CZE": 3.01152574928647,
    "DEU": 2.75496259342785,
    "DJI": 2.55657177470473,
    "DNK": 1.36397829656424,
    "DOM": 16.4205616537891,
    "DZA": 3.61367674342764,
    "ECU": 21.5446585610294,
    "EGY": 1.08389319617074,
    "ERI": 3.80402289080081,
    "ESP": 3.53841360203372,
    "EST": 2.01204526768013,
    "ETH": 1.74282908976554,
    "FIN": 1.20809241650152,
    "FJI": 24.3252450632501,
    "FRA": 2.12027909482628,
    "GAB": 3.03596984834839,
    "GBR": 2.26898945499774,
    "GEO": 26.605166875385,
    "GHA": 7.00743347136292,
    "GIN": 4.5322522141335,
    "GMB": 10.0198079290528,
    "GNB": 44.4865644107175,
    "GNQ": 11.3574060695883,
    "GRC": 12.2334552875833,
    "GRL": 0.0113776339505064,
    "GTM": 29.1577834409908,
    "GUY": 13.2368114596945,
    "HND": 32.976748330826,
    "HRV": 11.4398097333682,
    "HTI": 14.1056940715131,
    "HUN": 4.46284658187483,
    "IDN": 41.1053341911643,
    "IND": 0.761234852082319,
    "IRL": 0.975932155563788,
    "IRN": 0.850111395100744,
    "IRQ": 4.87291687922036,
    "ISL": 1.27837166237723,
    "ISR": 0.702722603730697,
    "ITA": 6.00695663057019,
    "JAM": 16.6403715063734,
    "JOR": 5.38905844590565,
    "JPN": 36.5857605810971,
    "KAZ": 9.20484604909777,
    "KEN": 8.17695696505287,
    "KGZ": 16.1545212306776,
    "KHM": 80.9277870199926,
    "KOR": 32.8564966864539,
    "KWT": 3.28243539513131,
    "LAO": 81.865874356953,
    "LBN": 7.39609321774185,
    "LBR": 33.9690805998674,
    "LBY": 0.0362733506887309,
    "LKA": 21.5589949584685,
    "LSO": 84.956300498632,
    "LTU": 3.28294378237386,
    "LUX": 0.971848383087718,
    "LVA": 3.74922946728542,
    "MAR": 2.17259687022933,
    "MDA": 24.1859919299988,
    "MDG": 8.11509204188474,
    "MEX": 3.94976201380358,
    "MKD": 15.3680348362536,
    "MLI": 62.4989279676149,
    "MMR": 61.3459909564003,
    "MNE": 31.5590247785524,
    "MNG": 43.6834332452099,
    "MOZ": 26.5047178763932,
    "MRT": 1.40627972994117,
    "MWI": 32.9803876576619,
    "MYS": 34.1968431702201,
    "NAM": 43.0730564949945,
    "NCL": 10.1234307858852,
    "NER": 11.7108993462413,
    "NGA": 1.88178115131583,
    "NIC": 50.7850926545172,
    "NLD": 1.58708607648366,
    "NOR": 1.37836335732524,
    "NPL": 61.4740316836041,
    "NZL": 32.4077359161423,
    "OMN": 3.29955291588352,
    "PAK": 2.17455449985255,
    "PAN": 26.453229259361,
    "PER": 23.0747414852201,
    "PHL": 47.5287336074523,
    "PNG": 39.2479417580494,
    "POL": 3.56395787848439,
    "PRK": 97.101121819249,
    "PRT": 1.94175917998414,
    "PRY": 33.5450006503419,
    "PSE": 8.02518409042274,
    "QAT": 1.82589444821592,
    "ROU": 11.252340997797,
    "RUS": 19.3840420891434,
    "RWA": 24.2066656969958,
    "SAU": 3.93040148808201,
    "SDN": 4.01768135722037,
    "SEN": 13.1026612851609,
    "SLB": 55.6264179716776,
    "SLE": 9.98872890156384,
    "SLV": 34.98143997897,
    "SOM": 8.84967543702994,
    "SRB": 11.1114883995309,
    "SSD": 64.8509892982928,
    "SUR": 8.64025174003987,
    "SVK": 2.63665322897936,
    "SVN": 9.26523084980297,
    "SWE": 1.29541804970908,
    "SWZ": 76.0006929249866,
    "SYR": 21.7280304456715,
    "TCD": 20.3727630455038,
    "TGO": 16.4270088378236,
    "THA": 39.2540941083743,
    "TJK": 28.652716678989,
    "TKM": 45.2387548893565,
    "TLS": 55.0894600372893,
    "TTO": 10.8393217800667,
    "TUN": 9.81653298175567,
    "TUR": 4.23230722768816,
    "TZA": 8.94611183453932,
    "UGA": 26.9386267117421,
    "UKR": 9.91464887752802,
    "URY": 39.2646817569195,
    "UZB": 19.5776588494894,
    "VEN": 27.1048519256711,
    "VNM": 46.2911539968464,
    "VUT": 30.4819938996543,
    "YEM": 3.85789778922395,
    "ZAF": 8.07710868756841,
    "ZMB": 37.487227355141,
    "ZWE": 64.2387220495617
  },
  "stats": {
    "coverage": 166,
    "min": 0.0113776339505064,
    "max": 97.101121819249,
    "median": 13.6712527656038,
    "quantileBreaks": [
      0.0113776339505064,
      2.228517331364087,
      4.265241421143398,
      10.010928206913096,
      17.233376966967295,
      27.081105466538386,
      40.44978643188469,
      97.101121819249
    ]
  },
  "formatting": {
    "maximumFractionDigits": 1,
    "suffix": "%"
  },
  "source": {
    "provider": "World Bank",
    "dataset": "World Development Indicators",
    "attribution": "The World Bank",
    "sourceReference": "https://api.worldbank.org/v2/indicator/TM.VAL.MRCH.WR.ZS?format=json&per_page=1",
    "valuesReference": "https://api.worldbank.org/v2/country/all/indicator/TM.VAL.MRCH.WR.ZS?format=json&per_page=20000&page=1&date=2015%3A2025",
    "license": "Creative Commons Attribution 4.0 International unless specifically labeled otherwise by World Bank metadata",
    "licenseReference": "https://www.worldbank.org/en/about/legal/terms-of-use-for-datasets",
    "retrievedAt": "2026-07-02T22:49:58.371719+00:00",
    "checksum": "214d4f5e4c739e8df2c32652c4f740031a2d2e48b31e19fce0ec708a2c0b6b8f",
    "sourceOrganization": "Staff estimates, World Bank (WB);\nDirection of Trade database, International Monetary Fund (IMF)"
  },
  "reviewStatus": "approved",
  "contentVersion": "2026.07.02-exp4-content50",
  "editorial": {
    "shortHook": "A regional-trade import map.",
    "patternNote": "The darkest countries include Korea, Dem. People's Rep., Bhutan, Lesotho, while the lightest include Greenland, Libya, Israel; that contrast is the fastest way to read the imports within region pattern.",
    "whyItMatters": "Intra-regional imports highlight trade blocs, neighbors, and distance in a different way than export-side regional trade.",
    "bestProbeCountries": [
      {
        "iso3": "PRK",
        "reason": "High anchor: this country sits near the darkest end of the map."
      },
      {
        "iso3": "GRL",
        "reason": "Low anchor: this country clarifies the lightest end of the scale."
      },
      {
        "iso3": "HTI",