{
  "schemaVersion": "1.1.0",
  "id": "imports-share",
  "providerCode": "NE.IMP.GNFS.ZS",
  "title": "Imports of goods and services (% of GDP)",
  "shortTitle": "Imports",
  "category": "economy",
  "difficulty": "standard",
  "definition": "Imports of goods includes change in the economic ownership of goods from non-residents to\n\n\n\n\nresidents of the compiling economy, irrespective of physical movement of goods across national borders. Imports of services includes services provided by non-residents to residents. This indicator is expressed as a percentage of Gross Domestic Product (GDP) which is the total income earned through the production of goods and services in an economic territory during an accounting period.",
  "unit": "percent of GDP",
  "year": 2025,
  "valuesByIso3": {
    "AGO": 11.668890306414,
    "ALB": 42.5186952159475,
    "ARG": 14.8089725633333,
    "ARM": 53.6070336751762,
    "AUS": 22.6570110371129,
    "AUT": 52.3178918904941,
    "AZE": 36.8073651757634,
    "BEL": 77.4677176696568,
    "BEN": 20.0644940157668,
    "BFA": 30.01305057375,
    "BGD": 16.8344754735707,
    "BGR": 51.7757828295128,
    "BIH": 54.1200490872497,
    "BLR": 57.0270473925912,
    "BRA": 17.4707593653367,
    "BRN": 52.0378303612952,
    "BWA": 37.5109197674166,
    "CAF": 33.5619408733475,
    "CAN": 32.1781181545045,
    "CHE": 69.109307845911,
    "CHL": 30.4208161074476,
    "CHN": 16.8851895085539,
    "CIV": 24.7725112286093,
    "CMR": 20.2951200435817,
    "COD": 43.9168041039769,
    "COG": 43.6464039344374,
    "COL": 20.384908937428,
    "CRI": 32.6419987386084,
    "CYP": 91.9222700471352,
    "CZE": 61.0943414396528,
    "DEU": 38.0780373654056,
    "DJI": 95.8024545556204,
    "DNK": 59.1052317850969,
    "DOM": 27.8549846998204,
    "DZA": 22.1441688566065,
    "ECU": 27.9181990841101,
    "EGY": 31.5143194274435,
    "ESP": 32.8133446186236,
    "EST": 77.397561624675,
    "ETH": 20.176028072184,
    "FIN": 41.0692518801012,
    "FRA": 33.7995547693485,
    "GAB": 29.3993027616937,
    "GBR": 31.8603712472379,
    "GEO": 53.2223570641145,
    "GIN": 62.2660777034909,
    "GMB": 49.4409619200013,
    "GNB": 27.0129904065306,
    "GNQ": 28.4121930553738,
    "GRC": 43.9898535848415,
    "GTM": 30.9684374704532,
    "HND": 56.5155957723696,
    "HRV": 53.0142511427803,
    "HTI": 14.3255059948423,
    "HUN": 68.1488717964849,
    "IDN": 20.5446587523346,
    "IND": 24.0051596190103,
    "IRL": 99.892247065173,
    "IRN": 34.4882471351587,
    "ISL": 42.3739315034894,
    "ISR": 25.4308527107197,
    "ITA": 30.2962066318587,
    "KEN": 21.756976808552,
    "KGZ": 65.5959903448177,
    "KHM": 67.4432273077899,
    "KOR": 40.5985621226499,
    "LBY": 65.9450985743532,
    "LKA": 22.8416230396327,
    "LSO": 104.450671184674,
    "LTU": 69.1223511663482,
    "LUX": 159.364743494859,
    "LVA": 67.1514535681639,
    "MAR": 51.1324428826402,
    "MDA": 60.9142407389342,
    "MDG": 32.9081155307207,
    "MEX": 40.2786127888756,
    "MKD": 73.393734112706,
    "MLI": 26.6954300437397,
    "MNE": 65.7111131958305,
    "MNG": 62.6383532330381,
    "MOZ": 55.7223347212611,
    "MRT": 54.1713249621087,
    "MWI": 28.7506099038274,
    "MYS": 65.4286310242549,
    "NAM": 63.9037413199657,
    "NER": 18.1438491044232,
    "NIC": 54.8562223486615,
    "NLD": 69.4506290177353,
    "NOR": 33.6798759181448,
    "NPL": 33.7244112435844,
    "PAK": 17.2083306683448,
    "PER": 21.8456559013034,
    "PHL": 40.2432695143595,
    "POL": 47.07961715558,
    "PRI": 43.574909635642,
    "PRT": 42.7407881300597,
    "PRY": 39.3000576076725,
    "PSE": 53.5326292734358,
    "ROU": 40.7304740245655,
    "RUS": 15.5069734394404,
    "RWA": 35.1186182959686,
    "SAU": 28.1733498505598,
    "SDN": 1.27888825694147,
    "SEN": 38.580837965299,
    "SLE": 28.2050101250856,
    "SLV": 56.1114968872001,
    "SOM": 98.8149470599555,
    "SRB": 58.6104052058788,
    "SVK": 85.2478669923037,
    "SVN": 73.2758980628106,
    "SWE": 51.1066068253172,
    "TCD": 16.7180920306513,
    "THA": 67.2655883991896,
    "TKM": 13.6954291597467,
    "TUN": 54.7944728488274,
    "TUR": 25.0849063722672,
    "TZA": 19.9868892820017,
    "UGA": 28.759419520652,
    "UKR": 51.8467407605299,
    "URY": 22.6457126321473,
    "UZB": 35.3645415221702,
    "VEN": 10.1083640240415,
    "VNM": 92.0924009535244,
    "ZAF": 29.5009024056375
  },
  "stats": {
    "coverage": 124,
    "min": 1.27888825694147,
    "max": 159.364743494859,
    "median": 39.771663561016,
    "quantileBreaks": [
      1.27888825694147,
      20.476194545946058,
      28.460538319438598,
      33.778085190558755,
      43.59533657815497,
      54.7054517221533,
      67.20036849574635,
      159.364743494859
    ]
  },
  "formatting": {
    "maximumFractionDigits": 1,
    "suffix": "% of GDP"
  },
  "source": {
    "provider": "World Bank",
    "dataset": "World Development Indicators",
    "attribution": "The World Bank",
    "sourceReference": "https://api.worldbank.org/v2/indicator/NE.IMP.GNFS.ZS?format=json&per_page=1",
    "valuesReference": "https://api.worldbank.org/v2/country/all/indicator/NE.IMP.GNFS.ZS?format=json&per_page=20000&page=1&date=2015%3A2025",
    "license": "Creative Commons Attribution 4.0 International unless specifically labeled otherwise by World Bank metadata",
    "licenseReference": "https://www.worldbank.org/en/about/legal/terms-of-use-for-datasets",
    "retrievedAt": "2026-07-02T22:15:22.852023+00:00",
    "checksum": "4086b5b5e2cd813c166a9e05c5d005172c84527206f3b4296b13c9a422b64020",
    "sourceOrganization": "Country official statistics, National Statistical Offices (NSOs);\nNational Accounts data files, Central Banks;\nStaff estimates, World Bank (WB)"
  },
  "reviewStatus": "approved",
  "contentVersion": "2026.07.02-exp4-content50",
  "editorial": {
    "shortHook": "A map of economies buying from abroad.",
    "patternNote": "The darkest countries include Luxembourg, Lesotho, Ireland, while the lightest include Sudan, Venezuela, RB, Angola; that contrast is the fastest way to read the imports pattern.",
    "whyItMatters": "Imports as a GDP share can reveal small markets, trade hubs, and resource-poor economies.",
    "bestProbeCountries": [
      {
        "iso3": "LUX",
        "reason": "High anchor: this country sits near the darkest end of the map."
      },
      {
        "iso3": "SDN",
        "reason": "Low anchor: this country clarifies the lightest end of the scale."
      },
      {
        "iso3": "PHL",
        "reason": "Middle check: this country helps separate a true pattern from one-off outliers."
      }
    ],
    "commonConfusions": [
      {
        "confusedWithIndicatorCode": "NE.TRD.GNFS.ZS",
        "reason": "Trade can tempt players because it shares a strong country ranking with this map, but its unit and definition point to a different story."
      },
      {
        "confusedWithIndicatorCode": "TG.VAL.TOTL.GD.ZS",
        "reason": "Merchandise trade share can tempt players because it shares a strong country ranking with this map, but its unit and definition point to a different story."
      },
      {
        "confusedWithIndicatorCode": "NE.EXP.GNFS.ZS",
        "reason": "Exports can tempt players because it shares a strong country ranking with this map, but its unit and definition point to a different story."
      }
    ],
    "difficultyReason": "Standard difficulty: the map has readable regional structure, but the best answer still depends on checking the unit and country anchors.",
    "regionalSignals": [
      "Economic-share maps are not the same as raw totals.",
      "Small open economies can dominate percentage maps."
    ]
  },
  "editorialReview": {
    "status": "expert_only",
    "reviewedAt": "2026-07-02",
    "reviewedBy": "Codex editorial QA",
    "qualityScore": 3,
    "funScore": 3,
    "fairnessScore": 3,
    "ambiguityRisk": "high",
    "dailyEligible": false,
    "practiceEligible": true,
    "challengeEligible": true,