{
  "schemaVersion": "1.1.0",
  "id": "income-tax-share",
  "providerCode": "GC.TAX.YPKG.ZS",
  "title": "Taxes on income, profits and capital gains (% of total taxes)",
  "shortTitle": "Income tax share",
  "category": "economy",
  "difficulty": "expert",
  "definition": "Taxes on income, profits, and capital gains are taxes payable on the actual or presumed incomes, profits and capital gains. This indicator is expressed as a percentage of total taxes which includes all compulsory, unrequited payments, in cash or in kind, made by institutional units to government units.",
  "unit": "percent of tax revenue",
  "year": 2017,
  "valuesByIso3": {
    "AFG": 22.026284489407,
    "AGO": 69.9099627805504,
    "ALB": 21.765605775375,
    "ARG": 22.898254305113,
    "ARM": 40.6089769455475,
    "AUS": 72.3591440569805,
    "AUT": 46.2404154833539,
    "AZE": 36.0053259434064,
    "BDI": 21.0883717113033,
    "BEL": 56.0792984120916,
    "BFA": 25.4363959147067,
    "BGD": 28.2637037308492,
    "BGR": 27.5824557214399,
    "BIH": 15.7622776530692,
    "BLR": 7.42489414998649,
    "BLZ": 27.9316295227782,
    "BRA": 51.1938737028877,
    "BTN": 51.9893436104985,
    "BWA": 34.5467176048819,
    "CAN": 77.9626488084214,
    "CHE": 44.6781470466915,
    "CHL": 44.2404485433491,
    "CHN": 35.2211107585504,
    "CIV": 25.2609697568558,
    "CMR": 25.754228096252,
    "COD": 43.2105787288449,
    "COG": 43.2004421554971,
    "COL": 47.5638166186065,
    "CRI": 30.6815318249508,
    "CYP": 37.890625,
    "CZE": 38.9086374900659,
    "DEU": 41.7336941542008,
    "DNK": 52.7891871566608,
    "DOM": 30.7517567375906,
    "ECU": 27.9638062014052,
    "ESP": 40.6124548374147,
    "EST": 33.698571825529,
    "ETH": 29.7153096003481,
    "FIN": 28.6971718420324,
    "FJI": 31.0776154265598,
    "FRA": 48.2334837870304,
    "GAB": 38.8045480143489,
    "GBR": 45.9558175221644,
    "GEO": 38.6333536546911,
    "GHA": 44.0375953215134,
    "GNB": 24.5640284733245,
    "GNQ": 62.5350108836732,
    "GRC": 32.8927396913736,
    "GTM": 36.578760427661,
    "HRV": 12.8992859320924,
    "HUN": 30.3235993848027,
    "IND": 51.2420360728198,
    "IRL": 54.4826063348203,
    "IRQ": 72.2116470625764,
    "ISL": 43.4420330445779,
    "ISR": 48.6249489773372,
    "ITA": 52.0333487295777,
    "JAM": 31.7454969052799,
    "JOR": 21.5941795409021,
    "KAZ": 42.4565264384691,
    "KEN": 49.1377123076709,
    "KGZ": 19.1052612953739,
    "KHM": 26.7804445996889,
    "KOR": 51.6367234787412,
    "LAO": 20.7946910636173,
    "LBN": 27.9723837547568,
    "LKA": 16.43905790366,
    "LSO": 35.1783130528261,
    "LTU": 31.9340476650406,
    "LUX": 50.1753762540047,
    "LVA": 18.6046646698882,
    "MAR": 39.7974320528182,
    "MDA": 17.760043587648,
    "MDG": 24.3562308193471,
    "MEX": 54.8261227352335,
    "MKD": 25.0954547221252,
    "MLI": 27.4927669183544,
    "MMR": 35.5541775441124,
    "MNG": 25.3557316795369,
    "MOZ": 51.795065998742,
    "MWI": 48.5154439011216,
    "MYS": 59.1984912605712,
    "NAM": 39.5887562827402,
    "NIC": 40.5852152542735,
    "NLD": 49.6658844692493,
    "NOR": 44.3550270614712,
    "NPL": 26.1517913152845,
    "NZL": 62.3514087334299,
    "PAN": 43.3037335407294,
    "PER": 40.5518702583299,
    "PHL": 45.5526937006065,
    "PNG": 58.1684891558685,
    "POL": 24.9642410423063,
    "PRT": 40.8499777274356,
    "PRY": 23.1339071206872,
    "ROU": 36.9034637479436,
    "RUS": 6.18706280033624,
    "RWA": 39.0029106621638,
    "SAU": 16.0331333732287,
    "SEN": 28.0294949003722,
    "SLB": 34.3458841122336,
    "SLV": 38.848635703624,
    "SOM": 2.41909840288363,
    "SRB": 26.1963697447235,
    "SVK": 37.9076495783314,
    "SVN": 31.7074933918313,
    "SWE": 19.7071597960162,
    "SWZ": 31.012825043294,
    "TGO": 17.7947854860396,
    "THA": 37.183267518087,
    "TLS": 73.3663764546678,
    "TTO": 35.2537778271062,
    "TUR": 29.9132207309816,
    "TZA": 33.7136826996864,
    "UGA": 33.9768278428576,
    "UKR": 23.7443514340591,
    "URY": 36.6910383748317,
    "USA": 82.81215732614,
    "UZB": 34.858076512304,
    "ZAF": 56.5817477676368,
    "ZMB": 43.0733883255485,
    "ZWE": 35.5535933481327
  },
  "stats": {
    "coverage": 122,
    "min": 2.41909840288363,
    "max": 82.81215732614,
    "median": 35.7797517437594,
    "quantileBreaks": [
      2.41909840288363,
      22.96558368099134,
      27.96870766046326,
      33.93923567954743,
      38.81084625567392,
      43.6972740204074,
      51.74982527874177,
      82.81215732614
    ]
  },
  "formatting": {
    "maximumFractionDigits": 1,
    "suffix": "%"
  },
  "source": {
    "provider": "World Bank",
    "dataset": "World Development Indicators",
    "attribution": "The World Bank",
    "sourceReference": "https://api.worldbank.org/v2/indicator/GC.TAX.YPKG.ZS?format=json&per_page=1",
    "valuesReference": "https://api.worldbank.org/v2/country/all/indicator/GC.TAX.YPKG.ZS?format=json&per_page=20000&page=1&date=2015%3A2025",
    "license": "Creative Commons Attribution 4.0 International unless specifically labeled otherwise by World Bank metadata",
    "licenseReference": "https://www.worldbank.org/en/about/legal/terms-of-use-for-datasets",
    "retrievedAt": "2026-07-02T22:49:52.604810+00:00",
    "checksum": "8a5ba02ce3c2dfed40f5ec30336d439455e8634b0aa63a03b5edabb4ce9906a8",
    "sourceOrganization": "Government Finance Statistics Yearbook and data files, International Monetary Fund (IMF)"
  },
  "reviewStatus": "approved",
  "contentVersion": "2026.07.02-exp4-content50",
  "editorial": {
    "shortHook": "A tax-mix map.",
    "patternNote": "The darkest countries include United States, Canada, Timor-Leste, while the lightest include Somalia, Fed. Rep., Russian Federation, Belarus; that contrast is the fastest way to read the income tax share pattern.",
    "whyItMatters": "Taxes on income, profits, and capital gains as a share of revenue reveal different fiscal structures than total tax take.",
    "bestProbeCountries": [
      {
        "iso3": "USA",
        "reason": "High anchor: this country sits near the darkest end of the map."
      },
      {
        "iso3": "SOM",
        "reason": "Low anchor: this country clarifies the lightest end of the scale."
      },
      {
        "iso3": "AZE",
        "reason": "Middle check: this country helps separate a true pattern from one-off outliers."
      }
    ],
    "commonConfusions": [
      {
        "confusedWithIndicatorCode": "LP.LPI.TRAC.XQ",
        "reason": "Logistics tracking score overlaps with part of the visible pattern, but the full country spread does not match."
      },
      {
        "confusedWithIndicatorCode": "LP.LPI.OVRL.XQ",
        "reason": "Logistics performance overlaps with part of the visible pattern, but the full country spread does not match."
      },
      {
        "confusedWithIndicatorCode": "LP.LPI.CUST.XQ",
        "reason": "Logistics customs score overlaps with part of the visible pattern, but the full country spread does not match."
      }
    ],
    "difficultyReason": "Expert difficulty: the map can be mistaken for adjacent indicators unless players probe a high, low, and middle country.",
    "dataCaveat": "Coverage is thinner and selected years can be older than core macro indicators.",
    "regionalSignals": [
      "Economic-share maps are not the same as raw totals.",
      "Small open economies can dominate percentage maps."
    ]
  },
  "editorialReview": {
    "status": "expert_only",
    "reviewedAt": "2026-07-02",
    "reviewedBy": "Codex editorial QA",
    "qualityScore": 3,
    "funScore": 3,
    "fairnessScore": 3,
    "ambiguityRisk": "high",
    "dailyEligible": false,
    "practiceEligible": true,
    "challengeEligible": true,
    "expertOnly": true,
    "reviewNotes": [
      "Batch 4 QA: useful fiscal-structure map with a clear percent-of-tax-revenue unit.",
      "Expert-only because coverage is thinner and the selected year may be older than core macro indicators."
    ],