{
  "schemaVersion": "1.1.0",
  "id": "industry-share",
  "providerCode": "NV.IND.TOTL.ZS",
  "title": "Industry (including construction), value added (% of GDP)",
  "shortTitle": "Industry value added",
  "category": "economy",
  "difficulty": "standard",
  "definition": "Industry (including construction) corresponds to ISIC (Rev.4) divisions 05-43. It is comprised of mining, manufacturing, construction, electricity, water, and gas industries. Value added is the contribution to the economy by a producer or an industry or an institutional sector, which is estimated by the total value of output produced and deducting the total value of intermediate consumption of goods and services used to produce that output. This indicator is expressed as a percentage of Gross Domestic Product (GDP) which is the total income earned through the production of goods and services in an economic territory during an accounting period.",
  "unit": "percent of GDP",
  "year": 2024,
  "valuesByIso3": {
    "AGO": 34.56731745622,
    "ALB": 22.4011031082403,
    "ARE": 44.3292859984628,
    "ARG": 23.9965975604249,
    "ARM": 22.8570663651858,
    "AUS": 25.5307319894404,
    "AUT": 24.5834201904085,
    "AZE": 42.6119822379825,
    "BDI": 17.6555373481347,
    "BEL": 18.7357058631394,
    "BEN": 17.3838276050023,
    "BFA": 26.5145073963928,
    "BGD": 34.0971743458877,
    "BGR": 21.1316956323365,
    "BHS": 9.62558738820676,
    "BIH": 22.4260971974355,
    "BLR": 30.7081725380272,
    "BLZ": 14.5714201512027,
    "BOL": 31.2590732889611,
    "BRA": 20.9406935313888,
    "BRN": 61.6755225796828,
    "BWA": 29.3592759128261,
    "CAF": 20.0334561668613,
    "CHE": 24.7247192539882,
    "CHL": 30.0858422756464,
    "CHN": 36.4756594453045,
    "CIV": 24.0438599104554,
    "CMR": 23.2350957105105,
    "COD": 39.869084235537,
    "COG": 40.121557238814,
    "COL": 23.0607806747001,
    "CRI": 19.7069225452506,
    "CUB": 23.8481550383595,
    "CYP": 11.1357928688814,
    "CZE": 29.2098380644386,
    "DEU": 25.6229541900267,
    "DJI": 15.913892950777,
    "DNK": 24.1417253330521,
    "DOM": 28.724388436827,
    "DZA": 36.1956789537864,
    "ECU": 26.5126558399741,
    "EGY": 32.5624789967949,
    "ESP": 19.4537517327028,
    "EST": 20.148164473251,
    "ETH": 25.3549716564031,
    "FIN": 22.7842138257665,
    "FJI": 16.4638965835642,
    "FRA": 17.2101481972036,
    "GAB": 52.9002411654134,
    "GBR": 17.1246523065486,
    "GEO": 19.5837398345335,
    "GHA": 31.519769781916,
    "GIN": 25.1163848517075,
    "GMB": 15.3332836096686,
    "GNB": 15.6143788633346,
    "GNQ": 45.7526505675476,
    "GRC": 14.9985220031197,
    "GTM": 21.7347298279081,
    "GUY": 76.0337794804727,
    "HND": 26.1259397552196,
    "HRV": 19.1915825783267,
    "HTI": 33.3589256118432,
    "HUN": 23.693891331248,
    "IDN": 39.3184857249869,
    "IND": 24.6285041297852,
    "IRL": 33.6325795420542,
    "IRN": 36.0697232843721,
    "IRQ": 51.5717701751509,
    "ISL": 20.0940830059377,
    "ISR": 17.3458552066585,
    "ITA": 22.3316588315233,
    "JAM": 16.4757796489003,
    "JOR": 25.1350172397528,
    "KAZ": 32.112807813811,
    "KEN": 16.4676669412723,
    "KGZ": 24.7426957796029,
    "KHM": 41.7506561774631,
    "KOR": 33.9025438024037,
    "KWT": 57.1268652520388,
    "LAO": 29.0463781785597,
    "LBR": 22.652179108455,
    "LBY": 73.4971404182672,
    "LKA": 25.5288051289463,
    "LSO": 30.9373582742703,
    "LTU": 23.394637462385,
    "LUX": 9.65986766346083,
    "LVA": 18.4909914229206,
    "MAR": 25.6379794827026,
    "MDA": 16.7804760610209,
    "MDG": 22.7896189214419,
    "MEX": 31.7777432689428,
    "MKD": 24.0675864525462,
    "MLI": 23.4585096624927,
    "MMR": 37.8123706470066,
    "MNE": 12.1791547564628,
    "MNG": 38.1408816723984,
    "MOZ": 21.9003012294797,
    "MRT": 30.5052071100395,
    "MWI": 17.0687636556069,
    "MYS": 36.9733732564335,
    "NAM": 28.8634821730246,
    "NER": 17.5682015922691,
    "NGA": 18.1967486361818,
    "NIC": 27.5567949801144,
    "NLD": 17.5234908357454,
    "NOR": 36.9541773996335,
    "NPL": 11.4245020172191,
    "OMN": 54.1653226231175,
    "PAK": 20.2457551236068,
    "PAN": 25.5035525177363,
    "PER": 33.9723838777869,
    "PHL": 27.6939779931321,
    "POL": 27.2480779716168,
    "PRI": 47.1610117080772,
    "PRT": 18.6896910617551,
    "PRY": 32.4816951610773,
    "QAT": 58.236268915653,
    "ROU": 25.2544803034454,
    "RUS": 30.7201326538798,
    "RWA": 20.9658580178961,
    "SAU": 44.9344380522779,
    "SDN": 23.1519847472801,
    "SEN": 25.0130798228271,
    "SLB": 23.3726706460022,
    "SLE": 25.5643098606236,
    "SLV": 22.4383118205139,
    "SRB": 23.0721503113166,
    "SUR": 35.0514487718833,
    "SVK": 28.9374799550748,
    "SVN": 29.0665685208903,
    "SWE": 21.6861135924505,
    "SWZ": 34.7365662380883,
    "TCD": 28.6836279280408,
    "TGO": 20.4297482322341,
    "THA": 32.1359776535892,
    "TKM": 37.4826200082708,
    "TLS": 11.8214186288296,
    "TTO": 34.6437057869849,
    "TUN": 22.5572512872385,
    "TUR": 25.5035682450148,
    "TZA": 28.5715529790176,
    "UGA": 24.8658125296098,
    "UKR": 19.0250669209845,
    "URY": 16.7572573016825,
    "UZB": 31.8097631182563,
    "VNM": 37.6414652034249,
    "ZAF": 24.3105308888817,
    "ZMB": 35.2465830565142,
    "ZWE": 34.9926113141619
  },
  "stats": {
    "coverage": 149,
    "min": 9.62558738820676,
    "max": 76.0337794804727,
    "median": 25.1350172397528,
    "quantileBreaks": [
      9.62558738820676,
      17.529878086677357,
      21.782035942642842,
      24.054028428494313,
      26.346920375079314,
      31.704036558363715,
      36.97063099117636,
      76.0337794804727
    ]
  },
  "formatting": {
    "maximumFractionDigits": 1,
    "suffix": "% of GDP"
  },
  "source": {
    "provider": "World Bank",
    "dataset": "World Development Indicators",
    "attribution": "The World Bank",
    "sourceReference": "https://api.worldbank.org/v2/indicator/NV.IND.TOTL.ZS?format=json&per_page=1",
    "valuesReference": "https://api.worldbank.org/v2/country/all/indicator/NV.IND.TOTL.ZS?format=json&per_page=20000&page=1&date=2015%3A2025",
    "license": "Creative Commons Attribution 4.0 International unless specifically labeled otherwise by World Bank metadata",
    "licenseReference": "https://www.worldbank.org/en/about/legal/terms-of-use-for-datasets",
    "retrievedAt": "2026-06-22T18:06:16.564190+00:00",
    "checksum": "1bcdd145678b97881b75613aadfefe0a35389e0be082e862c0cbe0d545bec956",
    "sourceOrganization": "Country official statistics, National Statistical Organizations and/or Central Banks;\nNational Accounts data files, Organisation for Economic Co-operation and Development (OECD);\nStaff estimates, World Bank (WB)"
  },
  "reviewStatus": "approved",
  "contentVersion": "2026.06.22-exp2-qa1",
  "editorial": {
    "shortHook": "The industry-structure map.",
    "patternNote": "The darkest countries include Guyana, Libya, Brunei Darussalam, while the lightest include Bahamas, The, Luxembourg, Cyprus; that contrast is the fastest way to read the industry value added pattern.",
    "whyItMatters": "Industry's GDP share helps separate manufacturing, extraction, and service-heavy economies.",
    "bestProbeCountries": [
      {
        "iso3": "GUY",
        "reason": "High anchor: this country sits near the darkest end of the map."
      },
      {
        "iso3": "BHS",
        "reason": "Low anchor: this country clarifies the lightest end of the scale."
      },
      {
        "iso3": "JOR",
        "reason": "Middle check: this country helps separate a true pattern from one-off outliers."
      }
    ],
    "commonConfusions": [
      {
        "confusedWithIndicatorCode": "NY.GDP.TOTL.RT.ZS",
        "reason": "Natural resource rents lives in the same category, so it can feel plausible until the high and low countries are checked."
      },
      {
        "confusedWithIndicatorCode": "NV.SRV.TOTL.ZS",