{
  "schemaVersion": "1.1.0",
  "id": "industrial-water-withdrawals",
  "providerCode": "ER.H2O.FWIN.ZS",
  "title": "Annual freshwater withdrawals, industry (% of total freshwater withdrawal)",
  "shortTitle": "Industrial water withdrawals",
  "category": "environment",
  "difficulty": "standard",
  "definition": "Annual freshwater withdrawals refer to total water withdrawals, not counting evaporation losses from storage basins. Withdrawals also include water from desalination plants in countries where they are a significant source. Withdrawals can exceed 100 percent of total renewable resources where extraction from nonrenewable aquifers or desalination plants is considerable or where there is significant water reuse. Withdrawals for industry are total withdrawals for direct industrial use (including withdrawals for cooling thermoelectric plants). Data are for the most recent year available for 1987-2002.",
  "unit": "percent of total freshwater withdrawal",
  "year": 2022,
  "valuesByIso3": {
    "AFG": 0.831987591,
    "AGO": 33.94729385,
    "ALB": 1.380175659,
    "ARE": 1.141623722,
    "ARG": 10.58761249,
    "ARM": 4.8828125,
    "AUS": 18.58936043,
    "AUT": 93.31351653,
    "AZE": 4.611351018,
    "BDI": 5.355230275,
    "BEL": 84.10928624,
    "BEN": 12.82051282,
    "BFA": 2.652811736,
    "BGD": 2.146640647,
    "BGR": 71.26016589,
    "BLR": 30.41018388,
    "BLZ": 20.99009901,
    "BOL": 1.451306354,
    "BRA": 15.01324698,
    "BTN": 0.887573965,
    "BWA": 11.39097625,
    "CAF": 16.55172414,
    "CAN": 75.81266454,
    "CHE": 37.09025854,
    "CHL": 5.128205128,
    "CHN": 17.72609197,
    "CIV": 20.82616179,
    "CMR": 9.610437339,
    "COD": 21.47454652,
    "COG": 26.17230098,
    "COL": 4.149108108,
    "CRI": 7.117833809,
    "CUB": 10.63371174,
    "CYP": 5.882352941,
    "CZE": 53.66528354,
    "DEU": 54.2996667,
    "DJI": 0.0,
    "DNK": 4.82431637,
    "DOM": 7.269302372,
    "DZA": 1.651309187,
    "ECU": 5.5353902,
    "EGY": 6.967741936,
    "ERI": 0.171821306,
    "ESP": 18.95244659,
    "EST": 94.19331423,
    "ETH": 0.484447436,
    "FIN": 46.4109636,
    "FJI": 11.30742049,
    "FRA": 68.12522285,
    "GAB": 10.13659238,
    "GBR": 11.99524941,
    "GEO": 27.40571217,
    "GHA": 6.486412672,
    "GIN": 6.741573034,
    "GMB": 20.86614173,
    "GNB": 6.263157895,
    "GNQ": 15.15151515,
    "GRC": 2.777446893,
    "GTM": 18.14325682,
    "GUY": 1.412057867,
    "HND": 7.093963908,
    "HRV": 46.7519685,
    "HTI": 3.517241379,
    "HUN": 75.66391655,
    "IDN": 4.103128439,
    "IND": 2.23390276,
    "IRL": 31.78840406,
    "IRN": 1.178992497,
    "IRQ": 10.6543466,
    "ISL": 71.14624506,
    "ITA": 22.74875916,
    "JAM": 9.504381981,
    "JOR": 3.337979473,
    "JPN": 16.35220126,
    "KAZ": 23.85025461,
    "KEN": 7.514880952,
    "KGZ": 4.386422977,
    "KHM": 1.510989011,
    "KOR": 16.43157817,
    "KWT": 1.864,
    "LAO": 2.31292517,
    "LBN": 48.91304348,
    "LBR": 36.60041124,
    "LBY": 4.802744425,
    "LKA": 6.418971111,
    "LSO": 45.66210046,
    "LTU": 29.28485817,
    "LUX": 3.833263511,
    "LVA": 17.5769146,
    "MAR": 2.032403413,
    "MDA": 73.05764411,
    "MDG": 1.194225819,
    "MEX": 8.85575574,
    "MKD": 1.452452222,
    "MLI": 0.077130737,
    "MMR": 1.492599891,
    "MNE": 94.19720531,
    "MNG": 35.94290657,
    "MOZ": 1.697216565,
    "MRT": 2.355206636,
    "MWI": 3.515625,
    "MYS": 29.9016035,
    "NAM": 6.618579009,
    "NER": 1.496290918,
    "NGA": 15.75150301,
    "NIC": 0.04866562,
    "NLD": 70.24895662,
    "NOR": 39.82434156,
    "NPL": 0.310621137,
    "NZL": 23.97731875,
    "OMN": 12.42819843,
    "PAK": 0.763150722,
    "PAN": 0.511804524,
    "PER": 6.427717119,
    "PHL": 14.94095987,
    "PNG": 42.74419791,
    "POL": 65.49228025,
    "PRI": 72.22476714,
    "PRK": 13.22506872,
    "PRT": 29.65812257,
    "PRY": 6.382096975,
    "QAT": 4.301014427,
    "ROU": 48.33762729,
    "RUS": 44.78556001,
    "RWA": 1.663893511,
    "SAU": 5.386272699,
    "SDN": 0.278448116,
    "SEN": 0.046760411,
    "SLE": 26.15457116,
    "SLV": 4.865325145,
    "SOM": 0.060642814,
    "SRB": 77.92182282,
    "SSD": 34.19452888,
    "SUR": 22.00032473,
    "SVK": 39.84264177,
    "SVN": 77.99274486,
    "SWE": 61.26692456,
    "SWZ": 1.938202247,
    "SYR": 3.671750078,
    "TCD": 11.78944975,
    "TGO": 2.825112108,
    "THA": 4.845914913,
    "TJK": 16.26262626,
    "TKM": 4.641954248,
    "TLS": 0.170648464,
    "TTO": 33.63778706,
    "TUN": 1.725483637,
    "TUR": 2.008312523,
    "TZA": 0.482253086,
    "UGA": 7.849293564,
    "UKR": 44.8441247,
    "URY": 13.39339356,
    "USA": 47.19890162,
    "UZB": 2.696629214,
    "VEN": 3.506096887,
    "VNM": 3.747409484,
    "YEM": 1.823281907,
    "ZAF": 23.15990166,
    "ZMB": 8.269720102,
    "ZWE": 1.656971738
  },
  "stats": {
    "coverage": 160,
    "min": 0.0,
    "max": 94.19720531,
    "median": 8.562737921,
    "quantileBreaks": [
      0.0,
      1.4952363388571428,
      3.516317733857143,
      6.420220540714286,
      12.366348569999996,
      22.98369773142857,
      45.87606135714285,
      94.19720531
    ]
  },
  "formatting": {
    "maximumFractionDigits": 1,
    "suffix": "%"
  },
  "source": {
    "provider": "World Bank",
    "dataset": "World Development Indicators",
    "attribution": "The World Bank",
    "sourceReference": "https://api.worldbank.org/v2/indicator/ER.H2O.FWIN.ZS?format=json&per_page=1",
    "valuesReference": "https://api.worldbank.org/v2/country/all/indicator/ER.H2O.FWIN.ZS?format=json&per_page=20000&page=1&date=2015%3A2025",
    "license": "Creative Commons Attribution 4.0 International unless specifically labeled otherwise by World Bank metadata",
    "licenseReference": "https://www.worldbank.org/en/about/legal/terms-of-use-for-datasets",
    "retrievedAt": "2026-06-22T18:06:53.039920+00:00",
    "checksum": "b2cb62b4abc564b39250e9d9ab6365490679ceb7581b8055b8d674dfe5bb6db4",
    "sourceOrganization": "AQUASTAT - FAO's Global Information System on Water and Agriculture, Food and Agriculture Organization of the United Nations (FAO), uri: https://data.apps.fao.org/aquastat/, publisher: Food and Agriculture Organization of the United Nations (FAO), date accessed: 20240529"
  },
  "reviewStatus": "approved",
  "contentVersion": "2026.06.22-exp2-qa1",
  "editorial": {
    "shortHook": "A candidate map for industrial water withdrawals.",
    "patternNote": "The darkest countries include Montenegro, Estonia, Austria, while the lightest include Djibouti, Senegal, Nicaragua; that contrast is the fastest way to read the industrial water withdrawals pattern.",
    "whyItMatters": "Industrial water withdrawals may add useful WORLDPRINT variety once source coverage, unit clarity, map interest, and distractor ambiguity are reviewed.",
    "bestProbeCountries": [
      {
        "iso3": "MNE",
        "reason": "High anchor: this country sits near the darkest end of the map."
      },
      {
        "iso3": "DJI",
        "reason": "Low anchor: this country clarifies the lightest end of the scale."
      },
      {
        "iso3": "MEX",
        "reason": "Middle check: this country helps separate a true pattern from one-off outliers."
      }
    ],
    "commonConfusions": [
      {
        "confusedWithIndicatorCode": "ER.H2O.FWAG.ZS",
        "reason": "Agricultural water withdrawals can tempt players because it shares a strong country ranking with this map, but its unit and definition point to a different story."
      },
      {
        "confusedWithIndicatorCode": "SP.POP.65UP.TO.ZS",
        "reason": "Population ages 65+ overlaps with part of the visible pattern, but the full country spread does not match."
      },
      {
        "confusedWithIndicatorCode": "SH.MED.BEDS.ZS",
        "reason": "Hospital beds overlaps with part of the visible pattern, but the full country spread does not match."
      }
    ],