{
  "schemaVersion": "1.1.0",
  "id": "inflation",
  "providerCode": "FP.CPI.TOTL.ZG",
  "title": "Inflation, consumer prices (annual %)",
  "shortTitle": "Inflation",
  "category": "economy",
  "difficulty": "expert",
  "definition": "Inflation as measured by the consumer price index reflects the annual percentage change in the cost to the average consumer of acquiring a basket of goods and services that may be fixed or changed at specified intervals, such as yearly.",
  "unit": "annual percent change",
  "year": 2025,
  "valuesByIso3": {
    "AGO": 20.1620197572331,
    "ALB": 2.14618551167388,
    "ARE": 1.250865245598,
    "ARM": 3.30693341072904,
    "AUS": 2.87403791660173,
    "AUT": 3.52719439956928,
    "AZE": 5.62208788068338,
    "BDI": 34.1339985744832,
    "BEL": 2.46705543774613,
    "BEN": 1.10155247902978,
    "BFA": -0.586235316330579,
    "BGD": 8.7687628116114,
    "BGR": 4.58084355235697,
    "BLR": 6.59877945951182,
    "BLZ": 1.06281547952896,
    "BOL": 19.517120804733,
    "BRA": 5.01675279604836,
    "BRN": -0.302994414446762,
    "BTN": 3.55513663074987,
    "BWA": 2.6597506179431,
    "CAF": 1.00198012768088,
    "CAN": 2.07232411149103,
    "CHE": 0.154376978290185,
    "CHL": 4.21293601694293,
    "CHN": 0.0595646916565403,
    "CIV": 0.125038772593104,
    "CMR": 3.40373458279055,
    "COG": 2.40069559361747,
    "COL": 5.14222911946201,
    "CRI": -0.073671440596217,
    "CYP": 0.126528851920189,
    "CZE": 2.45996367838865,
    "DEU": 2.17178770949721,
    "DJI": -0.313731799533481,
    "DNK": 1.89367372703044,
    "DOM": 3.8731176804813,
    "DZA": 1.41835151429016,
    "ECU": 0.710469324989076,
    "EGY": 14.0735136645934,
    "ESP": 2.699932857627,
    "EST": 4.82920753628342,
    "ETH": 13.2296432836809,
    "FIN": 0.337874659400574,
    "FJI": -1.38326833934224,
    "FRA": 0.943770212469976,
    "GAB": 1.76766609003481,
    "GBR": 3.88306881626,
    "GEO": 3.8692132193969,
    "GHA": 14.2046755548989,
    "GIN": 3.54630163142885,
    "GNB": 0.874929691038717,
    "GRC": 2.48209745378857,
    "GTM": 1.48841591086169,
    "GUY": 3.32982339132475,
    "HND": 4.59657982325258,
    "HRV": 3.69153459605729,
    "HTI": 28.6427976686095,
    "HUN": 4.41198445905562,
    "IDN": 1.9133344329508,
    "IND": 2.39884954182294,
    "IRL": 2.21044788475857,
    "IRN": 42.1712244965444,
    "IRQ": 0.303454715219382,
    "ISL": 4.09085056006515,
    "ISR": 3.0414132155654,
    "ITA": 1.5316682765282,
    "JAM": 4.00459048079239,
    "JOR": 1.76646490894206,
    "JPN": 3.17253034260248,
    "KAZ": 11.3879454675914,
    "KEN": 4.06912878540729,
    "KGZ": 8.21496013406325,
    "KHM": 2.35127105896507,
    "KOR": 2.12309421458659,
    "KWT": 2.36195936682045,
    "LAO": 7.74226936553695,
    "LBN": 14.597595869611,
    "LBR": 8.31564329402952,
    "LBY": 1.84166666666702,
    "LKA": -4.76386036960983,
    "LSO": 4.27011140706666,
    "LTU": 3.79170510860467,
    "LUX": 2.25723817871726,
    "LVA": 3.74577316751945,
    "MAR": 0.701902154839545,
    "MDA": 7.75904124001159,
    "MDG": 8.05052431791227,
    "MEX": 3.80668650726485,
    "MKD": 4.07249176848348,
    "MLI": 3.27823540357584,
    "MNE": 3.89960910704956,
    "MNG": 8.60536487369695,
    "MOZ": 4.3684695014615,
    "MRT": 1.54796926167072,
    "MWI": 28.3702565330281,
    "MYS": 1.38060872293692,
    "NAM": 3.51074539609587,
    "NER": -4.45470804102568,
    "NGA": 23.0101235833333,
    "NIC": 2.08132127098376,
    "NLD": 3.2595766451366,
    "NOR": 3.05562484410077,
    "NPL": 2.65334269811436,
    "NZL": 2.8397963180572,
    "OMN": 0.967741935483928,
    "PAK": 3.54555214890893,
    "PAN": -0.189587880235675,
    "PER": 1.53125450314273,
    "PHL": 1.6587364525509,
    "PNG": 4.42141364166485,
    "POL": 3.81419531520146,
    "PRT": 2.33601620316701,
    "PRY": 4.0380642333938,
    "PSE": 9.80840118100493,
    "ROU": 7.18903362292063,
    "RUS": 8.71986939402666,
    "RWA": 5.913000168826,
    "SAU": 2.08420853585036,
    "SEN": 1.45900719841385,
    "SLB": 3.36462189317825,
    "SLE": 7.48750166612986,
    "SLV": 0.257570528307203,
    "SRB": 3.8903678606001,
    "SUR": 9.2054681878919,
    "SVK": 4.00042823495829,
    "SVN": 2.37284807226549,
    "SWE": 0.679869285243995,
    "TCD": -3.9119812440659,
    "TGO": 0.433183451279109,
    "THA": -0.133634356480207,
    "TLS": 0.428322848346937,
    "TTO": 0.994489987904821,
    "TUN": 5.15100197572676,
    "TUR": 34.8811629820306,
    "TZA": 3.32697361316105,
    "UGA": 3.58082784438067,
    "UKR": 12.7303341026903,
    "URY": 4.65032720433324,
    "UZB": 8.79638847052461,
    "VNM": 3.3099931421974,
    "VUT": 0.656455142231905,
    "ZAF": 3.20550474112603,
    "ZMB": 13.9099095827735
  },
  "stats": {
    "coverage": 143,
    "min": -4.76386036960983,
    "max": 42.1712244965444,
    "median": 3.27823540357584,
    "quantileBreaks": [
      -4.76386036960983,
      0.6861643908427235,
      1.809952133824644,
      2.6288790917821037,
      3.5475637741889954,
      4.31226487609302,
      8.522587279506254,
      42.1712244965444
    ]
  },
  "formatting": {
    "maximumFractionDigits": 1,
    "suffix": "%"
  },
  "source": {
    "provider": "World Bank",
    "dataset": "World Development Indicators",
    "attribution": "The World Bank",
    "sourceReference": "https://api.worldbank.org/v2/indicator/FP.CPI.TOTL.ZG?format=json&per_page=1",
    "valuesReference": "https://api.worldbank.org/v2/country/all/indicator/FP.CPI.TOTL.ZG?format=json&per_page=20000&page=1&date=2015%3A2025",
    "license": "Creative Commons Attribution 4.0 International unless specifically labeled otherwise by World Bank metadata",
    "licenseReference": "https://www.worldbank.org/en/about/legal/terms-of-use-for-datasets",
    "retrievedAt": "2026-07-02T22:13:34.752160+00:00",
    "checksum": "db4dc7679094e9d9ab0b8dd1ab70004536a0629df9d5bb7e941a53b620e38591",
    "sourceOrganization": "International Financial Statistics database, International Monetary Fund (IMF)"
  },
  "reviewStatus": "approved",
  "contentVersion": "2026.07.02-exp4-content50",
  "editorial": {
    "shortHook": "A volatile economy map.",
    "patternNote": "The darkest countries include Iran, Islamic Rep., Turkiye, Burundi, while the lightest include Sri Lanka, Niger, Chad; that contrast is the fastest way to read the inflation pattern.",
    "whyItMatters": "Inflation maps can expose macroeconomic stress that income levels hide.",
    "bestProbeCountries": [
      {
        "iso3": "IRN",
        "reason": "High anchor: this country sits near the darkest end of the map."
      },
      {
        "iso3": "LKA",
        "reason": "Low anchor: this country clarifies the lightest end of the scale."
      },
      {
        "iso3": "MLI",
        "reason": "Middle check: this country helps separate a true pattern from one-off outliers."
      }
    ],
    "commonConfusions": [
      {
        "confusedWithIndicatorCode": "SN.ITK.SVFI.ZS",
        "reason": "Severe food insecurity overlaps with part of the visible pattern, but the full country spread does not match."
      },
      {
        "confusedWithIndicatorCode": "NE.RSB.GNFS.ZS",
        "reason": "External balance lives in the same category, so it can feel plausible until the high and low countries are checked."
      },
      {
        "confusedWithIndicatorCode": "SN.ITK.MSFI.ZS",
        "reason": "Moderate or severe food insecurity overlaps with part of the visible pattern, but the full country spread does not match."
      }
    ],
    "difficultyReason": "Expert difficulty: the map can be mistaken for adjacent indicators unless players probe a high, low, and middle country.",
    "dataCaveat": "Inflation can be volatile; one reference year may reflect a temporary shock.",
    "regionalSignals": [
      "Economic-share maps are not the same as raw totals.",
      "Small open economies can dominate percentage maps."
    ]
  },
  "editorialReview": {
    "status": "expert_only",
    "reviewedAt": "2026-07-02",