{
  "schemaVersion": "1.1.0",
  "id": "inflation",
  "providerCode": "FP.CPI.TOTL.ZG",
  "title": "Inflation, consumer prices (annual %)",
  "shortTitle": "Inflation",
  "category": "economy",
  "difficulty": "expert",
  "definition": "Inflation as measured by the consumer price index reflects the annual percentage change in the cost to the average consumer of acquiring a basket of goods and services that may be fixed or changed at specified intervals, such as yearly. This indicator denotes the percentage change over each previous year of the constant price (base year 2015) series in United States dollars.",
  "unit": "annual percent change",
  "year": 2024,
  "valuesByIso3": {
    "AFG": -6.60118564073725,
    "AGO": 28.2404948915772,
    "ALB": 2.21587375089991,
    "ARE": 1.66336510224894,
    "ARG": 219.883929014578,
    "ARM": 0.269511978259125,
    "AUS": 3.16656665428797,
    "AUT": 2.93791574279375,
    "AZE": 2.21217188919901,
    "BDI": 20.2124925027847,
    "BEL": 3.14349136500041,
    "BEN": 1.16093089640415,
    "BFA": 4.19081721344523,
    "BGD": 10.4657482763412,
    "BGR": 2.44651943006078,
    "BHS": 0.409162489083286,
    "BIH": 1.69212733599723,
    "BLR": 5.78531910427998,
    "BLZ": 3.28955985952768,
    "BOL": 5.09976568317427,
    "BRA": 4.36746407652336,
    "BRN": -0.38867416503646,
    "BTN": 2.76131569624097,
    "BWA": 2.81835131676251,
    "CAF": 1.47733600718743,
    "CAN": 2.38158383281173,
    "CHE": 1.06234041976594,
    "CHL": 4.29763891572524,
    "CHN": 0.218128938439177,
    "CIV": 3.45053028131018,
    "CMR": 4.53331349711606,
    "COG": 3.09143630919166,
    "COL": 6.60908593728228,
    "CRI": -0.412853001047069,
    "CYP": 1.80023018624815,
    "CZE": 2.43531202435314,
    "DEU": 2.2564981433876,
    "DJI": 2.1120116728497,
    "DNK": 1.37220049768925,
    "DOM": 3.30223338951227,
    "DZA": 4.04611455313434,
    "ECU": 1.54732515615369,
    "EGY": 28.2705899322082,
    "ESP": 2.77417826534772,
    "EST": 3.5194118998392,
    "ETH": 21.037746057771,
    "FIN": 1.56568906231615,
    "FJI": 3.89084237884105,
    "FRA": 1.99904942291462,
    "GAB": 1.17311998381218,
    "GBR": 3.2715729463592,
    "GEO": 1.10971758022096,
    "GHA": 22.8483281157842,
    "GIN": 8.12313914948596,
    "GMB": 11.5610532897511,
    "GNB": 3.76555825770114,
    "GNQ": 2.92140227309103,
    "GRC": 2.74101875679477,
    "GTM": 2.86992752918294,
    "GUY": 2.90395226446373,
    "HND": 4.60621098127107,
    "HRV": 2.97200477643618,
    "HTI": 26.9490564091987,
    "HUN": 3.70370370370369,
    "IDN": 2.18151273615189,
    "IND": 4.95303550973656,
    "IRL": 2.11344999577317,
    "IRN": 32.455871402917,
    "IRQ": -12.2969837587007,
    "ISL": 5.85683849970066,
    "ISR": 3.07480889805025,
    "ITA": 0.982373023061417,
    "JAM": 5.41194447981659,
    "JOR": 1.55659611283953,
    "JPN": 2.73853681635241,
    "KAZ": 8.69082156104494,
    "KEN": 4.48978854243448,
    "KGZ": 4.99760701207323,
    "KHM": 0.808042016536654,
    "KOR": 2.32174328643542,
    "KWT": 2.89855072463762,
    "LAO": 23.1305695942588,
    "LBN": 45.2430422716718,
    "LBR": 8.21497439118964,
    "LBY": 2.12615766885025,
    "LKA": -0.42936004906973,
    "LSO": 6.10544624245032,
    "LTU": 0.715735835228723,
    "LUX": 2.05113269954859,
    "LVA": 1.26579885828729,
    "MAR": 0.985256592004507,
    "MDA": 4.67773516007052,
    "MDG": 7.61335784313723,
    "MEX": 4.72225588452932,
    "MKD": 3.48974086026954,
    "MLI": 3.2063986409966,
    "MNE": 3.33675009282281,
    "MNG": 6.1977990165842,
    "MOZ": 4.07856834812022,
    "MRT": 2.49164347481972,
    "MWI": 32.1796504225025,
    "MYS": 1.834100204499,
    "NAM": 4.23903922877036,
    "NER": 9.07151997725013,
    "NGA": 33.2420966545406,
    "NIC": 4.62473841057141,
    "NLD": 3.34754304219953,
    "NOR": 3.14530134431081,
    "NPL": 4.6850965426577,
    "NZL": 2.92279782301957,
    "OMN": 0.593589236248469,
    "PAK": 12.6325318530452,
    "PAN": 0.693225551004538,
    "PER": 2.00770739412712,
    "PHL": 3.21260487006347,
    "PNG": 0.602403921107917,
    "POL": 3.79060897630197,
    "PRT": 2.41613187791884,
    "PRY": 3.83540271728533,
    "PSE": 53.6691458303782,
    "QAT": 1.26734310292375,
    "ROU": 5.72140574354439,
    "RUS": 8.43486410496723,
    "RWA": 1.77029240198635,
    "SAU": 1.68792112375809,
    "SEN": 0.804503298792438,
    "SLB": 4.32183948388033,
    "SLE": 28.6337500014115,
    "SLV": 0.853782292567288,
    "SRB": 4.6705297488997,
    "SSD": 91.4408220769046,
    "SUR": 16.2296159130279,
    "SVK": 2.75760909424272,
    "SVN": 1.96562656432512,
    "SWE": 2.83581658224034,
    "TCD": 8.89950732263754,
    "TGO": 2.86262074089801,
    "THA": 1.36580540798037,
    "TLS": 2.06284153005468,
    "TTO": 0.526884625776839,
    "TUN": 7.20661657168794,
    "TUR": 58.5064507300342,
    "TZA": 3.05694676312373,
    "UGA": 3.3233806708656,
    "UKR": 6.50198464669254,
    "URY": 4.84914366613156,
    "USA": 2.94952520485207,
    "UZB": 9.62825465956682,
    "VNM": 3.62109273885843,
    "ZAF": 4.36115246518962,
    "ZMB": 14.9856262747939
  },
  "stats": {
    "coverage": 151,
    "min": -12.2969837587007,
    "max": 219.883929014578,
    "median": 3.16656665428797,
    "quantileBreaks": [
      -12.2969837587007,
      1.2128395014443698,
      2.1243422869820954,
      2.908937981214387,
      3.5109344599621544,
      4.6904050200679315,
      9.389654081431088,
      219.883929014578
    ]
  },
  "formatting": {
    "maximumFractionDigits": 1,
    "suffix": "%"
  },
  "source": {
    "provider": "World Bank",
    "dataset": "World Development Indicators",
    "attribution": "The World Bank",
    "sourceReference": "https://api.worldbank.org/v2/indicator/FP.CPI.TOTL.ZG?format=json&per_page=1",
    "valuesReference": "https://api.worldbank.org/v2/country/all/indicator/FP.CPI.TOTL.ZG?format=json&per_page=20000&page=1&date=2015%3A2025",
    "license": "Creative Commons Attribution 4.0 International unless specifically labeled otherwise by World Bank metadata",
    "licenseReference": "https://www.worldbank.org/en/about/legal/terms-of-use-for-datasets",
    "retrievedAt": "2026-06-27T17:14:10.028521+00:00",
    "checksum": "4028296f5b0eb79379512a44d0d13b4ae6476a21d1a27f8f40e436815ff1ab97",
    "sourceOrganization": "International Financial Statistics database, International Monetary Fund (IMF)"
  },
  "reviewStatus": "approved",
  "contentVersion": "2026.06.22-exp2-qa1",
  "editorial": {
    "shortHook": "A volatile economy map.",
    "patternNote": "The darkest countries include Argentina, South Sudan, Turkiye, while the lightest include Iraq, Afghanistan, Sri Lanka; that contrast is the fastest way to read the inflation pattern.",
    "whyItMatters": "Inflation maps can expose macroeconomic stress that income levels hide.",
    "bestProbeCountries": [
      {
        "iso3": "ARG",
        "reason": "High anchor: this country sits near the darkest end of the map."
      },
      {
        "iso3": "IRQ",
        "reason": "Low anchor: this country clarifies the lightest end of the scale."
      },
      {
        "iso3": "AUS",
        "reason": "Middle check: this country helps separate a true pattern from one-off outliers."
      }
    ],
    "commonConfusions": [
      {
        "confusedWithIndicatorCode": "NV.AGR.TOTL.ZS",
        "reason": "Agriculture value added lives in the same category, so it can feel plausible until the high and low countries are checked."
      },
      {
        "confusedWithIndicatorCode": "NY.GNP.PCAP.CD",
        "reason": "GNI per capita overlaps with part of the visible pattern, but the full country spread does not match."
      },
      {
        "confusedWithIndicatorCode": "NY.GDP.PCAP.CD",
        "reason": "GDP per capita overlaps with part of the visible pattern, but the full country spread does not match."
      }
    ],
    "difficultyReason": "Expert difficulty: the map can be mistaken for adjacent indicators unless players probe a high, low, and middle country.",