{
  "schemaVersion": "1.1.0",
  "id": "internet-users",
  "providerCode": "IT.NET.USER.ZS",
  "title": "Individuals using the Internet (% of population)",
  "shortTitle": "Internet users",
  "category": "connectivity",
  "difficulty": "intro",
  "definition": "Internet users are individuals who have used the Internet (from any location) in the last 3 months. The Internet can be used via a computer, mobile phone, personal digital assistant, games machine, digital TV etc.",
  "unit": "percent of population",
  "year": 2024,
  "valuesByIso3": {
    "AFG": 16.09499931,
    "AGO": 40.70479965,
    "ALB": 85.86389923,
    "ARE": 100.0,
    "ARG": 89.66715228,
    "ARM": 81.33930206,
    "AUS": 96.13140106,
    "AUT": 94.91974877,
    "AZE": 90.43979645,
    "BDI": 8.595999718,
    "BEL": 95.77579144,
    "BEN": 33.98379898,
    "BFA": 28.25270081,
    "BGD": 53.42171316,
    "BGR": 82.438955,
    "BHS": 92.47270203,
    "BIH": 86.10091103,
    "BLR": 94.26182128,
    "BLZ": 80.00582262,
    "BOL": 79.70469666,
    "BRA": 84.46347227,
    "BRN": 96.29828801,
    "BTN": 91.27739716,
    "BWA": 57.45950036,
    "CAF": 13.78250027,
    "CAN": 94.353302,
    "CHE": 97.3443985,
    "CHL": 95.590243,
    "CHN": 92.0,
    "CIV": 41.43219902,
    "CMR": 46.25880051,
    "COD": 19.67350006,
    "COG": 47.25159836,
    "COL": 79.34543299,
    "CRI": 87.17019653,
    "CUB": 70.47699738,
    "CYP": 89.60099246,
    "CZE": 87.68776014,
    "DEU": 93.49999579,
    "DJI": 65.29889679,
    "DNK": 99.76915157,
    "DOM": 91.0022446,
    "DZA": 77.4178009,
    "ECU": 77.17273115,
    "EGY": 74.64839935,
    "ESP": 95.7574516,
    "EST": 92.23796204,
    "ETH": 21.94129944,
    "FIN": 93.72405196,
    "FJI": 74.7052002,
    "FRA": 88.65381638,
    "GAB": 68.72090149,
    "GBR": 95.4720993,
    "GEO": 83.79855689,
    "GHA": 72.17569733,
    "GIN": 33.30469894,
    "GMB": 49.49430084,
    "GNB": 29.77739906,
    "GNQ": 63.29930115,
    "GRC": 86.26968886,
    "GTM": 60.22140121,
    "GUY": 83.00080109,
    "HND": 58.62269974,
    "HRV": 83.63240029,
    "HTI": 47.8614006,
    "HUN": 93.77898628,
    "IDN": 72.78075544,
    "IND": 64.9434967,
    "IRL": 97.18769836,
    "IRN": 85.3404007,
    "IRQ": 81.47450256,
    "ISL": 98.209198,
    "ISR": 88.18242225,
    "ITA": 89.2207202,
    "JAM": 90.10870361,
    "JOR": 95.62244985,
    "JPN": 85.54153081,
    "KAZ": 93.39167254,
    "KEN": 34.97622513,
    "KGZ": 92.0286026,
    "KHM": 68.47530365,
    "KOR": 97.89563777,
    "KWT": 99.74729919,
    "LAO": 65.59269714,
    "LBN": 80.63400269,
    "LBR": 32.23360062,
    "LBY": 81.95449829,
    "LKA": 54.59,
    "LSO": 51.79660034,
    "LTU": 89.16116293,
    "LUX": 98.7606147,
    "LVA": 92.70757011,
    "MAR": 91.2,
    "MDA": 77.3687973,
    "MDG": 18.67790031,
    "MEX": 83.12233799,
    "MKD": 93.6,
    "MLI": 36.80149841,
    "MNE": 88.88258428,
    "MNG": 85.12349701,
    "MOZ": 20.52729988,
    "MRT": 45.77939987,
    "MWI": 18.96159935,
    "MYS": 98.0206059,
    "NAM": 64.87460327,
    "NER": 15.55760002,
    "NGA": 41.21139908,
    "NIC": 61.39550018,
    "NLD": 97.00679779,
    "NOR": 99.0,
    "NPL": 46.32189941,
    "NZL": 93.51930237,
    "OMN": 95.25174678,
    "PAK": 57.253,
    "PAN": 72.77149963,
    "PER": 81.95705992,
    "PHL": 67.26300914,
    "PNG": 18.81159973,
    "POL": 88.58496367,
    "PRT": 88.48704454,
    "PRY": 81.57806793,
    "QAT": 98.08540344,
    "ROU": 91.29048551,
    "RUS": 94.36495368,
    "RWA": 31.70330048,
    "SAU": 100.0,
    "SEN": 60.11780167,
    "SLB": 29.04070091,
    "SLE": 25.10499954,
    "SLV": 66.47769928,
    "SOM": 27.94020081,
    "SRB": 87.69071294,
    "SVK": 89.82507032,
    "SVN": 90.76355487,
    "SWE": 95.52930428,
    "SWZ": 63.40309906,
    "TCD": 12.62689972,
    "TGO": 39.48320007,
    "THA": 90.86718789,
    "TJK": 55.79339981,
    "TTO": 82.15989685,
    "TUN": 76.5,
    "TUR": 87.3078767,
    "TZA": 31.16209984,
    "UGA": 8.949831061,
    "UKR": 82.47489929,
    "URY": 91.99109007,
    "USA": 94.69380188,
    "UZB": 89.50550079,
    "VEN": 76.67890167,
    "VNM": 84.15,
    "ZAF": 78.35759735,
    "ZMB": 17.10099983,
    "ZWE": 41.64279938
  },
  "stats": {
    "coverage": 154,
    "min": 8.595999718,
    "max": 100.0,
    "median": 82.058478385,
    "quantileBreaks": [
      8.595999718,
      33.88678468857143,
      60.19180134142857,
      77.39679935714285,
      85.42659931857143,
      90.79316430428571,
      94.96717705714286,
      100.0
    ]
  },
  "formatting": {
    "maximumFractionDigits": 1,
    "suffix": "%"
  },
  "source": {
    "provider": "World Bank",
    "dataset": "World Development Indicators",
    "attribution": "The World Bank",
    "sourceReference": "https://api.worldbank.org/v2/indicator/IT.NET.USER.ZS?format=json&per_page=1",
    "valuesReference": "https://api.worldbank.org/v2/country/all/indicator/IT.NET.USER.ZS?format=json&per_page=20000&page=1&date=2015%3A2025",
    "license": "Creative Commons Attribution 4.0 International unless specifically labeled otherwise by World Bank metadata",
    "licenseReference": "https://www.worldbank.org/en/about/legal/terms-of-use-for-datasets",
    "retrievedAt": "2026-06-27T17:14:00.971973+00:00",
    "checksum": "5026824fbe6ed293217fb8eec3ee95d7e9d30701b688dd013ac76de93bf1ed1b",
    "sourceOrganization": "World Telecommunication/ICT Indicators Database, International Telecommunication Union (ITU), uri: https://datahub.itu.int/"
  },
  "reviewStatus": "approved",
  "contentVersion": "2026.06.22-exp2-qa1",
  "editorial": {
    "shortHook": "The online-population map.",
    "patternNote": "The darkest countries include Saudi Arabia, United Arab Emirates, Denmark, while the lightest include Burundi, Uganda, Chad; that contrast is the fastest way to read the internet users pattern.",
    "whyItMatters": "Internet use is a clean way to read connectivity, income, and infrastructure together.",
    "bestProbeCountries": [
      {
        "iso3": "SAU",
        "reason": "High anchor: this country sits near the darkest end of the map."
      },
      {
        "iso3": "BDI",
        "reason": "Low anchor: this country clarifies the lightest end of the scale."
      },
      {
        "iso3": "TTO",
        "reason": "Middle check: this country helps separate a true pattern from one-off outliers."
      }
    ],
    "commonConfusions": [
      {
        "confusedWithIndicatorCode": "EG.CFT.ACCS.ZS",
        "reason": "Clean cooking fuels access can tempt players because it shares a strong country ranking with this map, but its unit and definition point to a different story."
      },
      {
        "confusedWithIndicatorCode": "SH.STA.BASS.ZS",
        "reason": "Basic sanitation access can tempt players because it shares a strong country ranking with this map, but its unit and definition point to a different story."
      },
      {
        "confusedWithIndicatorCode": "NY.GNP.PCAP.PP.CD",
        "reason": "GNI per capita, PPP can tempt players because it shares a strong country ranking with this map, but its unit and definition point to a different story."
      }
    ],
    "difficultyReason": "Intro difficulty: the map has broad, recognizable regional anchors and a player-facing unit that is easy to reason about.",
    "regionalSignals": [
      "Connectivity maps often expose infrastructure, income, and island-state outliers.",
      "Small high-income countries can be powerful probes."
    ]
  },
  "editorialReview": {
    "status": "daily_eligible",
    "reviewedAt": "2026-06-22",
    "reviewedBy": "Codex editorial QA",
    "qualityScore": 5,
    "funScore": 4,
    "fairnessScore": 4,
    "ambiguityRisk": "medium",
    "dailyEligible": true,
    "practiceEligible": true,
    "challengeEligible": true,
    "expertOnly": false,
    "reviewNotes": [
      "Readable connectivity map with strong regional anchors.",
      "High development correlation means income-style distractors need restraint."
    ],