{
  "schemaVersion": "1.1.0",
  "id": "labor-force-gender-ratio",
  "providerCode": "SL.TLF.CACT.FM.ZS",
  "title": "Ratio of female to male labor force participation rate (%) (modeled ILO estimate)",
  "shortTitle": "Female-to-male labor force ratio",
  "category": "labor",
  "difficulty": "expert",
  "definition": "Labor force participation rate is the proportion of the population ages 15 and older that is economically active: all people who supply labor for the production of goods and services during a specified period.",
  "unit": "percent ratio",
  "year": 2025,
  "valuesByIso3": {
    "AFG": 7.29071100917431,
    "AGO": 93.2319568332322,
    "ALB": 83.4073884189239,
    "ARE": 57.9213544511196,
    "ARG": 73.2163040899767,
    "ARM": 73.4400621386036,
    "AUS": 88.4388484119686,
    "AUT": 84.1649087407136,
    "AZE": 92.0312026658588,
    "BDI": 103.283054656949,
    "BEL": 84.4430119930111,
    "BEN": 96.9132778049975,
    "BFA": 84.1584028370657,
    "BGD": 48.0685040545247,
    "BGR": 80.7799621564414,
    "BHS": 91.6201406790419,
    "BIH": 65.4256560738938,
    "BLR": 81.2634200807352,
    "BLZ": 64.8678829162072,
    "BOL": 86.2966164923791,
    "BRA": 72.7957912526748,
    "BRN": 74.7726710804648,
    "BTN": 78.9869608826479,
    "BWA": 86.1174943902241,
    "CAF": 79.1048383198801,
    "CAN": 87.3319117455068,
    "CHE": 87.1739191347474,
    "CHL": 73.5287166154573,
    "CHN": 84.6773847189017,
    "CIV": 79.9048463833562,
    "CMR": 76.5407554671968,
    "COD": 92.5231128264967,
    "COG": 93.5436934752218,
    "COL": 68.2009142072027,
    "CRI": 65.9628451019179,
    "CUB": 61.4285275225128,
    "CYP": 84.2318912373404,
    "CZE": 79.1753065939925,
    "DEU": 83.701214158113,
    "DJI": 43.4631354505667,
    "DNK": 87.8776489635433,
    "DOM": 70.2658459926663,
    "DZA": 21.2953063590778,
    "ECU": 68.1505958266119,
    "EGY": 26.1721076665627,
    "ERI": 86.5583667066751,
    "ESP": 84.8867105897477,
    "EST": 87.3458514158037,
    "ETH": 74.3298916636997,
    "FIN": 89.702753342437,
    "FJI": 50.2384467643101,
    "FRA": 86.448362720403,
    "GAB": 69.2293620701124,
    "GBR": 87.4031953167876,
    "GEO": 77.1471724813585,
    "GHA": 89.3662780356075,
    "GIN": 67.5794311068854,
    "GMB": 91.8196691510634,
    "GNB": 86.6416601994769,
    "GNQ": 78.2475499308478,
    "GRC": 74.6224271585138,
    "GTM": 46.9001639865874,
    "GUY": 74.7777198717645,
    "HND": 53.8339157748739,
    "HRV": 82.5944457035268,
    "HTI": 83.6456705332435,
    "HUN": 80.4538788570074,
    "IDN": 65.2908432387758,
    "IND": 41.7724128157891,
    "IRL": 85.2267054611841,
    "IRN": 20.8405835898809,
    "IRQ": 15.069097121757,
    "ISL": 87.9426209945862,
    "ISR": 90.5242961175633,
    "ITA": 69.9991422935071,
    "JAM": 82.572016191362,
    "JOR": 25.6574840331023,
    "JPN": 78.212876689331,
    "KAZ": 85.3842694179058,
    "KEN": 87.7327766179541,
    "KGZ": 61.8185892767102,
    "KHM": 88.0830372597249,
    "KOR": 78.8616982861587,
    "KWT": 53.2978014656895,
    "LAO": 87.1596652932931,
    "LBR": 88.6739957404375,
    "LBY": 52.7540171076825,
    "LKA": 45.72979991737,
    "LSO": 71.8666407639314,
    "LTU": 83.6362054212412,
    "LUX": 87.7505839962136,
    "LVA": 82.6509088189094,
    "MAR": 28.9395965265431,
    "MDA": 100.123198737559,
    "MDG": 94.1187822099121,
    "MEX": 61.5330748382244,
    "MKD": 69.1193117500566,
    "MLI": 65.2193231467996,
    "MMR": 58.7726098191215,
    "MNE": 78.3039193215677,
    "MNG": 75.4328100033716,
    "MOZ": 95.7425668794555,
    "MRT": 46.2437955946514,
    "MWI": 86.3948204686526,
    "MYS": 65.1967529762281,
    "NAM": 87.1147348550943,
    "NCL": 82.3475344277099,
    "NER": 84.1302136317396,
    "NGA": 95.7329442328909,
    "NIC": 62.6886665525086,
    "NLD": 87.2280643187003,
    "NOR": 89.8585963845831,
    "NPL": 51.9318740312276,
    "NZL": 88.4103346311832,
    "OMN": 34.0060842717036,
    "PAK": 30.005365677136,
    "PAN": 70.5537860885647,
    "PER": 80.4303202670953,
    "PHL": 69.6745970412895,
    "PNG": 95.4188727422928,
    "POL": 78.6876248265768,
    "PRI": 74.3063956770707,
    "PRK": 89.5754809410192,
    "PRT": 87.926733087608,
    "PRY": 72.3111987942211,
    "QAT": 64.7271205065146,
    "ROU": 67.7804798962387,
    "RUS": 79.0212525533487,
    "RWA": 81.160241339263,
    "SAU": 40.2887280843864,
    "SEN": 58.1594606522699,
    "SLB": 95.53186058384,
    "SLE": 93.5329514971362,
    "SLV": 63.4845857168742,
    "SOM": 43.819725227037,
    "SRB": 79.1116121758737,
    "SUR": 71.4433416046319,
    "SVK": 83.4296870270598,
    "SVN": 83.2608937924886,
    "SWE": 90.986648529564,
    "SWZ": 89.8032465248857,
    "SYR": 20.7124955245256,
    "TCD": 65.9559930838307,
    "TGO": 95.9282532477431,
    "THA": 78.6372547712087,
    "TJK": 39.2553019845467,
    "TKM": 82.9472496963387,
    "TLS": 85.3682505847994,
    "TTO": 70.1437528449554,
    "TUN": 40.8507161247553,
    "TUR": 51.6713731272692,
    "TZA": 91.954733924358,
    "UGA": 89.3114529429834,
    "URY": 78.0051499339228,
    "USA": 84.0212949983596,
    "UZB": 55.696373743795,
    "VEN": 54.941279267805,
    "VNM": 88.6496482516036,
    "VUT": 84.697995106917,
    "YEM": 7.61567231213967,
    "ZAF": 80.7933397042388,
    "ZMB": 83.4358549713137,
    "ZWE": 83.6946568997092
  },
  "stats": {
    "coverage": 163,
    "min": 7.29071100917431,
    "max": 103.283054656949,
    "median": 79.1116121758737,
    "quantileBreaks": [
      7.29071100917431,
      52.04932304214973,
      67.88622730491676,
      76.80064847326611,
      82.62671034088828,
      86.24543874890624,
      89.35844587951834,
      103.283054656949
    ]
  },
  "formatting": {
    "maximumFractionDigits": 1,
    "suffix": "%"
  },
  "source": {
    "provider": "World Bank",
    "dataset": "World Development Indicators",
    "attribution": "The World Bank",
    "sourceReference": "https://api.worldbank.org/v2/indicator/SL.TLF.CACT.FM.ZS?format=json&per_page=1",
    "valuesReference": "https://api.worldbank.org/v2/country/all/indicator/SL.TLF.CACT.FM.ZS?format=json&per_page=20000&page=1&date=2015%3A2025",
    "license": "Creative Commons Attribution 4.0 International unless specifically labeled otherwise by World Bank metadata",
    "licenseReference": "https://www.worldbank.org/en/about/legal/terms-of-use-for-datasets",
    "retrievedAt": "2026-06-22T18:07:13.209193+00:00",
    "checksum": "9f65d8b39c586847b2441612a10e89e8df6a035dd012720d1a88d621478b5068",
    "sourceOrganization": "ILO Modelled Estimates database (ILOEST), International Labour Organization (ILO), uri: https://ilostat.ilo.org/data/bulk/, publisher: ILOSTAT, type: estimates based on external database;\nStaff estimates, World Bank (WB)"
  },
  "reviewStatus": "approved",
  "contentVersion": "2026.06.22-exp2-qa1",
  "editorial": {
    "shortHook": "A candidate map for female-to-male labor force ratio.",
    "patternNote": "The darkest countries include Burundi, Moldova, Benin, while the lightest include Afghanistan, Yemen, Rep., Iraq; that contrast is the fastest way to read the female-to-male labor force ratio pattern.",
    "whyItMatters": "Female-to-male labor force ratio may add useful WORLDPRINT variety once source coverage, unit clarity, map interest, and distractor ambiguity are reviewed.",
    "bestProbeCountries": [
      {
        "iso3": "BDI",
        "reason": "High anchor: this country sits near the darkest end of the map."
      },
      {
        "iso3": "AFG",
        "reason": "Low anchor: this country clarifies the lightest end of the scale."
      },
      {
        "iso3": "SRB",
        "reason": "Middle check: this country helps separate a true pattern from one-off outliers."
      }
    ],
    "commonConfusions": [
      {
        "confusedWithIndicatorCode": "SL.TLF.CACT.FE.ZS",