{
  "schemaVersion": "1.1.0",
  "id": "largest-city-share",
  "providerCode": "EN.URB.LCTY.UR.ZS",
  "title": "Population in the largest city (% of urban population)",
  "shortTitle": "Largest city share",
  "category": "settlement",
  "difficulty": "standard",
  "definition": "Population in largest city is the percentage of a country's urban population living in that country's largest metropolitan area.",
  "unit": "percent of urban population",
  "year": 2025,
  "valuesByIso3": {
    "AFG": 42.8815899785769,
    "AGO": 35.9440442834601,
    "ALB": 38.7282827464952,
    "ARE": 31.2687924892891,
    "ARG": 37.2001724232842,
    "ARM": 54.0651423253126,
    "AUS": 22.2592189565366,
    "AUT": 31.2407479035332,
    "AZE": 41.549097934241,
    "BDI": 36.5263638879623,
    "BEL": 20.4544631822719,
    "BEN": 17.3961547029313,
    "BFA": 50.5646916998312,
    "BGD": 42.2155459961057,
    "BGR": 26.9598808153894,
    "BIH": 21.0571358635049,
    "BLR": 28.6718951508341,
    "BOL": 22.1832245533825,
    "BRA": 12.2513901140275,
    "CAF": 41.3683099761271,
    "CAN": 18.8049109043979,
    "CHE": 18.6678062455835,
    "CHL": 39.5214250408429,
    "CHN": 3.2665132513396,
    "CIV": 33.9438645513107,
    "CMR": 29.1834492243376,
    "COD": 34.9263533881048,
    "COG": 67.6632697283203,
    "COL": 28.0251152007877,
    "CRI": 36.5757422261319,
    "CUB": 25.5295636692294,
    "CZE": 16.787982142362,
    "DEU": 5.220589911139,
    "DJI": 71.3272922959414,
    "DNK": 26.2364304836748,
    "DOM": 43.6669239365354,
    "DZA": 8.35296870661563,
    "ECU": 27.985730572045,
    "EGY": 45.4359005804294,
    "ERI": 92.4792615631584,
    "ESP": 17.1384723073906,
    "EST": 47.357724628848,
    "ETH": 18.2373933616046,
    "FIN": 32.1980497120481,
    "FRA": 20.9418106494334,
    "GAB": 37.6567294247416,
    "GBR": 16.9963714101413,
    "GEO": 45.1453343012873,
    "GHA": 19.5350030530195,
    "GIN": 38.7144635276005,
    "GMB": 27.8240448933391,
    "GNB": 67.569766976488,
    "GNQ": 36.9562068048431,
    "GRC": 38.2443271682742,
    "GTM": 30.6987122786066,
    "HND": 25.3066251770776,
    "HRV": 30.5380534796011,
    "HTI": 47.3162748179772,
    "HUN": 26.4979168816293,
    "IDN": 6.8557484417066,
    "IND": 6.63530476062258,
    "IRL": 36.6749947772866,
    "IRN": 13.6062712785421,
    "IRQ": 24.7554443544911,
    "ISR": 49.281451743306,
    "ITA": 10.5890207075806,
    "JAM": 35.8119630237048,
    "JOR": 21.1695137144218,
    "JPN": 32.5256525394556,
    "KAZ": 15.7037509616648,
    "KEN": 31.1183554670501,
    "KGZ": 45.1203963868346,
    "KHM": 33.0647183870727,
    "KOR": 23.8968021550614,
    "KWT": 69.9853328614198,
    "LAO": 23.817717227603,
    "LBN": 44.7187343945201,
    "LBR": 55.8354512964921,
    "LBY": 18.353025541917,
    "LKA": 14.5546849485888,
    "LTU": 27.1353850347663,
    "LVA": 48.5548604222422,
    "MAR": 16.5384192253399,
    "MDA": 46.917694101966,
    "MDG": 39.2581600004902,
    "MEX": 21.5435051627959,
    "MKD": 54.2116228951054,
    "MLI": 39.1801803178032,
    "MMR": 34.6531366582867,
    "MNG": 67.9318922222852,
    "MOZ": 14.9698229383081,
    "MRT": 49.3529867317224,
    "MWI": 35.6365679242083,
    "MYS": 32.3227810517542,
    "NAM": 32.5047530118299,
    "NER": 30.4405453635946,
    "NGA": 11.3255227920067,
    "NIC": 26.9089914778763,
    "NLD": 6.85301463376404,
    "NOR": 23.7913243166987,
    "NPL": 8.43028428435864,
    "NZL": 38.2577022846046,
    "OMN": 38.9850146940357,
    "PAK": 17.9196275767862,
    "PAN": 67.9446307781547,
    "PER": 38.9146902948852,
    "PHL": 23.3827298272173,
    "PNG": 25.4308164713294,
    "POL": 8.22301755916883,
    "PRI": 80.9987655549561,
    "PRK": 18.8163843214054,
    "PRT": 45.5756273242943,
    "PRY": 73.4778300934125,
    "PSE": 17.4063307855423,
    "QAT": 28.1625560033225,
    "ROU": 17.7227015874056,
    "RUS": 11.7944234539144,
    "RWA": 29.5263235488721,
    "SAU": 25.4213503438479,
    "SDN": 37.4231319766877,
    "SEN": 34.6533385578883,
    "SLE": 34.2502321234114,
    "SLV": 23.5555586063671,
    "SOM": 26.2642714880271,
    "SRB": 34.4433336721717,
    "SSD": 18.9207891910175,
    "SVK": 15.4064516397866,
    "SWE": 18.4100038530632,
    "SYR": 15.1610560742659,
    "TCD": 29.7552132557355,
    "TGO": 55.2858215151546,
    "THA": 25.3279557460735,
    "TJK": 36.8456409843948,
    "TKM": 26.223464948027,
    "TTO": 74.04240446397,
    "TUN": 29.1500564152003,
    "TUR": 21.1260792654792,
    "TZA": 32.9040731560927,
    "UGA": 25.9875756688028,
    "UKR": 11.1253720015253,
    "URY": 55.2317471691819,
    "USA": 6.98835931030883,
    "UZB": 14.0981884106462,
    "VEN": 11.8370379018993,
    "VNM": 24.8825424125748,
    "YEM": 22.8011830851939,
    "ZAF": 15.5972126076094,
    "ZMB": 34.4940140984695,
    "ZWE": 23.7902167259157
  },
  "stats": {
    "coverage": 149,
    "min": 3.2665132513396,
    "max": 92.4792615631584,
    "median": 29.1500564152003,
    "quantileBreaks": [
      3.2665132513396,
      15.612432372474458,
      21.13848910803423,
      26.248362342682924,
      32.26932476330873,
      37.359429247143844,
      46.72597027658431,
      92.4792615631584
    ]
  },
  "formatting": {
    "maximumFractionDigits": 1,
    "suffix": "%"
  },
  "source": {
    "provider": "World Bank",
    "dataset": "World Development Indicators",
    "attribution": "The World Bank",
    "sourceReference": "https://api.worldbank.org/v2/indicator/EN.URB.LCTY.UR.ZS?format=json&per_page=1",
    "valuesReference": "https://api.worldbank.org/v2/country/all/indicator/EN.URB.LCTY.UR.ZS?format=json&per_page=20000&page=1&date=2015%3A2025",
    "license": "Creative Commons Attribution 4.0 International unless specifically labeled otherwise by World Bank metadata",
    "licenseReference": "https://www.worldbank.org/en/about/legal/terms-of-use-for-datasets",
    "retrievedAt": "2026-07-02T22:39:57.605771+00:00",
    "checksum": "97ec533be9ff12f96959446f6b87300498a323c494fa602d9ce61e0b88e18bff",
    "sourceOrganization": "World Urbanization Prospects 2018, United Nations (UN), uri: https://population.un.org/wup/, publisher: UN Population Division, date published: 2018"
  },
  "reviewStatus": "approved",
  "contentVersion": "2026.07.02-exp4-content50",
  "editorial": {
    "shortHook": "A candidate map for largest city share.",
    "patternNote": "The darkest countries include Eritrea, Puerto Rico (US), Trinidad and Tobago, while the lightest include China, Germany, India; that contrast is the fastest way to read the largest city share pattern.",
    "whyItMatters": "Largest city share may add useful WORLDPRINT variety once source coverage, unit clarity, map interest, and distractor ambiguity are reviewed.",
    "bestProbeCountries": [
      {
        "iso3": "ERI",
        "reason": "High anchor: this country sits near the darkest end of the map."
      },
      {
        "iso3": "CHN",
        "reason": "Low anchor: this country clarifies the lightest end of the scale."
      },
      {
        "iso3": "TUN",
        "reason": "Middle check: this country helps separate a true pattern from one-off outliers."
      }
    ],
    "commonConfusions": [
      {
        "confusedWithIndicatorCode": "AG.PRD.CREL.MT",
        "reason": "Cereal production overlaps with part of the visible pattern, but the full country spread does not match."
      },
      {
        "confusedWithIndicatorCode": "AG.LND.ARBL.HA",
        "reason": "Arable land area overlaps with part of the visible pattern, but the full country spread does not match."
      },
      {
        "confusedWithIndicatorCode": "AG.LND.CREL.HA",
        "reason": "Land under cereal production overlaps with part of the visible pattern, but the full country spread does not match."
      }
    ],
    "difficultyReason": "Standard difficulty: the map has readable regional structure, but the best answer still depends on checking the unit and country anchors.",