{
  "schemaVersion": "1.1.0",
  "id": "life-expectancy",
  "providerCode": "SP.DYN.LE00.IN",
  "title": "Life expectancy at birth, total (years)",
  "shortTitle": "Life expectancy",
  "category": "health",
  "difficulty": "intro",
  "definition": "Life expectancy at birth indicates the number of years a newborn infant would live if prevailing patterns of mortality at the time of its birth were to stay the same throughout its life.",
  "unit": "years",
  "year": 2024,
  "valuesByIso3": {
    "AFG": 66.289,
    "AGO": 64.805,
    "ALB": 79.776,
    "ARE": 83.069,
    "ARG": 77.543,
    "ARM": 78.319512195122,
    "AUS": 83.0512195121951,
    "AUT": 81.9951219512195,
    "AZE": 74.576,
    "BDI": 63.818,
    "BEL": 82.3,
    "BEN": 60.961,
    "BFA": 61.292,
    "BGD": 74.93,
    "BGR": 75.7609756097561,
    "BHS": 74.71,
    "BIH": 78.044,
    "BLR": 74.3653414634147,
    "BLZ": 73.739,
    "BOL": 68.739,
    "BRA": 76.023,
    "BRN": 75.501,
    "BTN": 73.262,
    "BWA": 69.293,
    "CAF": 57.671,
    "CAN": 82.1080487804878,
    "CHE": 84.4073170731707,
    "CHL": 81.359,
    "CHN": 78.017,
    "CIV": 62.11,
    "CMR": 63.968,
    "COD": 62.074,
    "COG": 66.001,
    "COL": 77.913,
    "CRI": 80.996,
    "CUB": 78.264,
    "CYP": 81.821,
    "CZE": 79.9780487804878,
    "DEU": 80.7926829268293,
    "DJI": 66.202,
    "DNK": 82.2536585365854,
    "DOM": 73.868,
    "DZA": 76.475,
    "ECU": 77.579,
    "EGY": 71.806,
    "ERI": 68.893,
    "ESP": 83.8878048780488,
    "EST": 79.2951219512195,
    "ETH": 67.603,
    "FIN": 82.3365853658537,
    "FJI": 67.463,
    "FRA": 82.9804878048781,
    "GAB": 68.511,
    "GBR": 81.3868536585366,
    "GEO": 74.657,
    "GHA": 65.695,
    "GIN": 60.904,
    "GMB": 66.057,
    "GNB": 64.254,
    "GNQ": 63.906,
    "GRC": 81.8390243902439,
    "GRL": 70.2734146341463,
    "GTM": 72.746,
    "GUY": 70.319,
    "HND": 73.044,
    "HRV": 78.9292682926829,
    "HTI": 65.119,
    "HUN": 76.7243902439025,
    "IDN": 71.288,
    "IND": 72.235,
    "IRL": 83.009756097561,
    "IRN": 77.854,
    "IRQ": 72.424,
    "ISL": 82.809756097561,
    "ISR": 83.1975609756098,
    "ITA": 83.9512195121951,
    "JAM": 71.606,
    "JOR": 77.981,
    "JPN": 84.0363414634146,
    "KAZ": 74.531,
    "KEN": 63.834,
    "KGZ": 72.4,
    "KHM": 70.817,
    "KOR": 83.6292682926829,
    "KWT": 84.580487804878,
    "LAO": 69.225,
    "LBN": 77.945,
    "LBR": 62.324,
    "LBY": 71.121,
    "LKA": 77.672,
    "LSO": 57.798,
    "LTU": 77.1951219512195,
    "LUX": 83.1951219512195,
    "LVA": 76.4292682926829,
    "MAR": 75.493,
    "MDA": 71.332,
    "MDG": 63.835,
    "MEX": 75.264,
    "MKD": 76.6165853658537,
    "MLI": 60.675,
    "MMR": 67.095,
    "MNE": 77.890243902439,
    "MNG": 72.3980487804878,
    "MOZ": 63.797,
    "MRT": 68.713,
    "MWI": 67.561,
    "MYS": 76.821,
    "NAM": 67.516,
    "NCL": 78.921,
    "NER": 61.433,
    "NGA": 54.635,
    "NIC": 75.1,
    "NLD": 81.9658536585366,
    "NOR": 83.1609756097561,
    "NPL": 70.636,
    "NZL": 82.009756097561,
    "OMN": 80.246,
    "PAK": 67.799,
    "PAN": 79.775,
    "PER": 77.941,
    "PHL": 69.946,
    "PNG": 66.256,
    "POL": 78.409756097561,
    "PRI": 81.902,
    "PRK": 73.743,
    "PRT": 82.3829268292683,
    "PRY": 73.982,
    "PSE": 69.213,
    "QAT": 82.522,
    "ROU": 76.4585365853659,
    "RUS": 73.4404878048781,
    "RWA": 68.017,
    "SAU": 78.982,
    "SDN": 66.521,
    "SEN": 68.924,
    "SLB": 70.694,
    "SLE": 61.964,
    "SLV": 72.302,
    "SOM": 58.967,
    "SRB": 75.9682926829268,
    "SSD": 57.738,
    "SUR": 73.757,
    "SVK": 78.3707317073171,
    "SVN": 82.2853658536585,
    "SWE": 84.0634146341463,
    "SWZ": 64.264,
    "SYR": 72.56,
    "TCD": 55.238,
    "TGO": 62.935,
    "THA": 76.564,
    "TJK": 71.927,
    "TKM": 70.201,
    "TLS": 67.904,
    "TTO": 73.617,
    "TUN": 76.711,
    "TUR": 77.421,
    "TZA": 67.212,
    "UGA": 68.487,
    "UKR": 74.692,
    "URY": 78.287,
    "USA": 78.890243902439,
    "UZB": 72.528,
    "VEN": 72.673,
    "VNM": 74.736,
    "VUT": 71.654,
    "YEM": 69.439,
    "ZAF": 66.312,
    "ZMB": 66.528,
    "ZWE": 63.064
  },
  "stats": {
    "coverage": 169,
    "min": 54.635,
    "max": 84.580487804878,
    "median": 73.757,
    "quantileBreaks": [
      54.635,
      64.264,
      68.739,
      72.4,
      75.264,
      77.981,
      81.9658536585366,
      84.580487804878
    ]
  },
  "formatting": {
    "maximumFractionDigits": 1,
    "suffix": " years"
  },
  "source": {
    "provider": "World Bank",
    "dataset": "World Development Indicators",
    "attribution": "The World Bank",
    "sourceReference": "https://api.worldbank.org/v2/indicator/SP.DYN.LE00.IN?format=json&per_page=1",
    "valuesReference": "https://api.worldbank.org/v2/country/all/indicator/SP.DYN.LE00.IN?format=json&per_page=20000&page=1&date=2015%3A2025",
    "license": "Creative Commons Attribution 4.0 International unless specifically labeled otherwise by World Bank metadata",
    "licenseReference": "https://www.worldbank.org/en/about/legal/terms-of-use-for-datasets",
    "retrievedAt": "2026-06-19T17:08:55.633896+00:00",
    "checksum": "d3e62d03e21bf8b26832884e531d8ce0b52bf431985ba95f5b019c7e79f5d88f",
    "sourceOrganization": "World Population Prospects, United Nations (UN), uri: UN Population Division;\nStatistical databases and publications from national statistical offices, National statistical offices, note: Derived from male and female life expectancy at birth from sources such as statistical databases and publications from national statistical offices.;\nDemographic Statistics, Eurostat (ESTAT), note: Derived from male and female life expectancy at birth from sources such as Eurostat: Demographic Statistics."
  },
  "reviewStatus": "approved",
  "contentVersion": "2026.06.19-ed1",
  "editorial": {
    "shortHook": "A familiar health map with strong regional anchors.",
    "patternNote": "The darkest countries include Kuwait, Switzerland, Sweden, while the lightest include Nigeria, Chad, Central African Republic; that contrast is the fastest way to read the life expectancy pattern.",
    "whyItMatters": "Life expectancy is one of the clearest summary measures of population health.",
    "bestProbeCountries": [
      {
        "iso3": "KWT",
        "reason": "High anchor: this country sits near the darkest end of the map."
      },
      {
        "iso3": "NGA",
        "reason": "Low anchor: this country clarifies the lightest end of the scale."
      },
      {
        "iso3": "SUR",
        "reason": "Middle check: this country helps separate a true pattern from one-off outliers."
      }
    ],
    "commonConfusions": [
      {
        "confusedWithIndicatorCode": "SP.DYN.AMRT.FE",
        "reason": "Female adult mortality can tempt players because it shares a strong country ranking with this map, but its unit and definition point to a different story."
      },
      {
        "confusedWithIndicatorCode": "SH.DYN.MORT",
        "reason": "Under-5 mortality can tempt players because it shares a strong country ranking with this map, but its unit and definition point to a different story."
      },
      {
        "confusedWithIndicatorCode": "SP.DYN.IMRT.IN",
        "reason": "Infant mortality can tempt players because it shares a strong country ranking with this map, but its unit and definition point to a different story."
      }
    ],
    "difficultyReason": "Intro difficulty: the map has broad, recognizable regional anchors and a player-facing unit that is easy to reason about.",
    "regionalSignals": [
      "Health maps often separate income, public-health capacity, and conflict exposure.",
      "Check both high-income and low-income anchors."
    ]
  },
  "editorialReview": {
    "status": "daily_eligible",
    "reviewedAt": "2026-06-19",
    "reviewedBy": "Codex editorial QA",
    "qualityScore": 5,
    "funScore": 4,
    "fairnessScore": 4,
    "ambiguityRisk": "medium",
    "dailyEligible": true,