{
  "schemaVersion": "1.1.0",
  "id": "low-elevation-land-share",
  "providerCode": "AG.LND.EL5M.ZS",
  "title": "Land area where elevation is below 5 meters (% of total land area)",
  "shortTitle": "Low-elevation land",
  "category": "settlement",
  "difficulty": "expert",
  "definition": "Land area below 5m is the percentage of total land where the elevation is 5 meters or less.",
  "unit": "percent of land area",
  "year": 2015,
  "valuesByIso3": {
    "AFG": 0.0,
    "AGO": 0.16055459171434,
    "ALB": 3.75614009062933,
    "ARE": 4.09434245038579,
    "ARG": 0.621191850113877,
    "ARM": 0.0,
    "AUS": 0.73061086731368,
    "AUT": 0.0,
    "AZE": 0.0,
    "BDI": 0.0,
    "BEL": 5.39679076046981,
    "BEN": 1.13834932200242,
    "BFA": 0.0,
    "BGD": 15.8661503621848,
    "BGR": 0.138744231990312,
    "BHS": 69.7363513985035,
    "BIH": 0.0057206347777854,
    "BLR": 0.0,
    "BLZ": 12.4503046517218,
    "BOL": 0.0,
    "BRA": 0.854755123914608,
    "BRN": 5.50154133471272,
    "BTN": 0.0,
    "BWA": 0.0,
    "CAF": 0.0,
    "CAN": 0.646344356144417,
    "CHE": 0.0,
    "CHL": 1.53196018762529,
    "CHN": 0.817966493195581,
    "CIV": 0.51280966514918,
    "CMR": 0.463427153685928,
    "COD": 0.0273775503207665,
    "COG": 0.234273168222491,
    "COL": 1.1349545401394,
    "CRI": 2.92573046979411,
    "CUB": 14.9366835862441,
    "CYP": 2.13012284017645,
    "CZE": 0.0,
    "DEU": 3.3116333437963,
    "DJI": 0.748581142403675,
    "DNK": 13.4034312467074,
    "DOM": 2.43129020026616,
    "DZA": 0.0253949845887018,
    "ECU": 1.28570738232506,
    "EGY": 1.50644501945213,
    "ERI": 1.27908091533009,
    "ESP": 0.816065358597798,
    "EST": 3.44379113110202,
    "ETH": 0.0,
    "FIN": 1.21649056429135,
    "FJI": 8.29796274665847,
    "FRA": 1.49212377808454,
    "GAB": 1.43045361296655,
    "GBR": 4.06052262857403,
    "GEO": 1.39610852889574,
    "GHA": 0.727868498970982,
    "GIN": 1.3778542446786,
    "GMB": 18.9212202198373,
    "GNB": 16.0430890953121,
    "GNQ": 0.816320272917788,
    "GRC": 3.41468670119004,
    "GRL": 5.10136353446506,
    "GTM": 0.73262406616977,
    "GUY": 5.21862830877688,
    "HND": 4.49451010868349,
    "HRV": 1.60994688952881,
    "HTI": 2.34132841171347,
    "HUN": 0.0,
    "IDN": 7.71005538043144,
    "IND": 1.25039652141578,
    "IRL": 2.05292798664752,
    "IRN": 0.780218808051937,
    "IRQ": 2.88026769556178,
    "ISL": 1.86166094829308,
    "ISR": 0.493446011370041,
    "ITA": 3.28171440431111,
    "JAM": 4.80325553379893,
    "JOR": 0.00426687907154254,
    "JPN": 3.25499866561465,
    "KAZ": 0.0,
    "KEN": 0.274727760666996,
    "KGZ": 0.0,
    "KHM": 1.73514794552964,
    "KOR": 2.98079254341265,
    "KWT": 8.59160119945101,
    "LAO": 0.0,
    "LBN": 0.623546939880373,
    "LBR": 1.10372857408954,
    "LBY": 0.479890991052061,
    "LKA": 3.47658480132331,
    "LSO": 0.0,
    "LTU": 0.697016788385351,
    "LUX": 0.0,
    "LVA": 1.88345468654043,
    "MAR": 0.216119843145701,
    "MDA": 0.0,
    "MDG": 1.25938945719906,
    "MEX": 2.68482850822463,
    "MKD": 0.0,
    "MLI": 0.0,
    "MMR": 4.51455414604066,
    "MNE": 0.701665704118329,
    "MNG": 0.0,
    "MOZ": 2.0629981732565,
    "MRT": 1.08239953960961,
    "MWI": 0.0,
    "MYS": 6.89026185884778,
    "NAM": 0.201182291648057,
    "NCL": 5.40773374745699,
    "NER": 0.0,
    "NGA": 2.10696169438296,
    "NIC": 5.8934518877954,
    "NLD": 52.0084577000959,
    "NOR": 1.598686807638,
    "NPL": 0.0,
    "NZL": 4.62627363117754,
    "OMN": 0.793991213306997,
    "PAK": 1.30601857256827,
    "PAN": 4.49107718702475,
    "PER": 0.295481210157948,
    "PHL": 4.64931683189432,
    "PNG": 3.84186096929376,
    "POL": 1.05983749101733,
    "PRI": 6.7879510222038,
    "PRK": 1.66870356551942,
    "PRT": 1.68511220438307,
    "PRY": 0.0,
    "PSE": 0.147112482262362,
    "QAT": 11.5571811331815,
    "ROU": 1.38536239806099,
    "RUS": 0.674586410966513,
    "RWA": 0.0,
    "SAU": 0.380595150921169,
    "SDN": 0.0836492778457297,
    "SEN": 4.34850399015305,
    "SLB": 7.29003277631836,
    "SLE": 5.25668349060968,
    "SLV": 3.63128219544996,
    "SOM": 0.240375612735612,
    "SRB": 0.0,
    "SSD": 0.0,
    "SUR": 6.35628853676729,
    "SVK": 0.0,
    "SVN": 0.106451097540971,
    "SWE": 0.996003669728107,
    "SWZ": 0.0,
    "SYR": 0.0309847408778005,
    "TCD": 0.0,
    "TGO": 0.41113363195663,
    "THA": 4.23905386738625,
    "TJK": 0.0,
    "TKM": 0.0,
    "TLS": 1.55907157816078,
    "TTO": 7.29692105563009,
    "TUN": 1.47000587989164,
    "TUR": 0.572584849103025,
    "TZA": 0.17345211613572,
    "UGA": 0.0,
    "UKR": 0.820800772448344,
    "URY": 0.613938450107093,
    "USA": 1.45540481308153,
    "UZB": 0.0,
    "VEN": 1.56674646259316,
    "VNM": 15.9435701835988,
    "VUT": 4.21509043203904,
    "YEM": 0.385032911667232,
    "ZAF": 0.114150971108376,
    "ZMB": 0.0,
    "ZWE": 0.0
  },
  "stats": {
    "coverage": 169,
    "min": 0.0,
    "max": 69.7363513985035,
    "median": 0.996003669728107,
    "quantileBreaks": [
      0.0,
      0.0,
      0.138744231990312,
      0.701665704118329,
      1.3778542446786,
      2.68482850822463,
      5.10136353446506,
      69.7363513985035
    ]
  },
  "formatting": {
    "maximumFractionDigits": 1,
    "suffix": "%"
  },
  "source": {
    "provider": "World Bank",
    "dataset": "World Development Indicators",
    "attribution": "The World Bank",
    "sourceReference": "https://api.worldbank.org/v2/indicator/AG.LND.EL5M.ZS?format=json&per_page=1",
    "valuesReference": "https://api.worldbank.org/v2/country/all/indicator/AG.LND.EL5M.ZS?format=json&per_page=20000&page=1&date=2015%3A2025",
    "license": "Creative Commons Attribution 4.0 International unless specifically labeled otherwise by World Bank metadata",
    "licenseReference": "https://www.worldbank.org/en/about/legal/terms-of-use-for-datasets",
    "retrievedAt": "2026-06-22T18:07:26.224125+00:00",
    "checksum": "e5b7a558c38fae3e1d466aec906a80619a9b3cb9c65de8c854db840610b4280a",
    "sourceOrganization": "Low Elevation Coastal Zone (LECZ) Urban-Rural Population and Land Area Estimates, Version 3, Center For International Earth Science Information Network (CIESIN) - Columbia University, uri: https://www.earthdata.nasa.gov/data/catalog/sedac-ciesin-sedac-lecz-urplaev3-3.00, publisher: NASA Socioeconomic Data and Applications Center (SEDAC), date published: 2021"
  },
  "reviewStatus": "approved",
  "contentVersion": "2026.06.22-exp2-qa1",
  "editorial": {
    "shortHook": "A candidate map for low-elevation land.",
    "patternNote": "The darkest countries include Bahamas, The, Netherlands, Gambia, The, while the lightest include Afghanistan, Armenia, Austria; that contrast is the fastest way to read the low-elevation land pattern.",
    "whyItMatters": "Low-elevation land may add useful WORLDPRINT variety once source coverage, unit clarity, map interest, and distractor ambiguity are reviewed.",
    "bestProbeCountries": [
      {
        "iso3": "BHS",
        "reason": "High anchor: this country sits near the darkest end of the map."
      },
      {
        "iso3": "AFG",
        "reason": "Low anchor: this country clarifies the lightest end of the scale."
      },
      {
        "iso3": "SWE",
        "reason": "Middle check: this country helps separate a true pattern from one-off outliers."
      }
    ],
    "commonConfusions": [
      {
        "confusedWithIndicatorCode": "EN.POP.EL5M.ZS",
        "reason": "Low-elevation coastal population can tempt players because it shares a strong country ranking with this map, but its unit and definition point to a different story."
      },
      {
        "confusedWithIndicatorCode": "AG.LND.PRCP.MM",
        "reason": "Average precipitation overlaps with part of the visible pattern, but the full country spread does not match."
      },
      {
        "confusedWithIndicatorCode": "AG.LND.ARBL.HA.PC",