{
  "schemaVersion": "1.1.0",
  "id": "low-elevation-coastal-population",
  "providerCode": "EN.POP.EL5M.ZS",
  "title": "Population living in areas where elevation is below 5 meters (% of total population)",
  "shortTitle": "Low-elevation coastal population",
  "category": "settlement",
  "difficulty": "expert",
  "definition": "Population below 5m is the percentage of the total population living in areas where the elevation is 5 meters or less.",
  "unit": "percent of population",
  "year": 2015,
  "valuesByIso3": {
    "AFG": 0.0,
    "AGO": 1.53305214067655,
    "ALB": 9.15110167982407,
    "ARE": 26.7198219315291,
    "ARG": 1.02928663774484,
    "ARM": 0.0,
    "AUS": 3.6013357263928,
    "AUT": 0.0,
    "AZE": 0.0,
    "BDI": 0.0,
    "BEL": 5.48301366791854,
    "BEN": 7.25427232711727,
    "BFA": 0.0,
    "BGD": 8.38183750736477,
    "BGR": 1.33967587036816,
    "BHS": 12.8571394251619,
    "BIH": 0.0137988235253632,
    "BLR": 0.0,
    "BLZ": 33.8562563835843,
    "BOL": 0.0,
    "BRA": 2.23302391070075,
    "BRN": 20.870967238675,
    "BTN": 0.0,
    "BWA": 0.0,
    "CAF": 0.0,
    "CAN": 1.44116830882438,
    "CHE": 0.0,
    "CHL": 0.958467364431253,
    "CHN": 4.87880231853816,
    "CIV": 3.26601676991083,
    "CMR": 2.29087878478046,
    "COD": 0.012774030558603,
    "COG": 0.944060135733029,
    "COL": 2.34105613545381,
    "CRI": 2.00237495832442,
    "CUB": 2.50495003993379,
    "CYP": 4.04474158997971,
    "CZE": 0.0,
    "DEU": 1.99002924234282,
    "DJI": 11.0745910622314,
    "DNK": 12.5703443745095,
    "DOM": 1.84398033192546,
    "DZA": 1.2456681044134,
    "ECU": 7.21542013422517,
    "EGY": 16.3449056045819,
    "ERI": 15.4855376134057,
    "ESP": 3.99842632128181,
    "EST": 2.61109485088201,
    "ETH": 0.0,
    "FIN": 4.55613658391432,
    "FJI": 18.2646769725551,
    "FRA": 2.08138306935594,
    "GAB": 9.52729723911365,
    "GBR": 2.74511866286225,
    "GEO": 3.85225301774937,
    "GHA": 2.1287841350265,
    "GIN": 2.34686602584341,
    "GMB": 4.3101211111681,
    "GNB": 4.53961279050343,
    "GNQ": 5.66273195374869,
    "GRC": 5.10819938614292,
    "GRL": 59.8627167311208,
    "GTM": 0.206295001583779,
    "GUY": 78.4831581251732,
    "HND": 1.82227588839704,
    "HRV": 4.31367326892496,
    "HTI": 4.07394014873398,
    "HUN": 0.0,
    "IDN": 8.81766119912081,
    "IND": 1.88001213009684,
    "IRL": 2.79860140235064,
    "IRN": 0.928610379790746,
    "IRQ": 4.59009995154453,
    "ISL": 11.3135349757772,
    "ISR": 1.70248770424203,
    "ITA": 3.81654106895182,
    "JAM": 9.15485047135585,
    "JOR": 0.053651096121461,
    "JPN": 12.4425842555292,
    "KAZ": 0.0,
    "KEN": 0.409713227470306,
    "KGZ": 0.0,
    "KHM": 2.00470704447948,
    "KOR": 2.13367182802107,
    "KWT": 4.75710089918604,
    "LAO": 0.0,
    "LBN": 2.95352811814315,
    "LBR": 11.7318691364715,
    "LBY": 6.83376098719048,
    "LKA": 3.83269502133841,
    "LSO": 0.0,
    "LTU": 1.54171360273301,
    "LUX": 0.0,
    "LVA": 10.2259175988653,
    "MAR": 1.44726242907171,
    "MDA": 0.0,
    "MDG": 4.29460833953867,
    "MEX": 1.05110878855813,
    "MKD": 0.0,
    "MLI": 0.0,
    "MMR": 6.81173845504917,
    "MNE": 4.40624625277759,
    "MNG": 0.0,
    "MOZ": 2.79978954807574,
    "MRT": 21.0047730040337,
    "MWI": 0.0,
    "MYS": 10.125909006039,
    "NAM": 0.187784026474826,
    "NCL": 10.8664539818011,
    "NER": 0.0,
    "NGA": 3.52576087697703,
    "NIC": 1.7969652670308,
    "NLD": 53.6880948779583,
    "NOR": 7.15075669196258,
    "NPL": 0.0,
    "NZL": 3.28780797652116,
    "OMN": 6.84452843415434,
    "PAK": 0.448811415274458,
    "PAN": 6.00466167962404,
    "PER": 0.661118653974335,
    "PHL": 10.5243953512241,
    "PNG": 7.56072060559768,
    "POL": 1.58578229608631,
    "PRI": 8.05715862970199,
    "PRK": 4.89204847762075,
    "PRT": 1.28990060760989,
    "PRY": 0.0,
    "PSE": 0.205186452677128,
    "QAT": 6.74901542925335,
    "ROU": 0.328334085786211,
    "RUS": 0.963520751664424,
    "RWA": 0.0,
    "SAU": 3.20801656221606,
    "SDN": 0.508642210659131,
    "SEN": 7.02540265689155,
    "SLB": 17.8637860466646,
    "SLE": 3.5364199304646,
    "SLV": 0.867601174074275,
    "SOM": 3.51773871040259,
    "SRB": 0.0,
    "SSD": 0.0,
    "SUR": 71.2830600989543,
    "SVK": 0.0,
    "SVN": 1.38309038211644,
    "SWE": 5.12805059212315,
    "SWZ": 0.0,
    "SYR": 0.395647772609014,
    "TCD": 0.0,
    "TGO": 1.13307317742222,
    "THA": 17.4710387027152,
    "TJK": 0.0,
    "TKM": 0.0,
    "TLS": 2.96618589653714,
    "TTO": 4.01763777597218,
    "TUN": 8.94186702264794,
    "TUR": 2.58616013593939,
    "TZA": 0.367999549136882,
    "UGA": 0.0,
    "UKR": 1.06733382993239,
    "URY": 2.20275964776308,
    "USA": 1.98031592664396,
    "UZB": 0.0,
    "VEN": 4.06639772093371,
    "VNM": 29.6698131367696,
    "VUT": 10.1121351183602,
    "YEM": 1.58086369450412,
    "ZAF": 0.199446537696018,
    "ZMB": 0.0,
    "ZWE": 0.0
  },
  "stats": {
    "coverage": 169,
    "min": 0.0,
    "max": 78.4831581251732,
    "median": 2.13367182802107,
    "quantileBreaks": [
      0.0,
      0.0,
      0.367999549136882,
      1.58578229608631,
      2.95352811814315,
      4.75710089918604,
      10.1121351183602,
      78.4831581251732
    ]
  },
  "formatting": {
    "maximumFractionDigits": 1,
    "suffix": "%"
  },
  "source": {
    "provider": "World Bank",
    "dataset": "World Development Indicators",
    "attribution": "The World Bank",
    "sourceReference": "https://api.worldbank.org/v2/indicator/EN.POP.EL5M.ZS?format=json&per_page=1",
    "valuesReference": "https://api.worldbank.org/v2/country/all/indicator/EN.POP.EL5M.ZS?format=json&per_page=20000&page=1&date=2015%3A2025",
    "license": "Creative Commons Attribution 4.0 International unless specifically labeled otherwise by World Bank metadata",
    "licenseReference": "https://www.worldbank.org/en/about/legal/terms-of-use-for-datasets",
    "retrievedAt": "2026-07-02T22:21:24.485726+00:00",
    "checksum": "8eb3894cf52389310711d414d55d723a5bc70945088ed380387fea50bcfebbc3",
    "sourceOrganization": "Low Elevation Coastal Zone (LECZ) Urban-Rural Population and Land Area Estimates, Version 3, Center For International Earth Science Information Network (CIESIN) - Columbia University, uri: https://doi.org/10.7927/d1x1-d702, publisher: NASA Earthdata GIS, date accessed: 202112, date published: 202112;\nCUNY Institute for Demographic Research (CIDR) - City University of New York, uri: https://doi.org/10.7927/d1x1-d702, publisher: NASA Earthdata GIS, date accessed: 202112"
  },
  "reviewStatus": "approved",
  "contentVersion": "2026.07.02-exp4-content50",
  "editorial": {
    "shortHook": "The coastal-exposure map.",
    "patternNote": "The darkest countries include Guyana, Suriname, Greenland, while the lightest include Afghanistan, Armenia, Austria; that contrast is the fastest way to read the low-elevation coastal population pattern.",
    "whyItMatters": "This indicator shows where people live close to sea level, connecting settlement geography to climate exposure.",
    "bestProbeCountries": [
      {
        "iso3": "GUY",
        "reason": "High anchor: this country sits near the darkest end of the map."
      },
      {
        "iso3": "AFG",
        "reason": "Low anchor: this country clarifies the lightest end of the scale."
      },
      {
        "iso3": "KOR",
        "reason": "Middle check: this country helps separate a true pattern from one-off outliers."
      }
    ],
    "commonConfusions": [
      {
        "confusedWithIndicatorCode": "EN.POP.EL5M.UR.ZS",
        "reason": "Urban low-elevation population can tempt players because it shares a strong country ranking with this map, but its unit and definition point to a different story."
      },
      {
        "confusedWithIndicatorCode": "EN.POP.EL5M.RU.ZS",