{
  "schemaVersion": "1.1.0",
  "id": "male-agricultural-employment",
  "providerCode": "SL.AGR.EMPL.MA.ZS",
  "title": "Employment in agriculture, male (% of male employment) (modeled ILO estimate)",
  "shortTitle": "Male agricultural employment",
  "category": "labor",
  "difficulty": "expert",
  "definition": "Employment is defined as persons of working age who were engaged in any activity to produce goods or provide services for pay or profit, whether at work during the reference period or not at work due to temporary absence from a job, or to working-time arrangement. The agriculture sector consists of activities in agriculture, hunting, forestry and fishing, in accordance with division 1 (ISIC 2) or categories A-B (ISIC 3) or category A (ISIC 4).",
  "unit": "percent of male employment",
  "year": 2025,
  "valuesByIso3": {
    "AFG": 50.194959795391,
    "AGO": 48.0754153732961,
    "ALB": 26.5117736478619,
    "ARE": 1.83151654615077,
    "ARG": 9.50124531803088,
    "ARM": 23.2943933734355,
    "AUS": 2.84311162922689,
    "AUT": 3.15541765992167,
    "AZE": 29.8400469512921,
    "BDI": 77.0090470308543,
    "BEL": 1.30300990300923,
    "BEN": 46.7934140182858,
    "BFA": 50.0087898356126,
    "BGD": 28.555130299331,
    "BGR": 6.46420175535783,
    "BHS": 1.41360158323377,
    "BIH": 13.2903209197086,
    "BLR": 12.4889869838128,
    "BLZ": 21.6657186196435,
    "BOL": 24.8661075870669,
    "BRA": 10.9333009750172,
    "BRN": 1.37969013877671,
    "BTN": 36.4312345523857,
    "BWA": 26.4442420631204,
    "CAF": 63.8013911499186,
    "CAN": 1.45982116218687,
    "CHE": 2.86983171389803,
    "CHL": 8.06407220355513,
    "CHN": 24.1934332847983,
    "CIV": 48.7059121595049,
    "CMR": 39.5631162670825,
    "COD": 49.8549509993929,
    "COG": 35.2351235896166,
    "COL": 19.7803249475855,
    "CRI": 14.9739410762532,
    "CUB": 21.3867231821014,
    "CYP": 3.24667380715197,
    "CZE": 3.61273714769749,
    "DEU": 1.38922950379221,
    "DJI": 1.24601745394099,
    "DNK": 2.41483579482526,
    "DOM": 10.9642201482183,
    "DZA": 10.5066195581746,
    "ECU": 33.6619278004053,
    "EGY": 17.5371415411526,
    "ERI": 53.1106808204818,
    "ESP": 4.60738414594989,
    "EST": 4.48885630498534,
    "ETH": 67.6261806251931,
    "FIN": 5.1946223220572,
    "FJI": 35.9565419683452,
    "FRA": 3.21583987685601,
    "GAB": 30.4650888858607,
    "GBR": 1.20330773432745,
    "GEO": 31.6382860781646,
    "GHA": 40.0232796021304,
    "GIN": 46.7179365350796,
    "GMB": 16.7998676178188,
    "GNB": 56.3572816730604,
    "GNQ": 54.7172812407471,
    "GRC": 11.8103632714539,
    "GTM": 35.4374287034511,
    "GUY": 16.548936064185,
    "HND": 31.4473548464868,
    "HRV": 5.67061856563987,
    "HTI": 58.2437380347511,
    "HUN": 5.65848332427421,
    "IDN": 28.638999559361,
    "IND": 34.4273256258209,
    "IRL": 6.25971093392465,
    "IRN": 13.7937267909486,
    "IRQ": 7.45934731030163,
    "ISL": 5.20599454617494,
    "ISR": 1.13902218728124,
    "ITA": 4.36438524833959,
    "JAM": 18.9083181599479,
    "JOR": 3.70808690988386,
    "JPN": 3.24821287797992,
    "KAZ": 12.9546203935334,
    "KEN": 39.1469941500391,
    "KGZ": 13.7936064748085,
    "KHM": 31.305756173735,
    "KOR": 5.5145094759302,
    "KWT": 2.40178863857686,
    "LAO": 68.7870513784324,
    "LBR": 38.1590264596203,
    "LBY": 11.6067109198537,
    "LKA": 25.8030084879976,
    "LSO": 39.1161918161566,
    "LTU": 5.80474385248743,
    "LUX": 1.13303390616692,
    "LVA": 9.54708396213162,
    "MAR": 24.9523206973986,
    "MDA": 49.4803711784103,
    "MDG": 70.0618185726211,
    "MEX": 16.0683543051916,
    "MKD": 9.20202321953362,
    "MLI": 64.3430060783357,
    "MMR": 49.2247306741418,
    "MNE": 4.85719795170655,
    "MNG": 28.8331685508046,
    "MOZ": 63.6822555868741,
    "MRT": 33.3624379835321,
    "MWI": 59.2505870721754,
    "MYS": 11.8221810469552,
    "NAM": 23.2980345538786,
    "NCL": 2.3541485750375,
    "NER": 68.6819609074436,
    "NGA": 42.7235073692637,
    "NIC": 44.2537509010441,
    "NLD": 2.22466717433959,
    "NOR": 3.74530011041977,
    "NPL": 15.2963607050918,
    "NZL": 6.87246249800899,
    "OMN": 6.64333058997615,
    "PAK": 27.0478376938644,
    "PAN": 20.4726942589087,
    "PER": 24.3214916568501,
    "PHL": 25.5900582827178,
    "PNG": 34.972376736511,
    "POL": 7.41352256551871,
    "PRI": 1.80481207635183,
    "PRK": 50.6386479325122,
    "PRT": 3.83222414603754,
    "PRY": 19.6922577679223,
    "QAT": 1.97253639515557,
    "ROU": 12.8306034802461,
    "RUS": 6.85950998473077,
    "RWA": 28.2150641715192,
    "SAU": 2.9372909412804,
    "SEN": 32.4663976686132,
    "SLB": 41.2581237330457,
    "SLE": 45.0170071801929,
    "SLV": 20.6897006707006,
    "SOM": 28.308309877393,
    "SRB": 18.6657011659201,
    "SUR": 7.85031971719787,
    "SVK": 3.27112726236283,
    "SVN": 4.27539220794257,
    "SWE": 2.57244592556842,
    "SWZ": 18.0483615576608,
    "SYR": 17.7668374546378,
    "TCD": 69.9675704690728,
    "TGO": 41.3682267713168,
    "THA": 31.719704411814,
    "TJK": 35.3400905647248,
    "TKM": 22.0633603035749,
    "TLS": 45.4206275589481,
    "TTO": 6.37360192794908,
    "TUN": 14.0562022312712,
    "TUR": 12.3135550472679,
    "TZA": 62.4689289512319,
    "UGA": 59.3611311622734,
    "URY": 11.6585814562139,
    "USA": 1.99777832005866,
    "UZB": 24.2439714274665,
    "VEN": 12.4473272225343,
    "VNM": 25.6410189412582,
    "VUT": 43.0234603636596,
    "YEM": 30.8742062330709,
    "ZAF": 6.74824459620538,
    "ZMB": 51.553759808249,
    "ZWE": 47.6316147888157
  },
  "stats": {
    "coverage": 163,
    "min": 1.13303390616692,
    "max": 77.0090470308543,
    "median": 19.6922577679223,
    "quantileBreaks": [
      1.13303390616692,
      3.246893674413106,
      6.863210702810262,
      13.906216265372572,
      24.632700759831128,
      34.20864053284502,
      48.6158411900465,
      77.0090470308543
    ]
  },
  "formatting": {
    "maximumFractionDigits": 1,
    "suffix": "%"
  },
  "source": {
    "provider": "World Bank",
    "dataset": "World Development Indicators",
    "attribution": "The World Bank",
    "sourceReference": "https://api.worldbank.org/v2/indicator/SL.AGR.EMPL.MA.ZS?format=json&per_page=1",
    "valuesReference": "https://api.worldbank.org/v2/country/all/indicator/SL.AGR.EMPL.MA.ZS?format=json&per_page=20000&page=1&date=2015%3A2025",
    "license": "Creative Commons Attribution 4.0 International unless specifically labeled otherwise by World Bank metadata",
    "licenseReference": "https://www.worldbank.org/en/about/legal/terms-of-use-for-datasets",
    "retrievedAt": "2026-07-02T22:46:28.110953+00:00",
    "checksum": "94767610e6b52aa252b392570c25420834a6ae6d640d6939c636de07dcbed077",
    "sourceOrganization": "ILO Modelled Estimates database (ILOEST), International Labour Organization (ILO), uri: https://ilostat.ilo.org/data/bulk/, publisher: ILOSTAT, type: external database, date accessed: January 17, 2026"
  },
  "reviewStatus": "approved",
  "contentVersion": "2026.07.02-exp4-content50",
  "editorial": {
    "shortHook": "A men's farming-work map.",
    "patternNote": "The darkest countries include Burundi, Madagascar, Chad, while the lightest include Luxembourg, Israel, United Kingdom; that contrast is the fastest way to read the male agricultural employment pattern.",
    "whyItMatters": "Male agricultural employment helps players compare rural work patterns by gender.",
    "bestProbeCountries": [
      {
        "iso3": "BDI",
        "reason": "High anchor: this country sits near the darkest end of the map."
      },
      {
        "iso3": "LUX",
        "reason": "Low anchor: this country clarifies the lightest end of the scale."
      },
      {
        "iso3": "PRY",
        "reason": "Middle check: this country helps separate a true pattern from one-off outliers."
      }
    ],
    "commonConfusions": [
      {
        "confusedWithIndicatorCode": "SL.AGR.EMPL.ZS",