{
  "schemaVersion": "1.1.0",
  "id": "male-self-employed",
  "providerCode": "SL.EMP.SELF.MA.ZS",
  "title": "Self-employed, male (% of male employment) (modeled ILO estimate)",
  "shortTitle": "Male self-employed",
  "category": "labor",
  "difficulty": "expert",
  "definition": "Self-employed workers are those workers who, working on their own account or with one or a few partners or in cooperative, hold the type of jobs defined as a \"self-employment jobs.\" i.e. jobs where the remuneration is directly dependent upon the profits derived from the goods and services produced. Self-employed workers include sub-categories of employers, own-account workers and members of producers' cooperatives and contributing family workers.",
  "unit": "percent of male employment",
  "year": 2025,
  "valuesByIso3": {
    "AFG": 82.769830205615,
    "AGO": 66.4634694476156,
    "ALB": 51.8437856392769,
    "ARE": 5.02730311784783,
    "ARG": 27.6205827083946,
    "ARM": 32.9806199670127,
    "AUS": 19.5343489128362,
    "AUT": 14.4862356205495,
    "AZE": 62.4377159245149,
    "BDI": 78.7137371385136,
    "BEL": 17.7174216822723,
    "BEN": 75.5601317632685,
    "BFA": 77.1627308713908,
    "BGD": 58.8446556176093,
    "BGR": 14.3329803728546,
    "BHS": 23.2049539895485,
    "BIH": 19.6148906287097,
    "BLR": 7.00149401466042,
    "BLZ": 34.1097838452787,
    "BOL": 63.3320545610722,
    "BRA": 34.5036794122337,
    "BRN": 6.26477714957045,
    "BTN": 60.9475933140631,
    "BWA": 28.0930962947611,
    "CAF": 82.6860046371664,
    "CAN": 15.307785171534,
    "CHE": 18.4715052170251,
    "CHL": 24.7780475748566,
    "CHN": 39.5731466805536,
    "CIV": 63.3898949677413,
    "CMR": 62.4641450080811,
    "COD": 79.7544337875838,
    "COG": 64.4865855461039,
    "COL": 47.6715047239889,
    "CRI": 28.8215620842104,
    "CUB": 28.7094442847575,
    "CYP": 11.750842003031,
    "CZE": 19.2877948283206,
    "DEU": 10.1268329961949,
    "DJI": 46.8084222191439,
    "DNK": 9.86444717672487,
    "DOM": 49.4519584128018,
    "DZA": 31.4290409222883,
    "ECU": 46.5908315945746,
    "EGY": 26.2146652760034,
    "ERI": 46.3862453480548,
    "ESP": 17.494222725122,
    "EST": 16.466568914956,
    "ETH": 82.5656084313407,
    "FIN": 16.6215546689614,
    "FJI": 34.9402901011354,
    "FRA": 15.6221949485477,
    "GAB": 28.9541331867492,
    "GBR": 16.1562519995073,
    "GEO": 49.0614248475603,
    "GHA": 61.8423341965618,
    "GIN": 76.3012091379876,
    "GMB": 55.5997404068166,
    "GNB": 66.2119541413835,
    "GNQ": 24.873182155206,
    "GRC": 34.8891003128627,
    "GTM": 32.0958304808115,
    "GUY": 32.5964269696517,
    "HND": 38.7523337305929,
    "HRV": 16.5635242229634,
    "HTI": 70.183711813315,
    "HUN": 14.1189912933297,
    "IDN": 48.6990522246691,
    "IND": 73.3439312384593,
    "IRL": 18.2764244279966,
    "IRN": 44.0301911523433,
    "IRQ": 30.9613877143491,
    "ISL": 17.1515805992992,
    "ISR": 14.1895249179046,
    "ITA": 24.9552601006101,
    "JAM": 40.1414662679132,
    "JOR": 12.9033935663243,
    "JPN": 10.3301000915369,
    "KAZ": 26.8215908099204,
    "KEN": 56.6751420399866,
    "KGZ": 33.7259624475996,
    "KHM": 50.4640616910009,
    "KOR": 25.2988696773759,
    "KWT": 3.68318568669353,
    "LAO": 73.0821068184174,
    "LBR": 67.0040657699381,
    "LBY": 27.1433155951087,
    "LKA": 42.8997030417212,
    "LSO": 42.1730566303201,
    "LTU": 14.3624529594307,
    "LUX": 10.7986107182858,
    "LVA": 15.8584059567024,
    "MAR": 44.0460449976693,
    "MDA": 57.8312306350524,
    "MDG": 86.137589130751,
    "MEX": 30.7327597674628,
    "MKD": 20.3746683926843,
    "MLI": 72.9755446658649,
    "MMR": 65.652201256866,
    "MNE": 22.3305408551697,
    "MNG": 42.9012081565377,
    "MOZ": 78.9486461981386,
    "MRT": 50.7308452566402,
    "MWI": 55.6325180686151,
    "MYS": 29.6050992664024,
    "NAM": 31.5819761995774,
    "NCL": 21.7367964000947,
    "NER": 84.6143758218368,
    "NGA": 83.0399755732207,
    "NIC": 41.0756950893029,
    "NLD": 20.4085824559998,
    "NOR": 6.22618813400845,
    "NPL": 71.3783362041557,
    "NZL": 21.4642844632673,
    "OMN": 4.73008101674009,
    "PAK": 52.287355874523,
    "PAN": 42.8973305425027,
    "PER": 48.6079377504923,
    "PHL": 32.6204216378103,
    "PNG": 72.3740546407398,
    "POL": 23.3912456569269,
    "PRI": 16.6514686469983,
    "PRK": 60.4495894470667,
    "PRT": 17.4865632276672,
    "PRY": 41.4282047893578,
    "QAT": 0.742097831279866,
    "ROU": 17.0158167343741,
    "RUS": 7.04621819684886,
    "RWA": 37.3725358238501,
    "SAU": 5.28102080009089,
    "SEN": 57.5041908925849,
    "SLB": 60.9984209358674,
    "SLE": 83.0178589264113,
    "SLV": 30.8049066758788,
    "SOM": 46.465907735596,
    "SRB": 29.6902278445776,
    "SUR": 23.6825446501604,
    "SVK": 21.0478837109876,
    "SVN": 17.3313216394581,
    "SWE": 13.7679793205511,
    "SWZ": 25.7628619736454,
    "SYR": 45.7535912081695,
    "TCD": 88.0748305229659,
    "TGO": 68.6003224115547,
    "THA": 51.4818032716516,
    "TJK": 29.3274077671773,
    "TKM": 34.3645269869649,
    "TLS": 70.7031826963411,
    "TTO": 32.0197738367423,
    "TUN": 28.7689611015438,
    "TUR": 29.1575854325242,
    "TZA": 80.3687146992266,
    "UGA": 73.7219451055985,
    "URY": 29.9552119493205,
    "USA": 7.97554172090871,
    "UZB": 53.6194034262073,
    "VEN": 41.9090670076604,
    "VNM": 48.7221966389343,
    "VUT": 58.1423613887512,
    "YEM": 51.8573275406255,
    "ZAF": 19.4018031114915,
    "ZMB": 64.5175895010431,
    "ZWE": 63.3238633010893
  },
  "stats": {
    "coverage": 163,
    "min": 0.742097831279866,
    "max": 88.0748305229659,
    "median": 34.1097838452787,
    "quantileBreaks": [
      0.742097831279866,
      15.655939378284085,
      21.90643767297327,
      30.28844672852434,
      42.05991822060879,
      53.23881841144036,
      68.37228574846662,
      88.0748305229659
    ]
  },
  "formatting": {
    "maximumFractionDigits": 1,
    "suffix": "%"
  },
  "source": {
    "provider": "World Bank",
    "dataset": "World Development Indicators",
    "attribution": "The World Bank",
    "sourceReference": "https://api.worldbank.org/v2/indicator/SL.EMP.SELF.MA.ZS?format=json&per_page=1",
    "valuesReference": "https://api.worldbank.org/v2/country/all/indicator/SL.EMP.SELF.MA.ZS?format=json&per_page=20000&page=1&date=2015%3A2025",
    "license": "Creative Commons Attribution 4.0 International unless specifically labeled otherwise by World Bank metadata",
    "licenseReference": "https://www.worldbank.org/en/about/legal/terms-of-use-for-datasets",
    "retrievedAt": "2026-06-27T17:15:57.382964+00:00",
    "checksum": "aa1e1f6856f8add74810d13115a337eb362adad8b7fed4fa5660861aad3a5ace",
    "sourceOrganization": "ILO Modelled Estimates database (ILOEST), International Labour Organization (ILO), uri: https://ilostat.ilo.org/data/bulk/, publisher: ILOSTAT, type: external database, date accessed: January 17, 2026"
  },
  "reviewStatus": "approved",
  "contentVersion": "2026.06.22-exp2-qa1",
  "editorial": {
    "shortHook": "A men's self-employment map.",
    "patternNote": "The darkest countries include Chad, Madagascar, Niger, while the lightest include Qatar, Kuwait, Oman; that contrast is the fastest way to read the male self-employed pattern.",
    "whyItMatters": "Male self-employment adds a gendered labor-market structure puzzle for advanced play.",
    "bestProbeCountries": [
      {
        "iso3": "TCD",
        "reason": "High anchor: this country sits near the darkest end of the map."
      },
      {
        "iso3": "QAT",
        "reason": "Low anchor: this country clarifies the lightest end of the scale."
      },
      {
        "iso3": "BLZ",
        "reason": "Middle check: this country helps separate a true pattern from one-off outliers."
      }
    ],
    "commonConfusions": [
      {
        "confusedWithIndicatorCode": "SL.EMP.WORK.MA.ZS",