{
  "schemaVersion": "1.1.0",
  "id": "male-wage-salaried-workers",
  "providerCode": "SL.EMP.WORK.MA.ZS",
  "title": "Wage and salaried workers, male (% of male employment) (modeled ILO estimate)",
  "shortTitle": "Male wage workers",
  "category": "labor",
  "difficulty": "expert",
  "definition": "Wage and salaried workers (employees) are those workers who hold the type of jobs defined as \"paid employment jobs,\" where the incumbents hold explicit (written or oral) or implicit employment contracts that give them a basic remuneration that is not directly dependent upon the revenue of the unit for which they work.",
  "unit": "percent of male employment",
  "year": 2025,
  "valuesByIso3": {
    "AFG": 17.230169794385,
    "AGO": 33.5365305523844,
    "ALB": 48.1563555063741,
    "ARE": 94.9726968821521,
    "ARG": 72.3794172916054,
    "ARM": 67.0193800329873,
    "AUS": 80.4656510871638,
    "AUT": 85.513721894831,
    "AZE": 37.5623244116467,
    "BDI": 21.286229754922,
    "BEL": 82.2825411037589,
    "BEN": 24.4398682367315,
    "BFA": 22.8372691286092,
    "BGD": 41.1553422737517,
    "BGR": 85.6670196271454,
    "BHS": 76.7950460104515,
    "BIH": 80.3851093712903,
    "BLR": 92.9985059853396,
    "BLZ": 65.8902161547213,
    "BOL": 36.6679454389278,
    "BRA": 65.4963223023866,
    "BRN": 93.7352228504296,
    "BTN": 39.0524066859369,
    "BWA": 71.9069037052389,
    "CAF": 17.3139953628336,
    "CAN": 84.692214828466,
    "CHE": 81.5284947829749,
    "CHL": 75.2219524251434,
    "CHN": 60.4268530699152,
    "CIV": 36.6101050322587,
    "CMR": 37.5358389341495,
    "COD": 20.2455662124162,
    "COG": 35.5135051319229,
    "COL": 52.3285020489978,
    "CRI": 71.1784379157896,
    "CUB": 71.2905557152425,
    "CYP": 88.249157996969,
    "CZE": 80.7122395770615,
    "DEU": 89.8731670038051,
    "DJI": 53.1915777808561,
    "DNK": 90.1355528232751,
    "DOM": 50.5480738914474,
    "DZA": 68.5709590777117,
    "ECU": 53.4091684054254,
    "EGY": 73.7853420373748,
    "ERI": 53.6136402129481,
    "ESP": 82.505777274878,
    "EST": 83.533431085044,
    "ETH": 17.4343915686593,
    "FIN": 83.3784453310386,
    "FJI": 65.0601180321446,
    "FRA": 84.3778050514523,
    "GAB": 71.0458668132508,
    "GBR": 83.8437480004927,
    "GEO": 50.9385751524397,
    "GHA": 38.1576658034382,
    "GIN": 23.6987908620124,
    "GMB": 44.4000010342358,
    "GNB": 33.7880458586165,
    "GNQ": 75.1268178447941,
    "GRC": 65.1108996871373,
    "GTM": 67.9041695191886,
    "GUY": 67.4035730303483,
    "HND": 61.2476662694071,
    "HRV": 83.4363601680954,
    "HTI": 29.816288186685,
    "HUN": 85.8810087066703,
    "IDN": 51.300948940457,
    "IND": 26.6560649875315,
    "IRL": 81.7236456554236,
    "IRN": 55.9698088476567,
    "IRQ": 69.0386122856509,
    "ISL": 82.8484194007008,
    "ISR": 85.8104309151177,
    "ITA": 75.0447398993899,
    "JAM": 59.8585337320868,
    "JOR": 87.0966064336757,
    "JPN": 89.6698999084631,
    "KAZ": 73.1784293448237,
    "KEN": 43.3248579600133,
    "KGZ": 66.2740375524004,
    "KHM": 49.5359383089991,
    "KOR": 74.7011365079369,
    "KWT": 96.3168143133065,
    "LAO": 26.9178931815826,
    "LBR": 32.9958604009365,
    "LBY": 72.8566844048914,
    "LKA": 57.1002969582788,
    "LSO": 57.8269433696799,
    "LTU": 85.6375470405693,
    "LUX": 89.2019549501646,
    "LVA": 84.1418206372729,
    "MAR": 55.9539550023307,
    "MDA": 42.1687693649476,
    "MDG": 13.862410869249,
    "MEX": 69.2672430184154,
    "MKD": 79.6253316073157,
    "MLI": 27.0244368937016,
    "MMR": 34.3478059388768,
    "MNE": 77.6694591448303,
    "MNG": 57.0987918434623,
    "MOZ": 21.0513538018614,
    "MRT": 49.2691547433598,
    "MWI": 44.3674819313849,
    "MYS": 70.3948919153651,
    "NAM": 68.4180238004226,
    "NCL": 78.2632035999053,
    "NER": 15.3856241781632,
    "NGA": 16.9600278299752,
    "NIC": 58.9243049106971,
    "NLD": 79.5914175440003,
    "NOR": 93.7738118659915,
    "NPL": 28.6216637958443,
    "NZL": 78.5357155367327,
    "OMN": 95.2698768857072,
    "PAK": 47.7126425252919,
    "PAN": 57.1026694574973,
    "PER": 51.3920523103236,
    "PHL": 67.3795783621897,
    "PNG": 27.6259453592602,
    "POL": 76.6087643764511,
    "PRI": 83.3485313530017,
    "PRK": 39.5503992622196,
    "PRT": 82.513396859152,
    "PRY": 58.5717952106423,
    "QAT": 99.2579021687201,
    "ROU": 82.9841832656259,
    "RUS": 92.9537818031511,
    "RWA": 62.6274283791475,
    "SAU": 94.7189791999091,
    "SEN": 42.4958091074151,
    "SLB": 39.0015790641326,
    "SLE": 16.9821410735887,
    "SLV": 69.1951532991356,
    "SOM": 53.534092264404,
    "SRB": 70.3097721554224,
    "SUR": 76.3174553498396,
    "SVK": 78.9521162890124,
    "SVN": 82.6686783605418,
    "SWE": 86.2320206794489,
    "SWZ": 74.2371380263546,
    "SYR": 54.2464288813816,
    "TCD": 11.9251694770341,
    "TGO": 31.3996775884453,
    "THA": 48.5181967283484,
    "TJK": 70.6725922328227,
    "TKM": 65.6354730130351,
    "TLS": 29.2968173036589,
    "TTO": 67.980473336217,
    "TUN": 71.2310388984562,
    "TUR": 70.8424145674758,
    "TZA": 19.6312911148303,
    "UGA": 26.2780548944015,
    "URY": 70.0447880506795,
    "USA": 92.0244593599062,
    "UZB": 46.3805965737927,
    "VEN": 58.0909329923396,
    "VNM": 51.2777998771863,
    "VUT": 41.8560394044554,
    "YEM": 48.1426724593745,
    "ZAF": 80.5981968885085,
    "ZMB": 35.4824351582882,
    "ZWE": 36.6761366989107
  },
  "stats": {
    "coverage": 163,
    "min": 11.9251694770341,
    "max": 99.2579021687201,
    "median": 65.8902161547213,
    "quantileBreaks": [
      11.9251694770341,
      31.627703704515472,
      46.7611811313639,
      57.94008177939121,
      69.71155446542346,
      78.09356232702673,
      84.3440929922838,
      99.2579021687201
    ]
  },
  "formatting": {
    "maximumFractionDigits": 1,
    "suffix": "%"
  },
  "source": {
    "provider": "World Bank",
    "dataset": "World Development Indicators",
    "attribution": "The World Bank",
    "sourceReference": "https://api.worldbank.org/v2/indicator/SL.EMP.WORK.MA.ZS?format=json&per_page=1",
    "valuesReference": "https://api.worldbank.org/v2/country/all/indicator/SL.EMP.WORK.MA.ZS?format=json&per_page=20000&page=1&date=2015%3A2025",
    "license": "Creative Commons Attribution 4.0 International unless specifically labeled otherwise by World Bank metadata",
    "licenseReference": "https://www.worldbank.org/en/about/legal/terms-of-use-for-datasets",
    "retrievedAt": "2026-06-27T17:15:50.891522+00:00",
    "checksum": "93e729970f65f5430ff4a988bba1e84e42509f7e9f95e15f6c1c5d5a1f7046b2",
    "sourceOrganization": "ILO Modelled Estimates database (ILOEST), International Labour Organization (ILO), uri: https://ilostat.ilo.org/data/bulk/, publisher: ILOSTAT, type: external database, date accessed: January 17, 2026"
  },
  "reviewStatus": "approved",
  "contentVersion": "2026.06.22-exp2-qa1",
  "editorial": {
    "shortHook": "A formal-work map for men.",
    "patternNote": "The darkest countries include Qatar, Kuwait, Oman, while the lightest include Chad, Madagascar, Niger; that contrast is the fastest way to read the male wage workers pattern.",
    "whyItMatters": "Men's wage and salaried work share adds a gendered formal-employment comparison for expert play.",
    "bestProbeCountries": [
      {
        "iso3": "QAT",
        "reason": "High anchor: this country sits near the darkest end of the map."
      },
      {
        "iso3": "TCD",
        "reason": "Low anchor: this country clarifies the lightest end of the scale."
      },
      {
        "iso3": "BLZ",
        "reason": "Middle check: this country helps separate a true pattern from one-off outliers."
      }
    ],
    "commonConfusions": [
      {
        "confusedWithIndicatorCode": "SL.EMP.SELF.MA.ZS",