{
  "schemaVersion": "1.1.0",
  "id": "male-vulnerable-employment",
  "providerCode": "SL.EMP.VULN.MA.ZS",
  "title": "Vulnerable employment, male (% of male employment) (modeled ILO estimate)",
  "shortTitle": "Male vulnerable employment",
  "category": "labor",
  "difficulty": "expert",
  "definition": "Vulnerable employment is contributing family workers and own-account workers as a percentage of total employment.",
  "unit": "percent of male employment",
  "year": 2025,
  "valuesByIso3": {
    "AFG": 81.0747717605676,
    "AGO": 51.4554612769603,
    "ALB": 46.0501801018507,
    "ARE": 1.2282149116475,
    "ARG": 23.5739060005416,
    "ARM": 31.7722482293587,
    "AUS": 10.3558909364178,
    "AUT": 8.44730186554213,
    "AZE": 49.2934516258498,
    "BDI": 76.9024770000421,
    "BEL": 12.8891697303066,
    "BEN": 73.6788296086161,
    "BFA": 74.4149278932863,
    "BGD": 53.5949985613811,
    "BGR": 7.94718064493084,
    "BHS": 22.2582969292926,
    "BIH": 14.4948782713415,
    "BLR": 6.29584080304691,
    "BLZ": 27.2544558210088,
    "BOL": 58.4536531347225,
    "BRA": 29.3796207194784,
    "BRN": 3.43123577355166,
    "BTN": 60.3652968036529,
    "BWA": 24.7270343142628,
    "CAF": 74.2878003058556,
    "CAN": 10.6079403602982,
    "CHE": 9.46012757926914,
    "CHL": 20.8791801480257,
    "CHN": 34.0028465218977,
    "CIV": 61.2850409964444,
    "CMR": 60.1504612995713,
    "COD": 75.8072979623105,
    "COG": 63.2868245733826,
    "COL": 44.4676381613102,
    "CRI": 25.0119762208156,
    "CUB": 21.5783017038524,
    "CYP": 9.24917547368132,
    "CZE": 16.3010980133644,
    "DEU": 4.72816936037187,
    "DJI": 23.655630973819,
    "DNK": 6.22868455334533,
    "DOM": 43.9475081794359,
    "DZA": 26.3342558265634,
    "ECU": 43.9103486370651,
    "EGY": 22.711015918555,
    "ERI": 40.4869150450661,
    "ESP": 11.7473174326181,
    "EST": 8.82551319648094,
    "ETH": 82.3802279124407,
    "FIN": 12.0608844335669,
    "FJI": 33.8734297072052,
    "FRA": 9.126003142583,
    "GAB": 25.8183573495685,
    "GBR": 13.8724646248031,
    "GEO": 44.3309831732201,
    "GHA": 53.7435580207181,
    "GIN": 73.8384804042523,
    "GMB": 47.1776998078907,
    "GNB": 65.4794840135313,
    "GNQ": 19.4035584854781,
    "GRC": 25.1717057555674,
    "GTM": 28.8325124537574,
    "GUY": 25.4192206109533,
    "HND": 26.9380086460351,
    "HRV": 8.16372538252108,
    "HTI": 69.8824322039998,
    "HUN": 8.6938646539157,
    "IDN": 44.3240164917076,
    "IND": 68.9520045318113,
    "IRL": 13.0392305961786,
    "IRN": 40.2436480649171,
    "IRQ": 26.0424723547166,
    "ISL": 10.2721474241942,
    "ISR": 8.42436515490463,
    "ITA": 16.2285751963574,
    "JAM": 35.0422653471324,
    "JOR": 9.09373753562381,
    "JPN": 7.9962932637968,
    "KAZ": 25.0949338833698,
    "KEN": 55.6027028723343,
    "KGZ": 31.3245634625001,
    "KHM": 46.8463399983872,
    "KOR": 18.864975301118,
    "KWT": 2.91585169132254,
    "LAO": 72.1549725105407,
    "LBR": 65.0698903416,
    "LBY": 22.696602458262,
    "LKA": 39.1788473256246,
    "LSO": 35.3924258412475,
    "LTU": 12.7801981735641,
    "LUX": 6.77274835673315,
    "LVA": 8.7811963255521,
    "MAR": 39.1779631223584,
    "MDA": 57.6306078138137,
    "MDG": 80.950815518317,
    "MEX": 23.5914036159305,
    "MKD": 14.6632350575638,
    "MLI": 72.1333147453764,
    "MMR": 62.3059218228601,
    "MNE": 18.0204115155801,
    "MNG": 39.8611350641862,
    "MOZ": 76.2931848123031,
    "MRT": 45.0859394431281,
    "MWI": 53.9891772831718,
    "MYS": 25.9588394888564,
    "NAM": 23.6143373812814,
    "NCL": 18.1400489460804,
    "NER": 75.9520192920739,
    "NGA": 54.8496410172779,
    "NIC": 33.9676367622841,
    "NLD": 15.6846216485489,
    "NOR": 5.2313848484596,
    "NPL": 69.141661242117,
    "NZL": 14.0476903320637,
    "OMN": 3.53615232578454,
    "PAK": 50.3959706185523,
    "PAN": 39.4460964384658,
    "PER": 43.4432593844782,
    "PHL": 29.616865539214,
    "PNG": 63.502059781517,
    "POL": 18.2608583976314,
    "PRI": 13.8424534948697,
    "PRK": 52.4866667961335,
    "PRT": 10.9297456173332,
    "PRY": 34.5938821983104,
    "QAT": 0.398670357293808,
    "ROU": 15.0812432231359,
    "RUS": 5.13866452761302,
    "RWA": 36.170651469646,
    "SAU": 1.13529126026222,
    "SEN": 55.7321174072555,
    "SLB": 58.9739128165197,
    "SLE": 80.8779505931705,
    "SLV": 24.7924114813768,
    "SOM": 40.2482712290156,
    "SRB": 25.8471429137085,
    "SUR": 19.5173301657977,
    "SVK": 16.2477554510474,
    "SVN": 12.7011693875188,
    "SWE": 8.80805630796714,
    "SWZ": 24.1780950591772,
    "SYR": 41.6865620188552,
    "TCD": 86.2136813914379,
    "TGO": 66.3699411081706,
    "THA": 47.8524673718601,
    "TJK": 25.6216911681005,
    "TKM": 28.9673164457661,
    "TLS": 53.9368659864468,
    "TTO": 26.5513192856702,
    "TUN": 20.2862907948064,
    "TUR": 23.0694677939116,
    "TZA": 78.1173606925798,
    "UGA": 65.8563072407249,
    "URY": 25.1237968002278,
    "USA": 4.80572995314527,
    "UZB": 39.4087871488553,
    "VEN": 38.2558379243997,
    "VNM": 45.9370684562101,
    "VUT": 54.6592889926596,
    "YEM": 44.5142712962311,
    "ZAF": 11.85072584288,
    "ZMB": 62.5015165488772,
    "ZWE": 59.9342679607661
  },
  "stats": {
    "coverage": 163,
    "min": 0.398670357293808,
    "max": 86.2136813914379,
    "median": 28.8325124537574,
    "quantileBreaks": [
      0.398670357293808,
      9.14359918988276,
      16.792330442568883,
      25.14432920965906,
      35.83712620033236,
      47.65967663929742,
      63.47131189464066,
      86.2136813914379
    ]
  },
  "formatting": {
    "maximumFractionDigits": 1,
    "suffix": "%"
  },
  "source": {
    "provider": "World Bank",
    "dataset": "World Development Indicators",
    "attribution": "The World Bank",
    "sourceReference": "https://api.worldbank.org/v2/indicator/SL.EMP.VULN.MA.ZS?format=json&per_page=1",
    "valuesReference": "https://api.worldbank.org/v2/country/all/indicator/SL.EMP.VULN.MA.ZS?format=json&per_page=20000&page=1&date=2015%3A2025",
    "license": "Creative Commons Attribution 4.0 International unless specifically labeled otherwise by World Bank metadata",
    "licenseReference": "https://www.worldbank.org/en/about/legal/terms-of-use-for-datasets",
    "retrievedAt": "2026-06-27T17:15:51.890439+00:00",
    "checksum": "2f4aff610cf02f58776db17047b50315fec8cab5e404fdfdeb3d02eda037ce09",
    "sourceOrganization": "ILO Modelled Estimates database (ILOEST), International Labour Organization (ILO), uri: https://ilostat.ilo.org/data/bulk/, publisher: ILOSTAT, type: estimates based on external database;\nStaff estimates, World Bank (WB)"
  },
  "reviewStatus": "approved",
  "contentVersion": "2026.06.22-exp2-qa1",
  "editorial": {
    "shortHook": "A men's informal-work risk map.",
    "patternNote": "The darkest countries include Chad, Ethiopia, Afghanistan, while the lightest include Qatar, Saudi Arabia, United Arab Emirates; that contrast is the fastest way to read the male vulnerable employment pattern.",
    "whyItMatters": "Male vulnerable employment gives a sharper labor-structure clue than the total vulnerable-employment map alone.",
    "bestProbeCountries": [
      {
        "iso3": "TCD",
        "reason": "High anchor: this country sits near the darkest end of the map."
      },
      {
        "iso3": "QAT",
        "reason": "Low anchor: this country clarifies the lightest end of the scale."
      },
      {
        "iso3": "GTM",
        "reason": "Middle check: this country helps separate a true pattern from one-off outliers."
      }
    ],
    "commonConfusions": [
      {
        "confusedWithIndicatorCode": "SL.EMP.VULN.ZS",
        "reason": "Vulnerable employment can tempt players because it shares a strong country ranking with this map, but its unit and definition point to a different story."
      },
      {
        "confusedWithIndicatorCode": "SL.EMP.SELF.MA.ZS",