{
  "schemaVersion": "1.1.0",
  "id": "male-services-employment",
  "providerCode": "SL.SRV.EMPL.MA.ZS",
  "title": "Employment in services, male (% of male employment) (modeled ILO estimate)",
  "shortTitle": "Male services employment",
  "category": "labor",
  "difficulty": "expert",
  "definition": "Employment is defined as persons of working age who were engaged in any activity to produce goods or provide services for pay or profit, whether at work during the reference period or not at work due to temporary absence from a job, or to working-time arrangement. The services sector consists of wholesale and retail trade and restaurants and hotels; transport, storage, and communications; financing, insurance, real estate, and business services; and community, social, and personal services, in accordance with divisions 6-9 (ISIC 2) or categories G-Q (ISIC 3) or categories G-U (ISIC 4).",
  "unit": "percent of male employment",
  "year": 2025,
  "valuesByIso3": {
    "AFG": 31.0766303772836,
    "AGO": 39.3823052136462,
    "ALB": 46.5798339847196,
    "ARE": 61.3145106217189,
    "ARG": 60.7545112973813,
    "ARM": 45.4562130105753,
    "AUS": 67.7000944456282,
    "AUT": 60.9018295151698,
    "AZE": 46.4192580969802,
    "BDI": 17.1572121491822,
    "BEL": 69.5449066543414,
    "BEN": 35.7935264370435,
    "BFA": 31.3999705065118,
    "BGD": 48.739265921246,
    "BGR": 58.3249936582144,
    "BHS": 72.8533775957829,
    "BIH": 45.5683674257485,
    "BLR": 45.174928353342,
    "BLZ": 58.4594235874099,
    "BOL": 48.7591732172763,
    "BRA": 61.5986294147553,
    "BRN": 72.1337836845583,
    "BTN": 44.266264505048,
    "BWA": 52.1252363975504,
    "CAF": 21.6369197375561,
    "CAN": 70.6434974534399,
    "CHE": 68.7844487421433,
    "CHL": 62.1292012307492,
    "CHN": 38.1359733134377,
    "CIV": 35.6592618514899,
    "CMR": 43.8296977205193,
    "COD": 38.5334619521709,
    "COG": 43.3092764528207,
    "COL": 55.5938199205055,
    "CRI": 61.8856309783924,
    "CUB": 57.8392473288343,
    "CYP": 71.7394072398529,
    "CZE": 50.0770680559101,
    "DEU": 61.1653787207241,
    "DJI": 89.9071893614074,
    "DNK": 70.1424567104319,
    "DOM": 62.4565306087508,
    "DZA": 55.847561259741,
    "ECU": 44.5919277945765,
    "EGY": 48.3666410186483,
    "ERI": 29.2257744086937,
    "ESP": 66.2640092599116,
    "EST": 57.2674486803519,
    "ETH": 24.7273834287166,
    "FIN": 62.67177762132,
    "FJI": 48.8315144193488,
    "FRA": 68.3285945176918,
    "GAB": 45.0085571550981,
    "GBR": 74.8664699170505,
    "GEO": 43.6260496694658,
    "GHA": 39.2212389170687,
    "GIN": 36.5193566515214,
    "GMB": 51.2577600004137,
    "GNB": 31.1240379176543,
    "GNQ": 31.8056462999533,
    "GRC": 65.6867179772357,
    "GTM": 39.9378470293319,
    "GUY": 39.6446902875367,
    "HND": 44.0819106620751,
    "HRV": 57.3530176823876,
    "HTI": 29.6930668484859,
    "HUN": 53.0934826245213,
    "IDN": 44.5813207382271,
    "IND": 35.9280617451093,
    "IRL": 67.5948281239159,
    "IRN": 49.7655421642271,
    "IRQ": 64.1668496335556,
    "ISL": 67.3726081248009,
    "ISR": 75.9367705547593,
    "ITA": 59.853055321235,
    "JAM": 54.3442267233978,
    "JOR": 78.0451969020966,
    "JPN": 65.3420238075276,
    "KAZ": 59.0372645019401,
    "KEN": 41.3811240597703,
    "KGZ": 51.2440725930631,
    "KHM": 36.8731964147231,
    "KOR": 61.985518821876,
    "KWT": 67.7286380258859,
    "LAO": 22.3275468190843,
    "LBR": 49.3128354149455,
    "LBY": 63.3891664311682,
    "LKA": 46.8487671943804,
    "LSO": 29.837730097315,
    "LTU": 57.4582701272626,
    "LUX": 86.507676120872,
    "LVA": 58.3060287593074,
    "MAR": 48.8906522706941,
    "MDA": 31.7602164421664,
    "MDG": 19.4376029953066,
    "MEX": 54.3717573249441,
    "MKD": 55.4644034387583,
    "MLI": 26.3800175036595,
    "MMR": 32.3705813282276,
    "MNE": 68.3264414115227,
    "MNG": 40.7479327581962,
    "MOZ": 24.3291861872198,
    "MRT": 49.2677147831551,
    "MWI": 30.8902908265238,
    "MYS": 57.3534579508315,
    "NAM": 51.7663391623226,
    "NCL": 66.2572037577958,
    "NER": 23.8396613212613,
    "NGA": 39.8159919110113,
    "NIC": 35.7832242061452,
    "NLD": 76.6847997147944,
    "NOR": 68.8087546277931,
    "NPL": 45.3740945562124,
    "NZL": 64.035562534822,
    "OMN": 50.0193017278941,
    "PAK": 44.201929279179,
    "PAN": 58.0151453091791,
    "PER": 52.7421115677393,
    "PHL": 46.851434938237,
    "PNG": 52.1126301364388,
    "POL": 51.216552103884,
    "PRI": 77.4247050153465,
    "PRK": 25.1372160441946,
    "PRT": 62.4895926380936,
    "PRY": 53.9279560505274,
    "QAT": 52.5223169596181,
    "ROU": 46.7924678486985,
    "RUS": 56.4154842195576,
    "RWA": 46.4767682741078,
    "SAU": 71.2191368701475,
    "SEN": 41.7719468483485,
    "SLB": 47.0089002183729,
    "SLE": 38.2650456669145,
    "SLV": 50.7426406159194,
    "SOM": 52.7554198556522,
    "SRB": 47.0537628731766,
    "SUR": 55.3790017995206,
    "SVK": 49.1800627048596,
    "SVN": 52.7763908185713,
    "SWE": 71.6875168109634,
    "SWZ": 51.9262768041652,
    "SYR": 53.8342515597527,
    "TCD": 20.0361824736324,
    "TGO": 43.0566451764372,
    "THA": 43.2133874003535,
    "TJK": 42.2925706453306,
    "TKM": 41.3022339387195,
    "TLS": 48.7578208544302,
    "TTO": 62.2710251498486,
    "TUN": 52.0737075925041,
    "TUR": 55.5053268744075,
    "TZA": 25.6996273131154,
    "UGA": 29.8800338681847,
    "URY": 61.1284617658976,
    "USA": 70.1365840960806,
    "UZB": 46.1333384895008,
    "VEN": 67.3583989626779,
    "VNM": 35.8051385613607,
    "VUT": 42.1199085253714,
    "YEM": 58.0245220850533,
    "ZAF": 64.8485184233692,
    "ZMB": 32.4444795154935,
    "ZWE": 32.9236563574409
  },
  "stats": {
    "coverage": 163,
    "min": 17.1572121491822,
    "max": 89.9071893614074,
    "median": 50.7426406159194,
    "quantileBreaks": [
      17.1572121491822,
      33.31445714230504,
      43.240784272486984,
      48.526337405475886,
      52.767403263034545,
      59.61997223000789,
      67.37057824449761,
      89.9071893614074
    ]
  },
  "formatting": {
    "maximumFractionDigits": 1,
    "suffix": "%"
  },
  "source": {
    "provider": "World Bank",
    "dataset": "World Development Indicators",
    "attribution": "The World Bank",
    "sourceReference": "https://api.worldbank.org/v2/indicator/SL.SRV.EMPL.MA.ZS?format=json&per_page=1",
    "valuesReference": "https://api.worldbank.org/v2/country/all/indicator/SL.SRV.EMPL.MA.ZS?format=json&per_page=20000&page=1&date=2015%3A2025",
    "license": "Creative Commons Attribution 4.0 International unless specifically labeled otherwise by World Bank metadata",
    "licenseReference": "https://www.worldbank.org/en/about/legal/terms-of-use-for-datasets",
    "retrievedAt": "2026-07-02T22:47:36.227288+00:00",
    "checksum": "5ffc47718381cc1a45dd4bc5a4059c34575736e78dcd756e7f93215d5558820c",
    "sourceOrganization": "ILO Modelled Estimates database (ILOEST), International Labour Organization (ILO), uri: https://ilostat.ilo.org/data/bulk/, publisher: ILOSTAT, type: external database, date accessed: January 17, 2026"
  },
  "reviewStatus": "approved",
  "contentVersion": "2026.07.02-exp4-content50",
  "editorial": {
    "shortHook": "A men's service-work map.",
    "patternNote": "The darkest countries include Djibouti, Luxembourg, Jordan, while the lightest include Burundi, Madagascar, Chad; that contrast is the fastest way to read the male services employment pattern.",
    "whyItMatters": "Male services employment provides a useful counterpart to the total services-employment map.",
    "bestProbeCountries": [
      {
        "iso3": "DJI",
        "reason": "High anchor: this country sits near the darkest end of the map."
      },
      {
        "iso3": "BDI",
        "reason": "Low anchor: this country clarifies the lightest end of the scale."
      },
      {
        "iso3": "SLV",
        "reason": "Middle check: this country helps separate a true pattern from one-off outliers."
      }
    ],