{
  "schemaVersion": "1.1.0",
  "id": "male-contributing-family-workers",
  "providerCode": "SL.FAM.WORK.MA.ZS",
  "title": "Contributing family workers, male (% of male employment) (modeled ILO estimate)",
  "shortTitle": "Male contributing family workers",
  "category": "labor",
  "difficulty": "expert",
  "definition": "Contributing family workers are those workers who hold \"self-employment jobs\" as own-account workers in a market-oriented establishment operated by a related person living in the same household.",
  "unit": "percent of male employment",
  "year": 2025,
  "valuesByIso3": {
    "AFG": 18.9352361755959,
    "AGO": 12.8609884270152,
    "ALB": 16.0330167906866,
    "ARE": 0.139142491418932,
    "ARG": 0.152249214847335,
    "ARM": 1.90434898612593,
    "AUS": 0.090842687372826,
    "AUT": 1.00093763555249,
    "AZE": 27.3437225840152,
    "BDI": 14.9264918397285,
    "BEL": 0.381405966069048,
    "BEN": 14.1431584701474,
    "BFA": 17.2585575242239,
    "BGD": 2.71086627001059,
    "BGR": 0.134948354556369,
    "BHS": 0.376656421855192,
    "BIH": 0.599990274293528,
    "BLR": 1.71261304933961,
    "BLZ": 3.41296928327645,
    "BOL": 10.4960856074228,
    "BRA": 0.722184345307653,
    "BRN": 0.42954695645789,
    "BTN": 23.9022244564534,
    "BWA": 2.24111852659311,
    "CAF": 9.92185881308273,
    "CAN": 0.0583152660253534,
    "CHE": 2.57919116614938,
    "CHL": 0.419226479974749,
    "CHN": 4.79105846353754,
    "CIV": 9.11842120151914,
    "CMR": 3.13810564888242,
    "COD": 16.0517278158176,
    "COG": 7.23810145601708,
    "COL": 1.18683046909368,
    "CRI": 0.484009616516597,
    "CUB": 0.446214295636053,
    "CYP": 0.650133696848949,
    "CZE": 0.0956125568634953,
    "DEU": 0.1658295159319,
    "DJI": 0.0623355035323452,
    "DNK": 0.234317442195192,
    "DOM": 0.608741271391874,
    "DZA": 1.18112431473057,
    "ECU": 8.19987522516107,
    "EGY": 2.09892492243157,
    "ERI": 7.15197956577267,
    "ESP": 0.196108417602658,
    "EST": 0.126099706744868,
    "ETH": 22.7689167493836,
    "FIN": 0.654291600078974,
    "FJI": 17.1677182900848,
    "FRA": 0.229553182651863,
    "GAB": 0.545764035004654,
    "GBR": 0.282657745610078,
    "GEO": 9.38655323593683,
    "GHA": 2.07192608622582,
    "GIN": 10.0937218703364,
    "GMB": 4.66362773716966,
    "GNB": 15.8484702423006,
    "GNQ": 1.82524708985775,
    "GRC": 2.35480954049014,
    "GTM": 5.19987186913864,
    "GUY": 0.0355060547166991,
    "HND": 4.48963729324598,
    "HRV": 0.47191569796008,
    "HTI": 20.4204488378695,
    "HUN": 0.106330721847633,
    "IDN": 5.5860247037728,
    "IND": 9.3610430581915,
    "IRL": 0.880247758907427,
    "IRN": 1.61239015024327,
    "IRQ": 3.99520924654988,
    "ISL": 0.0940046769269016,
    "ISR": 0.0799422295932,
    "ITA": 0.728910969571135,
    "JAM": 0.481735332132041,
    "JOR": 0.110568343898753,
    "JPN": 0.597708906434133,
    "KAZ": 0.111818520234658,
    "KEN": 21.517919833346,
    "KGZ": 2.43099474780268,
    "KHM": 5.94622612145416,
    "KOR": 0.788689240048342,
    "KWT": 0.516118255491436,
    "LAO": 20.295311761675,
    "LBR": 7.39812134407399,
    "LBY": 2.78171035534155,
    "LKA": 2.1973511881833,
    "LSO": 0.77617540157111,
    "LTU": 0.422359835049488,
    "LUX": 1.49675871977916,
    "LVA": 0.7726854558391,
    "MAR": 4.23513704330139,
    "MDA": 2.07642000885255,
    "MDG": 23.9497716333068,
    "MEX": 2.39489961436482,
    "MKD": 1.86900138643136,
    "MLI": 21.4098412168031,
    "MMR": 17.5124302858451,
    "MNE": 1.02557510052207,
    "MNG": 0.091628740354956,
    "MOZ": 12.9860018853949,
    "MRT": 5.14327604037125,
    "MWI": 5.10451729944857,
    "MYS": 0.077653355456515,
    "NAM": 4.03842680298913,
    "NCL": 0.876292729138707,
    "NER": 22.8424243246775,
    "NGA": 9.78058778911511,
    "NIC": 8.31918819285482,
    "NLD": 0.183758373654135,
    "NOR": 0.0876052368321382,
    "NPL": 26.7994392829032,
    "NZL": 0.428735807668337,
    "OMN": 1.19763327558952,
    "PAK": 9.95458386480817,
    "PAN": 3.84696013390827,
    "PER": 7.16970003939893,
    "PHL": 4.10360201983773,
    "PNG": 12.7350974780954,
    "POL": 0.429880082069019,
    "PRI": 0.186587410208858,
    "PRK": 4.77987850288749,
    "PRT": 0.0873699528784987,
    "PRY": 3.58342088089773,
    "QAT": 0.268322576066219,
    "ROU": 1.61226896476087,
    "RUS": 0.108346783635038,
    "RWA": 0.648570088740769,
    "SAU": 0.0881205489109101,
    "SEN": 10.2660906794654,
    "SLB": 44.2712162273852,
    "SLE": 6.28953545150873,
    "SLV": 3.02597937699155,
    "SOM": 9.53916478637721,
    "SRB": 2.81749036199079,
    "SUR": 3.48452625664151,
    "SVK": 0.108023371811315,
    "SVN": 1.66019017019799,
    "SWE": 0.492782065775614,
    "SWZ": 3.22589302487856,
    "SYR": 7.11041538763191,
    "TCD": 10.6246333745514,
    "TGO": 8.03675305762148,
    "THA": 11.1255792773092,
    "TJK": 11.5123561831119,
    "TKM": 3.83062566703458,
    "TLS": 28.6776478651061,
    "TTO": 0.19823271334116,
    "TUN": 1.37819682108169,
    "TUR": 3.76595687040505,
    "TZA": 19.4395028190618,
    "UGA": 5.41724753168224,
    "URY": 0.525739440861157,
    "USA": 0.0842949154327732,
    "UZB": 1.5904273826109,
    "VEN": 2.68601288287104,
    "VNM": 7.93839901944123,
    "VUT": 1.40410356463194,
    "YEM": 12.8663171436636,
    "ZAF": 0.528234393130092,
    "ZMB": 1.32556235605115,
    "ZWE": 0.593750926988252
  },
  "stats": {
    "coverage": 163,
    "min": 0.0355060547166991,
    "max": 44.2712162273852,
    "median": 2.1973511881833,
    "quantileBreaks": [
      0.0355060547166991,
      0.18416252173338116,
      0.5594745755713962,
      1.5369024324213345,
      3.188269863737357,
      7.140104086303882,
      12.865555898428115,
      44.2712162273852
    ]
  },
  "formatting": {
    "maximumFractionDigits": 1,
    "suffix": "%"
  },
  "source": {
    "provider": "World Bank",
    "dataset": "World Development Indicators",
    "attribution": "The World Bank",
    "sourceReference": "https://api.worldbank.org/v2/indicator/SL.FAM.WORK.MA.ZS?format=json&per_page=1",
    "valuesReference": "https://api.worldbank.org/v2/country/all/indicator/SL.FAM.WORK.MA.ZS?format=json&per_page=20000&page=1&date=2015%3A2025",
    "license": "Creative Commons Attribution 4.0 International unless specifically labeled otherwise by World Bank metadata",
    "licenseReference": "https://www.worldbank.org/en/about/legal/terms-of-use-for-datasets",
    "retrievedAt": "2026-06-27T17:15:56.366192+00:00",
    "checksum": "c191267d88720042ef3221cb00ffd50c34408ef8af08bb4e57668746cd060ca5",
    "sourceOrganization": "ILO Modelled Estimates database (ILOEST), International Labour Organization (ILO), uri: https://ilostat.ilo.org/data/bulk/, publisher: ILOSTAT, type: external database, date accessed: January 17, 2026"
  },
  "reviewStatus": "approved",
  "contentVersion": "2026.06.22-exp2-qa1",
  "editorial": {
    "shortHook": "A men's unpaid-family-work map.",
    "patternNote": "The darkest countries include Solomon Islands, Timor-Leste, Azerbaijan, while the lightest include Guyana, Canada, Djibouti; that contrast is the fastest way to read the male contributing family workers pattern.",
    "whyItMatters": "Male contributing family work is a harder expert map that can separate informal labor systems.",
    "bestProbeCountries": [
      {
        "iso3": "SLB",
        "reason": "High anchor: this country sits near the darkest end of the map."
      },
      {
        "iso3": "GUY",
        "reason": "Low anchor: this country clarifies the lightest end of the scale."
      },
      {
        "iso3": "LKA",
        "reason": "Middle check: this country helps separate a true pattern from one-off outliers."
      }
    ],
    "commonConfusions": [
      {
        "confusedWithIndicatorCode": "SL.FAM.WORK.ZS",