{
  "schemaVersion": "1.1.0",
  "id": "male-industry-employment",
  "providerCode": "SL.IND.EMPL.MA.ZS",
  "title": "Employment in industry, male (% of male employment) (modeled ILO estimate)",
  "shortTitle": "Male industry employment",
  "category": "labor",
  "difficulty": "expert",
  "definition": "Employment is defined as persons of working age who were engaged in any activity to produce goods or provide services for pay or profit, whether at work during the reference period or not at work due to temporary absence from a job, or to working-time arrangement. The industry sector consists of mining and quarrying, manufacturing, construction, and public utilities (electricity, gas, and water), in accordance with divisions 2-5 (ISIC 2) or categories C-F (ISIC 3) or categories B-F (ISIC 4).",
  "unit": "percent of male employment",
  "year": 2025,
  "valuesByIso3": {
    "AFG": 18.7284098273254,
    "AGO": 12.5422794130577,
    "ALB": 26.9083923674185,
    "ARE": 36.8539552902126,
    "ARG": 29.7442433845878,
    "ARM": 31.2495452119918,
    "AUS": 29.4567804309846,
    "AUT": 35.9427528249086,
    "AZE": 23.7406949517277,
    "BDI": 5.83374081996352,
    "BEL": 29.1520834426494,
    "BEN": 17.4130292431187,
    "BFA": 18.5912590614862,
    "BGD": 22.7055953448677,
    "BGR": 35.2107440443217,
    "BHS": 25.7330208209833,
    "BIH": 41.1413116545429,
    "BLR": 42.3360846628452,
    "BLZ": 19.8748577929465,
    "BOL": 26.3747191956568,
    "BRA": 27.4680764687091,
    "BRN": 26.486526176665,
    "BTN": 19.3025009425663,
    "BWA": 21.4305215393292,
    "CAF": 14.5617877756401,
    "CAN": 27.8966813843732,
    "CHE": 28.3457585351779,
    "CHL": 29.8067450999581,
    "CHN": 37.6706028839492,
    "CIV": 15.6348259890052,
    "CMR": 16.6071860123982,
    "COD": 11.6115870484362,
    "COG": 21.4555999575627,
    "COL": 24.6258619048957,
    "CRI": 23.1404279453544,
    "CUB": 20.7740294890643,
    "CYP": 25.0139189529951,
    "CZE": 46.3101947963924,
    "DEU": 37.4454006514421,
    "DJI": 8.84679318465161,
    "DNK": 27.4427684831452,
    "DOM": 26.5792492430309,
    "DZA": 33.6458093305984,
    "ECU": 21.7461249757377,
    "EGY": 34.0962210968883,
    "ERI": 17.6635447708245,
    "ESP": 29.1286152489086,
    "EST": 38.2434017595308,
    "ETH": 7.64644545652363,
    "FIN": 32.1336000566228,
    "FJI": 15.212351745586,
    "FRA": 28.4555656054522,
    "GAB": 24.5263539590411,
    "GBR": 23.9302223486221,
    "GEO": 24.7356642523696,
    "GHA": 20.7554814808008,
    "GIN": 16.762668558013,
    "GMB": 31.9423723817675,
    "GNB": 12.5186804092853,
    "GNQ": 13.4770724592996,
    "GRC": 22.5028758757862,
    "GTM": 24.624724267217,
    "GUY": 43.8063736482783,
    "HND": 24.4707344914381,
    "HRV": 36.9763637519726,
    "HTI": 12.0632355569791,
    "HUN": 41.2480340512045,
    "IDN": 26.7796797024119,
    "IND": 29.6446126290698,
    "IRL": 26.1455310255797,
    "IRN": 36.4407354186296,
    "IRQ": 28.3738030561427,
    "ISL": 27.4213973290241,
    "ISR": 22.9241630909818,
    "ITA": 35.7825594304254,
    "JAM": 26.7474551166542,
    "JOR": 18.2467161880195,
    "JPN": 31.4097606011613,
    "KAZ": 28.0080949497865,
    "KEN": 19.4718898265135,
    "KGZ": 34.9623209321284,
    "KHM": 31.8210474115419,
    "KOR": 32.4999717021938,
    "KWT": 29.8695733355372,
    "LAO": 8.88534970457883,
    "LBR": 12.5281381254342,
    "LBY": 25.0041226489782,
    "LKA": 27.3482068082926,
    "LSO": 31.0460780865283,
    "LTU": 36.73698602025,
    "LUX": 12.3598556414115,
    "LVA": 32.1471138725364,
    "MAR": 26.1570158853726,
    "MDA": 18.7595433342675,
    "MDG": 10.5005784320723,
    "MEX": 29.5598855839862,
    "MKD": 35.3335733417081,
    "MLI": 9.2769764180048,
    "MMR": 18.4046879976306,
    "MNE": 26.8156464479821,
    "MNG": 30.4188986909992,
    "MOZ": 11.9885582259061,
    "MRT": 17.3698472333128,
    "MWI": 9.85912210130079,
    "MYS": 30.8243698204458,
    "NAM": 24.9356262837988,
    "NCL": 31.3870687613484,
    "NER": 7.47837777129517,
    "NGA": 17.4605007197249,
    "NIC": 19.9629721616253,
    "NLD": 21.090533110866,
    "NOR": 27.445881176025,
    "NPL": 39.3295659490565,
    "NZL": 29.0920410587071,
    "OMN": 43.3373255845771,
    "PAK": 28.7502314267714,
    "PAN": 21.5121604319122,
    "PER": 22.9363868362265,
    "PHL": 27.5585067790452,
    "PNG": 12.9150457127412,
    "POL": 41.3699253305973,
    "PRI": 20.7704829083017,
    "PRK": 24.2241360232932,
    "PRT": 33.6781832158688,
    "PRY": 26.3797861815503,
    "QAT": 45.505093679854,
    "ROU": 40.3769060579583,
    "RUS": 36.7249948758593,
    "RWA": 25.308167554373,
    "SAU": 25.8435649058822,
    "SEN": 25.7616554830383,
    "SLB": 11.7329760485814,
    "SLE": 16.7179471528926,
    "SLV": 28.56765871338,
    "SOM": 18.9362702669547,
    "SRB": 34.2805359609032,
    "SUR": 36.7706784832815,
    "SVK": 47.5488100327775,
    "SVN": 42.9480360657636,
    "SWE": 25.7400008662537,
    "SWZ": 30.0246906953651,
    "SYR": 28.3989310751606,
    "TCD": 9.99622202098593,
    "TGO": 15.5750699391323,
    "THA": 25.0669081878324,
    "TJK": 22.3673387899446,
    "TKM": 36.6344969761099,
    "TLS": 5.82155158662169,
    "TTO": 31.3553729222023,
    "TUN": 33.8700901762247,
    "TUR": 32.1811137298557,
    "TZA": 11.83144954971,
    "UGA": 10.7588349695419,
    "URY": 27.2129567778885,
    "USA": 27.8656375838607,
    "UZB": 29.6226790341025,
    "VEN": 20.1942738147878,
    "VNM": 38.5538320457439,
    "VUT": 14.856631110969,
    "YEM": 11.1012559219784,
    "ZAF": 28.4032471266817,
    "ZMB": 16.0017853355888,
    "ZWE": 19.4447607501133
  },
  "stats": {
    "coverage": 163,
    "min": 5.82155158662169,
    "max": 47.5488100327775,
    "median": 26.3747191956568,
    "quantileBreaks": [
      5.82155158662169,
      14.603908252115657,
      20.029058348243154,
      24.821362265839255,
      27.444547164790798,
      29.980371449699987,
      35.91986805426814,
      47.5488100327775
    ]
  },
  "formatting": {
    "maximumFractionDigits": 1,
    "suffix": "%"
  },
  "source": {
    "provider": "World Bank",
    "dataset": "World Development Indicators",
    "attribution": "The World Bank",
    "sourceReference": "https://api.worldbank.org/v2/indicator/SL.IND.EMPL.MA.ZS?format=json&per_page=1",
    "valuesReference": "https://api.worldbank.org/v2/country/all/indicator/SL.IND.EMPL.MA.ZS?format=json&per_page=20000&page=1&date=2015%3A2025",
    "license": "Creative Commons Attribution 4.0 International unless specifically labeled otherwise by World Bank metadata",
    "licenseReference": "https://www.worldbank.org/en/about/legal/terms-of-use-for-datasets",
    "retrievedAt": "2026-06-27T17:15:53.877116+00:00",
    "checksum": "b1a38a959a93c815a4f05e1dae29e738f033243dad1cbea44df1da14bc1d33ee",
    "sourceOrganization": "ILO Modelled Estimates database (ILOEST), International Labour Organization (ILO), uri: https://ilostat.ilo.org/data/bulk/, publisher: ILOSTAT, type: external database, date accessed: January 17, 2026"
  },
  "reviewStatus": "approved",
  "contentVersion": "2026.06.22-exp2-qa1",
  "editorial": {
    "shortHook": "A men's industrial-work map.",
    "patternNote": "The darkest countries include Slovak Republic, Czechia, Qatar, while the lightest include Timor-Leste, Burundi, Niger; that contrast is the fastest way to read the male industry employment pattern.",
    "whyItMatters": "Male industry employment gives expert players a clean comparison to total and female industry work.",
    "bestProbeCountries": [
      {
        "iso3": "SVK",
        "reason": "High anchor: this country sits near the darkest end of the map."
      },
      {
        "iso3": "TLS",
        "reason": "Low anchor: this country clarifies the lightest end of the scale."
      },
      {
        "iso3": "BOL",
        "reason": "Middle check: this country helps separate a true pattern from one-off outliers."
      }
    ],
    "commonConfusions": [
      {
        "confusedWithIndicatorCode": "SL.IND.EMPL.ZS",