{
  "schemaVersion": "1.1.0",
  "id": "manufacturing-share",
  "providerCode": "NV.IND.MANF.ZS",
  "title": "Manufacturing, value added (% of GDP)",
  "shortTitle": "Manufacturing value added",
  "category": "economy",
  "difficulty": "standard",
  "definition": "Manufacturing includes industries classified in ISIC (Rev. 3) major division C and is defined as the physical or chemical transformation of materials or components into new products. Value added is the contribution to the economy by a producer or an industry or an institutional sector, which is estimated by the total value of output produced and deducting the total value of intermediate consumption of goods and services used to produce that output. This indicator is expressed as a percentage of Gross Domestic Product (GDP) which is the total income earned through the production of goods and services in an economic territory during an accounting period.",
  "unit": "percent of GDP",
  "year": 2024,
  "valuesByIso3": {
    "AFG": 8.41781184357888,
    "AGO": 6.57616259795953,
    "ALB": 6.50597363839623,
    "ARE": 9.37365289381873,
    "ARG": 15.1850458096465,
    "ARM": 10.1577162268666,
    "AUS": 5.37633044467869,
    "AUT": 15.1337527310645,
    "AZE": 5.54787147438988,
    "BDI": 12.2559292843161,
    "BEL": 11.4440979987072,
    "BEN": 10.1743449588896,
    "BFA": 9.49879234134125,
    "BGD": 21.8929603584194,
    "BHS": 0.629705421656308,
    "BIH": 12.6983205353114,
    "BLR": 20.8768121565888,
    "BLZ": 6.59392256001454,
    "BOL": 13.0661500585552,
    "BRA": 12.1108065153855,
    "BRN": 10.6553155941498,
    "BTN": 6.61794085826323,
    "BWA": 5.5799170251968,
    "CHE": 19.0664242883381,
    "CHL": 9.37258927958029,
    "CHN": 24.8415841892631,
    "CIV": 12.918437529424,
    "CMR": 12.880227254442,
    "COD": 8.59982013240739,
    "COL": 10.2261345834627,
    "CRI": 13.0984655937739,
    "CUB": 10.6773248471059,
    "CYP": 4.45628837754571,
    "CZE": 19.8828069640729,
    "DEU": 18.0067082931968,
    "DJI": 5.28432022949322,
    "DNK": 17.8578664866005,
    "DOM": 12.4639218694399,
    "DZA": 9.45462250569716,
    "ECU": 12.9967338106134,
    "EGY": 13.8934615296088,
    "ESP": 10.8444299486305,
    "EST": 10.8342118439629,
    "ETH": 4.39391406309022,
    "FIN": 14.2311580366169,
    "FJI": 11.342566943675,
    "FRA": 9.56647520690692,
    "GAB": 19.4598269676401,
    "GBR": 7.9734900624048,
    "GEO": 8.43670859983791,
    "GHA": 10.5715045941892,
    "GMB": 1.45425336279474,
    "GNB": 9.17231237257561,
    "GNQ": 25.8098188120152,
    "GRC": 9.0658743329958,
    "GTM": 13.5392434878689,
    "GUY": 1.69735536084335,
    "HND": 14.873462200805,
    "HRV": 10.4778534427565,
    "HTI": 20.8438037267646,
    "HUN": 15.8584652615689,
    "IDN": 18.984004004374,
    "IND": 13.1392199491326,
    "IRL": 29.5649973541217,
    "IRN": 20.5908961207021,
    "IRQ": 4.08706182141497,
    "ISL": 8.77060035311677,
    "ISR": 11.2422190872096,
    "ITA": 15.0837463156744,
    "JAM": 7.73416509699538,
    "JOR": 16.8649437367506,
    "JPN": 18.817440470747,
    "KAZ": 12.3935343078141,
    "KEN": 7.29301063096746,
    "KGZ": 12.6876067970532,
    "KHM": 27.8057723910919,
    "KOR": 26.6179725157922,
    "KWT": 7.96462339439403,
    "LAO": 9.05367016557271,
    "LKA": 17.4915508731994,
    "LSO": 12.0673877533326,
    "LTU": 13.5801958562688,
    "LUX": 3.96294952859285,
    "LVA": 9.94941789051242,
    "MAR": 15.2654153716279,
    "MDA": 7.60956756625965,
    "MDG": 13.1203166064313,
    "MEX": 20.130560879445,
    "MKD": 14.3415421040452,
    "MLI": 7.31689987854967,
    "MMR": 25.1,
    "MNE": 3.33152441474333,
    "MNG": 5.57316319739662,
    "MOZ": 6.44238780425953,
    "MRT": 5.01102049175112,
    "MWI": 10.9707650162053,
    "MYS": 22.5003191935602,
    "NAM": 10.289538159484,
    "NER": 6.98726571949007,
    "NGA": 8.65727818023026,
    "NIC": 13.4264677926048,
    "NLD": 10.0764749991752,
    "NOR": 5.76760618462887,
    "NPL": 5.01008065501509,
    "OMN": 10.0021187664263,
    "PAK": 13.1475520639224,
    "PAN": 4.93770747945351,
    "PER": 12.2411897692119,
    "PHL": 15.6722332808061,
    "PNG": 1.64730045558872,
    "POL": 16.0769928111431,
    "PRI": 44.1442583412387,
    "PRT": 11.7478766112798,
    "PRY": 19.1680221650994,
    "PSE": 11.3180453146364,
    "QAT": 8.18036559839047,
    "ROU": 13.1961348200611,
    "RUS": 13.264172378933,
    "RWA": 8.12432309976712,
    "SAU": 16.1043055665414,
    "SEN": 14.2223141039377,
    "SLB": 10.0914170556093,
    "SLE": 6.95777965373964,
    "SLV": 12.9081274425003,
    "SRB": 12.6868258020276,
    "SUR": 19.828882711217,
    "SVK": 16.327904870625,
    "SVN": 19.3670698018374,
    "SWE": 13.0688641772728,
    "SWZ": 29.1215996440591,
    "TCD": 6.30970731722674,
    "TGO": 11.4183866369158,
    "THA": 24.2392268675556,
    "TJK": 13.2364769401716,
    "TLS": 1.90011997196253,
    "TTO": 14.3789697782798,
    "TUN": 14.7948868494485,
    "TUR": 16.8424801408013,
    "UGA": 15.1091911678522,
    "UKR": 8.4204821063336,
    "URY": 10.0197149519718,
    "UZB": 19.9525528840719,
    "VNM": 24.3330816740279,
    "VUT": 4.04859346613134,
    "ZAF": 12.7973009661441,
    "ZMB": 9.04858570665344,
    "ZWE": 15.5710868492927
  },
  "stats": {
    "coverage": 147,
    "min": 0.629705421656308,
    "max": 44.1442583412387,
    "median": 12.0673877533326,
    "quantileBreaks": [
      0.629705421656308,
      6.423433448969131,
      8.969161319928677,
      10.667892310124714,
      12.892184477895556,
      14.817336949836072,
      19.196457541776258,
      44.1442583412387
    ]
  },
  "formatting": {
    "maximumFractionDigits": 1,
    "suffix": "% of GDP"
  },
  "source": {
    "provider": "World Bank",
    "dataset": "World Development Indicators",
    "attribution": "The World Bank",
    "sourceReference": "https://api.worldbank.org/v2/indicator/NV.IND.MANF.ZS?format=json&per_page=1",
    "valuesReference": "https://api.worldbank.org/v2/country/all/indicator/NV.IND.MANF.ZS?format=json&per_page=20000&page=1&date=2015%3A2025",
    "license": "Creative Commons Attribution 4.0 International unless specifically labeled otherwise by World Bank metadata",
    "licenseReference": "https://www.worldbank.org/en/about/legal/terms-of-use-for-datasets",
    "retrievedAt": "2026-07-02T22:19:26.194666+00:00",
    "checksum": "aa5185749c8d5e80d1a7a63fa091981627bb561045f5ddcf43cfeb3431a5edec",
    "sourceOrganization": "Country official statistics, National Statistical Offices (NSOs);\nNational Accounts data files, Central Banks;\nStaff estimates, World Bank (WB)"
  },
  "reviewStatus": "approved",
  "contentVersion": "2026.07.02-exp4-content50",
  "editorial": {
    "shortHook": "A manufacturing-specific economy map.",
    "patternNote": "The darkest countries include Puerto Rico (US), Ireland, Eswatini, while the lightest include Bahamas, The, Gambia, The, Papua New Guinea; that contrast is the fastest way to read the manufacturing value added pattern.",
    "whyItMatters": "Manufacturing share is more specific than total industry and helps players find factory-heavy economies.",
    "bestProbeCountries": [
      {
        "iso3": "PRI",
        "reason": "High anchor: this country sits near the darkest end of the map."
      },
      {
        "iso3": "BHS",
        "reason": "Low anchor: this country clarifies the lightest end of the scale."
      },
      {
        "iso3": "LSO",
        "reason": "Middle check: this country helps separate a true pattern from one-off outliers."
      }
    ],
    "commonConfusions": [
      {
        "confusedWithIndicatorCode": "SL.IND.EMPL.FE.ZS",
        "reason": "Female industry employment overlaps with part of the visible pattern, but the full country spread does not match."
      },
      {
        "confusedWithIndicatorCode": "ST.INT.ARVL",