{
  "schemaVersion": "1.1.0",
  "id": "manufacturing-share",
  "providerCode": "NV.IND.MANF.ZS",
  "title": "Manufacturing, value added (% of GDP)",
  "shortTitle": "Manufacturing value added",
  "category": "economy",
  "difficulty": "standard",
  "definition": "Manufacturing includes industries classified in ISIC (Rev. 3) major division C and is defined as the physical or chemical tranformation of materials or components into new products. Value added is the contribution to the economy by a producer or an industry or an institutional sector, which is estimated by the total value of output produced and deducting the total value of intermediate consumption of goods and services used to produce that output. This indicator is expressed as a percentage of Gross Domestic Product (GDP) which is the total income earned through the production of goods and services in an economic territory during an accounting period.",
  "unit": "percent of GDP",
  "year": 2024,
  "valuesByIso3": {
    "AGO": 7.62750781911399,
    "ALB": 6.50597363839623,
    "ARE": 9.37363347602288,
    "ARG": 15.1850458096465,
    "ARM": 10.1577162268666,
    "AUS": 5.37633044467869,
    "AUT": 15.1337527310645,
    "AZE": 5.23837039030529,
    "BDI": 11.5378154113804,
    "BEL": 11.4375020757029,
    "BEN": 10.1743449588896,
    "BFA": 9.49858147123838,
    "BGD": 21.8929603584194,
    "BHS": 0.629705421656308,
    "BIH": 12.7116441103994,
    "BLR": 20.311752291688,
    "BLZ": 6.59392256001454,
    "BOL": 13.0661500585552,
    "BRA": 12.1108065155746,
    "BRN": 10.6553156687942,
    "BWA": 5.54661006094628,
    "CHE": 17.6911811558258,
    "CHL": 9.01046913453608,
    "CHN": 24.8692407436614,
    "CIV": 12.918437529424,
    "CMR": 12.880227254442,
    "COD": 8.21811392729758,
    "COL": 10.0955376873703,
    "CRI": 12.9639765989781,
    "CUB": 10.6773248471059,
    "CYP": 4.45628837754571,
    "CZE": 19.8858959477882,
    "DEU": 18.0067082931968,
    "DJI": 5.28432022949322,
    "DNK": 17.8578664866005,
    "DOM": 12.4639218694399,
    "DZA": 9.45462250569716,
    "ECU": 12.8762268451495,
    "EGY": 13.8934615296088,
    "ESP": 10.8444299486305,
    "EST": 10.8342118439629,
    "ETH": 4.39391406328772,
    "FIN": 14.2327051090182,
    "FJI": 11.342566943675,
    "FRA": 9.56647520690692,
    "GAB": 19.4598269672472,
    "GBR": 7.98503886607726,
    "GEO": 8.4367085488571,
    "GHA": 9.83621907142742,
    "GMB": 1.45425338865049,
    "GNB": 8.70147088293781,
    "GNQ": 24.8129142130163,
    "GRC": 9.0658743329958,
    "GTM": 13.587559280005,
    "GUY": 1.69733624390457,
    "HND": 14.8666617820448,
    "HRV": 10.4777055033801,
    "HTI": 26.2315707464341,
    "HUN": 15.8039940838573,
    "IDN": 18.9840269851832,
    "IND": 12.6085653310554,
    "IRL": 29.5649973541217,
    "IRN": 20.5908961207021,
    "IRQ": 4.08706182141497,
    "ISL": 8.57601818623023,
    "ISR": 11.1290426476645,
    "ITA": 14.8235735691366,
    "JAM": 7.73420536237464,
    "JOR": 17.705386647398,
    "KAZ": 12.3935343078141,
    "KEN": 7.2507294225429,
    "KGZ": 12.6145669633027,
    "KHM": 27.8057723910919,
    "KOR": 26.6179725157922,
    "KWT": 7.9982179419611,
    "LAO": 9.05367016557271,
    "LKA": 17.5917877693489,
    "LSO": 13.5448251142786,
    "LTU": 14.0405340502099,
    "LUX": 3.96294720787633,
    "LVA": 9.93786432938863,
    "MAR": 15.2654153716279,
    "MDA": 7.71705640875898,
    "MDG": 12.6451562899679,
    "MEX": 19.8017537671375,
    "MKD": 14.3415421040452,
    "MLI": 7.62473561031489,
    "MMR": 22.5216536798612,
    "MNE": 3.33152441474333,
    "MNG": 5.57316319739662,
    "MOZ": 6.44434299229208,
    "MRT": 5.01102049175112,
    "MWI": 10.9664606994782,
    "MYS": 22.5003191935602,
    "NAM": 10.6400315996937,
    "NGA": 8.65727818020008,
    "NIC": 13.5056664041759,
    "NLD": 10.0682519361509,
    "NOR": 6.17077761908446,
    "NPL": 4.36587696111805,
    "OMN": 10.0021187791119,
    "PAK": 13.1538180941054,
    "PAN": 4.93766629690914,
    "PER": 12.1140270326731,
    "PHL": 15.6771530992166,
    "POL": 16.0769928111431,
    "PRI": 44.1442583412387,
    "PRT": 11.7623406083143,
    "PRY": 19.0225604692616,
    "QAT": 8.07331100392102,
    "ROU": 13.1961348200611,
    "RUS": 13.2536575793102,
    "RWA": 8.94087746646115,
    "SAU": 15.7219406844133,
    "SEN": 13.8542329986186,
    "SLB": 10.0914166858699,
    "SLE": 6.95777964674362,
    "SLV": 12.0454823079116,
    "SRB": 12.6868258020276,
    "SUR": 19.8288827476317,
    "SVK": 16.327904870625,
    "SVN": 19.3670698018374,
    "SWE": 13.0043168773902,
    "SWZ": 29.1215996440591,
    "TCD": 7.14535399141811,
    "TGO": 11.4100893223643,
    "THA": 24.3302698519497,
    "TKM": 17.9621538458978,
    "TLS": 1.90011872898043,
    "TTO": 14.3789697782798,
    "TUN": 14.7948868494485,
    "TUR": 16.8424801408013,
    "TZA": 8.06364335166651,
    "UGA": 15.1091911678522,
    "UKR": 8.41130281423941,
    "URY": 9.69126071048577,
    "UZB": 20.1938734830319,
    "VNM": 24.4304272603192,
    "ZAF": 12.7973009661441,
    "ZMB": 9.04858570665344,
    "ZWE": 15.5645508202725
  },
  "stats": {
    "coverage": 141,
    "min": 0.629705421656308,
    "max": 44.1442583412387,
    "median": 12.1108065155746,
    "quantileBreaks": [
      0.629705421656308,
      6.59392256001454,
      9.04858570665344,
      10.8342118439629,
      12.8762268451495,
      14.8666617820448,
      19.3670698018374,
      44.1442583412387
    ]
  },
  "formatting": {
    "maximumFractionDigits": 1,
    "suffix": "% of GDP"
  },
  "source": {
    "provider": "World Bank",
    "dataset": "World Development Indicators",
    "attribution": "The World Bank",
    "sourceReference": "https://api.worldbank.org/v2/indicator/NV.IND.MANF.ZS?format=json&per_page=1",
    "valuesReference": "https://api.worldbank.org/v2/country/all/indicator/NV.IND.MANF.ZS?format=json&per_page=20000&page=1&date=2015%3A2025",
    "license": "Creative Commons Attribution 4.0 International unless specifically labeled otherwise by World Bank metadata",
    "licenseReference": "https://www.worldbank.org/en/about/legal/terms-of-use-for-datasets",
    "retrievedAt": "2026-06-22T18:06:17.675088+00:00",
    "checksum": "8488a063354e798ad4070934c6582adce584a8845d72da743acc48a6be07aaf8",
    "sourceOrganization": "Country official statistics, National Statistical Organizations and/or Central Banks;\nNational Accounts data files, Organisation for Economic Co-operation and Development (OECD);\nStaff estimates, World Bank (WB)"
  },
  "reviewStatus": "approved",
  "contentVersion": "2026.06.22-exp2-qa1",
  "editorial": {
    "shortHook": "A manufacturing-specific economy map.",
    "patternNote": "The darkest countries include Puerto Rico (US), Ireland, Eswatini, while the lightest include Bahamas, The, Gambia, The, Guyana; that contrast is the fastest way to read the manufacturing value added pattern.",
    "whyItMatters": "Manufacturing share is more specific than total industry and helps players find factory-heavy economies.",
    "bestProbeCountries": [
      {
        "iso3": "PRI",
        "reason": "High anchor: this country sits near the darkest end of the map."
      },
      {
        "iso3": "BHS",
        "reason": "Low anchor: this country clarifies the lightest end of the scale."
      },
      {
        "iso3": "BRA",
        "reason": "Middle check: this country helps separate a true pattern from one-off outliers."
      }
    ],
    "commonConfusions": [
      {
        "confusedWithIndicatorCode": "SL.IND.EMPL.ZS",
        "reason": "Employment in industry overlaps with part of the visible pattern, but the full country spread does not match."
      },
      {
        "confusedWithIndicatorCode": "NV.IND.TOTL.ZS",
        "reason": "Industry value added lives in the same category, so it can feel plausible until the high and low countries are checked."
      },
      {
        "confusedWithIndicatorCode": "ST.INT.ARVL",