{
  "schemaVersion": "1.1.0",
  "id": "merchandise-trade-share",
  "providerCode": "TG.VAL.TOTL.GD.ZS",
  "title": "Merchandise trade (% of GDP)",
  "shortTitle": "Merchandise trade share",
  "category": "economy",
  "difficulty": "standard",
  "definition": "General merchandise trade includes goods whose economic ownership is changed between a resident and a non-resident and that are not included in the following specific categories: goods under merchanting, non-monetary gold, and parts of travel, construction, and government goods and services n.i.e. It is the total of merchandise exports plus merchandise imports. This indicator is expressed as a percentage of Gross Domestic Product (GDP) which is the total income earned through the production of goods and services in an economic territory during an accounting period.",
  "unit": "percent of GDP",
  "year": 2025,
  "valuesByIso3": {
    "AFG": 22.2447838000887,
    "AGO": 38.8434974026826,
    "ALB": 47.8942692495629,
    "ARG": 23.847533713507,
    "ARM": 73.2813600576247,
    "AUS": 36.0414887971379,
    "AUT": 77.7287838201785,
    "AZE": 65.083659968705,
    "BDI": 45.1747180116727,
    "BEL": 152.426894503315,
    "BEN": 36.3870668629397,
    "BFA": 67.4984588199757,
    "BGD": 25.7582833385633,
    "BGR": 83.5099469397152,
    "BIH": 83.2546448044335,
    "BLR": 96.1110019923085,
    "BLZ": 56.3655493762213,
    "BOL": 30.4621284640842,
    "BRA": 28.1577412346181,
    "BRN": 109.992156100226,
    "BTN": 83.283972350316,
    "BWA": 57.7766096198091,
    "CAF": 27.0049087902759,
    "CAN": 48.8002547979107,
    "CHE": 101.730578181041,
    "CHL": 55.8713244341067,
    "CHN": 32.5916769041769,
    "CIV": 47.8543634946102,
    "CMR": 24.6040220530055,
    "COD": 66.1316583887299,
    "COG": 94.4400923509692,
    "COL": 26.3632170226088,
    "CRI": 52.3910804202411,
    "CYP": 52.0936079914166,
    "CZE": 137.320453851667,
    "DEU": 65.4728660301066,
    "DJI": 267.140482149851,
    "DNK": 61.5328854150341,
    "DOM": 35.5795482168387,
    "DZA": 33.2716413245159,
    "ECU": 53.5602362250124,
    "EGY": 40.7775802668696,
    "ERI": 29.3581207403505,
    "ESP": 50.2725136241128,
    "EST": 98.3992760965909,
    "ETH": 24.2143879662329,
    "FIN": 53.2772950655564,
    "FJI": 70.6194058671657,
    "FRA": 43.6539241019586,
    "GAB": 72.8049336200485,
    "GBR": 37.5874352346115,
    "GEO": 67.6941644150595,
    "GHA": 42.5173279686179,
    "GIN": 82.7205938189851,
    "GMB": 54.2859282534272,
    "GNB": 31.7255585958263,
    "GNQ": 33.5329442251659,
    "GRC": 52.4994125136677,
    "GTM": 40.6849597026812,
    "GUY": 106.688898627639,
    "HND": 77.3709842497659,
    "HRV": 75.1921406912624,
    "HTI": 16.1547371129475,
    "HUN": 133.084796886927,
    "IDN": 36.2998438029229,
    "IND": 30.3017862164399,
    "IRL": 62.717908775748,
    "IRN": 49.3150867906144,
    "IRQ": 70.0156838257474,
    "ISL": 46.9409356215188,
    "ISR": 25.2941395636012,
    "ITA": 54.679202741603,
    "JAM": 41.2818319910283,
    "JOR": 71.1864349976562,
    "JPN": 33.6828657708356,
    "KAZ": 46.7778114251638,
    "KEN": 22.2265085698769,
    "KGZ": 69.9486094668389,
    "KHM": 127.097189840332,
    "KOR": 71.6322866701575,
    "KWT": 72.314549757509,
    "LAO": 124.127394235305,
    "LBN": 85.8804116605419,
    "LBR": 86.962507321616,
    "LBY": 102.698793791368,
    "LKA": 32.2177122543906,
    "LSO": 102.891974786046,
    "LTU": 95.1915307569612,
    "LUX": 46.0280733920782,
    "LVA": 99.5621676028221,
    "MAR": 75.2112754621316,
    "MDA": 72.2540644623632,
    "MDG": 39.4386399687679,
    "MEX": 73.5471230709178,
    "MKD": 115.778067408612,
    "MLI": 39.3493017210582,
    "MMR": 36.2808048192947,
    "MNE": 61.76890103992,
    "MNG": 106.716407687059,
    "MOZ": 77.4912807276577,
    "MRT": 87.2866244165151,
    "MWI": 30.8882861820373,
    "MYS": 151.733889490642,
    "NAM": 102.444635402757,
    "NER": 21.2508515585649,
    "NGA": 33.328706748657,
    "NIC": 95.8980066640118,
    "NLD": 139.535124405561,
    "NOR": 52.3566661314143,
    "NPL": 36.7291045973045,
    "NZL": 35.6933739011832,
    "OMN": 91.0334379268838,
    "PAK": 23.6661656297835,
    "PAN": 41.638201864638,
    "PER": 42.8015546655861,
    "PHL": 46.1764334984631,
    "PNG": 62.036406532172,
    "POL": 80.6195677010629,
    "PRT": 62.1022122636734,
    "PRY": 61.3110525671552,
    "QAT": 58.5953912446138,
    "ROU": 59.5248678919575,
    "RUS": 28.1929150416323,
    "RWA": 45.9317060549709,
    "SAU": 44.2255472236191,
    "SDN": 14.9594512668155,
    "SEN": 59.9623803132123,
    "SLB": 83.849057288895,
    "SLE": 45.9127478796199,
    "SLV": 66.1352491315952,
    "SOM": 40.2456291545574,
    "SRB": 84.5804783841059,
    "SSD": 37.1625957028858,
    "SUR": 108.098362422324,
    "SVK": 160.515688375072,
    "SVN": 237.445401373458,
    "SWE": 61.1829323398739,
    "SWZ": 86.4227259704885,
    "SYR": 79.179498212652,
    "TCD": 28.8736905718734,
    "TGO": 43.7344177884407,
    "THA": 118.642315108775,
    "TJK": 61.1303339765656,
    "TKM": 40.7837894108123,
    "TLS": 56.8820959815784,
    "TTO": 48.6185933907418,
    "TUN": 86.75050309611,
    "TUR": 39.9883370372212,
    "TZA": 27.4739732472238,
    "UGA": 49.8501034105023,
    "UKR": 57.8532807942589,
    "URY": 28.3311689179381,
    "USA": 18.4979834057531,
    "UZB": 44.4782735857679,
    "VEN": 22.481156230613,
    "VNM": 180.048963292487,
    "VUT": 43.8071973673709,
    "YEM": 24.6582406417199,
    "ZAF": 57.2303301225385,
    "ZMB": 91.7076790547943,
    "ZWE": 38.6971606498486
  },
  "stats": {
    "coverage": 161,
    "min": 14.9594512668155,
    "max": 267.140482149851,
    "median": 54.679202741603,
    "quantileBreaks": [
      14.9594512668155,
      30.43922242870644,
      40.17211712103277,
      48.722399909124036,
      61.23784100870874,
      75.1976077686536,
      96.43789829292027,
      267.140482149851
    ]
  },
  "formatting": {
    "maximumFractionDigits": 1,
    "suffix": "% of GDP"
  },
  "source": {
    "provider": "World Bank",
    "dataset": "World Development Indicators",
    "attribution": "The World Bank",
    "sourceReference": "https://api.worldbank.org/v2/indicator/TG.VAL.TOTL.GD.ZS?format=json&per_page=1",
    "valuesReference": "https://api.worldbank.org/v2/country/all/indicator/TG.VAL.TOTL.GD.ZS?format=json&per_page=20000&page=1&date=2015%3A2025",
    "license": "Creative Commons Attribution 4.0 International unless specifically labeled otherwise by World Bank metadata",
    "licenseReference": "https://www.worldbank.org/en/about/legal/terms-of-use-for-datasets",
    "retrievedAt": "2026-07-02T22:56:07.631061+00:00",
    "checksum": "9f3632133e912846efd95d8e7f06932fc4abff2dba8b86071e11a1a3dbb5bb65",
    "sourceOrganization": "World Trade Organization (WTO);\nWorld Bank GDP estimates, World Bank (WB);\nWorld Development Indicators, World Bank (WB)"
  },
  "reviewStatus": "approved",
  "contentVersion": "2026.07.02-exp4-content50",
  "editorial": {
    "shortHook": "A goods-trade openness map.",
    "patternNote": "The darkest countries include Djibouti, Slovenia, Viet Nam, while the lightest include Sudan, Haiti, United States; that contrast is the fastest way to read the merchandise trade share pattern.",
    "whyItMatters": "Merchandise trade as a share of GDP is a fair, high-coverage map of openness, hubs, islands, and resource trade.",
    "bestProbeCountries": [
      {
        "iso3": "DJI",
        "reason": "High anchor: this country sits near the darkest end of the map."
      },
      {
        "iso3": "SDN",
        "reason": "Low anchor: this country clarifies the lightest end of the scale."
      },
      {
        "iso3": "ITA",
        "reason": "Middle check: this country helps separate a true pattern from one-off outliers."
      }
    ],
    "commonConfusions": [
      {
        "confusedWithIndicatorCode": "NE.TRD.GNFS.ZS",