{
  "schemaVersion": "1.1.0",
  "id": "methane-emissions-change",
  "providerCode": "EN.GHG.CH4.ZG.AR5",
  "title": "Methane (CH4) emissions (total) excluding LULUCF (% change from 1990)",
  "shortTitle": "Methane emissions change",
  "category": "environment",
  "difficulty": "expert",
  "definition": "Change of emissions (as %) of current year with respect to emissions in baseline year 1990 emissions of methane (CH4), one of the six Kyoto greenhouse gases (GHG), from the agriculture, energy, waste, and industrial sectors, excluding LULUCF.. The measure is standardized to carbon dioxide equivalent values using the Global Warming Potential (GWP) factors of IPCC's 5th Assessment Report (AR5). Negative values indicate that the emission level for that year is lower than the emissions level in 1990.",
  "unit": "percent change from 1990",
  "year": 2024,
  "valuesByIso3": {
    "AFG": 103.315103808177,
    "AGO": 90.1485856112398,
    "ALB": -47.9574293900941,
    "ARE": 74.3679322910544,
    "ARG": 10.6535166948313,
    "ARM": -14.9744439839757,
    "AUS": 3.99393482962926,
    "AUT": -39.0382787907585,
    "AZE": 58.0046281131457,
    "BDI": 158.32578365646,
    "BEL": -28.4115785429866,
    "BEN": 187.543278639169,
    "BFA": 151.87904086749,
    "BGD": 45.8235969823348,
    "BGR": -47.418761233631,
    "BHS": 77.2039645279082,
    "BIH": -18.7665651930271,
    "BLR": -26.453705516032,
    "BLZ": 105.343811394892,
    "BOL": 33.1824370832977,
    "BRA": 83.208243428651,
    "BRN": 19.4726705186956,
    "BTN": 28.6194029850746,
    "BWA": -27.9141564650644,
    "CAF": 144.896383825189,
    "CAN": 37.2705648380622,
    "CHE": -3.65343452033471,
    "CHL": 33.0833809251856,
    "CHN": 43.7169997788133,
    "CIV": 145.009005763689,
    "CMR": 3.81065651760228,
    "COD": 186.654426764586,
    "COG": 84.5754327095079,
    "COL": 45.5022470321347,
    "CRI": 21.8908702126847,
    "CUB": -20.6444340953422,
    "CYP": 84.9826388888889,
    "CZE": -41.8935347045983,
    "DEU": -61.1420498736742,
    "DJI": 82.5199272828975,
    "DNK": -16.6909312434821,
    "DOM": 74.0662387970097,
    "DZA": 0.181194532512752,
    "ECU": 43.7397608261645,
    "EGY": 24.1660534045221,
    "ERI": 32.0821901815422,
    "ESP": 11.4791879335847,
    "EST": -57.2229940496474,
    "ETH": 166.365564243278,
    "FIN": 0.198274176882918,
    "FJI": -7.64522462178081,
    "FRA": -19.9571000083649,
    "GAB": 6.64676787848855,
    "GBR": -58.9942616785983,
    "GEO": -10.4347826086957,
    "GHA": 234.971889332742,
    "GIN": 302.046176657488,
    "GMB": 81.8310970797159,
    "GNB": 97.0243693886276,
    "GNQ": 3075.21097046414,
    "GRC": -3.5471318977922,
    "GRL": 1.2280701754386,
    "GTM": 149.322296380556,
    "GUY": 337.631243253851,
    "HND": 82.7330158421615,
    "HRV": -15.1826335629793,
    "HTI": 67.4304635761589,
    "HUN": -26.9751346333672,
    "IDN": 205.664468482855,
    "IND": 39.6118725530578,
    "IRL": 4.79812010927445,
    "IRN": 72.591136624389,
    "IRQ": 66.4555186355396,
    "ISL": -9.89690721649484,
    "ISR": 119.119865140626,
    "ITA": -12.2699338550674,
    "JAM": -28.0667067824293,
    "JOR": 303.248395253842,
    "JPN": -25.7822131763436,
    "KAZ": -28.176906470037,
    "KEN": 168.329683044754,
    "KGZ": 31.0098646600548,
    "KHM": 123.050918371616,
    "KOR": 12.0380063210302,
    "KWT": 121.267687802423,
    "LAO": 128.351041145167,
    "LBN": 203.889173185174,
    "LBR": 159.467529236128,
    "LBY": -48.3985704849173,
    "LKA": 10.6198388220077,
    "LSO": 6.33643617021276,
    "LTU": -62.0942690689142,
    "LUX": -8.44686648501364,
    "LVA": -61.7011417556346,
    "MAR": 97.9085059204683,
    "MDA": -50.3186584704393,
    "MDG": 48.964137817768,
    "MEX": 27.6529069151753,
    "MKD": -41.3692675505325,
    "MLI": 243.002743564299,
    "MMR": 42.6201313536803,
    "MNG": 575.341361256544,
    "MOZ": 340.132475219618,
    "MRT": 97.4996816232967,
    "MWI": 177.697841726619,
    "MYS": 51.0828289337415,
    "NAM": 100.878545006165,
    "NCL": -20.6591639871383,
    "NER": 251.191212074383,
    "NGA": 1.16342610242726,
    "NIC": 86.6547475748778,
    "NLD": -54.1340864770358,
    "NOR": 18.8505375474901,
    "NPL": 10.0809253498391,
    "NZL": -7.08916015440345,
    "OMN": 71.1418133875354,
    "PAK": 153.828597558446,
    "PAN": 40.8709384961834,
    "PER": 39.581476981234,
    "PHL": 67.271923872809,
    "PNG": 138.75884244373,
    "POL": -63.23880092929,
    "PRI": -29.7020695929043,
    "PRK": -25.4978648385388,
    "PRT": 14.3695691437057,
    "PRY": 76.5590579565026,
    "QAT": 152.322096153637,
    "ROU": -46.6579457194196,
    "RUS": -11.2845545477622,
    "RWA": 7.74882489846209,
    "SAU": 104.892799634847,
    "SDN": 107.392905762937,
    "SEN": 113.794538361508,
    "SLB": 125.621890547264,
    "SLE": 130.573142975378,
    "SLV": 8.50558259375895,
    "SOM": 32.0219067295471,
    "SUR": 11.8013912209163,
    "SVK": -44.9879903052962,
    "SVN": -35.972146665216,
    "SWE": -28.0092879805732,
    "SWZ": -15.3086268253773,
    "SYR": -75.9747556088243,
    "TCD": 826.729008857855,
    "TGO": 205.392429372821,
    "THA": 11.5077875193399,
    "TJK": 99.940003870718,
    "TKM": 97.5793140056573,
    "TLS": 178.034047226798,
    "TTO": 53.5440269026086,
    "TUN": 24.1774557548402,
    "TUR": 57.9456795681377,
    "TZA": 219.791465844097,
    "UGA": 250.08524445911,
    "UKR": -59.9061657148635,
    "URY": 42.1221143344455,
    "USA": -3.07045979604744,
    "UZB": 137.333948509735,
    "VEN": 5.77827011167329,
    "VNM": 85.7867024390399,
    "VUT": -4.00417827298051,
    "YEM": 40.405809534022,
    "ZAF": 23.9852805838826,
    "ZMB": 181.423423978319,
    "ZWE": 3.1369449865329
  },
  "stats": {
    "coverage": 165,
    "min": -75.9747556088243,
    "max": 3075.21097046414,
    "median": 37.2705648380622,
    "quantileBreaks": [
      -75.9747556088243,
      -27.968517331069428,
      -3.138555810582407,
      20.163584716978182,
      50.47748861489192,
      97.51105767791964,
      156.39841818588252,
      3075.21097046414
    ]
  },
  "formatting": {
    "maximumFractionDigits": 1,
    "suffix": "%"
  },
  "source": {
    "provider": "World Bank",
    "dataset": "World Development Indicators",
    "attribution": "The World Bank",
    "sourceReference": "https://api.worldbank.org/v2/indicator/EN.GHG.CH4.ZG.AR5?format=json&per_page=1",
    "valuesReference": "https://api.worldbank.org/v2/country/all/indicator/EN.GHG.CH4.ZG.AR5?format=json&per_page=20000&page=1&date=2015%3A2025",
    "license": "Creative Commons Attribution 4.0 International unless specifically labeled otherwise by World Bank metadata",
    "licenseReference": "https://www.worldbank.org/en/about/legal/terms-of-use-for-datasets",
    "retrievedAt": "2026-07-02T22:50:30.674669+00:00",
    "checksum": "67c44488c0300d84dec1ba34a278dd1d50312640eb7cbdb524eaad0c8d7d5d4c",
    "sourceOrganization": "EDGAR (Emissions Database for Global Atmospheric Research) Community GHG Database, Joint Research Centre (JRC) - European Commission, uri: https://edgar.jrc.ec.europa.eu/dataset_ghg2024, publisher: JRC European Commission, date published: 2024;\nInternational Energy Agency (IEA), uri: https://edgar.jrc.ec.europa.eu/dataset_ghg2024, publisher: JRC European Commission, date published: 2024"
  },
  "reviewStatus": "approved",
  "contentVersion": "2026.07.02-exp4-content50",
  "editorial": {
    "shortHook": "A methane-change map.",
    "patternNote": "The darkest countries include Equatorial Guinea, Chad, Mongolia, while the lightest include Syrian Arab Republic, Poland, Lithuania; that contrast is the fastest way to read the methane emissions change pattern.",
    "whyItMatters": "Methane emissions change adds an agriculture, waste, and energy clue that does not exactly mirror CO2.",
    "bestProbeCountries": [
      {
        "iso3": "GNQ",
        "reason": "High anchor: this country sits near the darkest end of the map."
      },
      {
        "iso3": "SYR",