{
  "schemaVersion": "1.1.0",
  "id": "military-spending",
  "providerCode": "MS.MIL.XPND.GD.ZS",
  "title": "Military expenditure (% of GDP)",
  "shortTitle": "Military spending",
  "category": "economy",
  "difficulty": "expert",
  "definition": "Military expenditure by country as percentage of gross domestic product",
  "unit": "percent of GDP",
  "year": 2024,
  "valuesByIso3": {
    "AGO": 1.00049213337543,
    "ALB": 2.03786228936679,
    "ARG": 0.618350391157195,
    "ARM": 5.48174920349075,
    "AUS": 1.8837883329175,
    "AUT": 0.999843177036641,
    "AZE": 4.99292395978321,
    "BDI": 3.80127919699841,
    "BEL": 1.2770531266155,
    "BEN": 0.720549619940377,
    "BFA": 4.67973196943363,
    "BGD": 0.941321120606305,
    "BGR": 2.14947328244853,
    "BIH": 0.747079920408854,
    "BLR": 2.07364910790144,
    "BLZ": 0.898885869151742,
    "BOL": 1.37066364312669,
    "BRA": 0.972774559040702,
    "BRN": 3.57781609529419,
    "BWA": 2.83392800595041,
    "CAF": 2.51969119903231,
    "CAN": 1.31303419578919,
    "CHE": 0.717812077671144,
    "CHL": 1.57780388625485,
    "CHN": 1.71129740345228,
    "CIV": 0.762358993041457,
    "CMR": 1.00912763032385,
    "COD": 1.22855267131451,
    "COG": 1.18596121569308,
    "COL": 3.35903368303836,
    "CYP": 1.64735214954921,
    "CZE": 1.91680849222604,
    "DEU": 1.89190377205494,
    "DNK": 2.41617454160591,
    "DOM": 0.782420068931067,
    "DZA": 7.97145723551219,
    "ECU": 2.22194770434425,
    "EGY": 0.665263620234986,
    "ESP": 1.43210737406914,
    "EST": 3.37400221824601,
    "ETH": 0.650506448320295,
    "FIN": 2.29979173712597,
    "FJI": 1.3128793789726,
    "FRA": 2.05257687860637,
    "GAB": 1.538206793748,
    "GBR": 2.2786177901127,
    "GEO": 1.86402941794564,
    "GHA": 0.383994182354107,
    "GIN": 2.05370337042453,
    "GMB": 0.574440350261863,
    "GNQ": 0.982185856511218,
    "GRC": 3.12797536550149,
    "GTM": 0.367622067360881,
    "GUY": 0.868162254451279,
    "HND": 1.57536270602411,
    "HRV": 1.79323424509814,
    "HTI": 0.068443100204951,
    "HUN": 2.15630980446665,
    "IDN": 0.779216788275608,
    "IND": 2.2712033218142,
    "IRL": 0.239096332495524,
    "IRN": 2.01043175751636,
    "IRQ": 2.35714058035714,
    "ISR": 8.77671668977531,
    "ITA": 1.60924561245844,
    "JAM": 1.27385736005958,
    "JOR": 4.80018703722722,
    "JPN": 1.37139689580634,
    "KAZ": 0.42842846956594,
    "KEN": 0.999546585264659,
    "KGZ": 2.96620373701758,
    "KHM": 1.52066451977199,
    "KOR": 2.56205259386748,
    "KWT": 4.84093247384389,
    "LBN": 2.58828538225203,
    "LBR": 0.711206896551724,
    "LKA": 1.42539087177796,
    "LSO": 1.56745014441231,
    "LTU": 3.11817486440289,
    "LUX": 0.962679157025622,
    "LVA": 3.25799154535171,
    "MAR": 3.51575374206256,
    "MDA": 0.597780838491135,
    "MDG": 0.708648145396825,
    "MEX": 0.893257529320534,
    "MKD": 2.10352863426818,
    "MLI": 4.1981465701254,
    "MMR": 6.79452485229039,
    "MNE": 1.83253539270475,
    "MNG": 0.742307300960191,
    "MOZ": 1.99330115632931,
    "MRT": 2.15504682070845,
    "MWI": 1.02496048269861,
    "MYS": 0.987556748730683,
    "NAM": 2.73490195432496,
    "NER": 2.24177586841643,
    "NGA": 0.555429367236392,
    "NIC": 0.545131278321867,
    "NLD": 1.91642541759119,
    "NOR": 2.09124111193175,
    "NPL": 0.979452474186084,
    "NZL": 1.19404695449297,
    "OMN": 5.59419531945284,
    "PAK": 2.66760037007452,
    "PER": 0.909288680359786,
    "PHL": 1.32426895346612,
    "PNG": 0.307995782327758,
    "POL": 4.15439387975356,
    "PRT": 1.53226822745255,
    "PRY": 0.933106143624753,
    "ROU": 2.29815245791591,
    "RUS": 7.05233864500366,
    "RWA": 1.24772078121775,
    "SAU": 7.2981029390103,
    "SEN": 1.56647768181405,
    "SLE": 0.462539633893509,
    "SLV": 1.18611916982816,
    "SOM": 1.58578050121769,
    "SRB": 2.59513983105714,
    "SSD": 1.9617070809135,
    "SVK": 2.01078152849676,
    "SVN": 1.31001116486788,
    "SWE": 1.99771738810168,
    "SWZ": 1.4440675502379,
    "TCD": 2.98484990097129,
    "TGO": 1.99877193389434,
    "THA": 1.07876078016919,
    "TJK": 1.84774975839365,
    "TLS": 2.66415662650602,
    "TTO": 0.921416388185832,
    "TUN": 2.50636792573464,
    "TUR": 1.92255231276371,
    "TZA": 1.154617473534,
    "UGA": 1.88159798311992,
    "UKR": 34.4815297701892,
    "URY": 2.31053827798919,
    "USA": 3.41921653228044,
    "ZAF": 0.700150834276412,
    "ZMB": 1.33268361976463,
    "ZWE": 0.351195023855751
  },
  "stats": {
    "coverage": 140,
    "min": 0.068443100204951,
    "max": 34.4815297701892,
    "median": 1.628298881003825,
    "quantileBreaks": [
      0.068443100204951,
      0.7391990608145033,
      1.0066603454814442,
      1.4389417604512884,
      1.916589592434697,
      2.2733217413280573,
      3.272426136449803,
      34.4815297701892
    ]
  },
  "formatting": {
    "maximumFractionDigits": 1,
    "suffix": "% of GDP"
  },
  "source": {
    "provider": "World Bank",
    "dataset": "World Development Indicators",
    "attribution": "The World Bank",
    "sourceReference": "https://api.worldbank.org/v2/indicator/MS.MIL.XPND.GD.ZS?format=json&per_page=1",
    "valuesReference": "https://api.worldbank.org/v2/country/all/indicator/MS.MIL.XPND.GD.ZS?format=json&per_page=20000&page=1&date=2015%3A2025",
    "license": "Creative Commons Attribution 4.0 International unless specifically labeled otherwise by World Bank metadata",
    "licenseReference": "https://www.worldbank.org/en/about/legal/terms-of-use-for-datasets",
    "retrievedAt": "2026-06-27T17:14:28.208189+00:00",
    "checksum": "c08ab07ae174a7f009e7a9f9b27a3e235bdabb03fc2602969493b969a860361c",
    "sourceOrganization": "SIPRI Military Expenditure Database, Stockholm International Peace Research Institute (SIPRI), uri: https://www.sipri.org/databases"
  },
  "reviewStatus": "approved",
  "contentVersion": "2026.06.22-exp2-qa1",
  "editorial": {
    "shortHook": "A security-priority map, not a raw military-size map.",
    "patternNote": "The darkest countries include Ukraine, Israel, Algeria, while the lightest include Haiti, Ireland, Papua New Guinea; that contrast is the fastest way to read the military spending pattern.",
    "whyItMatters": "Military spending as a GDP share highlights security burden and policy priority rather than total armed strength.",
    "bestProbeCountries": [
      {
        "iso3": "UKR",
        "reason": "High anchor: this country sits near the darkest end of the map."
      },
      {
        "iso3": "HTI",
        "reason": "Low anchor: this country clarifies the lightest end of the scale."
      },
      {
        "iso3": "CYP",
        "reason": "Middle check: this country helps separate a true pattern from one-off outliers."
      }
    ],
    "commonConfusions": [
      {
        "confusedWithIndicatorCode": "SM.POP.NETM",
        "reason": "Net migration overlaps with part of the visible pattern, but the full country spread does not match."
      },
      {
        "confusedWithIndicatorCode": "NE.CON.GOVT.ZS",
        "reason": "Government consumption lives in the same category, so it can feel plausible until the high and low countries are checked."
      },
      {
        "confusedWithIndicatorCode": "AG.LND.PRCP.MM",
        "reason": "Average precipitation overlaps with part of the visible pattern, but the full country spread does not match."
      }
    ],
    "difficultyReason": "Expert difficulty: the map can be mistaken for adjacent indicators unless players probe a high, low, and middle country.",
    "regionalSignals": [
      "Economic-share maps are not the same as raw totals.",
      "Small open economies can dominate percentage maps."
    ]
  },
  "editorialReview": {
    "status": "expert_only",
    "reviewedAt": "2026-06-22",
    "reviewedBy": "Codex editorial QA",
    "qualityScore": 3,
    "funScore": 4,
    "fairnessScore": 3,
    "ambiguityRisk": "medium",
    "dailyEligible": false,
    "practiceEligible": true,