{
  "schemaVersion": "1.1.0",
  "id": "mineral-depletion-share",
  "providerCode": "NY.ADJ.DMIN.GN.ZS",
  "title": "Adjusted savings: mineral depletion (% of GNI)",
  "shortTitle": "Mineral depletion share",
  "category": "economy",
  "difficulty": "expert",
  "definition": "Mineral depletion is the ratio of the value of the stock of mineral resources to the remaining reserve lifetime (capped at 25 years). It covers tin, gold, lead, zinc, iron, copper, nickel, silver, bauxite, and phosphate. This indicator is expressed as a percentage of Gross National Income (GNI) which is the total income earned by all residents within an economic territory during an accounting period. It is equal to gross domestic product plus earned income receivable from abroad minus earned income payable abroad.",
  "unit": "percent of GNI",
  "year": 2021,
  "valuesByIso3": {
    "AFG": 0.0,
    "AGO": 0.0,
    "ALB": 0.0633772159359424,
    "ARG": 0.457278500579062,
    "ARM": 3.33020491208918,
    "AUS": 4.46779310961774,
    "AUT": 0.0,
    "AZE": 0.259758202054676,
    "BDI": 0.0,
    "BEL": 0.0,
    "BEN": 0.0,
    "BFA": 12.6227866379498,
    "BGD": 0.0,
    "BGR": 0.473662580362888,
    "BHS": 0.0,
    "BIH": 0.0317283202134462,
    "BLR": 0.0,
    "BLZ": 0.0,
    "BOL": 4.65354673428505,
    "BRA": 1.48321032642025,
    "BRN": 0.0,
    "BTN": 0.0065465375706028,
    "BWA": 0.189620021792731,
    "CAF": 0.55724019830389,
    "CAN": 0.789931762654757,
    "CHE": 0.0,
    "CHL": 9.40512625987583,
    "CHN": 0.322136443591558,
    "CIV": 1.88776517485187,
    "CMR": 0.0,
    "COD": 22.6603619759269,
    "COG": 0.0,
    "COL": 0.670917973851352,
    "CRI": 0.0,
    "CYP": 0.0100884757071389,
    "CZE": 0.0,
    "DEU": 0.0,
    "DJI": 0.0,
    "DNK": 0.0,
    "DOM": 1.41526739617125,
    "DZA": 0.00298428672845305,
    "ECU": 0.0,
    "EGY": 0.0,
    "ESP": 0.0383991590448319,
    "EST": 0.0,
    "ETH": 0.206095286013294,
    "FIN": 0.0490708343572672,
    "FJI": 0.926788926510157,
    "FRA": 0.0,
    "GAB": 0.0206988021924256,
    "GBR": 4.47737884674777e-05,
    "GEO": 1.0566588906447,
    "GHA": 4.35977141917681,
    "GIN": 0.0,
    "GMB": 0.0,
    "GNB": 0.0,
    "GNQ": 0.0,
    "GRC": 0.0361496316593009,
    "GTM": 0.537280364458036,
    "GUY": 7.63835041437426,
    "HND": 0.322750718122765,
    "HRV": 0.0,
    "HTI": 0.0,
    "HUN": 0.0,
    "IDN": 1.25452118836604,
    "IND": 0.945670721584536,
    "IRL": 0.0368431893421868,
    "IRN": 1.6850036476641,
    "IRQ": 0.0,
    "ISL": 0.0,
    "ISR": 0.0,
    "ITA": 0.0,
    "JAM": 0.0,
    "JOR": 0.0,
    "JPN": 0.00537913831895387,
    "KAZ": 6.50505661280226,
    "KEN": 0.00445541892451174,
    "KGZ": 9.22158196124969,
    "KHM": 0.0,
    "KOR": 0.000372073749486592,
    "LAO": 1.85464632787097,
    "LBN": 0.0,
    "LBR": 4.48328103979136,
    "LBY": 0.0,
    "LKA": 0.0,
    "LSO": 0.0,
    "LTU": 0.0,
    "LUX": 0.0,
    "LVA": 0.0,
    "MAR": 0.123093760579828,
    "MDA": 0.0,
    "MDG": 0.0,
    "MEX": 0.845410422087282,
    "MKD": 0.0,
    "MLI": 13.1542867251974,
    "MMR": 0.75868321353568,
    "MNE": 0.0108882575380797,
    "MNG": 11.5052833619062,
    "MOZ": 0.111195654227638,
    "MRT": 6.61337853417706,
    "MWI": 0.000470910897684874,
    "MYS": 0.0,
    "NAM": 2.17630941078256,
    "NER": 0.631776901994144,
    "NGA": 0.00682735264227463,
    "NIC": 2.21650608323532,
    "NLD": 0.0,
    "NOR": 0.0,
    "NPL": 0.0,
    "NZL": 0.075846950169449,
    "OMN": 0.0,
    "PAK": 0.0222168179213852,
    "PAN": 1.33230932839822,
    "PER": 7.21817297826881,
    "PHL": 1.12859172728134,
    "PNG": 9.15127402909193,
    "POL": 0.174877226377396,
    "PRI": 0.0,
    "PRT": 0.116445932896894,
    "PRY": 0.0,
    "PSE": 0.0,
    "QAT": 0.0,
    "ROU": 0.0161008360284759,
    "RUS": 0.894977904375596,
    "RWA": 0.0,
    "SDN": 5.35116695529145,
    "SEN": 2.29264680861979,
    "SLB": 0.0,
    "SLE": 0.16682795643536,
    "SLV": 0.0,
    "SOM": 0.0,
    "SRB": 0.23763297182026,
    "SUR": 0.0,
    "SVK": 0.00921760680153523,
    "SVN": 0.0,
    "SWE": 0.555730911888683,
    "SWZ": 0.0,
    "TCD": 0.0,
    "TGO": 3.77257418184466,
    "THA": 0.0,
    "TJK": 4.49256054102805,
    "TLS": 0.0,
    "TTO": 0.0,
    "TUN": 0.0,
    "TUR": 0.279977316523648,
    "TZA": 3.13150185309562,
    "UGA": 0.0,
    "UKR": 1.74306933836851,
    "URY": 0.0103115934449962,
    "USA": 0.0606049983472533,
    "UZB": 5.54292931246213,
    "VNM": 0.0405145977926006,
    "VUT": 0.0,
    "ZAF": 2.65384248786506,
    "ZMB": 21.0200061902774,
    "ZWE": 3.07423625085491
  },
  "stats": {
    "coverage": 156,
    "min": 0.0,
    "max": 22.6603619759269,
    "median": 0.00802247972190493,
    "quantileBreaks": [
      0.0,
      0.0,
      0.0,
      0.0,
      0.03960798118641401,
      0.6104807009397863,
      3.0141799989992193,
      22.6603619759269
    ]
  },
  "formatting": {
    "maximumFractionDigits": 1,
    "suffix": "% of GNI"
  },
  "source": {
    "provider": "World Bank",
    "dataset": "World Development Indicators",
    "attribution": "The World Bank",
    "sourceReference": "https://api.worldbank.org/v2/indicator/NY.ADJ.DMIN.GN.ZS?format=json&per_page=1",
    "valuesReference": "https://api.worldbank.org/v2/country/all/indicator/NY.ADJ.DMIN.GN.ZS?format=json&per_page=20000&page=1&date=2015%3A2025",
    "license": "Creative Commons Attribution 4.0 International unless specifically labeled otherwise by World Bank metadata",
    "licenseReference": "https://www.worldbank.org/en/about/legal/terms-of-use-for-datasets",
    "retrievedAt": "2026-07-02T22:50:42.533084+00:00",
    "checksum": "998c563e25670f6017f06cc7ca7be2445ce31427b5b8e78a4a0b37d0933b0904",
    "sourceOrganization": "Staff estimates, World Bank (WB);\nThe Changing Wealth of Nations: Measuring Sustainable Development in the New Millennium, World Bank (WB)"
  },
  "reviewStatus": "approved",
  "contentVersion": "2026.07.02-exp4-content50",
  "editorial": {
    "shortHook": "A mining-depletion map.",
    "patternNote": "The darkest countries include Congo, Dem. Rep., Zambia, Mali, while the lightest include Afghanistan, Angola, Austria; that contrast is the fastest way to read the mineral depletion share pattern.",
    "whyItMatters": "Mineral depletion share adds a resource-economy clue for mining-dependent countries.",
    "bestProbeCountries": [
      {
        "iso3": "COD",
        "reason": "High anchor: this country sits near the darkest end of the map."
      },
      {
        "iso3": "AFG",
        "reason": "Low anchor: this country clarifies the lightest end of the scale."
      },
      {
        "iso3": "SVK",
        "reason": "Middle check: this country helps separate a true pattern from one-off outliers."
      }
    ],
    "commonConfusions": [
      {
        "confusedWithIndicatorCode": "NY.GDP.MINR.RT.ZS",
        "reason": "Mineral rents can tempt players because it shares a strong country ranking with this map, but its unit and definition point to a different story."
      },
      {
        "confusedWithIndicatorCode": "NV.AGR.TOTL.KD.ZG",
        "reason": "Agriculture value growth overlaps with part of the visible pattern, but the full country spread does not match."
      },
      {
        "confusedWithIndicatorCode": "NY.GDP.TOTL.RT.ZS",
        "reason": "Natural resource rents lives in the same category, so it can feel plausible until the high and low countries are checked."
      }
    ],
    "difficultyReason": "Expert difficulty: the map can be mistaken for adjacent indicators unless players probe a high, low, and middle country.",
    "dataCaveat": "Many countries have zero or near-zero depletion values.",
    "regionalSignals": [
      "Economic-share maps are not the same as raw totals.",
      "Small open economies can dominate percentage maps."
    ]
  },
  "editorialReview": {
    "status": "expert_only",
    "reviewedAt": "2026-07-02",
    "reviewedBy": "Codex editorial QA",
    "qualityScore": 3,
    "funScore": 4,