{
  "schemaVersion": "1.1.0",
  "id": "mineral-rents",
  "providerCode": "NY.GDP.MINR.RT.ZS",
  "title": "Mineral rents (% of GDP)",
  "shortTitle": "Mineral rents",
  "category": "economy",
  "difficulty": "expert",
  "definition": "Mineral rents are the difference between the value of production for a stock of minerals at world prices and their total costs of production. Minerals included in the calculation are tin, gold, lead, zinc, iron, copper, nickel, silver, bauxite, and phosphate.",
  "unit": "percent of GDP",
  "year": 2021,
  "valuesByIso3": {
    "AFG": 0.0,
    "AGO": 0.0,
    "ALB": 0.180213705970408,
    "ARE": 0.0,
    "ARG": 0.580266654524776,
    "ARM": 6.78656847475307,
    "AUS": 10.4657754902913,
    "AUT": 0.0,
    "AZE": 0.349496289014784,
    "BDI": 0.0,
    "BEL": 0.0,
    "BEN": 0.0,
    "BFA": 15.4526004842572,
    "BGD": 0.0,
    "BGR": 0.593627371344038,
    "BHS": 0.0,
    "BIH": 0.0397800429056463,
    "BLR": 0.0,
    "BLZ": 0.0,
    "BOL": 5.91005603334556,
    "BRA": 4.48894018515032,
    "BRN": 0.0,
    "BTN": 0.0750347930087043,
    "BWA": 0.242401015769655,
    "CAF": 0.76804803651011,
    "CAN": 1.18426034810901,
    "CHE": 0.0,
    "CHL": 16.2274265774554,
    "CHN": 0.510049245324858,
    "CIV": 2.50107699952363,
    "CMR": 0.0,
    "COD": 28.8127978039482,
    "COG": 0.0,
    "COL": 0.910145514972726,
    "CRI": 0.0,
    "CYP": 0.0119250208694213,
    "CZE": 0.0,
    "DEU": 0.0,
    "DJI": 0.0,
    "DNK": 0.0,
    "DOM": 2.0447901942435,
    "DZA": 0.00378676836519861,
    "ECU": 0.0,
    "EGY": 0.0,
    "ESP": 0.0964957986887776,
    "EST": 0.0,
    "ETH": 0.264587228725472,
    "FIN": 0.109078885852519,
    "FJI": 1.12613724018633,
    "FRA": 0.0,
    "GAB": 0.0225266342101698,
    "GBR": 5.75178862952734e-05,
    "GEO": 1.27778979307602,
    "GHA": 5.165049712175,
    "GIN": 0.0,
    "GMB": 0.0,
    "GNB": 0.0,
    "GNQ": 0.0,
    "GRC": 0.0522192932667737,
    "GTM": 1.12230150760647,
    "GUY": 9.37777501563664,
    "HND": 0.384580133990368,
    "HRV": 0.0,
    "HTI": 0.0,
    "HUN": 0.0,
    "IDN": 1.90957956113463,
    "IND": 1.31522382631184,
    "IRL": 0.0362496707797038,
    "IRN": 3.355880410138,
    "IRQ": 0.0,
    "ISL": 0.0,
    "ISR": 0.0,
    "ITA": 0.0,
    "JAM": 0.0,
    "JOR": 0.0,
    "JPN": 0.00720553637123228,
    "KAZ": 9.09697695478789,
    "KEN": 0.00566243092389293,
    "KGZ": 11.1502022599394,
    "KHM": 0.0,
    "KOR": 0.000483293114651688,
    "LAO": 3.88929844488645,
    "LBN": 0.0,
    "LBR": 5.43515850046016,
    "LBY": 0.0,
    "LKA": 0.0,
    "LSO": 0.0,
    "LTU": 0.0,
    "LUX": 0.0,
    "LVA": 0.0,
    "MAR": 0.265907979887688,
    "MDA": 0.0,
    "MDG": 0.0,
    "MEX": 1.36465937318187,
    "MKD": 0.0,
    "MLI": 16.1833154644134,
    "MMR": 2.000484851698,
    "MNE": 0.0135600897455756,
    "MNG": 26.5731453966821,
    "MOZ": 0.140484013033913,
    "MRT": 9.58503577077492,
    "MWI": 0.00564591527235387,
    "MYS": 0.0,
    "NAM": 3.16791637362429,
    "NCL": 16.7795377181056,
    "NER": 0.830100168425339,
    "NGA": 0.00800831809870735,
    "NIC": 2.68031775817092,
    "NLD": 0.0,
    "NOR": 0.0,
    "NPL": 0.0,
    "NZL": 0.0961811421229474,
    "OMN": 0.0,
    "PAK": 0.0687357166320551,
    "PAN": 3.57863766648832,
    "PER": 12.0963602788012,
    "PHL": 1.52347720385639,
    "PNG": 14.4143020233093,
    "POL": 0.478472019710133,
    "PRI": 0.0,
    "PRT": 0.148671649451181,
    "PRY": 0.0,
    "PSE": 0.0,
    "QAT": 0.0,
    "ROU": 0.0348196818124865,
    "RUS": 2.05397196912409,
    "RWA": 0.0,
    "SAU": 0.162202190483481,
    "SDN": 6.63404867647466,
    "SEN": 2.89566328207721,
    "SLB": 0.0,
    "SLE": 0.212781118346023,
    "SLV": 0.0,
    "SOM": 0.0,
    "SRB": 0.658642951066822,
    "SUR": 0.0,
    "SVK": 0.011739036506355,
    "SVN": 0.0,
    "SWE": 1.00125372772349,
    "SWZ": 0.0,
    "TCD": 0.0,
    "TGO": 4.880592026997,
    "THA": 0.0,
    "TJK": 7.09388801536399,
    "TLS": 0.0,
    "TTO": 0.0,
    "TUN": 0.0,
    "TUR": 0.63423420953124,
    "TZA": 4.02780413757632,
    "UGA": 0.0,
    "UKR": 5.32283012746975,
    "URY": 0.0121922933901486,
    "USA": 0.101999501227916,
    "UZB": 8.50242086897125,
    "VNM": 0.102200574210061,
    "VUT": 0.0,
    "ZAF": 3.83186872976266,
    "ZMB": 28.2490949914965,
    "ZWE": 4.24065959200093
  },
  "stats": {
    "coverage": 159,
    "min": 0.0,
    "max": 28.8127978039482,
    "median": 0.0119250208694213,
    "quantileBreaks": [
      0.0,
      0.0,
      0.0,
      0.0,
      0.09806828512853139,
      0.9882382687590956,
      4.656790974513179,
      28.8127978039482
    ]
  },
  "formatting": {
    "maximumFractionDigits": 1,
    "suffix": "% of GDP"
  },
  "source": {
    "provider": "World Bank",
    "dataset": "World Development Indicators",
    "attribution": "The World Bank",
    "sourceReference": "https://api.worldbank.org/v2/indicator/NY.GDP.MINR.RT.ZS?format=json&per_page=1",
    "valuesReference": "https://api.worldbank.org/v2/country/all/indicator/NY.GDP.MINR.RT.ZS?format=json&per_page=20000&page=1&date=2015%3A2025",
    "license": "Creative Commons Attribution 4.0 International unless specifically labeled otherwise by World Bank metadata",
    "licenseReference": "https://www.worldbank.org/en/about/legal/terms-of-use-for-datasets",
    "retrievedAt": "2026-07-02T22:50:44.855300+00:00",
    "checksum": "0b1c734b5ea6fcc7331bdbb47a1f3c380f51469c038ad8acf205a03d98f622cb",
    "sourceOrganization": "The Changing Wealth of Nations, World Bank (WB), uri: https://www.worldbank.org/en/publication/changing-wealth-of-nations/data, note: World Bank staff estimates based on sources and methods described in the World Bank's The Changing Wealth of Nations., publisher: World Bank (WB);\nStaff estimates, World Bank (WB), note: World Bank staff estimates based on sources and methods described in the World Bank's The Changing Wealth of Nations."
  },
  "reviewStatus": "approved",
  "contentVersion": "2026.07.02-exp4-content50",
  "editorial": {
    "shortHook": "A mining-rents map.",
    "patternNote": "The darkest countries include Congo, Dem. Rep., Zambia, Mongolia, while the lightest include Afghanistan, Angola, United Arab Emirates; that contrast is the fastest way to read the mineral rents pattern.",
    "whyItMatters": "Mineral rents are a direct but still puzzly map of mining dependence and export specialization.",
    "bestProbeCountries": [
      {
        "iso3": "COD",
        "reason": "High anchor: this country sits near the darkest end of the map."
      },
      {
        "iso3": "AFG",
        "reason": "Low anchor: this country clarifies the lightest end of the scale."
      },
      {
        "iso3": "CYP",
        "reason": "Middle check: this country helps separate a true pattern from one-off outliers."
      }
    ],
    "commonConfusions": [
      {
        "confusedWithIndicatorCode": "NY.ADJ.DMIN.GN.ZS",
        "reason": "Mineral depletion share can tempt players because it shares a strong country ranking with this map, but its unit and definition point to a different story."
      },
      {
        "confusedWithIndicatorCode": "NV.AGR.TOTL.KD.ZG",
        "reason": "Agriculture value growth overlaps with part of the visible pattern, but the full country spread does not match."
      },
      {
        "confusedWithIndicatorCode": "NY.GDP.TOTL.RT.ZS",
        "reason": "Natural resource rents lives in the same category, so it can feel plausible until the high and low countries are checked."
      }
    ],
    "difficultyReason": "Expert difficulty: the map can be mistaken for adjacent indicators unless players probe a high, low, and middle country.",
    "dataCaveat": "Resource-rent maps are often zero-heavy.",
    "regionalSignals": [
      "Economic-share maps are not the same as raw totals.",
      "Small open economies can dominate percentage maps."
    ]
  },
  "editorialReview": {
    "status": "expert_only",
    "reviewedAt": "2026-07-02",
    "reviewedBy": "Codex editorial QA",