{
  "schemaVersion": "1.1.0",
  "id": "mobile-subscriptions",
  "providerCode": "IT.CEL.SETS.P2",
  "title": "Mobile cellular subscriptions (per 100 people)",
  "shortTitle": "Mobile subscriptions",
  "category": "connectivity",
  "difficulty": "standard",
  "definition": "Mobile cellular telephone subscriptions are subscriptions to a public mobile telephone service that provide access to the PSTN using cellular technology. The indicator includes (and is split into) the number of postpaid subscriptions, and the number of active prepaid accounts (i.e. that have been used during the last three months). The indicator applies to all mobile cellular subscriptions that offer voice communications. It excludes subscriptions via data cards or USB modems, subscriptions to public mobile data services, private trunked mobile radio, telepoint, radio paging and telemetry services.",
  "unit": "subscriptions per 100 people",
  "year": 2024,
  "valuesByIso3": {
    "AFG": 60.0990815591219,
    "AGO": 69.7039467163584,
    "ALB": 89.1328603947682,
    "ARE": 203.206410299544,
    "ARG": 140.234979049333,
    "ARM": 134.88694751567,
    "AUS": 112.581025002429,
    "AUT": 124.45929984531,
    "AZE": 109.543149535867,
    "BEL": 103.90465332676,
    "BEN": 125.940873932186,
    "BFA": 116.5895933212,
    "BGD": 108.077037369691,
    "BGR": 118.067152838789,
    "BHS": 96.6798992232414,
    "BIH": 121.232373011893,
    "BLR": 131.123016605614,
    "BOL": 98.0287940811943,
    "BRA": 101.926846460424,
    "BRN": 118.130579766209,
    "BTN": 99.7576826476519,
    "BWA": 163.999922257361,
    "CAN": 94.1059718794246,
    "CHE": 129.471369643132,
    "CHL": 132.660408764665,
    "CHN": 131.753932036803,
    "CIV": 183.875985110648,
    "CMR": 108.213130152497,
    "COD": 58.532153345468,
    "COG": 95.5319320614796,
    "COL": 174.094289675393,
    "CRI": 136.024511151268,
    "CUB": 72.930002350684,
    "CYP": 156.218025662252,
    "CZE": 126.600163061009,
    "DEU": 129.150921864378,
    "DNK": 126.686532566268,
    "DOM": 93.7095828968519,
    "DZA": 115.457278573892,
    "ECU": 101.598265014024,
    "EGY": 97.1295066037455,
    "ESP": 130.260997343256,
    "EST": 151.131825017309,
    "ETH": 65.0825091944922,
    "FIN": 125.860954798649,
    "FJI": 574.152332512188,
    "GAB": 125.337107593999,
    "GBR": 121.643331373201,
    "GEO": 161.201784818537,
    "GHA": 113.647966704673,
    "GMB": 126.243773523653,
    "GNB": 147.197631273872,
    "GRC": 113.597610306796,
    "GTM": 112.520863034346,
    "HND": 70.9397440517258,
    "HRV": 121.732525659138,
    "HUN": 104.58063059269,
    "IDN": 122.514946500491,
    "IND": 79.3526921826412,
    "IRL": 112.638817343502,
    "IRN": 174.066388972063,
    "IRQ": 100.080276677726,
    "ISL": 120.927513243653,
    "ISR": 177.393104798636,
    "ITA": 132.575141676252,
    "JAM": 117.693907561175,
    "JOR": 69.6426153972396,
    "KAZ": 127.085151242164,
    "KEN": 126.477706000949,
    "KGZ": 107.49229509732,
    "KHM": 116.091961125929,
    "KOR": 172.520241179065,
    "LKA": 132.548743018664,
    "LSO": 70.328049309004,
    "LTU": 138.728835196967,
    "LVA": 121.262202363304,
    "MAR": 153.057260079672,
    "MDA": 120.083487069521,
    "MEX": 116.486713265167,
    "MKD": 108.38712260883,
    "MMR": 114.329042129489,
    "MNE": 221.687322527444,
    "MNG": 140.670025377351,
    "MOZ": 49.5047696961223,
    "MRT": 92.0748946443443,
    "MWI": 69.260530662121,
    "MYS": 139.664651283564,
    "NAM": 85.1648988113055,
    "NER": 60.5939862118112,
    "NGA": 70.7619057835431,
    "NIC": 105.961143065351,
    "NLD": 128.538765867661,
    "NOR": 109.348606513576,
    "NPL": 99.8471420273964,
    "NZL": 130.093457083544,
    "OMN": 120.61105087402,
    "PAK": 76.8544559649986,
    "PER": 124.623544414599,
    "PHL": 115.298749599352,
    "PNG": 38.7651796406789,
    "POL": 138.016156588197,
    "PRI": 126.426375391555,
    "PRT": 124.129981203404,
    "QAT": 153.612474384296,
    "ROU": 119.804862328273,
    "RUS": 186.103787309059,
    "RWA": 93.201462876722,
    "SAU": 159.541370566589,
    "SEN": 123.894453697506,
    "SLV": 176.517423814642,
    "SRB": 123.822194984291,
    "SUR": 142.122626416427,
    "SVK": 139.967676092657,
    "SVN": 130.86090177123,
    "SWE": 140.686673016562,
    "SWZ": 139.833459658744,
    "SYR": 71.2231424453527,
    "TCD": 72.9289782617702,
    "TGO": 80.8035554767112,
    "THA": 160.639312286761,
    "TLS": 116.382391453038,
    "TTO": 118.786668099235,
    "TUN": 117.606816067203,
    "TUR": 107.826875714392,
    "TZA": 126.559163217786,
    "UGA": 83.165031466902,
    "URY": 145.501755749445,
    "USA": 113.190481805755,
    "UZB": 110.492018573638,
    "VEN": 71.0075917225029,
    "VNM": 127.606471743496,
    "ZAF": 179.336329840585,
    "ZMB": 108.704779873813,
    "ZWE": 94.2451753366358
  },
  "stats": {
    "coverage": 134,
    "min": 38.7651796406789,
    "max": 574.152332512188,
    "median": 119.944174698897,
    "quantileBreaks": [
      38.7651796406789,
      83.165031466902,
      105.961143065351,
      116.091961125929,
      123.894453697506,
      130.260997343256,
      147.197631273872,
      574.152332512188
    ]
  },
  "formatting": {
    "maximumFractionDigits": 1,
    "suffix": " per 100"
  },
  "source": {
    "provider": "World Bank",
    "dataset": "World Development Indicators",
    "attribution": "The World Bank",
    "sourceReference": "https://api.worldbank.org/v2/indicator/IT.CEL.SETS.P2?format=json&per_page=1",
    "valuesReference": "https://api.worldbank.org/v2/country/all/indicator/IT.CEL.SETS.P2?format=json&per_page=20000&page=1&date=2015%3A2025",
    "license": "Creative Commons Attribution 4.0 International unless specifically labeled otherwise by World Bank metadata",
    "licenseReference": "https://www.worldbank.org/en/about/legal/terms-of-use-for-datasets",
    "retrievedAt": "2026-06-19T17:09:06.674572+00:00",
    "checksum": "8bf23315055d8a36ae213b6a13c940ab6088ae2ecd89308d4c2b62e993829642",
    "sourceOrganization": "World Telecommunication/ICT Indicators Database, International Telecommunication Union (ITU)"
  },
  "reviewStatus": "approved",
  "contentVersion": "2026.06.19-ed1",
  "editorial": {
    "shortHook": "A connectivity map where values can exceed 100.",
    "patternNote": "The darkest countries include Fiji, Montenegro, United Arab Emirates, while the lightest include Papua New Guinea, Mozambique, Congo, Dem. Rep.; that contrast is the fastest way to read the mobile subscriptions pattern.",
    "whyItMatters": "Mobile subscriptions reveal infrastructure and market saturation in a way internet use does not.",
    "bestProbeCountries": [
      {
        "iso3": "FJI",
        "reason": "High anchor: this country sits near the darkest end of the map."
      },
      {
        "iso3": "PNG",
        "reason": "Low anchor: this country clarifies the lightest end of the scale."
      },
      {
        "iso3": "MDA",
        "reason": "Middle check: this country helps separate a true pattern from one-off outliers."
      }
    ],
    "commonConfusions": [
      {
        "confusedWithIndicatorCode": "EN.GHG.CO2.PC.CE.AR5",
        "reason": "CO2 emissions per capita overlaps with part of the visible pattern, but the full country spread does not match."
      },
      {
        "confusedWithIndicatorCode": "SP.DYN.IMRT.IN",
        "reason": "Infant mortality overlaps with part of the visible pattern, but the full country spread does not match."
      },
      {
        "confusedWithIndicatorCode": "SH.DYN.MORT",
        "reason": "Under-5 mortality overlaps with part of the visible pattern, but the full country spread does not match."
      }
    ],
    "difficultyReason": "Standard difficulty: the map has readable regional structure, but the best answer still depends on checking the unit and country anchors.",
    "dataCaveat": "Subscriptions can exceed people because one person may hold multiple SIMs.",