{
  "schemaVersion": "1.1.0",
  "id": "natural-resource-depletion",
  "providerCode": "NY.ADJ.DRES.GN.ZS",
  "title": "Adjusted savings: natural resources depletion (% of GNI)",
  "shortTitle": "Natural resource depletion",
  "category": "environment",
  "difficulty": "expert",
  "definition": "Natural resource depletion is the sum of net forest depletion, energy depletion, and mineral depletion. Net forest depletion is unit resource rents times the excess of roundwood harvest over natural growth. Energy depletion is the ratio of the value of the stock of energy resources to the remaining reserve lifetime (capped at 25 years). It covers coal, crude oil, and natural gas. Mineral depletion is the ratio of the value of the stock of mineral resources to the remaining reserve lifetime (capped at 25 years). It covers tin, gold, lead, zinc, iron, copper, nickel, silver, bauxite, and phosphate. This indicator is expressed as a percentage of Gross National Income (GNI) which is the total income earned by all residents within an economic territory during an accounting period. It is equal to gross domestic product plus earned income receivable from abroad minus earned income payable abroad.",
  "unit": "percent of GNI",
  "year": 2021,
  "valuesByIso3": {
    "AFG": 0.335934934646957,
    "AGO": 23.2696829218233,
    "ALB": 0.801166730169078,
    "ARG": 2.05199483255121,
    "ARM": 3.60601921463938,
    "AUS": 6.22359525194266,
    "AUT": 0.0828769699169557,
    "AZE": 16.1691776599721,
    "BDI": 13.9163419337296,
    "BEL": 0.0313099758855987,
    "BEN": 0.0,
    "BFA": 12.6227866379498,
    "BGD": 0.536223481512206,
    "BGR": 0.530094933899043,
    "BHS": 0.0157881838453418,
    "BIH": 0.0727072534827254,
    "BLR": 0.672071495838844,
    "BLZ": 0.403716641569607,
    "BOL": 6.94639204858252,
    "BRA": 3.74676225993476,
    "BRN": 16.0874942940093,
    "BTN": 2.55662680076681,
    "BWA": 0.855999246934603,
    "CAF": 0.55724019830389,
    "CAN": 2.17131172016891,
    "CHE": 0.0021097797226387,
    "CHL": 9.41539108909967,
    "CHN": 1.01156651783812,
    "CIV": 2.41957187704402,
    "CMR": 4.9676316564512,
    "COD": 33.0940322255891,
    "COG": 24.9833120433541,
    "COL": 4.21452528694986,
    "CRI": 0.00807538237350335,
    "CYP": 0.0100884757071389,
    "CZE": 0.222302201728212,
    "DEU": 0.0295485628853888,
    "DJI": 0.281995991179442,
    "DNK": 0.234051833495631,
    "DOM": 1.44257616608043,
    "DZA": 12.790533310572,
    "ECU": 5.74761865404566,
    "EGY": 3.68132395636636,
    "ESP": 0.0386458889686458,
    "EST": 0.751175020158322,
    "ETH": 5.83661302700807,
    "FIN": 0.0834290547581801,
    "FJI": 2.12326512550804,
    "FRA": 0.0300782559451585,
    "GAB": 14.4319937504826,
    "GEO": 1.11772150256357,
    "GHA": 10.8217990213884,
    "GIN": 5.11555230156016,
    "GMB": 2.93040738548537,
    "GNB": 10.4138191581412,
    "GNQ": 21.342732322337,
    "GRC": 0.0594589530287608,
    "GTM": 0.605943550736594,
    "GUY": 29.527957806673,
    "HND": 0.323678420237921,
    "HRV": 0.464334270981961,
    "HTI": 0.327281322722916,
    "HUN": 0.319632177340444,
    "IDN": 3.23302873666391,
    "IND": 1.62081061089854,
    "IRL": 0.0995614547088342,
    "IRN": 6.69689109182885,
    "IRQ": 11.5433069699364,
    "ISL": 0.000112343756705461,
    "ISR": 0.248413406721533,
    "ITA": 0.0856169250540912,
    "JAM": 0.317437630596526,
    "JOR": 0.0553695484156392,
    "JPN": 0.0144323671117114,
    "KAZ": 15.2460671057618,
    "KEN": 1.24534198237127,
    "KGZ": 9.23514888002418,
    "KHM": 0.0316430241693597,
    "KOR": 0.0250258340350454,
    "LAO": 3.44411961128635,
    "LBN": 0.0,
    "LBR": 22.0234295164486,
    "LBY": 13.5799491294286,
    "LKA": 0.0557572590048974,
    "LSO": 3.79064261802484,
    "LTU": 0.00734201062409201,
    "LUX": 0.00620787985272946,
    "LVA": 0.051110585363217,
    "MAR": 0.131060030927763,
    "MDA": 0.00849473550140378,
    "MDG": 5.60978469608013,
    "MEX": 2.75699380152104,
    "MKD": 0.000459553724898377,
    "MLI": 15.4978425835927,
    "MMR": 5.37335654646892,
    "MNE": 0.186951053343759,
    "MNG": 14.8944560397927,
    "MOZ": 0.714577297489826,
    "MRT": 7.28682389560168,
    "MWI": 4.289989986223,
    "MYS": 5.98396356228097,
    "NAM": 3.05586116552858,
    "NER": 0.869997407034889,
    "NGA": 2.74097887116957,
    "NIC": 2.23501993276452,
    "NLD": 0.302246219230329,
    "NOR": 7.71310815458361,
    "NPL": 0.492993319874486,
    "NZL": 0.436464953580026,
    "OMN": 23.9746780785919,
    "PAK": 1.06703359393699,
    "PAN": 1.33230932839822,
    "PER": 7.64082079208664,
    "PHL": 1.31061280291685,
    "PNG": 20.5610951043818,
    "POL": 0.320485035782842,
    "PRT": 0.24872478818652,
    "PRY": 1.37543454555516,
    "QAT": 8.75272301280807,
    "ROU": 0.750715751541106,
    "RUS": 9.45964236613277,
    "RWA": 3.83511140124796,
    "SDN": 5.78750435439457,
    "SEN": 2.29377733723904,
    "SLB": 0.0,
    "SLE": 8.14750253502331,
    "SLV": 0.567305532556354,
    "SOM": 11.2979192936073,
    "SRB": 0.637500290915707,
    "SUR": 9.60513004268689,
    "SVK": 0.0124118152249921,
    "SVN": 0.156536774926234,
    "SWE": 0.576044787987825,
    "SWZ": 2.58073074423163,
    "TCD": 13.5399233993788,
    "TGO": 6.74823862834166,
    "THA": 1.38139891324547,
    "TJK": 5.37468666904137,
    "TLS": 57.3020152124074,
    "TTO": 6.36200439683413,
    "TUN": 1.3831470061361,
    "TZA": 3.34036855382507,
    "UGA": 8.63533350306792,
    "UKR": 2.43354207787561,
    "URY": 0.0192445711283204,
    "USA": 0.81519312438195,
    "UZB": 13.9810194756618,
    "VNM": 0.514636617778146,
    "VUT": 0.51766853449576,
    "ZAF": 4.39467992212987,
    "ZMB": 21.0430774108577,
    "ZWE": 5.0531451571454
  },
  "stats": {
    "coverage": 152,
    "min": 0.0,
    "max": 57.3020152124074,
    "median": 1.531693388489485,
    "quantileBreaks": [
      0.0,
      0.05354427853602968,
      0.32851755299777896,
      0.8659979327205216,
      2.745554565555704,
      5.781806397201869,
      12.005941113370701,
      57.3020152124074
    ]
  },
  "formatting": {
    "maximumFractionDigits": 1,
    "suffix": "% of GNI"
  },
  "source": {
    "provider": "World Bank",
    "dataset": "World Development Indicators",
    "attribution": "The World Bank",
    "sourceReference": "https://api.worldbank.org/v2/indicator/NY.ADJ.DRES.GN.ZS?format=json&per_page=1",
    "valuesReference": "https://api.worldbank.org/v2/country/all/indicator/NY.ADJ.DRES.GN.ZS?format=json&per_page=20000&page=1&date=2015%3A2025",
    "license": "Creative Commons Attribution 4.0 International unless specifically labeled otherwise by World Bank metadata",
    "licenseReference": "https://www.worldbank.org/en/about/legal/terms-of-use-for-datasets",
    "retrievedAt": "2026-06-27T17:14:58.632888+00:00",
    "checksum": "b532672db13a50fe47fdefd78e20a93f74c406d1423fcddebc2d8580febeaec6",
    "sourceOrganization": "Staff estimates, World Bank (WB);\nThe Changing Wealth of Nations: Measuring Sustainable Development in the New Millennium, World Bank (WB)"
  },
  "reviewStatus": "approved",
  "contentVersion": "2026.06.22-exp2-qa1",
  "editorial": {
    "shortHook": "A candidate map for natural resource depletion.",
    "patternNote": "The darkest countries include Timor-Leste, Congo, Dem. Rep., Guyana, while the lightest include Benin, Lebanon, Solomon Islands; that contrast is the fastest way to read the natural resource depletion pattern.",
    "whyItMatters": "Natural resource depletion may add useful WORLDPRINT variety once source coverage, unit clarity, map interest, and distractor ambiguity are reviewed.",
    "bestProbeCountries": [
      {
        "iso3": "TLS",
        "reason": "High anchor: this country sits near the darkest end of the map."
      },
      {
        "iso3": "BEN",
        "reason": "Low anchor: this country clarifies the lightest end of the scale."
      },
      {
        "iso3": "IND",