{
  "schemaVersion": "1.1.0",
  "id": "natural-gas-electricity-share",
  "providerCode": "EG.ELC.NGAS.ZS",
  "title": "Electricity production from natural gas sources (% of total)",
  "shortTitle": "Natural gas electricity share",
  "category": "energy",
  "difficulty": "standard",
  "definition": "The share of electricity production from natural gas sources of total electricity production. Sources of electricity refer to the inputs used to generate electricity. Gas refers to natural gas but excludes natural gas liquids.",
  "unit": "percent of electricity production",
  "year": 2021,
  "valuesByIso3": {
    "AFG": 0.0,
    "AGO": 10.9432979623722,
    "ALB": 0.0,
    "ARE": 86.5590532163272,
    "ARG": 55.1766234274933,
    "ARM": 42.9369209290519,
    "AUS": 18.7464696445921,
    "AUT": 15.0050879077393,
    "AZE": 91.924552658945,
    "BDI": 0.0,
    "BEL": 22.4112021178133,
    "BEN": 79.1296625222025,
    "BFA": 0.0,
    "BGD": 72.9265477439664,
    "BGR": 6.40136226034309,
    "BHS": 0.220543514713322,
    "BIH": 0.0269745360379801,
    "BLR": 78.0620286621887,
    "BLZ": 0.0,
    "BOL": 59.5001837559721,
    "BRA": 13.2534380720277,
    "BRN": 77.5048254079663,
    "BTN": 0.0,
    "BWA": 0.0,
    "CAF": 0.0,
    "CAN": 12.253221503157,
    "CHE": 0.756546162906587,
    "CHL": 18.066759072008,
    "CHN": 3.11627410978258,
    "CIV": 73.5271217233325,
    "CMR": 27.3652331920048,
    "COD": 0.0,
    "COG": 69.7941176470588,
    "COL": 13.0142527422847,
    "CRI": 0.0,
    "CUB": 8.13636129563829,
    "CYP": 0.0,
    "CZE": 8.57613362347821,
    "DEU": 16.3672678260253,
    "DJI": 0.0,
    "DNK": 4.64447806354009,
    "DOM": 26.2614086447391,
    "DZA": 98.9811453331772,
    "ECU": 3.63506549947228,
    "EGY": 81.6083029095872,
    "ERI": 0.0,
    "ESP": 26.0659395141299,
    "EST": 0.569128262076624,
    "ETH": 0.0,
    "FIN": 5.30490003050387,
    "FJI": 0.0,
    "FRA": 5.99415809848445,
    "GAB": 35.6225930680359,
    "GBR": 39.9929366861394,
    "GEO": 18.8137603795967,
    "GHA": 62.6054230525075,
    "GIN": 0.0,
    "GMB": 0.0,
    "GNB": 0.0,
    "GNQ": 66.7822468793343,
    "GRC": 41.1002467330714,
    "GRL": 0.0,
    "GTM": 0.0838872039749629,
    "GUY": 0.0,
    "HND": 0.0,
    "HRV": 20.3484549638396,
    "HTI": 0.0,
    "HUN": 26.7248062015504,
    "IDN": 14.3704920771951,
    "IND": 3.81778561590178,
    "IRL": 47.3179717746971,
    "IRN": 80.1869006577487,
    "IRQ": 56.7088143973762,
    "ISL": 0.0,
    "ISR": 69.0498129979945,
    "ITA": 49.814058235231,
    "JAM": 58.8248901226,
    "JOR": 72.6192147503393,
    "JPN": 34.2343372219968,
    "KAZ": 22.601192234832,
    "KEN": 0.0,
    "KGZ": 1.09657814770776,
    "KHM": 0.0,
    "KOR": 30.5585927835463,
    "KWT": 50.8523043785048,
    "LAO": 0.0,
    "LBN": 0.0,
    "LBR": 0.0,
    "LBY": 76.4927411240477,
    "LKA": 0.0,
    "LSO": 0.142498218772265,
    "LTU": 24.0448995667586,
    "LUX": 7.82805429864253,
    "LVA": 36.4009579199453,
    "MAR": 8.13420737294706,
    "MDA": 92.8786057692308,
    "MDG": 0.0,
    "MEX": 53.0506931382595,
    "MKD": 27.9696257457964,
    "MLI": 0.0,
    "MMR": 49.7631316489362,
    "MNE": 0.0,
    "MNG": 0.0,
    "MOZ": 16.1197985687782,
    "MRT": 0.0,
    "MWI": 0.0,
    "MYS": 32.4640112897043,
    "NAM": 0.0,
    "NCL": 0.0,
    "NER": 8.65874363327674,
    "NGA": 77.1055017416615,
    "NIC": 0.0,
    "NLD": 46.4025538184497,
    "NOR": 0.193133318980256,
    "NPL": 0.0,
    "NZL": 11.1519580372554,
    "OMN": 95.5806981916643,
    "PAK": 30.4566590108329,
    "PAN": 13.1681123502685,
    "PER": 37.4458152717573,
    "PHL": 17.957826103343,
    "PNG": 26.840534171249,
    "POL": 8.80861321264147,
    "PRI": 41.8282034256503,
    "PRK": 0.0,
    "PRT": 30.5478726534455,
    "PRY": 0.0,
    "PSE": 0.0,
    "QAT": 100.0,
    "ROU": 16.6588195728939,
    "RUS": 44.3223139925618,
    "RWA": 22.0321931589537,
    "SAU": 58.4310339344988,
    "SDN": 0.0,
    "SEN": 0.360501567398119,
    "SLB": 0.0,
    "SLE": 0.0,
    "SLV": 0.0,
    "SOM": 0.0,
    "SRB": 2.79586766052047,
    "SSD": 0.0,
    "SUR": 0.0,
    "SVK": 14.5455756929638,
    "SVN": 3.28168304358781,
    "SWE": 0.164146264799357,
    "SWZ": 0.0,
    "SYR": 58.5440121799752,
    "TCD": 53.9808612440191,
    "TGO": 76.16,
    "THA": 61.843295701674,
    "TJK": 1.49621120710459,
    "TKM": 99.9788732394366,
    "TLS": 0.0,
    "TTO": 99.546485260771,
    "TUN": 95.7788944723618,
    "TUR": 33.2155244784493,
    "TZA": 58.5480349344978,
    "UGA": 0.0,
    "UKR": 9.08152538723609,
    "URY": 0.0437636761487965,
    "USA": 37.3533948571277,
    "UZB": 84.157056177571,
    "VEN": 4.47544963324545,
    "VNM": 10.3828867045226,
    "VUT": 0.0,
    "YEM": 1.32380752258878,
    "ZAF": 0.0,
    "ZMB": 0.0,
    "ZWE": 0.0
  },
  "stats": {
    "coverage": 169,
    "min": 0.0,
    "max": 100.0,
    "median": 8.80861321264147,
    "quantileBreaks": [
      0.0,
      0.0,
      0.0,
      3.63506549947228,
      16.1197985687782,
      35.6225930680359,
      62.6054230525075,
      100.0
    ]
  },
  "formatting": {
    "maximumFractionDigits": 1,
    "suffix": "%"
  },
  "source": {
    "provider": "World Bank",
    "dataset": "World Development Indicators",
    "attribution": "The World Bank",
    "sourceReference": "https://api.worldbank.org/v2/indicator/EG.ELC.NGAS.ZS?format=json&per_page=1",
    "valuesReference": "https://api.worldbank.org/v2/country/all/indicator/EG.ELC.NGAS.ZS?format=json&per_page=20000&page=1&date=2015%3A2025",
    "license": "Creative Commons Attribution 4.0 International unless specifically labeled otherwise by World Bank metadata",
    "licenseReference": "https://www.worldbank.org/en/about/legal/terms-of-use-for-datasets",
    "retrievedAt": "2026-06-22T18:06:59.577863+00:00",
    "checksum": "fb0ef52c3f9daf6a49107dbbabf597cba1d09d3fc8081b300cbc159c46675b2e",
    "sourceOrganization": "IEA Energy Statistics Data Browser, International Energy Agency (IEA), uri: https://www.iea.org/data-and-statistics/data-tools/energy-statistics-data-browser, publisher: International Energy Agency (IEA), date accessed: 2025-03-25"
  },
  "reviewStatus": "approved",
  "contentVersion": "2026.06.22-exp2-qa1",
  "editorial": {
    "shortHook": "A candidate map for natural gas electricity share.",
    "patternNote": "The darkest countries include Qatar, Turkmenistan, Trinidad and Tobago, while the lightest include Afghanistan, Albania, Burundi; that contrast is the fastest way to read the natural gas electricity share pattern.",
    "whyItMatters": "Natural gas electricity share may add useful WORLDPRINT variety once source coverage, unit clarity, map interest, and distractor ambiguity are reviewed.",
    "bestProbeCountries": [
      {
        "iso3": "QAT",
        "reason": "High anchor: this country sits near the darkest end of the map."
      },
      {
        "iso3": "AFG",
        "reason": "Low anchor: this country clarifies the lightest end of the scale."
      },
      {
        "iso3": "POL",
        "reason": "Middle check: this country helps separate a true pattern from one-off outliers."
      }
    ],
    "commonConfusions": [
      {
        "confusedWithIndicatorCode": "EG.ELC.FOSL.ZS",
        "reason": "Fossil electricity share lives in the same category, so it can feel plausible until the high and low countries are checked."
      },
      {
        "confusedWithIndicatorCode": "EG.ELC.RNEW.ZS",
        "reason": "Renewable electricity lives in the same category, so it can feel plausible until the high and low countries are checked."
      },
      {
        "confusedWithIndicatorCode": "EG.ELC.HYRO.ZS",
        "reason": "Hydroelectricity share lives in the same category, so it can feel plausible until the high and low countries are checked."
      }
    ],
    "difficultyReason": "Standard difficulty: the map has readable regional structure, but the best answer still depends on checking the unit and country anchors.",