{
  "schemaVersion": "1.1.0",
  "id": "natural-resource-rents",
  "providerCode": "NY.GDP.TOTL.RT.ZS",
  "title": "Total natural resources rents (% of GDP)",
  "shortTitle": "Natural resource rents",
  "category": "economy",
  "difficulty": "standard",
  "definition": "Total natural resources rents are the sum of oil rents, natural gas rents, coal rents (hard and soft), mineral rents, and forest rents.",
  "unit": "percent of GDP",
  "year": 2021,
  "valuesByIso3": {
    "AFG": 0.428525449642917,
    "AGO": 29.9674348417559,
    "ALB": 1.44260146706838,
    "ARE": 17.634095847399,
    "ARG": 2.65308888983975,
    "ARM": 7.05429982361028,
    "AUS": 13.3578752832739,
    "AUT": 0.117855774382781,
    "AZE": 29.9383945565987,
    "BDI": 13.9570339894077,
    "BEL": 0.0448914290094104,
    "BEN": 2.30442028320417,
    "BFA": 20.1354014379911,
    "BGD": 0.610069177584654,
    "BGR": 0.917744335906696,
    "BHS": 0.0147540061086709,
    "BIH": 0.813398711441269,
    "BLR": 1.86330240223309,
    "BLZ": 0.523036536890701,
    "BOL": 9.46769419569564,
    "BRA": 7.94111199933246,
    "BRN": 24.2800139399884,
    "BTN": 2.73325446048629,
    "BWA": 1.03853443914101,
    "CAF": 10.2601957578803,
    "CAN": 4.94905581435186,
    "CHE": 0.00910740311945595,
    "CHL": 16.9044168802743,
    "CHN": 1.70756488252672,
    "CIV": 4.73502206212113,
    "CMR": 5.52598268395679,
    "COD": 38.8272665239082,
    "COG": 37.7125480946685,
    "COL": 5.32396445388134,
    "CRI": 0.763407374189705,
    "CYP": 0.0127645649104764,
    "CZE": 0.394999591152656,
    "DEU": 0.0770848993139744,
    "DJI": 0.277110490356489,
    "DNK": 0.33866438619955,
    "DOM": 2.07711318519727,
    "DZA": 22.5902703479201,
    "ECU": 6.69943720189179,
    "EGY": 5.1391200748227,
    "ESP": 0.115181021827658,
    "EST": 1.72122598420606,
    "ETH": 5.86707347361267,
    "FIN": 0.448312840515242,
    "FJI": 2.25290361305504,
    "FRA": 0.0325366370984223,
    "GAB": 18.4933440925176,
    "GBR": 0.588544260440276,
    "GEO": 1.38946631019879,
    "GHA": 13.3474845007777,
    "GIN": 4.51955879028644,
    "GMB": 2.85673041093642,
    "GNB": 10.4285037712862,
    "GNQ": 23.500064053404,
    "GRC": 0.0875219452812631,
    "GTM": 1.92928512463796,
    "GUY": 33.6832711741997,
    "HND": 1.22455313744521,
    "HRV": 0.681198197003712,
    "HTI": 0.327641965983974,
    "HUN": 0.402362635857113,
    "IDN": 5.15704008451705,
    "IND": 3.15934537555664,
    "IRL": 0.10098823103923,
    "IRN": 30.4480600937139,
    "IRQ": 43.4458576871878,
    "ISL": 0.000106967737793307,
    "ISR": 0.441424749575518,
    "ITA": 0.112009125283042,
    "JAM": 0.457652062306756,
    "JOR": 0.0776640966166585,
    "JPN": 0.0473044627668744,
    "KAZ": 26.8423173327291,
    "KEN": 1.22792857770901,
    "KGZ": 11.5065410174076,
    "KHM": 0.835283715830679,
    "KOR": 0.049812574781783,
    "LAO": 5.38276112647354,
    "LBN": 0.00276403839242888,
    "LBR": 21.9156000871056,
    "LBY": 61.0347089411103,
    "LKA": 0.0832444969793704,
    "LSO": 4.31788190525398,
    "LTU": 0.28612663033099,
    "LUX": 0.00475136757511518,
    "LVA": 1.16511975350878,
    "MAR": 0.391702933228196,
    "MDA": 0.235942049452034,
    "MDG": 5.5311886434036,
    "MEX": 3.64307338835023,
    "MKD": 0.136921063560563,
    "MLI": 18.4178821970492,
    "MMR": 8.6785038087485,
    "MNE": 0.637197671980386,
    "MNG": 33.1372162654312,
    "MOZ": 14.9074768559672,
    "MRT": 11.4487520863931,
    "MWI": 4.22250421289741,
    "MYS": 6.92196634868479,
    "NAM": 4.03058059383138,
    "NCL": 16.7918673249355,
    "NER": 6.40907047167716,
    "NGA": 8.55295423830806,
    "NIC": 3.84080893833151,
    "NLD": 0.340536679351668,
    "NOR": 10.0482763904291,
    "NPL": 0.498936909947826,
    "NZL": 1.49411356490814,
    "OMN": 29.2115792686173,
    "PAK": 1.43561633294011,
    "PAN": 3.6647948599442,
    "PER": 12.7247082349187,
    "PHL": 1.97263339590791,
    "PNG": 27.3866812481734,
    "POL": 1.03024380772929,
    "PRI": 0.0,
    "PRT": 0.291415692065373,
    "PRY": 1.34701587848651,
    "PSE": 0.0,
    "QAT": 27.2897873992471,
    "ROU": 1.144376067244,
    "RUS": 18.5109394363314,
    "RWA": 4.01723634071877,
    "SAU": 25.5652418188141,
    "SDN": 12.7502116848016,
    "SEN": 4.40159712005452,
    "SLB": 18.395048524098,
    "SLE": 9.03701414128967,
    "SLV": 0.535264947589614,
    "SOM": 11.2356934915275,
    "SRB": 1.74631766481948,
    "SUR": 9.59272209392741,
    "SVK": 0.226150293544136,
    "SVN": 0.189323915465621,
    "SWE": 1.20827979934218,
    "SWZ": 2.99915237990705,
    "TCD": 21.3429312625159,
    "TGO": 7.86417419787513,
    "THA": 1.8170265297611,
    "TJK": 9.04634759702914,
    "TLS": 34.7297460391742,
    "TTO": 7.85936855870429,
    "TUN": 2.24923087429424,
    "TUR": 0.827048726504594,
    "TZA": 6.69370906979479,
    "UGA": 7.47552032336567,
    "UKR": 7.5129023639251,
    "URY": 1.92773520463627,
    "USA": 1.27994423022721,
    "UZB": 20.46516083278,
    "VNM": 2.54701708790768,
    "VUT": 0.568069760913224,
    "ZAF": 7.32857859192335,
    "ZMB": 35.2641479964325,
    "ZWE": 6.39845161112644
  },
  "stats": {
    "coverage": 159,
    "min": 0.0,
    "max": 61.0347089411103,
    "median": 2.99915237990705,
    "quantileBreaks": [
      0.0,
      0.2317455826343634,
      0.7705489937970711,
      1.9093258325210751,
      4.79617456275848,
      8.985798379498076,
      19.207137437042682,
      61.0347089411103
    ]
  },
  "formatting": {
    "maximumFractionDigits": 1,
    "suffix": "% of GDP"
  },
  "source": {
    "provider": "World Bank",
    "dataset": "World Development Indicators",
    "attribution": "The World Bank",
    "sourceReference": "https://api.worldbank.org/v2/indicator/NY.GDP.TOTL.RT.ZS?format=json&per_page=1",
    "valuesReference": "https://api.worldbank.org/v2/country/all/indicator/NY.GDP.TOTL.RT.ZS?format=json&per_page=20000&page=1&date=2015%3A2025",
    "license": "Creative Commons Attribution 4.0 International unless specifically labeled otherwise by World Bank metadata",
    "licenseReference": "https://www.worldbank.org/en/about/legal/terms-of-use-for-datasets",
    "retrievedAt": "2026-06-22T18:06:56.584570+00:00",
    "checksum": "4e4f3f71759df89afa08700ffbe6aa8601d7f7dfec8756513d9f800229d0f696",
    "sourceOrganization": "The Changing Wealth of Nations, World Bank (WB), uri: https://www.worldbank.org/en/publication/changing-wealth-of-nations/data, note: World Bank staff estimates based on sources and methods described in the World Bank's The Changing Wealth of Nations., publisher: World Bank (WB);\nStaff estimates, World Bank (WB), note: World Bank staff estimates based on sources and methods described in the World Bank's The Changing Wealth of Nations."
  },
  "reviewStatus": "approved",
  "contentVersion": "2026.06.22-exp2-qa1",
  "editorial": {
    "shortHook": "A candidate map for natural resource rents.",
    "patternNote": "The darkest countries include Libya, Iraq, Congo, Dem. Rep., while the lightest include Puerto Rico (US), West Bank and Gaza, Iceland; that contrast is the fastest way to read the natural resource rents pattern.",
    "whyItMatters": "Natural resource rents may add useful WORLDPRINT variety once source coverage, unit clarity, map interest, and distractor ambiguity are reviewed.",
    "bestProbeCountries": [
      {
        "iso3": "LBY",
        "reason": "High anchor: this country sits near the darkest end of the map."
      },
      {
        "iso3": "PRI",
        "reason": "Low anchor: this country clarifies the lightest end of the scale."
      },
      {
        "iso3": "SWZ",
        "reason": "Middle check: this country helps separate a true pattern from one-off outliers."
      }
    ],
    "commonConfusions": [
      {
        "confusedWithIndicatorCode": "NY.ADJ.DRES.GN.ZS",