{
  "schemaVersion": "1.1.0",
  "id": "net-primary-enrollment",
  "providerCode": "SE.PRM.NENR",
  "title": "School enrollment, primary (% net)",
  "shortTitle": "Net primary enrollment",
  "category": "education",
  "difficulty": "standard",
  "definition": "Net enrollment rate is the ratio of children of official school age who are enrolled in school to the population of the corresponding official school age. Primary education provides children with basic reading, writing, and mathematics skills along with an elementary understanding of such subjects as history, geography, natural science, social science, art, and music.",
  "unit": "net enrollment ratio",
  "year": 2017,
  "valuesByIso3": {
    "ALB": 95.53947,
    "ARE": 95.02753,
    "ARG": 99.184,
    "ARM": 91.94625,
    "AUS": 96.38096,
    "AUT": 88.61718,
    "AZE": 93.7475,
    "BDI": 94.87551,
    "BEL": 98.76482,
    "BEN": 97.03352,
    "BFA": 76.42387,
    "BGR": 86.4454,
    "BLR": 95.61727,
    "BLZ": 96.18248,
    "BOL": 90.87779,
    "BRA": 96.29925,
    "BRN": 93.53285,
    "BTN": 87.42576,
    "CAN": 99.8825,
    "CHE": 93.19583,
    "CHL": 94.74067,
    "CIV": 85.57232,
    "CMR": 92.87395,
    "COL": 93.13491,
    "CRI": 96.34224,
    "CUB": 95.57823,
    "CYP": 97.49342,
    "CZE": 89.3503,
    "DEU": 90.14286,
    "DJI": 59.96016,
    "DNK": 98.53748,
    "DOM": 92.87434,
    "DZA": 97.5883,
    "ECU": 91.64154,
    "EGY": 97.02531,
    "ERI": 51.75237,
    "ESP": 97.27171,
    "EST": 93.68129,
    "FIN": 98.62944,
    "FRA": 98.92727,
    "GBR": 99.49182,
    "GEO": 97.91476,
    "GHA": 85.1822,
    "GMB": 76.0989,
    "GRC": 98.22037,
    "GTM": 85.58408,
    "HND": 80.09489,
    "HRV": 88.0407,
    "HUN": 90.83399,
    "IDN": 94.09782,
    "IRL": 95.78041,
    "IRN": 99.70291,
    "ISL": 99.83367,
    "ISR": 97.01884,
    "ITA": 95.65574,
    "JAM": 82.51691,
    "JOR": 80.09353,
    "KAZ": 86.24057,
    "KGZ": 89.88762,
    "KHM": 90.54321,
    "KOR": 97.25516,
    "KWT": 85.87088,
    "LAO": 92.48614,
    "LBR": 44.25563,
    "LKA": 99.09921,
    "LSO": 93.31062,
    "LTU": 98.17529,
    "LUX": 95.03083,
    "LVA": 96.30354,
    "MAR": 96.89422,
    "MDA": 86.50643,
    "MEX": 95.30064,
    "MKD": 94.8883,
    "MLI": 61.27746,
    "MMR": 97.66256,
    "MNE": 95.71483,
    "MNG": 97.86929,
    "MOZ": 89.87354,
    "MRT": 77.82357,
    "MYS": 99.64564,
    "NAM": 97.34142,
    "NER": 65.12458,
    "NLD": 98.64765,
    "NOR": 99.88251,
    "NPL": 96.33409,
    "NZL": 99.11677,
    "OMN": 93.28335,
    "PAK": 64.89623,
    "PAN": 86.23979,
    "PER": 94.91894,
    "PHL": 93.7756,
    "POL": 95.78475,
    "PRT": 97.56411,
    "PSE": 95.26274,
    "QAT": 93.54716,
    "ROU": 82.22835,
    "RUS": 95.09612,
    "RWA": 96.9315,
    "SAU": 95.18623,
    "SDN": 60.00534,
    "SEN": 75.3821,
    "SLB": 69.52108,
    "SLV": 80.23355,
    "SRB": 95.17741,
    "SUR": 86.07316,
    "SVK": 83.09318,
    "SVN": 98.26288,
    "SWE": 99.18177,
    "SWZ": 82.52357,
    "TGO": 90.91577,
    "TJK": 98.28703,
    "TLS": 93.70257,
    "TUR": 87.90006,
    "TZA": 83.58042,
    "URY": 99.3775,
    "USA": 94.62633,
    "UZB": 96.26941,
    "VEN": 87.39174,
    "ZAF": 87.01258,
    "ZMB": 83.16745
  },
  "stats": {
    "coverage": 120,
    "min": 44.25563,
    "max": 99.88251,
    "median": 94.362075,
    "quantileBreaks": [
      44.25563,
      82.52357,
      88.0407,
      93.28335,
      95.17741,
      96.38096,
      98.26288,
      99.88251
    ]
  },
  "formatting": {
    "maximumFractionDigits": 1,
    "suffix": "%"
  },
  "source": {
    "provider": "World Bank",
    "dataset": "World Development Indicators",
    "attribution": "The World Bank",
    "sourceReference": "https://api.worldbank.org/v2/indicator/SE.PRM.NENR?format=json&per_page=1",
    "valuesReference": "https://api.worldbank.org/v2/country/all/indicator/SE.PRM.NENR?format=json&per_page=20000&page=1&date=2015%3A2025",
    "license": "Creative Commons Attribution 4.0 International unless specifically labeled otherwise by World Bank metadata",
    "licenseReference": "https://www.worldbank.org/en/about/legal/terms-of-use-for-datasets",
    "retrievedAt": "2026-07-02T22:24:25.329839+00:00",
    "checksum": "1bfbeae22305f33183931c817b961f06a740e6c90e3efdf4de51ec88cb3b1f4f",
    "sourceOrganization": "Stat Bulk Data Download Service, UN Educational, Scientific and Cultural Organization (UNESCO), uri: https://uis.unesco.org/bdds, publisher: UNESCO Institute for Statistics (UIS)"
  },
  "reviewStatus": "approved",
  "contentVersion": "2026.07.02-exp4-content50",
  "editorial": {
    "shortHook": "A candidate map for net primary enrollment.",
    "patternNote": "The darkest countries include Norway, Canada, Iceland, while the lightest include Liberia, Eritrea, Djibouti; that contrast is the fastest way to read the net primary enrollment pattern.",
    "whyItMatters": "Net primary enrollment may add useful WORLDPRINT variety once source coverage, unit clarity, map interest, and distractor ambiguity are reviewed.",
    "bestProbeCountries": [
      {
        "iso3": "NOR",
        "reason": "High anchor: this country sits near the darkest end of the map."
      },
      {
        "iso3": "LBR",
        "reason": "Low anchor: this country clarifies the lightest end of the scale."
      },
      {
        "iso3": "USA",
        "reason": "Middle check: this country helps separate a true pattern from one-off outliers."
      }
    ],
    "commonConfusions": [
      {
        "confusedWithIndicatorCode": "SE.PRM.UNER.ZS",
        "reason": "Out-of-school primary age lives in the same category, so it can feel plausible until the high and low countries are checked."
      },
      {
        "confusedWithIndicatorCode": "SE.SEC.ENRR",
        "reason": "Secondary enrollment lives in the same category, so it can feel plausible until the high and low countries are checked."
      },
      {
        "confusedWithIndicatorCode": "SP.DYN.IMRT.IN",
        "reason": "Infant mortality overlaps with part of the visible pattern, but the full country spread does not match."
      }
    ],
    "difficultyReason": "Standard difficulty: the map has readable regional structure, but the best answer still depends on checking the unit and country anchors.",
    "regionalSignals": [
      "Education indicators can be shaped by enrollment systems and data coverage.",
      "Compare youth-heavy countries with higher-income service economies."
    ]
  },
  "editorialReview": {
    "status": "needs_review",
    "reviewedAt": "2026-07-02",
    "reviewedBy": "pipeline-default-needs-review",
    "qualityScore": 2,
    "funScore": 2,
    "fairnessScore": 2,
    "ambiguityRisk": "medium",
    "dailyEligible": false,
    "practiceEligible": false,
    "challengeEligible": false,
    "expertOnly": false,
    "reviewNotes": [
      "Loaded from the candidate intake queue and default-held as Needs review until a human editor classifies it."
    ],
    "acceptableCloseDistractorIds": []
  }
}
