{
  "schemaVersion": "1.1.0",
  "id": "net-forest-depletion",
  "providerCode": "NY.ADJ.DFOR.GN.ZS",
  "title": "Adjusted savings: net forest depletion (% of GNI)",
  "shortTitle": "Net forest depletion",
  "category": "environment",
  "difficulty": "expert",
  "definition": "Net forest depletion is calculated as the product of unit resource rents and the excess of roundwood harvest over natural growth. This indicator is expressed as a percentage of Gross National Income (GNI) which is the total income earned by all residents within an economic territory during an accounting period. It is equal to gross domestic product plus earned income receivable from abroad minus earned income payable abroad.",
  "unit": "percent of GNI",
  "year": 2021,
  "valuesByIso3": {
    "AFG": 0.3177320549902,
    "AGO": 0.739017315475802,
    "ALB": 0.140408155076948,
    "ARG": 0.0,
    "ARM": 0.275814294335581,
    "AUS": 0.124411410868125,
    "AUT": 0.0290717473889363,
    "AZE": 0.0,
    "BDI": 13.9163419337296,
    "BEL": 0.00743966104464943,
    "BEN": 0.0,
    "BFA": 0.0,
    "BGD": 0.0714250353793543,
    "BGR": 0.0,
    "BHS": 0.0157881838453418,
    "BIH": 0.0,
    "BLR": 0.0,
    "BLZ": 0.248890207067284,
    "BOL": 0.0,
    "BRA": 0.0,
    "BRN": 0.048553704286819,
    "BTN": 2.55008026319621,
    "BWA": 0.312892462524448,
    "CAF": 0.0,
    "CAN": 0.0,
    "CHE": 0.00171522783039136,
    "CHL": 0.0,
    "CHN": 0.0,
    "CIV": 0.0,
    "CMR": 2.63967847889126,
    "COD": 9.97062142594133,
    "COG": 3.10845992331552,
    "COL": 0.0,
    "CRI": 0.0,
    "CYP": 0.0,
    "CZE": 0.174396565569518,
    "DEU": 0.0,
    "DJI": 0.281995991179442,
    "DNK": 0.00530630011772249,
    "DOM": 0.0273087699091802,
    "DZA": 0.0,
    "ECU": 0.0,
    "EGY": 0.110984661746645,
    "ESP": 0.0,
    "EST": 0.0,
    "ETH": 5.63051280064805,
    "FIN": 0.0,
    "FJI": 1.19647619899788,
    "FRA": 0.0245714211350235,
    "GAB": 3.13677904631771,
    "GEO": 0.0578790666054416,
    "GHA": 3.85323409751269,
    "GIN": 5.11555230156016,
    "GMB": 2.93040738548537,
    "GNB": 10.4138191581412,
    "GNQ": 2.58840523589662,
    "GRC": 0.00861411528013615,
    "GTM": 0.0,
    "GUY": 2.33659035622939,
    "HND": 0.0,
    "HRV": 0.150922479244655,
    "HTI": 0.327281322722916,
    "HUN": 0.0,
    "IDN": 0.0,
    "IND": 0.16326686195924,
    "IRL": 0.0,
    "IRN": 0.0,
    "IRQ": 0.00326872683433651,
    "ISL": 0.000112343756705461,
    "ISR": 0.0,
    "ITA": 0.00979209867697446,
    "JAM": 0.0616610103811831,
    "JOR": 0.020406850491882,
    "JPN": 0.0,
    "KAZ": 0.0,
    "KEN": 1.24088656344676,
    "KGZ": 0.0,
    "KHM": 0.0,
    "KOR": 0.0,
    "LAO": 1.58947328341538,
    "LBN": 0.0,
    "LBR": 17.5401484766572,
    "LBY": 0.0759176884139631,
    "LKA": 0.0557572590048974,
    "LSO": 3.79064261802484,
    "LTU": 0.0,
    "LUX": 0.00620787985272946,
    "LVA": 0.0,
    "MAR": 0.0,
    "MDA": 0.0,
    "MDG": 5.56282992984534,
    "MEX": 0.0,
    "MKD": 0.0,
    "MLI": 2.34355585839533,
    "MMR": 2.23156112061214,
    "MNE": 0.134664038098015,
    "MNG": 0.0,
    "MOZ": 0.0,
    "MRT": 0.653043646000412,
    "MWI": 4.27755159035225,
    "MYS": 1.75101701637688,
    "NAM": 0.879551754746021,
    "NER": 0.0,
    "NGA": 0.0,
    "NIC": 0.0,
    "NLD": 0.0,
    "NOR": 0.0,
    "NPL": 0.490205974630525,
    "NZL": 0.0,
    "OMN": 0.00145408580305937,
    "PAK": 0.130323504356218,
    "PAN": 0.0,
    "PER": 0.127763204772216,
    "PHL": 0.0,
    "PNG": 2.04173427478903,
    "POL": 0.0,
    "PRT": 0.0920450146147144,
    "PRY": 1.31212300286654,
    "QAT": 6.71549392942257e-05,
    "ROU": 0.0,
    "RUS": 0.0,
    "RWA": 3.83393831185775,
    "SDN": 0.0,
    "SEN": 0.0,
    "SLB": 0.0,
    "SLE": 7.98067457858795,
    "SLV": 0.567171206351224,
    "SOM": 11.2979192936073,
    "SRB": 0.0,
    "SUR": 1.89881865279347,
    "SVK": 0.0,
    "SVN": 0.14883553078106,
    "SWE": 0.0,
    "SWZ": 2.58072719394326,
    "TCD": 3.96481088683242,
    "TGO": 2.975664446497,
    "THA": 0.0,
    "TJK": 0.641753988817239,
    "TLS": 0.103023484939704,
    "TTO": 0.0545034195767686,
    "TUN": 0.210574994098857,
    "TZA": 0.0,
    "UGA": 8.63533350306792,
    "UKR": 0.0,
    "URY": 0.0,
    "USA": 0.0,
    "UZB": 0.0,
    "VNM": 0.0,
    "VUT": 0.51766853449576,
    "ZAF": 0.0,
    "ZMB": 0.0,
    "ZWE": 1.86586198008424
  },
  "stats": {
    "coverage": 152,
    "min": 0.0,
    "max": 17.5401484766572,
    "median": 0.005757089985225975,
    "quantileBreaks": [
      0.0,
      0.0,
      0.0,
      0.0,
      0.05486165941337682,
      0.308478680903733,
      2.5632146620878027,
      17.5401484766572
    ]
  },
  "formatting": {
    "maximumFractionDigits": 1,
    "suffix": "% of GNI"
  },
  "source": {
    "provider": "World Bank",
    "dataset": "World Development Indicators",
    "attribution": "The World Bank",
    "sourceReference": "https://api.worldbank.org/v2/indicator/NY.ADJ.DFOR.GN.ZS?format=json&per_page=1",
    "valuesReference": "https://api.worldbank.org/v2/country/all/indicator/NY.ADJ.DFOR.GN.ZS?format=json&per_page=20000&page=1&date=2015%3A2025",
    "license": "Creative Commons Attribution 4.0 International unless specifically labeled otherwise by World Bank metadata",
    "licenseReference": "https://www.worldbank.org/en/about/legal/terms-of-use-for-datasets",
    "retrievedAt": "2026-07-02T22:28:42.431751+00:00",
    "checksum": "27d141cb4b10db12f8ed6d52d137557a666c013bca65bbc3980d5d0554927a1e",
    "sourceOrganization": "Staff estimates, World Bank (WB);\nThe Changing Wealth of Nations: Measuring Sustainable Development in the New Millennium, World Bank (WB)"
  },
  "reviewStatus": "approved",
  "contentVersion": "2026.07.02-exp4-content50",
  "editorial": {
    "shortHook": "A candidate map for net forest depletion.",
    "patternNote": "The darkest countries include Liberia, Burundi, Somalia, Fed. Rep., while the lightest include Argentina, Azerbaijan, Benin; that contrast is the fastest way to read the net forest depletion pattern.",
    "whyItMatters": "Net forest depletion may add useful WORLDPRINT variety once source coverage, unit clarity, map interest, and distractor ambiguity are reviewed.",
    "bestProbeCountries": [
      {
        "iso3": "LBR",
        "reason": "High anchor: this country sits near the darkest end of the map."
      },
      {
        "iso3": "ARG",
        "reason": "Low anchor: this country clarifies the lightest end of the scale."
      },
      {
        "iso3": "LUX",
        "reason": "Middle check: this country helps separate a true pattern from one-off outliers."
      }
    ],
    "commonConfusions": [
      {
        "confusedWithIndicatorCode": "NY.GDP.FRST.RT.ZS",
        "reason": "Forest rents overlaps with part of the visible pattern, but the full country spread does not match."
      },
      {
        "confusedWithIndicatorCode": "EG.CFT.ACCS.UR.ZS",
        "reason": "Urban clean cooking access overlaps with part of the visible pattern, but the full country spread does not match."
      },
      {
        "confusedWithIndicatorCode": "SH.STA.BASS.UR.ZS",
        "reason": "Urban basic sanitation overlaps with part of the visible pattern, but the full country spread does not match."
      }
    ],
    "difficultyReason": "Expert difficulty: the map can be mistaken for adjacent indicators unless players probe a high, low, and middle country.",
    "regionalSignals": [
      "Environment maps reward separating land cover, exposure, and emissions intensity.",
      "Check both forested and arid or industrialized outliers."
    ]
  },
  "editorialReview": {
    "status": "needs_review",
    "reviewedAt": "2026-07-02",
    "reviewedBy": "pipeline-default-needs-review",
    "qualityScore": 2,
    "funScore": 2,
    "fairnessScore": 2,
    "ambiguityRisk": "medium",
    "dailyEligible": false,
    "practiceEligible": false,
    "challengeEligible": false,
    "expertOnly": false,