{
  "schemaVersion": "1.1.0",
  "id": "noncommunicable-death-share",
  "providerCode": "SH.DTH.NCOM.ZS",
  "title": "Cause of death, by non-communicable diseases (% of total)",
  "shortTitle": "Noncommunicable disease deaths",
  "category": "health",
  "difficulty": "expert",
  "definition": "Cause of death refers to the share of all deaths for all ages by underlying causes. Non-communicable diseases include cancer, diabetes mellitus, cardiovascular diseases, digestive diseases, skin diseases, musculoskeletal diseases, and congenital anomalies.",
  "unit": "percent of total deaths",
  "year": 2021,
  "valuesByIso3": {
    "AFG": 34.2581757399119,
    "AGO": 35.3015592386942,
    "ALB": 66.8816650654335,
    "ARE": 68.0935518921907,
    "ARG": 60.5102125326468,
    "ARM": 71.9361694533847,
    "AUS": 89.6272717929647,
    "AUT": 83.5282904653652,
    "AZE": 58.7616169551952,
    "BDI": 38.847359533099,
    "BEL": 75.8535971254692,
    "BEN": 36.2332421726356,
    "BFA": 35.6163851436063,
    "BGD": 63.0722471595286,
    "BGR": 76.613619336916,
    "BHS": 59.8215269334684,
    "BIH": 74.4536720622518,
    "BLR": 75.3320365311595,
    "BLZ": 53.9541363893056,
    "BOL": 37.5459098066861,
    "BRA": 57.4532112176043,
    "BRN": 80.7770563283158,
    "BTN": 71.6178949713212,
    "BWA": 28.3490480240129,
    "CAF": 22.764467261008,
    "CAN": 86.1421655647786,
    "CHE": 82.0530716824363,
    "CHL": 73.238409378537,
    "CHN": 90.6830294831708,
    "CIV": 35.670179468665,
    "CMR": 35.7199669776104,
    "COD": 34.5598414835297,
    "COG": 34.0124223199848,
    "COL": 57.6695609968946,
    "CRI": 66.8531126594543,
    "CUB": 61.0519651555228,
    "CYP": 82.7639427586355,
    "CZE": 72.9728096878019,
    "DEU": 85.030176762789,
    "DJI": 46.5524242096515,
    "DNK": 87.6995856432014,
    "DOM": 63.7217382329138,
    "DZA": 73.8911228021245,
    "ECU": 62.2136050482973,
    "EGY": 64.215855638486,
    "ERI": 51.5632310150675,
    "ESP": 83.6146575866717,
    "EST": 82.8531098953559,
    "ETH": 38.281509102057,
    "FIN": 92.2523807978109,
    "FJI": 67.3055177326328,
    "FRA": 78.9035375588078,
    "GAB": 37.5854992309808,
    "GBR": 79.6757507937637,
    "GEO": 68.6505429460307,
    "GHA": 46.7923674926638,
    "GIN": 33.0144174338877,
    "GMB": 38.5525715830377,
    "GNB": 30.8294254449587,
    "GNQ": 31.8510347573694,
    "GRC": 77.1728999580882,
    "GTM": 42.7090031679956,
    "GUY": 47.210387944656,
    "HND": 47.6630023262625,
    "HRV": 80.4526629211494,
    "HTI": 54.7583415023085,
    "HUN": 78.765258223988,
    "IDN": 52.2221651280207,
    "IND": 49.0788120326803,
    "IRL": 81.7330892911138,
    "IRN": 56.6159059697011,
    "IRQ": 63.4277606354426,
    "ISL": 89.9806478215902,
    "ISR": 76.9411165249634,
    "ITA": 81.4861291719807,
    "JAM": 68.6802411790269,
    "JOR": 54.0501214968489,
    "JPN": 85.3434160587399,
    "KAZ": 59.8829524389268,
    "KEN": 37.785852428419,
    "KGZ": 61.4254785884069,
    "KHM": 63.6229213716915,
    "KOR": 77.1761204119874,
    "KWT": 58.9727028596486,
    "LAO": 62.8866078816002,
    "LBN": 53.1922316479013,
    "LBR": 34.9754513461152,
    "LBY": 62.703708770059,
    "LKA": 74.7596300151791,
    "LSO": 34.070352005876,
    "LTU": 78.098232743004,
    "LUX": 79.8251415601762,
    "LVA": 81.0841570254266,
    "MAR": 74.0382001329403,
    "MDA": 72.6603393282291,
    "MDG": 39.9623346601568,
    "MEX": 53.5759036602133,
    "MKD": 69.7191105533509,
    "MLI": 29.2380879440246,
    "MMR": 61.5712253500444,
    "MNE": 65.2878281023609,
    "MNG": 73.5920720227814,
    "MOZ": 30.5847951626543,
    "MRT": 42.6951830957598,
    "MWI": 39.5921051795253,
    "MYS": 65.0026541298491,
    "NAM": 29.9201127406207,
    "NER": 23.924084371702,
    "NGA": 27.7024570108556,
    "NIC": 48.8388724500471,
    "NLD": 78.1566359154581,
    "NOR": 86.555413144726,
    "NPL": 55.3353172551134,
    "NZL": 89.528781026162,
    "OMN": 52.1030118873433,
    "PAK": 52.0324546491852,
    "PAN": 66.6648604794993,
    "PER": 41.5920508771201,
    "PHL": 68.4626405985578,
    "PNG": 47.6051011952331,
    "POL": 72.3337859834046,
    "PRI": 81.3213973011794,
    "PRK": 79.0829101657933,
    "PRT": 80.252276521502,
    "PRY": 48.3855434888407,
    "PSE": 64.8408960483036,
    "QAT": 62.401074803005,
    "ROU": 72.817604763563,
    "RUS": 62.3412031661021,
    "RWA": 50.2896264133564,
    "SAU": 67.6288366416577,
    "SDN": 42.9313315142701,
    "SEN": 47.6931596948885,
    "SLB": 68.2202412099959,
    "SLE": 34.4620101650726,
    "SLV": 53.9249973085079,
    "SOM": 25.1380776830653,
    "SRB": 72.1603846623122,
    "SSD": 28.8767929681202,
    "SUR": 49.9654798875738,
    "SVK": 66.8559226249726,
    "SVN": 75.7885434078504,
    "SWE": 84.2874367435446,
    "SWZ": 34.8193851012562,
    "SYR": 73.687760387098,
    "TCD": 23.4756986639437,
    "TGO": 43.4834918847341,
    "THA": 67.8360355331529,
    "TJK": 57.1598288198902,
    "TKM": 67.1791380269814,
    "TLS": 51.104728894485,
    "TTO": 65.5386094677862,
    "TUN": 56.9283562498987,
    "TUR": 68.764261094899,
    "TZA": 38.7530313726816,
    "UGA": 36.9435512422094,
    "UKR": 72.8795054646579,
    "URY": 71.8962090033314,
    "USA": 77.3875489533893,
    "UZB": 80.0890342320956,
    "VEN": 68.6702087122928,
    "VNM": 78.2061969049514,
    "VUT": 71.6865744328919,
    "YEM": 41.53410593357,
    "ZAF": 37.1610921564697,
    "ZMB": 31.1884695184438,
    "ZWE": 38.3454285597608
  },
  "stats": {
    "coverage": 167,
    "min": 22.764467261008,
    "max": 92.2523807978109,
    "median": 62.703708770059,
    "quantileBreaks": [
      22.764467261008,
      35.70574197505457,
      47.62991596567427,
      57.82556899093754,
      66.82621949088929,
      72.93282216359734,
      79.90053946643889,
      92.2523807978109
    ]
  },
  "formatting": {
    "maximumFractionDigits": 1,
    "suffix": "%"
  },
  "source": {
    "provider": "World Bank",
    "dataset": "World Development Indicators",
    "attribution": "The World Bank",
    "sourceReference": "https://api.worldbank.org/v2/indicator/SH.DTH.NCOM.ZS?format=json&per_page=1",
    "valuesReference": "https://api.worldbank.org/v2/country/all/indicator/SH.DTH.NCOM.ZS?format=json&per_page=20000&page=1&date=2015%3A2025",
    "license": "Creative Commons Attribution 4.0 International unless specifically labeled otherwise by World Bank metadata",
    "licenseReference": "https://www.worldbank.org/en/about/legal/terms-of-use-for-datasets",
    "retrievedAt": "2026-06-22T18:06:38.844299+00:00",
    "checksum": "0f5cdb37396442bc5d586766f4ff9b003119ac45c8debb6d3c69ff0f235b3e44",
    "sourceOrganization": "Global Health Estimates, World Health Organization (WHO), uri: https://www.who.int/data/gho/data/themes/mortality-and-global-health-estimates/ghe-leading-causes-of-death, note: Derived based on the data from Global Health Estimates  Deaths by Cause, Age, Sex, by Country and by Region, 2000-2021"
  },
  "reviewStatus": "approved",
  "contentVersion": "2026.06.22-exp2-qa1",
  "editorial": {
    "shortHook": "A candidate map for noncommunicable disease deaths.",
    "patternNote": "The darkest countries include Finland, China, Iceland, while the lightest include Central African Republic, Chad, Niger; that contrast is the fastest way to read the noncommunicable disease deaths pattern.",
    "whyItMatters": "Noncommunicable disease deaths may add useful WORLDPRINT variety once source coverage, unit clarity, map interest, and distractor ambiguity are reviewed.",
    "bestProbeCountries": [
      {
        "iso3": "FIN",
        "reason": "High anchor: this country sits near the darkest end of the map."
      },
      {
        "iso3": "CAF",
        "reason": "Low anchor: this country clarifies the lightest end of the scale."
      },
      {
        "iso3": "LBY",
        "reason": "Middle check: this country helps separate a true pattern from one-off outliers."
      }
    ],