{
  "schemaVersion": "1.1.0",
  "id": "nonhydro-renewable-electricity",
  "providerCode": "EG.ELC.RNWX.ZS",
  "title": "Electricity production from renewable sources, excluding hydroelectric (% of total)",
  "shortTitle": "Non-hydro renewable electricity",
  "category": "energy",
  "difficulty": "expert",
  "definition": "The share of electricity production from renewable sources of total electricity production. Electricity production from renewable sources, excluding hydroelectric, includes geothermal, solar, tides, wind, biomass, and biofuels.",
  "unit": "percent of electricity production",
  "year": 2021,
  "valuesByIso3": {
    "AFG": 6.57829189006628,
    "AGO": 18.8968817134301,
    "ALB": 0.465409506806516,
    "ARE": 4.20134583903604,
    "ARG": 9.06192102050542,
    "ARM": 2.10305876380251,
    "AUS": 20.937361139354,
    "AUT": 19.7907315280683,
    "AZE": 1.21956467171083,
    "BDI": 1.73876633536814,
    "BEL": 22.2006150416497,
    "BEN": 0.251332149200711,
    "BFA": 6.36428571428571,
    "BGD": 0.778793284365163,
    "BGR": 11.5396905482677,
    "BHS": 0.480875807854305,
    "BIH": 2.67587397496763,
    "BLR": 2.24690220422416,
    "BLZ": 59.4581971041569,
    "BOL": 8.50588019110621,
    "BRA": 22.0769155734794,
    "BRN": 0.0196525706264257,
    "BTN": 0.00813068223815507,
    "BWA": 0.248679398618448,
    "CAF": 0.292775924286784,
    "CAN": 7.92363867255995,
    "CHE": 7.62737458850533,
    "CHL": 26.1014678815697,
    "CHN": 12.856523818733,
    "CIV": 0.204169910891946,
    "CMR": -3.99067231980618,
    "COD": -9.18054923380367,
    "COG": 2.61823529411765,
    "COL": 0.984188735812692,
    "CRI": 26.4689487320405,
    "CUB": 4.157938101859,
    "CYP": 15.1349873022075,
    "CZE": 9.76659413044757,
    "DEU": 35.618008802309,
    "DJI": 35.3535353535354,
    "DNK": 78.9104689863843,
    "DOM": 9.05764594454968,
    "DZA": 0.900702658390912,
    "ECU": 1.55742844725896,
    "EGY": 5.13248677350747,
    "ERI": 5.05022831050228,
    "ESP": 35.0405924640555,
    "EST": 39.638117712382,
    "ETH": 6.04250920602106,
    "FIN": 31.0340672748953,
    "FJI": 9.95641327887278,
    "FRA": 11.2953633731132,
    "GAB": -17.1922336328626,
    "GBR": 37.8311738385223,
    "GEO": 0.844760775009885,
    "GHA": 0.768976149451347,
    "GIN": 0.744174980255571,
    "GMB": 1.60250694249828,
    "GNB": 7.08661417322835,
    "GNQ": -23.7704576976422,
    "GRC": 29.6693776843644,
    "GRL": 2.5368995746,
    "GTM": 17.6277989288249,
    "GUY": 7.10534573018678,
    "HND": 30.7630395683453,
    "HRV": 22.3596318211703,
    "HTI": 7.20160481444333,
    "HUN": 18.5575858250277,
    "IDN": 8.65237684146036,
    "IND": 9.20447543029223,
    "IRL": 33.9226301985763,
    "IRN": 0.79148438795092,
    "IRQ": 0.995172017680404,
    "ISL": 29.6429081268482,
    "ISR": 7.63056263212098,
    "ITA": 24.5491180306432,
    "JAM": 9.56257228776313,
    "JOR": 24.8339650896158,
    "JPN": 12.6418714359476,
    "KAZ": 2.99615912685309,
    "KEN": 48.3876050420168,
    "KGZ": 0.000924824943849914,
    "KHM": 4.9734651914227,
    "KOR": 5.51298275297892,
    "KWT": 0.265012812418762,
    "LAO": -9.99576997573302,
    "LBN": -0.85743400621118,
    "LBR": 1.69881821341675,
    "LBY": 0.0223947103636625,
    "LKA": 7.77126133363939,
    "LSO": 0.146248171897851,
    "LTU": 44.0901929893659,
    "LUX": 39.9950226244344,
    "LVA": 17.2909681833732,
    "MAR": 16.4714879819553,
    "MDA": 1.77133413461538,
    "MDG": 3.5647152528873,
    "MEX": 13.3777425127653,
    "MKD": 4.73368287832218,
    "MLI": 5.73223856692374,
    "MMR": 11.326171875,
    "MNE": 8.54608050847458,
    "MNG": 9.89896407910669,
    "MOZ": 0.72144182348264,
    "MRT": 19.3554142491133,
    "MWI": 7.600563575708,
    "MYS": -0.280070227294193,
    "NAM": 25.5812324929972,
    "NCL": 7.87484105983023,
    "NER": 7.8251273344652,
    "NGA": -0.406522880183232,
    "NIC": 55.2914787562307,
    "NLD": 33.055169026766,
    "NOR": 7.68654778941503,
    "NPL": -15.1222291278227,
    "NZL": 27.116630427473,
    "OMN": 1.93992360506721,
    "PAK": 7.8082244932443,
    "PAN": 10.3735646427096,
    "PER": 5.77832961864481,
    "PHL": 13.9807315418535,
    "PNG": 4.67103081085799,
    "POL": 15.7342385223041,
    "PRI": 4.37589948053246,
    "PRK": 0.26471850493543,
    "PRT": 38.5149179073736,
    "PRY": 0.66614385491974,
    "PSE": 24.4633507853403,
    "QAT": 0.276427644700916,
    "ROU": 15.0188498402556,
    "RUS": 0.490596127705673,
    "RWA": 5.16498993963783,
    "SAU": 0.0652981651937175,
    "SDN": -4.28573052870949,
    "SEN": 13.2915360501567,
    "SLB": 5.69467272551484,
    "SLE": 4.7829445388537,
    "SLV": 66.8595744680851,
    "SOM": 11.2132448947616,
    "SRB": 3.63917876291356,
    "SSD": 0.335664335664336,
    "SUR": -6.05665859564165,
    "SVK": 8.3955223880597,
    "SVN": 4.63750314940791,
    "SWE": 24.3611683488748,
    "SWZ": 27.4765342960289,
    "SYR": 0.371048519572098,
    "TCD": 4.61004784688995,
    "TGO": 11.7008,
    "THA": 17.2997083499576,
    "TJK": 3.33983300352334,
    "TKM": -0.00651408450704225,
    "TLS": 0.102282515073213,
    "TTO": 0.067595292085088,
    "TUN": 2.69209684787574,
    "TUR": 18.7108026636951,
    "TZA": 3.50960698689956,
    "UGA": 2.0631159969674,
    "UKR": 5.47085755537824,
    "URY": 51.393497968115,
    "USA": 14.0077934914494,
    "UZB": 0.109580594986197,
    "VEN": -6.82761231042314,
    "VNM": 10.1722062845034,
    "VUT": 14.4229553785868,
    "YEM": 10.4517755831057,
    "ZAF": 3.67059683870362,
    "ZMB": 1.34233980144404,
    "ZWE": 24.2186079545455
  },
  "stats": {
    "coverage": 169,
    "min": -23.7704576976422,
    "max": 78.9104689863843,
    "median": 6.57829189006628,
    "quantileBreaks": [
      -23.7704576976422,
      0.251332149200711,
      1.69881821341675,
      4.7829445388537,
      7.92363867255995,
      13.9807315418535,
      25.5812324929972,
      78.9104689863843
    ]
  },
  "formatting": {
    "maximumFractionDigits": 1,
    "suffix": "%"
  },
  "source": {
    "provider": "World Bank",
    "dataset": "World Development Indicators",
    "attribution": "The World Bank",
    "sourceReference": "https://api.worldbank.org/v2/indicator/EG.ELC.RNWX.ZS?format=json&per_page=1",
    "valuesReference": "https://api.worldbank.org/v2/country/all/indicator/EG.ELC.RNWX.ZS?format=json&per_page=20000&page=1&date=2015%3A2025",
    "license": "Creative Commons Attribution 4.0 International unless specifically labeled otherwise by World Bank metadata",
    "licenseReference": "https://www.worldbank.org/en/about/legal/terms-of-use-for-datasets",
    "retrievedAt": "2026-06-22T18:07:01.890200+00:00",
    "checksum": "233fb13cf363f420b077532e9fc2315528ec2caefcedff7140c4ca9a6214fbbb",
    "sourceOrganization": "IEA Energy Statistics Data Browser, International Energy Agency (IEA), uri: https://www.iea.org/data-and-statistics/data-tools/energy-statistics-data-browser, publisher: International Energy Agency (IEA), date accessed: 2025-03-25"
  },
  "reviewStatus": "approved",
  "contentVersion": "2026.06.22-exp2-qa1",
  "editorial": {
    "shortHook": "A candidate map for non-hydro renewable electricity.",
    "patternNote": "The darkest countries include Denmark, El Salvador, Belize, while the lightest include Equatorial Guinea, Gabon, Nepal; that contrast is the fastest way to read the non-hydro renewable electricity pattern.",
    "whyItMatters": "Non-hydro renewable electricity may add useful WORLDPRINT variety once source coverage, unit clarity, map interest, and distractor ambiguity are reviewed.",
    "bestProbeCountries": [
      {
        "iso3": "DNK",
        "reason": "High anchor: this country sits near the darkest end of the map."
      },
      {
        "iso3": "GNQ",
        "reason": "Low anchor: this country clarifies the lightest end of the scale."
      },
      {
        "iso3": "AFG",
        "reason": "Middle check: this country helps separate a true pattern from one-off outliers."
      }
    ],