{
  "schemaVersion": "1.1.0",
  "id": "nonperforming-loans",
  "providerCode": "FB.AST.NPER.ZS",
  "title": "Bank nonperforming loans to total gross loans (%)",
  "shortTitle": "Nonperforming loans",
  "category": "economy",
  "difficulty": "expert",
  "definition": "The indicator measures the proportion of a deposit taker’s loan portfolio that is impaired or at risk of default. It is calculated as the ratio of non-performing loans (NPLs) to total gross loans, where NPLs are defined as loans that are past due by 90 days or more or are otherwise considered unlikely to be repaid in full without the realization of collateral. Both non-performing loans and total gross loans should be reported at their gross book value, without deducting for loan-loss provisions or collateral. This indicator provides a key measure of asset quality and potential credit risk in the banking system.",
  "unit": "percent of total gross loans",
  "year": 2023,
  "valuesByIso3": {
    "AGO": 10.1987233405644,
    "ALB": 4.55680329892816,
    "ARE": 5.30826886216617,
    "ARG": 3.54904853535679,
    "ARM": 2.14617019955882,
    "AUS": 0.853813554299551,
    "AUT": 2.52563805409574,
    "AZE": 1.92600191309967,
    "BDI": 2.76526732032198,
    "BEL": 1.82074761185815,
    "BGD": 9.56912775275672,
    "BGR": 3.61815842974246,
    "BIH": 3.81728314596027,
    "BLR": 5.04826148064429,
    "BLZ": 3.94447522875082,
    "BOL": 2.85427150819813,
    "BRA": 2.84264311217319,
    "BTN": 2.37931186892763,
    "BWA": 3.66840873939199,
    "CAF": 16.2214322902641,
    "CAN": 0.454242517964679,
    "CHE": 0.758483325820007,
    "CHL": 2.10437903634883,
    "CHN": 1.59268926761592,
    "CMR": 12.8860295558918,
    "COD": 6.56280017814422,
    "COG": 15.2215059695211,
    "COL": 3.47221378199867,
    "CRI": 1.96397268266407,
    "CYP": 6.10873133673663,
    "CZE": 1.2057002207719,
    "DEU": 1.53513253215757,
    "DJI": 4.00934221417559,
    "DNK": 1.72247998134321,
    "DOM": 0.929892935623627,
    "DZA": 20.8822355092816,
    "ECU": 4.72096477321848,
    "ESP": 3.06080280402449,
    "EST": 1.08370113079837,
    "FIN": 1.28844729523889,
    "FRA": 2.06122418440948,
    "GAB": 7.57502661808912,
    "GBR": 0.970314059008282,
    "GEO": 2.51612400397744,
    "GHA": 20.5784141422521,
    "GIN": 8.9092709671129,
    "GNQ": 31.1481310604313,
    "GRC": 5.95812847046635,
    "GTM": 1.74956100410214,
    "HND": 2.06176060223595,
    "HRV": 3.59717600090012,
    "HUN": 3.18825349284604,
    "IDN": 1.95628264361571,
    "IND": 3.35890319602042,
    "IRL": 1.27071424651771,
    "IRQ": 14.66410619547,
    "ISL": 1.57785500427557,
    "ISR": 0.971523456197714,
    "ITA": 2.7140816371624,
    "JOR": 6.87127591284335,
    "KAZ": 2.89155208307547,
    "KEN": 12.3355513614636,
    "KGZ": 8.92093336030227,
    "KHM": 5.12511593075779,
    "KOR": 0.263676055649087,
    "KWT": 1.42363947712583,
    "LKA": 13.1079211175582,
    "LSO": 3.83883392253685,
    "LTU": 0.438033614482931,
    "LUX": 1.86074359634703,
    "LVA": 2.4334303280295,
    "MAR": 8.48309408041805,
    "MDA": 5.55507507352677,
    "MDG": 7.73785091249538,
    "MEX": 2.07732748969618,
    "MKD": 2.66786768882009,
    "MNE": 5.77896086081471,
    "MNG": 5.08073602028948,
    "MOZ": 8.23376666272939,
    "MWI": 5.09546372435375,
    "MYS": 1.65317552035746,
    "NAM": 5.79376872969596,
    "NGA": 4.38335469502686,
    "NIC": 1.54355438319507,
    "NLD": 1.55160063687098,
    "NOR": 0.375146721887061,
    "NPL": 3.77535420144652,
    "PAK": 6.6275019888851,
    "PAN": 2.56931692949525,
    "PER": 4.48043564056431,
    "PHL": 3.18581223118339,
    "PNG": 5.41890192594108,
    "POL": 2.32399482814849,
    "PRT": 3.13622776694512,
    "PRY": 3.01257810747373,
    "PSE": 3.41872677629682,
    "ROU": 2.90081433195069,
    "RUS": 4.50692606999785,
    "RWA": 4.6428027275821,
    "SAU": 1.51347587802945,
    "SLB": 9.38547972649274,
    "SLV": 1.77470500100184,
    "SOM": 2.26632125393185,
    "SVK": 1.99250796599292,
    "SVN": 1.5154631696917,
    "SWE": 0.381163170019899,
    "SWZ": 6.86940333741661,
    "TCD": 31.5108722767164,
    "THA": 2.7575864291698,
    "TTO": 2.79665804544483,
    "TUR": 1.48012751953029,
    "TZA": 4.19231066082799,
    "UGA": 4.49675369389608,
    "UKR": 37.3513584049094,
    "URY": 1.6507725638992,
    "USA": 0.846592385960373,
    "UZB": 3.45445449013674,
    "VNM": 5.40935233043068,
    "ZAF": 4.72216238902933,
    "ZMB": 4.21601675932856
  },
  "stats": {
    "coverage": 120,
    "min": 0.263676055649087,
    "max": 37.3513584049094,
    "median": 3.187032862014715,
    "quantileBreaks": [
      0.263676055649087,
      1.51347587802945,
      1.99250796599292,
      2.79665804544483,
      3.66840873939199,
      5.08073602028948,
      8.23376666272939,
      37.3513584049094
    ]
  },
  "formatting": {
    "maximumFractionDigits": 1,
    "suffix": "%"
  },
  "source": {
    "provider": "World Bank",
    "dataset": "World Development Indicators",
    "attribution": "The World Bank",
    "sourceReference": "https://api.worldbank.org/v2/indicator/FB.AST.NPER.ZS?format=json&per_page=1",
    "valuesReference": "https://api.worldbank.org/v2/country/all/indicator/FB.AST.NPER.ZS?format=json&per_page=20000&page=1&date=2015%3A2025",
    "license": "Creative Commons Attribution 4.0 International unless specifically labeled otherwise by World Bank metadata",
    "licenseReference": "https://www.worldbank.org/en/about/legal/terms-of-use-for-datasets",
    "retrievedAt": "2026-07-02T22:50:06.135354+00:00",
    "checksum": "c36e49bd0cf1c30d7e07b8d05c3aee58f9034466210cde3c20d3b8e09d5f6324",
    "sourceOrganization": "Financial Soundness Indicators, International Monetary Fund (IMF), uri: https://data.imf.org/en/datasets/IMF:EXTERNAL_DATASET_CARDS/IMF.STA:LFSI"
  },
  "reviewStatus": "approved",
  "contentVersion": "2026.07.02-exp4-content50",
  "editorial": {
    "shortHook": "A banking-stress map.",
    "patternNote": "The darkest countries include Ukraine, Chad, Equatorial Guinea, while the lightest include Korea, Rep., Norway, Sweden; that contrast is the fastest way to read the nonperforming loans pattern.",
    "whyItMatters": "Nonperforming loans can expose banking stress and credit cycles that ordinary income maps miss.",
    "bestProbeCountries": [
      {
        "iso3": "UKR",
        "reason": "High anchor: this country sits near the darkest end of the map."
      },
      {
        "iso3": "KOR",
        "reason": "Low anchor: this country clarifies the lightest end of the scale."
      },
      {
        "iso3": "HUN",
        "reason": "Middle check: this country helps separate a true pattern from one-off outliers."
      }
    ],
    "commonConfusions": [
      {
        "confusedWithIndicatorCode": "NY.GNP.PCAP.CD",
        "reason": "GNI per capita can tempt players because it shares a strong country ranking with this map, but its unit and definition point to a different story."
      },
      {
        "confusedWithIndicatorCode": "SH_UHC_SCI",
        "reason": "UHC service coverage can tempt players because it shares a strong country ranking with this map, but its unit and definition point to a different story."
      },
      {
        "confusedWithIndicatorCode": "NY.GDP.PCAP.CD",
        "reason": "GDP per capita can tempt players because it shares a strong country ranking with this map, but its unit and definition point to a different story."
      }
    ],
    "difficultyReason": "Expert difficulty: the map can be mistaken for adjacent indicators unless players probe a high, low, and middle country.",
    "dataCaveat": "Coverage just clears the source gate and banking data can be volatile.",
    "regionalSignals": [
      "Economic-share maps are not the same as raw totals.",
      "Small open economies can dominate percentage maps."
    ]
  },
  "editorialReview": {
    "status": "expert_only",
    "reviewedAt": "2026-07-02",
    "reviewedBy": "Codex editorial QA",
    "qualityScore": 3,
    "funScore": 4,