{
  "schemaVersion": "1.1.0",
  "id": "oil-electricity-share",
  "providerCode": "EG.ELC.PETR.ZS",
  "title": "Electricity production from oil sources (% of total)",
  "shortTitle": "Oil electricity share",
  "category": "energy",
  "difficulty": "expert",
  "definition": "The share of electricity production from oil sources of total electricity production. Sources of electricity refer to the inputs used to generate electricity. Oil refers to crude oil and petroleum products.",
  "unit": "percent of electricity production",
  "year": 2023,
  "valuesByIso3": {
    "AGO": 17.1645118145341,
    "ARE": 0.540195305971397,
    "ARG": 5.81030700278604,
    "AUS": 1.77211684895473,
    "AUT": 1.04198631142182,
    "AZE": 0.36171301825627,
    "BEL": 0.217539414077908,
    "BEN": 24.6487867177522,
    "BFA": 79.0529247910864,
    "BGD": 21.6877377932784,
    "BGR": 0.698049931685505,
    "BIH": 0.430608088449229,
    "BLR": 3.97516123618404,
    "BOL": 1.61236424394319,
    "BRA": 1.28364207824804,
    "BRN": 0.730707538763144,
    "BWA": 0.836690424542919,
    "CAN": 0.739966066457926,
    "CHE": 0.0390535572403948,
    "CHL": 1.80461449891502,
    "CHN": 0.0956372007867995,
    "CIV": 5.36187113857017,
    "CMR": 4.19734904270987,
    "COD": 0.0448564593301435,
    "COG": 1.32107983917289,
    "COL": 4.05179849667858,
    "CRI": 5.06160506160506,
    "CUB": 83.3232445520581,
    "CYP": 79.4895852880465,
    "CZE": 0.11557841151109,
    "DEU": 1.04946266808106,
    "DNK": 0.708526028696786,
    "DOM": 14.900894218486,
    "DZA": 0.279209846591444,
    "ECU": 23.9070188337764,
    "EGY": 11.4210012550551,
    "ERI": 89.6907216494845,
    "ESP": 3.24891562893522,
    "EST": 0.31331592689295,
    "ETH": 0.00974801384217966,
    "FIN": 0.277164581800343,
    "FRA": 1.17642582657992,
    "GAB": 16.8686224489796,
    "GBR": 0.663649152853386,
    "GHA": 2.25399703313005,
    "GNQ": 0.549450549450549,
    "GRC": 9.39378155300905,
    "GTM": 17.621736062103,
    "HND": 47.4219867104046,
    "HRV": 0.210934382304316,
    "HUN": 0.154733436488958,
    "IDN": 1.97849859271905,
    "IND": 0.209032120379952,
    "IRL": 0.706392063292729,
    "IRN": 14.8198910286861,
    "IRQ": 46.6964767025585,
    "ISL": 0.0197599170083486,
    "ISR": 0.261120467927879,
    "ITA": 3.84978618595023,
    "JAM": 29.4507373370378,
    "JOR": 3.74884424644868,
    "JPN": 3.00753604455402,
    "KAZ": 0.436677378174935,
    "KEN": 10.2731638195702,
    "KGZ": 0.389189189189189,
    "KHM": 0.32967032967033,
    "KOR": 1.20274773410187,
    "KWT": 37.2496222320688,
    "LBN": 66.3671373555841,
    "LBY": 26.1956972678243,
    "LKA": 20.4743032472513,
    "LTU": 3.57979257276681,
    "LUX": 0.0,
    "LVA": 0.0313136057617035,
    "MAR": 4.18201368076685,
    "MDA": 4.66926070038911,
    "MDG": 33.4850208570345,
    "MEX": 7.313616872481,
    "MKD": 7.63636363636364,
    "MMR": 0.600171477565019,
    "MNG": 5.6125528062764,
    "MOZ": 0.798473359112138,
    "MYS": 1.06225322044086,
    "NAM": 0.317460317460317,
    "NER": 73.8555442522889,
    "NIC": 37.5027624309392,
    "NLD": 1.25780993094377,
    "NOR": 0.00839278220730172,
    "NZL": 0.00895615959876405,
    "OMN": 1.74670538306902,
    "PAK": 11.387014088052,
    "PAN": 14.5919145690313,
    "PER": 0.481559397804221,
    "PHL": 1.1040220973878,
    "POL": 1.2015869791231,
    "PRK": 2.94444885957244,
    "PRT": 2.52227636971637,
    "PRY": 0.00188533398691578,
    "ROU": 1.17105308544031,
    "RUS": 0.79651509582884,
    "RWA": 7.23905723905724,
    "SAU": 41.1459595604973,
    "SDN": 19.1909362619031,
    "SEN": 84.6990389479009,
    "SLV": 8.71898854961832,
    "SRB": 0.049966272765883,
    "SSD": 96.1605584642234,
    "SUR": 38.2823871906841,
    "SVK": 1.36441159749858,
    "SVN": 0.0377881345257589,
    "SWE": 0.117404104929166,
    "SYR": 44.7587420981035,
    "TCD": 97.4063400576369,
    "TGO": 0.278551532033426,
    "THA": 1.65419054806535,
    "TTO": 0.36807235250815,
    "TUN": 0.122209165687427,
    "TUR": 0.363885634217933,
    "TZA": 3.65922844175492,
    "UGA": 2.68199233716475,
    "UKR": 0.134970724659722,
    "URY": 7.48840803709428,
    "USA": 0.743553284990878,
    "UZB": 2.82800559681412,
    "VEN": 4.63082763425419,
    "VNM": 1.2849614621044,
    "YEM": 88.3978976056064,
    "ZAF": 3.53932902764392,
    "ZMB": 0.0410930758167249
  },
  "stats": {
    "coverage": 129,
    "min": 0.0,
    "max": 97.4063400576369,
    "median": 1.77211684895473,
    "quantileBreaks": [
      0.0,
      0.20957562378691313,
      0.5784339369445317,
      1.2025819119620458,
      3.290403257322176,
      7.551817579638293,
      28.520725888691064,
      97.4063400576369
    ]
  },
  "formatting": {
    "maximumFractionDigits": 1,
    "suffix": "%"
  },
  "source": {
    "provider": "World Bank",
    "dataset": "World Development Indicators",
    "attribution": "The World Bank",
    "sourceReference": "https://api.worldbank.org/v2/indicator/EG.ELC.PETR.ZS?format=json&per_page=1",
    "valuesReference": "https://api.worldbank.org/v2/country/all/indicator/EG.ELC.PETR.ZS?format=json&per_page=20000&page=1&date=2015%3A2025",
    "license": "Creative Commons Attribution 4.0 International unless specifically labeled otherwise by World Bank metadata",
    "licenseReference": "https://www.worldbank.org/en/about/legal/terms-of-use-for-datasets",
    "retrievedAt": "2026-06-22T18:07:00.151611+00:00",
    "checksum": "d6d12822e08356eb26ca572fe2ad58c3777f86e81449f1f5c552dcc1895fea43",
    "sourceOrganization": "IEA Energy Statistics Data Browser, International Energy Agency (IEA), uri: https://www.iea.org/data-and-statistics/data-tools/energy-statistics-data-browser, publisher: International Energy Agency (IEA), date accessed: 2025-03-25"
  },
  "reviewStatus": "approved",
  "contentVersion": "2026.06.22-exp2-qa1",
  "editorial": {
    "shortHook": "A candidate map for oil electricity share.",
    "patternNote": "The darkest countries include Chad, South Sudan, Eritrea, while the lightest include Luxembourg, Paraguay, Norway; that contrast is the fastest way to read the oil electricity share pattern.",
    "whyItMatters": "Oil electricity share may add useful WORLDPRINT variety once source coverage, unit clarity, map interest, and distractor ambiguity are reviewed.",
    "bestProbeCountries": [
      {
        "iso3": "TCD",
        "reason": "High anchor: this country sits near the darkest end of the map."
      },
      {
        "iso3": "LUX",
        "reason": "Low anchor: this country clarifies the lightest end of the scale."
      },
      {
        "iso3": "AUS",
        "reason": "Middle check: this country helps separate a true pattern from one-off outliers."
      }
    ],
    "commonConfusions": [
      {
        "confusedWithIndicatorCode": "SE.SEC.ENRR",
        "reason": "Secondary enrollment overlaps with part of the visible pattern, but the full country spread does not match."
      },
      {
        "confusedWithIndicatorCode": "SH.STA.ODFC.ZS",
        "reason": "Open defecation overlaps with part of the visible pattern, but the full country spread does not match."
      },
      {
        "confusedWithIndicatorCode": "NY.ADJ.DPEM.GN.ZS",
        "reason": "Particulate emission damage overlaps with part of the visible pattern, but the full country spread does not match."
      }
    ],
    "difficultyReason": "Expert difficulty: the map can be mistaken for adjacent indicators unless players probe a high, low, and middle country.",
    "regionalSignals": [
      "Energy maps often separate access, consumption, and production mix.",
      "Look for hydro, fossil-fuel, and low-access signals."
    ]
  },
  "editorialReview": {
    "status": "needs_review",
    "reviewedAt": "2026-06-22",
    "reviewedBy": "pipeline-default-needs-review",
    "qualityScore": 2,
    "funScore": 2,
    "fairnessScore": 2,
    "ambiguityRisk": "medium",
    "dailyEligible": false,
    "practiceEligible": false,
    "challengeEligible": false,