{
  "schemaVersion": "1.1.0",
  "id": "older-adults-share",
  "providerCode": "SP.POP.65UP.TO.ZS",
  "title": "Population ages 65 and above (% of total population)",
  "shortTitle": "Population ages 65+",
  "category": "demography",
  "difficulty": "intro",
  "definition": "Population ages 65 and above as a percentage of the total population. Population is based on the de facto definition of population, which counts all residents regardless of legal status or citizenship.",
  "unit": "percent of population",
  "year": 2025,
  "valuesByIso3": {
    "AFG": 2.42557886023075,
    "AGO": 2.89492414306917,
    "ALB": 17.6221063807332,
    "ARE": 1.79231447206064,
    "ARG": 12.634433938217,
    "ARM": 14.4428643549941,
    "AUS": 18.0930147394386,
    "AUT": 21.094709934873,
    "AZE": 9.16837192948103,
    "BDI": 2.54810935578364,
    "BEL": 20.9608828531757,
    "BEN": 3.15305462207379,
    "BFA": 2.68420882108847,
    "BGD": 6.66842350416686,
    "BGR": 22.2355986271326,
    "BHS": 12.094434071694,
    "BIH": 22.8598779877873,
    "BLR": 18.2845697904208,
    "BLZ": 5.22800786902611,
    "BOL": 5.74004562527309,
    "BRA": 11.4803394567154,
    "BRN": 7.23853575950962,
    "BTN": 6.62730338284496,
    "BWA": 4.08292423233554,
    "CAF": 2.19798298001082,
    "CAN": 20.2603673865917,
    "CHE": 20.4321204316855,
    "CHL": 14.5897458504493,
    "CHN": 14.9114314271952,
    "CIV": 2.65345754900338,
    "CMR": 2.81759096595751,
    "COD": 3.08388348450007,
    "COG": 3.06138374079353,
    "COL": 10.2001032818786,
    "CRI": 12.7519673196907,
    "CUB": 17.0350080804476,
    "CYP": 14.9323292144324,
    "CZE": 21.1800713896599,
    "DEU": 23.7031981458429,
    "DJI": 4.97206050453666,
    "DNK": 21.1189674580971,
    "DOM": 8.1878526489375,
    "DZA": 6.80593085174533,
    "ECU": 8.59643215029763,
    "EGY": 5.27119509818337,
    "ERI": 4.2581056905137,
    "ESP": 21.64208099744,
    "EST": 21.8016309684638,
    "ETH": 3.2957318380591,
    "FIN": 24.2018896456272,
    "FJI": 6.63486057239182,
    "FRA": 22.5418906984086,
    "GAB": 4.13008683137499,
    "GBR": 19.7026932546935,
    "GEO": 15.9913346858712,
    "GHA": 3.78769586621254,
    "GIN": 3.47302636663564,
    "GMB": 3.18495882311462,
    "GNB": 3.23723113648942,
    "GNQ": 3.76410096619379,
    "GRC": 24.3998585549859,
    "GRL": 11.5302854990178,
    "GTM": 4.9632752647752,
    "GUY": 6.98073891189565,
    "HND": 4.54210281541647,
    "HRV": 23.6095692486799,
    "HTI": 4.79172202171568,
    "HUN": 21.1574623970403,
    "IDN": 7.542769252795,
    "IND": 7.37657146047502,
    "IRL": 16.2081043488942,
    "IRN": 8.58114314727287,
    "IRQ": 3.44918716140232,
    "ISL": 15.9770103398231,
    "ISR": 12.6916264748788,
    "ITA": 25.0981380733118,
    "JAM": 8.57907476972342,
    "JOR": 4.75359341712725,
    "JPN": 29.9940966737423,
    "KAZ": 9.00270150466414,
    "KEN": 3.02095116077232,
    "KGZ": 5.96557151306138,
    "KHM": 6.37709648006975,
    "KOR": 20.3304188408974,
    "KWT": 3.17490130225807,
    "LAO": 4.80805045518916,
    "LBN": 10.4430002937898,
    "LBR": 3.33493509045042,
    "LBY": 5.19156895615632,
    "LKA": 12.4747139630238,
    "LSO": 3.88046584377219,
    "LTU": 20.7219454695688,
    "LUX": 15.8123957037476,
    "LVA": 22.1950582635891,
    "MAR": 8.45030687649506,
    "MDA": 16.8576673952236,
    "MDG": 3.47289998087395,
    "MEX": 8.52143438004228,
    "MKD": 18.5237163487965,
    "MLI": 2.36307876540972,
    "MMR": 7.52222015681565,
    "MNE": 18.2940089675043,
    "MNG": 5.43106536635296,
    "MOZ": 2.73388102426795,
    "MRT": 3.24673388253332,
    "MWI": 2.58857988227872,
    "MYS": 8.03318142685505,
    "NAM": 3.79304753450455,
    "NCL": 11.7777220967518,
    "NER": 2.61799886961133,
    "NGA": 3.06953631021894,
    "NIC": 5.69755099606108,
    "NLD": 20.8687702211484,
    "NOR": 19.080223244558,
    "NPL": 6.62418872502616,
    "NZL": 17.6093066526984,
    "OMN": 2.6870391801832,
    "PAK": 4.36186248416949,
    "PAN": 9.65704983976816,
    "PER": 9.46656075708863,
    "PHL": 5.72400622201301,
    "PNG": 3.58807085542753,
    "POL": 20.75382733073,
    "PRI": 25.2728697076413,
    "PRK": 12.7100800151323,
    "PRT": 24.9426193763087,
    "PRY": 6.71858395975233,
    "PSE": 3.85167300191802,
    "QAT": 1.70081503237359,
    "ROU": 20.1384043774039,
    "RUS": 17.7917873832619,
    "RWA": 4.02416636497719,
    "SAU": 3.05678115419144,
    "SDN": 3.38701560944597,
    "SEN": 3.64616639269883,
    "SLB": 3.66871341943646,
    "SLE": 3.28364812148674,
    "SLV": 8.30913126582456,
    "SOM": 2.61747052453864,
    "SRB": 23.050411277315,
    "SSD": 3.07528935608692,
    "SUR": 8.19129483472689,
    "SVK": 19.0363041680723,
    "SVN": 22.2111482273631,
    "SWE": 20.9127967529707,
    "SWZ": 4.34585495321508,
    "SYR": 4.83918173649451,
    "TCD": 2.11894758567596,
    "TGO": 3.4768505984781,
    "THA": 16.017421033045,
    "TJK": 4.06783017305471,
    "TKM": 4.80778752954433,
    "TLS": 5.22929748839898,
    "TTO": 12.9254775320864,
    "TUN": 9.9376502855836,
    "TUR": 10.5709408311479,
    "TZA": 3.04176368097549,
    "UGA": 2.22850221312123,
    "UKR": 18.9717382539904,
    "URY": 16.2818995428825,
    "USA": 18.387224828496,
    "UZB": 6.06931428854572,
    "VEN": 10.0182554931645,
    "VNM": 9.49453578200007,
    "VUT": 4.3788357515164,
    "YEM": 2.54534547337627,
    "ZAF": 6.88503097027824,
    "ZMB": 2.00005028777659,
    "ZWE": 3.56147602516578
  },
  "stats": {
    "coverage": 169,
    "min": 1.70081503237359,
    "max": 29.9940966737423,
    "median": 7.37657146047502,
    "quantileBreaks": [
      1.70081503237359,
      3.07528935608692,
      4.02416636497719,
      5.96557151306138,
      9.00270150466414,
      15.8123957037476,
      20.7219454695688,
      29.9940966737423
    ]
  },
  "formatting": {
    "maximumFractionDigits": 1,
    "suffix": "%"
  },
  "source": {
    "provider": "World Bank",
    "dataset": "World Development Indicators",
    "attribution": "The World Bank",
    "sourceReference": "https://api.worldbank.org/v2/indicator/SP.POP.65UP.TO.ZS?format=json&per_page=1",
    "valuesReference": "https://api.worldbank.org/v2/country/all/indicator/SP.POP.65UP.TO.ZS?format=json&per_page=20000&page=1&date=2015%3A2025",
    "license": "Creative Commons Attribution 4.0 International unless specifically labeled otherwise by World Bank metadata",
    "licenseReference": "https://www.worldbank.org/en/about/legal/terms-of-use-for-datasets",
    "retrievedAt": "2026-07-02T22:06:12.881109+00:00",
    "checksum": "6e2d30e9143dc92989e408ebe97380a072d8aaab3c3ea97d82986c1fa667e8c6",
    "sourceOrganization": "World Population Prospects, United Nations (UN), publisher: UN Population Division"
  },
  "reviewStatus": "approved",
  "contentVersion": "2026.07.02-exp4-content50",
  "editorial": {
    "shortHook": "The aging map.",
    "patternNote": "The darkest countries include Japan, Puerto Rico (US), Italy, while the lightest include Qatar, United Arab Emirates, Zambia; that contrast is the fastest way to read the population ages 65+ pattern.",
    "whyItMatters": "Older-adult shares expose population aging, pension pressure, and long-run demographic transition.",
    "bestProbeCountries": [
      {
        "iso3": "JPN",
        "reason": "High anchor: this country sits near the darkest end of the map."
      },
      {
        "iso3": "QAT",
        "reason": "Low anchor: this country clarifies the lightest end of the scale."
      },
      {
        "iso3": "IND",
        "reason": "Middle check: this country helps separate a true pattern from one-off outliers."
      }
    ],
    "commonConfusions": [
      {
        "confusedWithIndicatorCode": "SP.DYN.CBRT.IN",
        "reason": "Birth rate can tempt players because it shares a strong country ranking with this map, but its unit and definition point to a different story."
      },
      {
        "confusedWithIndicatorCode": "SP.POP.0014.TO.ZS",