{
  "schemaVersion": "1.1.0",
  "id": "older-adults-share",
  "providerCode": "SP.POP.65UP.TO.ZS",
  "title": "Population ages 65 and above (% of total population)",
  "shortTitle": "Population ages 65+",
  "category": "demography",
  "difficulty": "intro",
  "definition": "Population ages 65 and above as a percentage of the total population. Population is based on the de facto definition of population, which counts all residents regardless of legal status or citizenship.",
  "unit": "percent of population",
  "year": 2024,
  "valuesByIso3": {
    "AFG": 2.400970026561,
    "AGO": 2.85242119224488,
    "ALB": 16.922756199529,
    "ARE": 1.76696037563358,
    "ARG": 12.4160041547474,
    "ARM": 13.7027691969357,
    "AUS": 17.7300159228367,
    "AUT": 20.6064031791903,
    "AZE": 8.5557671289167,
    "BDI": 2.53180465590806,
    "BEL": 20.5580809256443,
    "BEN": 3.11814703786092,
    "BFA": 2.65177208111112,
    "BGD": 6.49846299627493,
    "BGR": 22.0303362606903,
    "BHS": 11.7758539484603,
    "BIH": 22.2302388589029,
    "BLR": 17.6665640538227,
    "BLZ": 5.02383883818482,
    "BOL": 5.64147449734418,
    "BRA": 11.0491844889702,
    "BRN": 6.8678459937565,
    "BTN": 6.49423991297806,
    "BWA": 4.03589409389962,
    "CAF": 2.15107257700903,
    "CAN": 19.7995907648324,
    "CHE": 20.0190518226838,
    "CHL": 14.1350862568788,
    "CHN": 14.665268836569,
    "CIV": 2.60896849556103,
    "CMR": 2.79479868376124,
    "COD": 3.07557777105384,
    "COG": 2.98559394254915,
    "COL": 9.77843560750778,
    "CRI": 12.2251559968888,
    "CUB": 16.5690797350002,
    "CYP": 14.616184268068,
    "CZE": 20.8453836809891,
    "DEU": 23.1955871731941,
    "DJI": 4.85081139911801,
    "DNK": 20.8660704666167,
    "DOM": 7.87947502690208,
    "DZA": 6.58221207266603,
    "ECU": 8.34399866229053,
    "EGY": 5.11629539338187,
    "ERI": 4.20287571879535,
    "ESP": 21.1454438932121,
    "EST": 21.2973321004949,
    "ETH": 3.22998448410868,
    "FIN": 23.8972369428395,
    "FJI": 6.48697651983669,
    "FRA": 22.1465618989138,
    "GAB": 4.08255139966242,
    "GBR": 19.4997673608515,
    "GEO": 15.6376865642243,
    "GHA": 3.70833260535242,
    "GIN": 3.45511630785822,
    "GMB": 3.07823857897907,
    "GNB": 3.191856640828,
    "GNQ": 3.68789387041011,
    "GRC": 23.939763430194,
    "GRL": 10.8086569543065,
    "GTM": 4.84933494994855,
    "GUY": 6.73491868776595,
    "HND": 4.41772213694935,
    "HRV": 23.1877713482095,
    "HTI": 4.70521824612954,
    "HUN": 20.9931972318078,
    "IDN": 7.28860130431549,
    "IND": 7.14651714039908,
    "IRL": 15.8920783803289,
    "IRN": 8.23901267627149,
    "IRQ": 3.41438792372575,
    "ISL": 15.6448154592516,
    "ISR": 12.5526937672772,
    "ITA": 24.624776723376,
    "JAM": 8.20960314175773,
    "JOR": 4.52316375593402,
    "JPN": 29.7807703973917,
    "KAZ": 8.65323470294214,
    "KEN": 2.96616899017204,
    "KGZ": 5.68194389959712,
    "KHM": 6.16370427229448,
    "KOR": 19.2735131316057,
    "KWT": 3.1048387301063,
    "LAO": 4.66578436383138,
    "LBN": 10.1385877257367,
    "LBR": 3.30499818540316,
    "LBY": 5.01919584859714,
    "LKA": 12.1039396323455,
    "LSO": 3.8564059343144,
    "LTU": 20.1664889015269,
    "LUX": 15.4763638200631,
    "LVA": 21.7358403074143,
    "MAR": 8.13865292437289,
    "MDA": 16.2115124727323,
    "MDG": 3.40515250513719,
    "MEX": 8.24857017950351,
    "MKD": 18.0247601630052,
    "MLI": 2.38401749806275,
    "MMR": 7.3044263357285,
    "MNE": 17.8320804850907,
    "MNG": 5.13764767489369,
    "MOZ": 2.75374348509978,
    "MRT": 3.22841423141255,
    "MWI": 2.58611915815843,
    "MYS": 7.73785157794421,
    "NAM": 3.67296001393999,
    "NCL": 11.4260036666274,
    "NER": 2.59438183698921,
    "NGA": 3.04866208065127,
    "NIC": 5.5335856079826,
    "NLD": 20.4960775816586,
    "NOR": 18.7852406279027,
    "NPL": 6.50345841831696,
    "NZL": 17.1957543080631,
    "OMN": 2.64409723076876,
    "PAK": 4.28062891951199,
    "PAN": 9.35311257011009,
    "PER": 9.22812283852747,
    "PHL": 5.49193411039176,
    "PNG": 3.46461445686932,
    "POL": 20.1434028173028,
    "PRI": 24.718679022048,
    "PRK": 12.399869609303,
    "PRT": 24.5306498594644,
    "PRY": 6.53764608747996,
    "PSE": 3.83773428275027,
    "QAT": 1.67581729963329,
    "ROU": 19.9809987731847,
    "RUS": 17.1774753758315,
    "RWA": 3.92606803328137,
    "SAU": 2.95084263846487,
    "SDN": 3.30171309271226,
    "SEN": 3.61772273671508,
    "SLB": 3.63880282910847,
    "SLE": 3.24269579256476,
    "SLV": 8.14861585944133,
    "SOM": 2.591583390547,
    "SRB": 22.6860376805019,
    "SSD": 2.99167528264649,
    "SUR": 7.89928297955175,
    "SVK": 18.5373993543753,
    "SVN": 21.7723491779025,
    "SWE": 20.7467682423653,
    "SWZ": 4.26195555838067,
    "SYR": 4.74170917120154,
    "TCD": 2.10053656012627,
    "TGO": 3.21344647749391,
    "THA": 15.3627543814492,
    "TJK": 3.85166927070363,
    "TKM": 4.53024308431045,
    "TLS": 5.2777020186515,
    "TTO": 12.3783519031106,
    "TUN": 9.52962134652384,
    "TUR": 10.2841810756946,
    "TZA": 3.04500104922455,
    "UGA": 2.18856638123782,
    "UKR": 18.9624484896371,
    "URY": 16.0451929855644,
    "USA": 17.9287302134033,
    "UZB": 5.86451589287555,
    "VEN": 9.67921120184184,
    "VNM": 9.04718319297274,
    "VUT": 4.29574940317746,
    "YEM": 2.52303760097367,
    "ZAF": 6.69054794339382,
    "ZMB": 1.9467528327704,
    "ZWE": 3.60165374437779
  },
  "stats": {
    "coverage": 169,
    "min": 1.67581729963329,
    "max": 29.7807703973917,
    "median": 7.14651714039908,
    "quantileBreaks": [
      1.67581729963329,
      3.04866208065127,
      3.8564059343144,
      5.68194389959712,
      8.5557671289167,
      15.3627543814492,
      20.1434028173028,
      29.7807703973917
    ]
  },
  "formatting": {
    "maximumFractionDigits": 1,
    "suffix": "%"
  },
  "source": {
    "provider": "World Bank",
    "dataset": "World Development Indicators",
    "attribution": "The World Bank",
    "sourceReference": "https://api.worldbank.org/v2/indicator/SP.POP.65UP.TO.ZS?format=json&per_page=1",
    "valuesReference": "https://api.worldbank.org/v2/country/all/indicator/SP.POP.65UP.TO.ZS?format=json&per_page=20000&page=1&date=2015%3A2025",
    "license": "Creative Commons Attribution 4.0 International unless specifically labeled otherwise by World Bank metadata",
    "licenseReference": "https://www.worldbank.org/en/about/legal/terms-of-use-for-datasets",
    "retrievedAt": "2026-06-27T17:13:54.152896+00:00",
    "checksum": "d7db00c5958663ef95a84eca5eee1adeefe9c3251e9264dc5bb3e774fe30b693",
    "sourceOrganization": "World Population Prospects, United Nations (UN), publisher: UN Population Division"
  },
  "reviewStatus": "approved",
  "contentVersion": "2026.06.22-exp2-qa1",
  "editorial": {
    "shortHook": "The aging map.",
    "patternNote": "The darkest countries include Japan, Puerto Rico (US), Italy, while the lightest include Qatar, United Arab Emirates, Zambia; that contrast is the fastest way to read the population ages 65+ pattern.",
    "whyItMatters": "Older-adult shares expose population aging, pension pressure, and long-run demographic transition.",
    "bestProbeCountries": [
      {
        "iso3": "JPN",
        "reason": "High anchor: this country sits near the darkest end of the map."
      },
      {
        "iso3": "QAT",
        "reason": "Low anchor: this country clarifies the lightest end of the scale."
      },
      {
        "iso3": "IND",
        "reason": "Middle check: this country helps separate a true pattern from one-off outliers."
      }
    ],
    "commonConfusions": [
      {
        "confusedWithIndicatorCode": "SP.DYN.CBRT.IN",
        "reason": "Birth rate can tempt players because it shares a strong country ranking with this map, but its unit and definition point to a different story."
      },
      {
        "confusedWithIndicatorCode": "SP.POP.0014.TO.ZS",