{
  "schemaVersion": "1.1.0",
  "id": "open-defecation",
  "providerCode": "SH.STA.ODFC.ZS",
  "title": "People practicing open defecation (% of population)",
  "shortTitle": "Open defecation",
  "category": "health",
  "difficulty": "standard",
  "definition": "People practicing open defecation refers to the percentage of the population defecating in the open, such as in fields, forest, bushes, open bodies of water, on beaches, in other open spaces or disposed of with solid waste.",
  "unit": "percent of population",
  "year": 2024,
  "valuesByIso3": {
    "AFG": 11.1715580677942,
    "ALB": 0.0,
    "ARE": 0.0,
    "ARM": 0.0105041925158409,
    "AUS": 0.0,
    "AUT": 0.0,
    "AZE": 0.0264076776778351,
    "BDI": 1.97399824743581,
    "BEL": 0.0,
    "BEN": 47.0413783927768,
    "BFA": 29.8715935336527,
    "BGD": 0.0,
    "BGR": 0.0,
    "BLR": 0.0,
    "BOL": 7.09436187275776,
    "BRA": 0.0,
    "BRN": 0.0,
    "BTN": 0.0,
    "BWA": 5.42516672493848,
    "CAF": 24.7213622058804,
    "CAN": 0.0,
    "CHE": 0.0,
    "CHL": 0.0,
    "CHN": 0.0,
    "CIV": 16.6940217986522,
    "CMR": 4.43969509442749,
    "COD": 11.6641368992514,
    "COL": 2.09220277255289,
    "CRI": 0.0617309447596691,
    "CUB": 0.169122642412029,
    "CYP": 0.0,
    "CZE": 0.0,
    "DEU": 0.0,
    "DNK": 0.0,
    "DOM": 1.6731961731137,
    "DZA": 0.0386775174829113,
    "ECU": 1.70986111713173,
    "EGY": 0.0,
    "ESP": 0.0,
    "EST": 0.0,
    "ETH": 16.2317132901497,
    "FIN": 0.0,
    "FJI": 0.0,
    "FRA": 0.0,
    "GAB": 1.33898608873547,
    "GBR": 0.0,
    "GEO": 0.0035261801111348,
    "GHA": 17.794946030478,
    "GIN": 4.65675323560598,
    "GMB": 0.0483800529726289,
    "GNB": 7.73624603844603,
    "GRC": 0.0,
    "GTM": 0.991336482432204,
    "GUY": 0.0132260452642441,
    "HND": 3.41072044839907,
    "HUN": 0.0,
    "IDN": 2.28581315891884,
    "IND": 6.73309452387536,
    "IRL": 0.0,
    "IRQ": 0.0045022694011758,
    "ISL": 0.0,
    "ISR": 0.0,
    "ITA": 0.0,
    "JAM": 0.57497685489874,
    "JOR": 0.0532580917215818,
    "JPN": 0.0,
    "KAZ": 0.0,
    "KEN": 5.9142602628714,
    "KGZ": 0.0,
    "KHM": 5.24224899911021,
    "KOR": 0.0,
    "KWT": 0.0,
    "LAO": 8.73016805947465,
    "LBN": 0.0,
    "LBR": 33.9236395077726,
    "LBY": 0.568608474576271,
    "LKA": 0.0,
    "LSO": 14.7615161748465,
    "LTU": 0.0,
    "LUX": 0.0,
    "LVA": 0.0,
    "MAR": 0.0545689539237907,
    "MDA": 0.131602328520964,
    "MDG": 27.006046797692,
    "MEX": 0.0,
    "MKD": 0.107376036701419,
    "MLI": 3.86666009901461,
    "MMR": 6.74799572084999,
    "MNE": 0.0401056272588831,
    "MNG": 4.30429300080262,
    "MOZ": 16.0382664797858,
    "MRT": 16.1850808201012,
    "MWI": 1.94383747326708,
    "NAM": 34.6775080592689,
    "NCL": 0.0,
    "NER": 65.9846786592625,
    "NGA": 17.9570129436897,
    "NLD": 0.0,
    "NOR": 0.0,
    "NPL": 0.533197002313746,
    "NZL": 0.0,
    "OMN": 0.0,
    "PAK": 8.17243283471886,
    "PAN": 3.07785536129718,
    "PER": 1.92261914327498,
    "PHL": 2.17811922155512,
    "PNG": 15.6373007142989,
    "POL": 0.0,
    "PRI": 0.0,
    "PRT": 0.0,
    "PRY": 0.341820225590154,
    "PSE": 0.127510362163644,
    "QAT": 0.0634549162119719,
    "ROU": 0.0,
    "RUS": 0.0,
    "RWA": 1.12374669165541,
    "SAU": 0.12551004238768,
    "SDN": 16.385653844274,
    "SEN": 6.14409675201654,
    "SLB": 45.3369917060485,
    "SLE": 15.3479810766351,
    "SLV": 1.19618653173439,
    "SOM": 14.4447518486917,
    "SRB": 0.0580086018707051,
    "SSD": 62.8004005320106,
    "SUR": 1.20779358261079,
    "SVK": 0.0,
    "SVN": 0.0,
    "SWE": 0.0,
    "SWZ": 0.359186018288598,
    "TCD": 62.2222410158468,
    "TGO": 32.1870789272304,
    "THA": 0.0,
    "TKM": 0.0,
    "TLS": 7.88260278180029,
    "TTO": 0.194754692357244,
    "TUN": 0.248926855884138,
    "TUR": 0.140444187207927,
    "TZA": 6.76080588618329,
    "UGA": 3.53162413870239,
    "UKR": 0.0011429231452874,
    "URY": 0.0,
    "USA": 0.0,
    "UZB": 0.0493740011683671,
    "VNM": 0.0,
    "VUT": 4.96397879061227,
    "YEM": 4.9023859019749,
    "ZAF": 0.276784679881834,
    "ZMB": 2.0453716053157,
    "ZWE": 12.6278595955807
  },
  "stats": {
    "coverage": 150,
    "min": 0.0,
    "max": 65.9846786592625,
    "median": 0.0625929304858205,
    "quantileBreaks": [
      0.0,
      0.0,
      0.0,
      0.009646774928031582,
      0.3443010531185031,
      3.675210978836199,
      13.925639776374261,
      65.9846786592625
    ]
  },
  "formatting": {
    "maximumFractionDigits": 1,
    "suffix": "%"
  },
  "source": {
    "provider": "World Bank",
    "dataset": "World Development Indicators",
    "attribution": "The World Bank",
    "sourceReference": "https://api.worldbank.org/v2/indicator/SH.STA.ODFC.ZS?format=json&per_page=1",
    "valuesReference": "https://api.worldbank.org/v2/country/all/indicator/SH.STA.ODFC.ZS?format=json&per_page=20000&page=1&date=2015%3A2025",
    "license": "Creative Commons Attribution 4.0 International unless specifically labeled otherwise by World Bank metadata",
    "licenseReference": "https://www.worldbank.org/en/about/legal/terms-of-use-for-datasets",
    "retrievedAt": "2026-07-02T22:22:52.936323+00:00",
    "checksum": "63c09386c39543e44343c735a0d68a813c64b76903303058f1477de80612df4c",
    "sourceOrganization": "WHO/UNICEF Joint Monitoring Programme (JMP) for Water Supply, Sanitation and Hygiene, World Health Organization (WHO), uri: washdata.org, publisher: WHO/UNICEF Joint Monitoring Programme (JMP) for Water Supply, Sanitation and Hygiene (washdata.org), date accessed: 2025-09-30, date published: 2025-08-25;\nUN Children's Fund (UNICEF), uri: washdata.org, note: WHO/UNICEF Joint Monitoring Programme (JMP) for Water Supply, Sanitation and Hygiene"
  },
  "reviewStatus": "approved",
  "contentVersion": "2026.07.02-exp4-content50",
  "editorial": {
    "shortHook": "A candidate map for open defecation.",
    "patternNote": "The darkest countries include Niger, South Sudan, Chad, while the lightest include Albania, United Arab Emirates, Australia; that contrast is the fastest way to read the open defecation pattern.",
    "whyItMatters": "Open defecation may add useful WORLDPRINT variety once source coverage, unit clarity, map interest, and distractor ambiguity are reviewed.",
    "bestProbeCountries": [
      {
        "iso3": "NER",
        "reason": "High anchor: this country sits near the darkest end of the map."
      },
      {
        "iso3": "ALB",
        "reason": "Low anchor: this country clarifies the lightest end of the scale."
      },
      {
        "iso3": "QAT",
        "reason": "Middle check: this country helps separate a true pattern from one-off outliers."
      }
    ],
    "commonConfusions": [
      {
        "confusedWithIndicatorCode": "SH.STA.ODFC.RU.ZS",
        "reason": "Rural open defecation can tempt players because it shares a strong country ranking with this map, but its unit and definition point to a different story."
      },
      {
        "confusedWithIndicatorCode": "SH.STA.MMRT",
        "reason": "Maternal mortality can tempt players because it shares a strong country ranking with this map, but its unit and definition point to a different story."
      },
      {
        "confusedWithIndicatorCode": "SH.STA.BASS.RU.ZS",
        "reason": "Rural basic sanitation can tempt players because it shares a strong country ranking with this map, but its unit and definition point to a different story."
      }
    ],
    "difficultyReason": "Standard difficulty: the map has readable regional structure, but the best answer still depends on checking the unit and country anchors.",
    "regionalSignals": [
      "Health maps often separate income, public-health capacity, and conflict exposure.",
      "Check both high-income and low-income anchors."
    ]
  },
  "editorialReview": {
    "status": "daily_eligible",
    "reviewedAt": "2026-07-02",
    "reviewedBy": "Codex editorial QA",
    "qualityScore": 4,
    "funScore": 4,