{
  "schemaVersion": "1.1.0",
  "id": "out-of-school-primary",
  "providerCode": "SE.PRM.UNER.ZS",
  "title": "Children out of school (% of primary school age)",
  "shortTitle": "Out-of-school primary age",
  "category": "education",
  "difficulty": "standard",
  "definition": "Children out of school are the percentage of primary-school-age children who are not enrolled in primary or secondary school. Children in the official primary age group that are in preprimary education should be considered out of school.",
  "unit": "percent of primary school age population",
  "year": 2023,
  "valuesByIso3": {
    "AGO": 36.7621509877511,
    "ALB": 10.8653233005994,
    "ARE": 0.176064095760476,
    "ARG": 0.734622127960727,
    "ARM": 3.5092235630957,
    "AUS": 0.20745000243187,
    "AUT": 1.4994900226593,
    "AZE": 1.53812123784848,
    "BEL": 1.65828001499176,
    "BFA": 41.9668260451314,
    "BGD": 6.88461537116503,
    "BGR": 5.71410989761353,
    "BHS": 28.9178100618779,
    "BIH": 2.0972900390625,
    "BLR": 5.45007173087335,
    "BLZ": 11.6355845121231,
    "BOL": 4.15748449377552,
    "BRN": 0.584768139620034,
    "BTN": 11.7719795436394,
    "CAN": 4.98995018005371,
    "CHE": 0.0469899997115135,
    "CHL": 1.32958996295929,
    "CIV": 13.1592272040596,
    "CMR": 3.70906098006505,
    "COG": 17.0770797729492,
    "CRI": 4.72765016555786,
    "CUB": 3.36928110849335,
    "CYP": 0.425049990415573,
    "CZE": 0.809080004692078,
    "DEU": 0.208550006151199,
    "DNK": 0.849179983139038,
    "DOM": 4.97284320242588,
    "DZA": 0.930029321400032,
    "ECU": 4.72380630473681,
    "EGY": 4.40002146808466,
    "ESP": 1.28805005550384,
    "EST": 2.46552991867065,
    "ETH": 23.8280580518847,
    "FIN": 1.55233001708984,
    "FRA": 0.110459998250008,
    "GBR": 0.0698399990797043,
    "GEO": 4.80816455400159,
    "GMB": 18.7824225606817,
    "GRC": 0.109679996967316,
    "GTM": 8.36757226528155,
    "GUY": 17.9801578260599,
    "HND": 23.8959007584554,
    "HRV": 1.81183004379273,
    "HUN": 2.17055988311768,
    "IDN": 0.727051630013087,
    "IND": 1.46968703818843,
    "IRN": 0.10283999890089,
    "ISL": 1.82071995735169,
    "ISR": 2.00619006156921,
    "ITA": 2.05615997314453,
    "JAM": 12.4071843368512,
    "JOR": 2.73385940507406,
    "JPN": 0.068400003015995,
    "KAZ": 5.86329668117656,
    "KHM": 7.78662768750183,
    "KOR": 0.0067199999466538,
    "LAO": 9.46903663702282,
    "LBN": 25.6683486662867,
    "LKA": 9.13719724332715,
    "LSO": 30.697131612964,
    "LTU": 0.101680003106594,
    "LUX": 0.595560014247894,
    "LVA": 1.95968997478485,
    "MDA": 0.582634583324797,
    "MDG": 3.30742417865343,
    "MEX": 0.348219990730286,
    "MKD": 3.79094004631042,
    "MLI": 34.0078201293945,
    "MNE": 0.21832999587059,
    "MNG": 7.74789408596778,
    "MYS": 9.1429851415802,
    "NAM": 0.801256184237908,
    "NER": 39.380484077989,
    "NGA": 24.3187007904053,
    "NIC": 6.6563401222229,
    "NLD": 0.51911997795105,
    "NOR": 1.3118599653244,
    "NPL": 2.00608969607645,
    "NZL": 2.30181002616882,
    "PAK": 27.7386035347713,
    "PAN": 8.90364819290592,
    "PHL": 10.4968226071136,
    "POL": 0.123539999127388,
    "PRI": 12.998649597168,
    "PRT": 0.508170008659363,
    "PRY": 12.4342550094008,
    "PSE": 9.55693065349131,
    "QAT": 6.805260181427,
    "ROU": 15.589879989624,
    "RUS": 4.93521976470947,
    "RWA": 0.48878508827946,
    "SEN": 24.0510928115725,
    "SLB": 32.4041514993651,
    "SLV": 14.321016042142,
    "SUR": 39.6057788512874,
    "SVK": 1.22950005531311,
    "SVN": 1.44739997386932,
    "SWE": 0.425709992647171,
    "SYR": 26.3356609344482,
    "TCD": 26.7173267906805,
    "TGO": 0.764924089821886,
    "THA": 1.60896342705105,
    "TKM": 2.65810990333557,
    "TLS": 6.87728977203369,
    "TUN": 1.09419000148773,
    "TUR": 0.602609992027283,
    "TZA": 14.0758314779429,
    "UKR": 12.01416015625,
    "URY": 0.0354518135477778,
    "UZB": 4.80832625880641,
    "VEN": 0.553709983825684,
    "VNM": 1.68178805269934,
    "VUT": 2.88290100048653,
    "ZAF": 6.0640471391014,
    "ZWE": 9.13723212143407
  },
  "stats": {
    "coverage": 120,
    "min": 0.0067199999466538,
    "max": 41.9668260451314,
    "median": 3.439252335794525,
    "quantileBreaks": [
      0.0067199999466538,
      0.48878508827946,
      1.28805005550384,
      2.0972900390625,
      4.80832625880641,
      9.13723212143407,
      17.9801578260599,
      41.9668260451314
    ]
  },
  "formatting": {
    "maximumFractionDigits": 1,
    "suffix": "%"
  },
  "source": {
    "provider": "World Bank",
    "dataset": "World Development Indicators",
    "attribution": "The World Bank",
    "sourceReference": "https://api.worldbank.org/v2/indicator/SE.PRM.UNER.ZS?format=json&per_page=1",
    "valuesReference": "https://api.worldbank.org/v2/country/all/indicator/SE.PRM.UNER.ZS?format=json&per_page=20000&page=1&date=2015%3A2025",
    "license": "Creative Commons Attribution 4.0 International unless specifically labeled otherwise by World Bank metadata",
    "licenseReference": "https://www.worldbank.org/en/about/legal/terms-of-use-for-datasets",
    "retrievedAt": "2026-06-27T17:15:47.877738+00:00",
    "checksum": "2f237bf25bd3664751527ec565d41cacf7a5509fc7a546591a1800ea7d47b575",
    "sourceOrganization": "Data API, UN Educational, Scientific and Cultural Organization (UNESCO), uri: https://databrowser.uis.unesco.org/resources, note: The data are obtained through the UIS API.  Detailed documentation is available at: https://api.uis.unesco.org/api/public/documentation/, publisher: UNESCO Institute for Statistics (UIS), type: Bulk file (csv), date accessed: 2026-03-19, date published: 2026-02"
  },
  "reviewStatus": "approved",
  "contentVersion": "2026.06.22-exp2-qa1",
  "editorial": {
    "shortHook": "A map of who is missing from primary school.",
    "patternNote": "The darkest countries include Burkina Faso, Suriname, Niger, while the lightest include Korea, Rep., Uruguay, Switzerland; that contrast is the fastest way to read the out-of-school primary age pattern.",
    "whyItMatters": "Out-of-school primary-age shares give players a direct education-access signal.",
    "bestProbeCountries": [
      {
        "iso3": "BFA",
        "reason": "High anchor: this country sits near the darkest end of the map."
      },
      {
        "iso3": "KOR",
        "reason": "Low anchor: this country clarifies the lightest end of the scale."
      },
      {
        "iso3": "ARM",
        "reason": "Middle check: this country helps separate a true pattern from one-off outliers."
      }
    ],
    "commonConfusions": [
      {
        "confusedWithIndicatorCode": "SE.PRM.ENRR",
        "reason": "Primary enrollment can tempt players because it shares a strong country ranking with this map, but its unit and definition point to a different story."
      },
      {
        "confusedWithIndicatorCode": "SE.PRM.NENR",
        "reason": "Net primary enrollment lives in the same category, so it can feel plausible until the high and low countries are checked."
      },
      {
        "confusedWithIndicatorCode": "SE.SEC.ENRR",
        "reason": "Secondary enrollment lives in the same category, so it can feel plausible until the high and low countries are checked."
      }
    ],
    "difficultyReason": "Standard difficulty: the map has readable regional structure, but the best answer still depends on checking the unit and country anchors.",
    "regionalSignals": [
      "Education indicators can be shaped by enrollment systems and data coverage.",
      "Compare youth-heavy countries with higher-income service economies."
    ]
  },
  "editorialReview": {
    "status": "daily_eligible",
    "reviewedAt": "2026-06-22",
    "reviewedBy": "Codex editorial QA",
    "qualityScore": 4,
    "funScore": 4,
    "fairnessScore": 4,
    "ambiguityRisk": "medium",
    "dailyEligible": true,
    "practiceEligible": true,
    "challengeEligible": true,
    "expertOnly": false,