{
  "schemaVersion": "1.1.0",
  "id": "out-of-pocket-health",
  "providerCode": "SH.XPD.OOPC.CH.ZS",
  "title": "Out-of-pocket expenditure (% of current health expenditure)",
  "shortTitle": "Out-of-pocket health spending",
  "category": "health",
  "difficulty": "expert",
  "definition": "Share of out-of-pocket payments of total current health expenditures.  Out-of-pocket payments are spending on health directly out-of-pocket by households.",
  "unit": "percent of current health expenditure",
  "year": 2023,
  "valuesByIso3": {
    "AFG": 77.1395874,
    "AGO": 32.54667664,
    "ALB": 48.27462769,
    "ARE": 9.66616821,
    "ARG": 24.46961784,
    "ARM": 80.47196198,
    "AUS": 15.84897614,
    "AUT": 16.47774124,
    "AZE": 64.63206482,
    "BDI": 24.48983002,
    "BEL": 21.50983047,
    "BEN": 42.40531921,
    "BFA": 43.82195663,
    "BGD": 79.30711365,
    "BGR": 35.50430679,
    "BHS": 27.48377991,
    "BIH": 30.96058273,
    "BLR": 28.48183441,
    "BLZ": 26.78139114,
    "BOL": 27.31554413,
    "BRA": 26.23070717,
    "BRN": 7.41179371,
    "BTN": 25.46281624,
    "BWA": 4.25866175,
    "CAF": 45.02304077,
    "CAN": 15.20306873,
    "CHE": 22.02737427,
    "CHL": 34.59329987,
    "CHN": 32.17354584,
    "CIV": 31.99314499,
    "CMR": 67.65119171,
    "COD": 38.00354767,
    "COG": 27.97068977,
    "COL": 14.63377953,
    "CRI": 24.12618256,
    "CUB": 16.58238792,
    "CYP": 17.9429245,
    "CZE": 14.59681702,
    "DEU": 11.05290699,
    "DJI": 28.84145355,
    "DNK": 13.97692299,
    "DOM": 25.05566978,
    "DZA": 45.00216675,
    "ECU": 30.88848877,
    "EGY": 57.19506836,
    "ERI": 48.44565201,
    "ESP": 20.85539818,
    "EST": 22.09991646,
    "ETH": 46.26859283,
    "FIN": 14.09493542,
    "FJI": 8.31420898,
    "FRA": 9.26032639,
    "GAB": 17.27153969,
    "GBR": 14.6293354,
    "GEO": 58.75926208,
    "GHA": 26.67723274,
    "GIN": 54.41574097,
    "GMB": 33.7826767,
    "GNB": 61.5587883,
    "GNQ": 65.98317719,
    "GRC": 34.30307007,
    "GTM": 57.18184662,
    "GUY": 26.32743073,
    "HND": 53.06166458,
    "HRV": 9.37740326,
    "HTI": 52.40410995,
    "HUN": 23.05996895,
    "IDN": 31.0836544,
    "IND": 43.88510513,
    "IRL": 11.29947281,
    "IRN": 43.14528656,
    "IRQ": 53.9823761,
    "ISL": 14.68500805,
    "ISR": 20.48583984,
    "ITA": 23.64643097,
    "JAM": 20.2454052,
    "JOR": 34.4679451,
    "JPN": 12.23568153,
    "KAZ": 27.64227867,
    "KEN": 24.24565315,
    "KGZ": 42.26472855,
    "KHM": 60.60118866,
    "KOR": 31.75381851,
    "KWT": 10.00349617,
    "LAO": 44.84078598,
    "LBN": 29.70126343,
    "LBR": 63.23887634,
    "LBY": 19.17657852,
    "LKA": 54.81069946,
    "LSO": 13.19708443,
    "LTU": 31.02016449,
    "LUX": 8.77390862,
    "LVA": 35.05759811,
    "MAR": 37.25432968,
    "MDA": 27.468853,
    "MDG": 27.42209625,
    "MEX": 41.23572922,
    "MKD": 39.57205582,
    "MLI": 47.22994995,
    "MMR": 71.12589264,
    "MNE": 26.33176041,
    "MNG": 48.79919434,
    "MOZ": 10.37066555,
    "MRT": 43.7736702,
    "MWI": 12.00286865,
    "MYS": 37.09352112,
    "NAM": 7.49171019,
    "NER": 51.48022842,
    "NGA": 71.90481567,
    "NIC": 37.6333313,
    "NLD": 12.03399372,
    "NOR": 13.68724823,
    "NPL": 59.38827515,
    "NZL": 12.5954752,
    "OMN": 6.31094599,
    "PAK": 52.93231964,
    "PAN": 40.45503235,
    "PER": 26.98286247,
    "PHL": 44.36006165,
    "PNG": 8.55412769,
    "POL": 15.84634209,
    "PRT": 29.30668449,
    "PRY": 36.32289886,
    "PSE": 42.07169342,
    "QAT": 7.42945814,
    "ROU": 22.96146011,
    "RUS": 28.39422226,
    "RWA": 4.0999999,
    "SAU": 14.11603928,
    "SDN": 57.36631393,
    "SEN": 44.32556534,
    "SLB": 3.16049337,
    "SLE": 54.4692421,
    "SLV": 32.4943924,
    "SOM": 30.77948952,
    "SRB": 32.13853073,
    "SSD": 27.14476204,
    "SUR": 19.71665573,
    "SVK": 20.15309143,
    "SVN": 12.39192963,
    "SWE": 12.95748615,
    "SWZ": 11.01838779,
    "SYR": 72.40081787,
    "TCD": 51.67914963,
    "TGO": 64.34121704,
    "THA": 9.93404865,
    "TJK": 62.36102676,
    "TKM": 77.39328003,
    "TLS": 6.99333382,
    "TTO": 45.27397919,
    "TUN": 37.93983841,
    "TUR": 19.04723167,
    "TZA": 27.93128014,
    "UGA": 32.17179489,
    "URY": 17.09811211,
    "USA": 10.92723846,
    "UZB": 64.05923462,
    "VEN": 29.6867485,
    "VNM": 39.20284653,
    "VUT": 8.38081264,
    "YEM": 69.12571716,
    "ZAF": 6.69263172,
    "ZMB": 10.28683281,
    "ZWE": 10.63479233
  },
  "stats": {
    "coverage": 164,
    "min": 3.16049337,
    "max": 80.47196198,
    "median": 28.438028335,
    "quantileBreaks": [
      3.16049337,
      11.123354367142857,
      17.655188152857143,
      26.627879549999996,
      32.01391438142857,
      42.32498169,
      54.453956062857145,
      80.47196198
    ]
  },
  "formatting": {
    "maximumFractionDigits": 1,
    "suffix": "%"
  },
  "source": {
    "provider": "World Bank",
    "dataset": "World Development Indicators",
    "attribution": "The World Bank",
    "sourceReference": "https://api.worldbank.org/v2/indicator/SH.XPD.OOPC.CH.ZS?format=json&per_page=1",
    "valuesReference": "https://api.worldbank.org/v2/country/all/indicator/SH.XPD.OOPC.CH.ZS?format=json&per_page=20000&page=1&date=2015%3A2025",
    "license": "Creative Commons Attribution 4.0 International unless specifically labeled otherwise by World Bank metadata",
    "licenseReference": "https://www.worldbank.org/en/about/legal/terms-of-use-for-datasets",
    "retrievedAt": "2026-06-27T17:13:59.042326+00:00",
    "checksum": "228e41d0b5e2b71baf744bb09e03bea9d9e389f4742a889c61b36704cc74adbc",
    "sourceOrganization": "Global Health Expenditure Database, updated December 12th, 2025, World Health Organization (WHO), uri: http://apps.who.int/nha/database"
  },
  "reviewStatus": "approved",
  "contentVersion": "2026.06.22-exp2-qa1",
  "editorial": {
    "shortHook": "A map of who pays at the clinic.",
    "patternNote": "The darkest countries include Armenia, Bangladesh, Turkmenistan, while the lightest include Solomon Islands, Rwanda, Botswana; that contrast is the fastest way to read the out-of-pocket health spending pattern.",
    "whyItMatters": "Out-of-pocket health spending shows how much health cost falls directly on households.",
    "bestProbeCountries": [
      {
        "iso3": "ARM",
        "reason": "High anchor: this country sits near the darkest end of the map."
      },
      {
        "iso3": "SLB",
        "reason": "Low anchor: this country clarifies the lightest end of the scale."
      },
      {
        "iso3": "BLR",
        "reason": "Middle check: this country helps separate a true pattern from one-off outliers."
      }
    ],
    "commonConfusions": [
      {
        "confusedWithIndicatorCode": "SH.XPD.PVTD.CH.ZS",
        "reason": "Private health spending share can tempt players because it shares a strong country ranking with this map, but its unit and definition point to a different story."
      },
      {
        "confusedWithIndicatorCode": "SH.XPD.GHED.CH.ZS",
        "reason": "Government health spending share can tempt players because it shares a strong country ranking with this map, but its unit and definition point to a different story."
      },
      {
        "confusedWithIndicatorCode": "LP.LPI.TRAC.XQ",
        "reason": "Logistics tracking score overlaps with part of the visible pattern, but the full country spread does not match."
      }
    ],
    "difficultyReason": "Expert difficulty: the map can be mistaken for adjacent indicators unless players probe a high, low, and middle country.",
    "regionalSignals": [
      "Health maps often separate income, public-health capacity, and conflict exposure.",
      "Check both high-income and low-income anchors."
    ]
  },
  "editorialReview": {
    "status": "expert_only",
    "reviewedAt": "2026-06-22",
    "reviewedBy": "Codex editorial QA",
    "qualityScore": 3,
    "funScore": 4,
    "fairnessScore": 3,
    "ambiguityRisk": "medium",
    "dailyEligible": false,