{
  "schemaVersion": "1.1.0",
  "id": "particulate-damage-share",
  "providerCode": "NY.ADJ.DPEM.GN.ZS",
  "title": "Adjusted savings: particulate emission damage (% of GNI)",
  "shortTitle": "Particulate emission damage",
  "category": "environment",
  "difficulty": "expert",
  "definition": "Particulate emissions damage is the damage due to exposure of a country's population to ambient concentrations of particulates measuring less than 2.5 microns in diameter (PM2.5), ambient ozone pollution, and indoor concentrations of PM2.5 in households cooking with solid fuels. Damages are calculated as foregone labor income due to premature death. Estimates of health impacts from the Global Burden of Disease Study 2013 are for 1990, 1995, 2000, 2005, 2010, and 2013. Data for other years have been extrapolated from trends in mortality rates. This indicator is expressed as a percentage of Gross National Income (GNI) which is the total income earned by all residents within an economic territory during an accounting period. It is equal to gross domestic product plus earned income receivable from abroad minus earned income payable abroad.",
  "unit": "percent of GNI",
  "year": 2021,
  "valuesByIso3": {
    "AGO": 0.638020882990015,
    "ALB": 0.224433449475748,
    "ARG": 0.141800539495935,
    "ARM": 0.28788658786006,
    "AUS": 0.0195393370567241,
    "AUT": 0.041368945131589,
    "AZE": 0.166207112167804,
    "BDI": 1.8557326724591,
    "BEL": 0.0449099267430258,
    "BEN": 2.05322393063213,
    "BFA": 2.29522984123393,
    "BGD": 0.61475905951911,
    "BGR": 0.311877290652722,
    "BHS": 0.13826944507106,
    "BIH": 0.352236203195149,
    "BLR": 0.184198129504372,
    "BLZ": 0.291112146000719,
    "BOL": 0.433820583272384,
    "BRA": 0.165178456193843,
    "BRN": 0.0594463387619066,
    "BTN": 0.544760387102563,
    "BWA": 0.491863690060938,
    "CAF": 0.908522536556183,
    "CAN": 0.0307930401284564,
    "CHE": 0.0394234354375681,
    "CHL": 0.135870341334632,
    "CHN": 0.47686411532002,
    "CIV": 0.967356641945453,
    "CMR": 1.36418884265772,
    "COD": 1.02952057326469,
    "COG": 0.940058582461422,
    "COL": 0.158383352466336,
    "CRI": 0.117350357662825,
    "CYP": 0.0955219656190806,
    "CZE": 0.102357337154385,
    "DEU": 0.061147912128804,
    "DJI": 1.95811929679188,
    "DNK": 0.0391848140431703,
    "DOM": 0.318645685074634,
    "DZA": 0.37047365028287,
    "ECU": 0.302861547107041,
    "EGY": 0.674687618384119,
    "ESP": 0.0336328381655573,
    "EST": 0.0322235527452062,
    "ETH": 0.751516232437477,
    "FIN": 0.0129122063525347,
    "FJI": 0.630393523193723,
    "FRA": 0.0381157830168798,
    "GAB": 0.31782343554426,
    "GBR": 0.0485526593159167,
    "GEO": 0.503590288228265,
    "GHA": 0.675488276720328,
    "GIN": 1.90481122557518,
    "GMB": 0.942285198975518,
    "GNB": 1.72669592957982,
    "GNQ": 0.65749198170571,
    "GRC": 0.105715199841809,
    "GTM": 0.601232523490529,
    "GUY": 0.345100255421608,
    "HND": 0.613610941252688,
    "HRV": 0.100480941005604,
    "HTI": 1.8494917724971,
    "HUN": 0.1600876628084,
    "IDN": 0.546057952578201,
    "IND": 1.17605743858073,
    "IRL": 0.0187952688267088,
    "IRN": 0.356188828381093,
    "IRQ": 0.578625686991014,
    "ISL": 0.0159944993796687,
    "ISR": 0.0877337390760919,
    "ITA": 0.0599820107190605,
    "JAM": 0.245197087981017,
    "JOR": 0.262790221732835,
    "JPN": 0.0741739317019491,
    "KAZ": 0.191110879846489,
    "KEN": 0.974182968192034,
    "KGZ": 0.424055400203396,
    "KHM": 0.525921229916057,
    "KOR": 0.150649679719678,
    "LAO": 0.897626896051981,
    "LBN": 0.52872288038257,
    "LBR": 0.916804386519824,
    "LBY": 0.470456605466165,
    "LKA": 0.321404139074823,
    "LSO": 1.46356772920763,
    "LTU": 0.0937418638892115,
    "LUX": 0.0341087566862501,
    "LVA": 0.131190869669168,
    "MAR": 0.545872540753138,
    "MDA": 0.202515939073651,
    "MDG": 1.07713896477829,
    "MEX": 0.187346307501911,
    "MKD": 0.304972450197258,
    "MLI": 2.42073207165189,
    "MNE": 0.298427446830781,
    "MNG": 0.662501889711363,
    "MOZ": 1.10123479106849,
    "MRT": 0.903729151271987,
    "MWI": 1.10265054387648,
    "MYS": 0.176976707917394,
    "NAM": 0.741290307448505,
    "NER": 2.39736994580005,
    "NGA": 2.0926673821576,
    "NIC": 0.337272602044797,
    "NLD": 0.052009559191705,
    "NOR": 0.0125362496327933,
    "NPL": 1.70235550868721,
    "NZL": 0.0210003869370198,
    "OMN": 0.115406157553663,
    "PAK": 2.32300739565742,
    "PAN": 0.07939145892307,
    "PER": 0.21194825153898,
    "PHL": 0.676303030532851,
    "PNG": 1.25321647535588,
    "POL": 0.160011179882029,
    "PRI": 0.059083831862008,
    "PRT": 0.0380448243719251,
    "PRY": 0.22211931259351,
    "QAT": 0.064479107919169,
    "ROU": 0.174517244847871,
    "RUS": 0.141615303103251,
    "RWA": 2.03794931341442,
    "SDN": 1.95505352763806,
    "SEN": 1.02569180619526,
    "SLB": 1.83689681710204,
    "SLE": 2.25795603330049,
    "SLV": 0.244503468583665,
    "SOM": 7.09003262589756,
    "SRB": 0.380373597007102,
    "SUR": 0.256391503781061,
    "SVK": 0.127797090508383,
    "SVN": 0.0569624771732203,
    "SWE": 0.00906536083965554,
    "SWZ": 1.08849828144076,
    "TCD": 3.20561635994602,
    "TGO": 2.01169671749888,
    "THA": 0.380691230845096,
    "TJK": 0.495187997369216,
    "TLS": 1.47759674244551,
    "TTO": 0.1591579393646,
    "TUN": 0.335880088137984,
    "TUR": 0.237621533215239,
    "TZA": 1.3861775448099,
    "UGA": 1.03517611278366,
    "UKR": 0.220108169955325,
    "URY": 0.0704906710236569,
    "USA": 0.0658255391634396,
    "UZB": 0.507033513307251,
    "VNM": 0.330929985208701
  },
  "stats": {
    "coverage": 149,
    "min": 0.00906536083965554,
    "max": 7.09003262589756,
    "median": 0.330929985208701,
    "quantileBreaks": [
      0.00906536083965554,
      0.0595228633272143,
      0.14432886527414726,
      0.2591338114746784,
      0.4547554530974017,
      0.676070243729273,
      1.3830363016453027,
      7.09003262589756
    ]
  },
  "formatting": {
    "maximumFractionDigits": 1,
    "suffix": "% of GNI"
  },
  "source": {
    "provider": "World Bank",
    "dataset": "World Development Indicators",
    "attribution": "The World Bank",
    "sourceReference": "https://api.worldbank.org/v2/indicator/NY.ADJ.DPEM.GN.ZS?format=json&per_page=1",
    "valuesReference": "https://api.worldbank.org/v2/country/all/indicator/NY.ADJ.DPEM.GN.ZS?format=json&per_page=20000&page=1&date=2015%3A2025",
    "license": "Creative Commons Attribution 4.0 International unless specifically labeled otherwise by World Bank metadata",
    "licenseReference": "https://www.worldbank.org/en/about/legal/terms-of-use-for-datasets",
    "retrievedAt": "2026-07-02T22:34:27.880154+00:00",
    "checksum": "dbec2c5119a693a111bfeaea68f20ad4315bd2b9d7572519178f254b1d694bc9",
    "sourceOrganization": "Global Burden of Disease 2013 study, Institute for Health Metrics and Evaluation (IHME)"
  },
  "reviewStatus": "approved",
  "contentVersion": "2026.07.02-exp4-content50",
  "editorial": {
    "shortHook": "A candidate map for particulate emission damage.",
    "patternNote": "The darkest countries include Somalia, Fed. Rep., Chad, Mali, while the lightest include Sweden, Norway, Finland; that contrast is the fastest way to read the particulate emission damage pattern.",
    "whyItMatters": "Particulate emission damage may add useful WORLDPRINT variety once source coverage, unit clarity, map interest, and distractor ambiguity are reviewed.",
    "bestProbeCountries": [
      {
        "iso3": "SOM",
        "reason": "High anchor: this country sits near the darkest end of the map."
      },
      {
        "iso3": "SWE",
        "reason": "Low anchor: this country clarifies the lightest end of the scale."
      },
      {
        "iso3": "VNM",
        "reason": "Middle check: this country helps separate a true pattern from one-off outliers."
      }
    ],