{
  "schemaVersion": "1.1.0",
  "id": "permanent-cropland",
  "providerCode": "AG.LND.CROP.ZS",
  "title": "Permanent cropland (% of land area)",
  "shortTitle": "Permanent cropland",
  "category": "land",
  "difficulty": "standard",
  "definition": "Permanent cropland is land cultivated with crops that occupy the land for long periods and need not be replanted after each harvest, such as cocoa, coffee, and rubber. This category includes land under flowering shrubs, fruit trees, nut trees, and vines, but excludes land under trees grown for wood or timber.",
  "unit": "percent of land area",
  "year": 2023,
  "valuesByIso3": {
    "AFG": 0.413964399061681,
    "AGO": 0.254271276169086,
    "ALB": 3.2043795620438,
    "ARE": 0.581803717262743,
    "ARG": 0.390252458261623,
    "ARM": 2.19153288150403,
    "AUS": 0.0500518719400106,
    "AUT": 0.793765147842947,
    "AZE": 3.30913490623109,
    "BDI": 13.6292834890966,
    "BEL": 0.760992326359284,
    "BEN": 5.50549840368925,
    "BFA": 2.57090643274854,
    "BGD": 7.06724111401754,
    "BGR": 1.25303979366249,
    "BHS": 0.2997002997003,
    "BIH": 1.4453125,
    "BLR": 0.421217540385155,
    "BLZ": 1.40289346777729,
    "BOL": 0.233389919689837,
    "BRA": 0.927957655650659,
    "BRN": 1.13851992409867,
    "BTN": 0.367068694284216,
    "BWA": 0.00352901734512025,
    "CAF": 1.41063918584866,
    "CAN": 0.0186603251903012,
    "CHE": 0.640613440318221,
    "CHL": 0.682523431554423,
    "CHN": 2.04010136117535,
    "CIV": 29.8625786163522,
    "CMR": 3.58972731695966,
    "COD": 0.881233320835447,
    "COG": 0.29692532942899,
    "COL": 2.20432627309599,
    "CRI": 7.38766549157854,
    "CUB": 6.29094412331407,
    "CYP": 3.14058441558442,
    "CZE": 0.540669358566471,
    "DEU": 0.57236070171422,
    "DJI": 0.0388265746333046,
    "DNK": 0.739825,
    "DOM": 11.2784716052651,
    "DZA": 0.422674179381461,
    "ECU": 5.55645031406024,
    "EGY": 0.959365111256216,
    "ERI": 0.0165046188175761,
    "ESP": 10.2257025952106,
    "EST": 0.0936110461034402,
    "ETH": 1.82274097234308,
    "FIN": 0.0164495328332675,
    "FJI": 3.38259441707718,
    "FRA": 1.90654420632712,
    "GAB": 0.659758605968875,
    "GBR": 0.175636754433101,
    "GEO": 1.84055259749604,
    "GHA": 11.8998123349141,
    "GIN": 5.26534266644962,
    "GMB": 0.691699604743083,
    "GNB": 8.8904694167852,
    "GNQ": 1.66844919786096,
    "GRC": 8.02803025601241,
    "GTM": 11.0395670026129,
    "GUY": 0.137349625840674,
    "HND": 5.36240950933953,
    "HRV": 1.41172265904217,
    "HTI": 10.8853410740203,
    "HUN": 1.64329388560158,
    "IDN": 13.9173199504689,
    "IND": 4.86154601623172,
    "IRL": 0.0145158949049209,
    "IRN": 1.16548536209553,
    "IRQ": 1.20562965010481,
    "ISR": 4.681146025878,
    "ITA": 8.1143987555796,
    "JAM": 6.27885503231764,
    "JOR": 0.938126449985359,
    "JPN": 0.696712589078065,
    "KAZ": 0.0488943215912879,
    "KEN": 1.44007941105533,
    "KGZ": 0.401929092805005,
    "KHM": 3.02628597326082,
    "KOR": 2.10040983606557,
    "KWT": 0.336700336700337,
    "LAO": 1.67331022530329,
    "LBN": 13.6852394916911,
    "LBR": 2.07641196013289,
    "LBY": 0.18754901849347,
    "LKA": 19.3161978661494,
    "LSO": 0.131752305665349,
    "LTU": 0.527156549520767,
    "LUX": 0.60284486843843,
    "LVA": 0.160694198939418,
    "MAR": 4.28907483755322,
    "MDA": 8.07774066201032,
    "MDG": 1.03128222756961,
    "MEX": 2.27481113197356,
    "MKD": 1.58604282315623,
    "MLI": 0.244624853506421,
    "MMR": 2.31357347510993,
    "MNE": 0.393308550185874,
    "MNG": 0.00365736335109128,
    "MOZ": 0.506752460642438,
    "MRT": 0.00970214417386242,
    "MWI": 2.12134068731438,
    "MYS": 22.7058286409983,
    "NAM": 0.014575665925737,
    "NCL": 0.204048140043764,
    "NER": 0.0919712639141075,
    "NGA": 8.07471568013878,
    "NIC": 2.4596975236829,
    "NLD": 1.06920106920107,
    "NOR": 0.00823564938095369,
    "NPL": 1.01151028950122,
    "NZL": 0.273441950552581,
    "OMN": 0.111793214862682,
    "PAK": 0.953455790784558,
    "PAN": 1.56330816931788,
    "PER": 1.78141171875,
    "PHL": 18.8905657846195,
    "PNG": 1.95424634544892,
    "POL": 1.12319195481111,
    "PRI": 1.80383314543405,
    "PRK": 2.07873100240844,
    "PRT": 9.61232828560699,
    "PRY": 0.207698235833896,
    "PSE": 11.8340248962656,
    "QAT": 0.261096605744125,
    "ROU": 1.76460361613352,
    "RUS": 0.122123458267667,
    "RWA": 13.7008512363194,
    "SAU": 0.096292953867767,
    "SDN": 0.115631691648822,
    "SEN": 0.420713655014803,
    "SLB": 2.79385494819578,
    "SLE": 2.28595178719867,
    "SLV": 7.72200772200772,
    "SOM": 0.0465457327764848,
    "SRB": 2.54489237721489,
    "SSD": 0.134508568987071,
    "SUR": 0.0153699877532286,
    "SVK": 0.353577371048253,
    "SVN": 2.70630013161489,
    "SWE": 0.00736612075527291,
    "SWZ": 1.04651162790698,
    "SYR": 5.67935522518107,
    "TCD": 0.0296219822109276,
    "TGO": 3.12557455414598,
    "THA": 11.2368611638513,
    "TJK": 1.47416960876144,
    "TKM": 0.0846934649841466,
    "TLS": 5.37323470073974,
    "TTO": 4.28849902534113,
    "TUN": 13.6405767250257,
    "TUR": 4.7997089510544,
    "TZA": 2.27895687514112,
    "UGA": 10.9714741671654,
    "UKR": 1.47221263375906,
    "URY": 0.222831676379842,
    "USA": 0.346611394251057,
    "UZB": 0.996255531601044,
    "VEN": 0.7936058046596,
    "VNM": 15.6991088890945,
    "VUT": 10.2543068088597,
    "YEM": 0.556849821012558,
    "ZAF": 0.34045289302525,
    "ZMB": 0.0524623683396333,
    "ZWE": 0.120754297531343
  },
  "stats": {
    "coverage": 167,
    "min": 0.00352901734512025,
    "max": 29.8625786163522,
    "median": 1.25303979366249,
    "quantileBreaks": [
      0.00352901734512025,
      0.12173226948586013,
      0.3970030684512158,
      0.9403163558138159,
      1.6726157928115284,
      2.926672676804374,
      8.041368948619944,
      29.8625786163522
    ]
  },
  "formatting": {
    "maximumFractionDigits": 1,
    "suffix": "%"
  },
  "source": {
    "provider": "World Bank",
    "dataset": "World Development Indicators",
    "attribution": "The World Bank",
    "sourceReference": "https://api.worldbank.org/v2/indicator/AG.LND.CROP.ZS?format=json&per_page=1",
    "valuesReference": "https://api.worldbank.org/v2/country/all/indicator/AG.LND.CROP.ZS?format=json&per_page=20000&page=1&date=2015%3A2025",
    "license": "Creative Commons Attribution 4.0 International unless specifically labeled otherwise by World Bank metadata",
    "licenseReference": "https://www.worldbank.org/en/about/legal/terms-of-use-for-datasets",
    "retrievedAt": "2026-06-27T17:14:48.555799+00:00",
    "checksum": "5096211b79af15572b748763b0ff3167ae88be1e6cc88994052054894d97237e",
    "sourceOrganization": "FAO electronic files and web site, Food and Agriculture Organization of the United Nations (FAO), publisher: Food and Agriculture Organization of the United Nations (FAO)"
  },
  "reviewStatus": "approved",
  "contentVersion": "2026.06.22-exp2-qa1",
  "editorial": {
    "shortHook": "A candidate map for permanent cropland.",
    "patternNote": "The darkest countries include Cote d'Ivoire, Malaysia, Sri Lanka, while the lightest include Botswana, Mongolia, Sweden; that contrast is the fastest way to read the permanent cropland pattern.",
    "whyItMatters": "Permanent cropland may add useful WORLDPRINT variety once source coverage, unit clarity, map interest, and distractor ambiguity are reviewed.",
    "bestProbeCountries": [
      {
        "iso3": "CIV",
        "reason": "High anchor: this country sits near the darkest end of the map."
      },
      {
        "iso3": "BWA",
        "reason": "Low anchor: this country clarifies the lightest end of the scale."
      },
      {
        "iso3": "BGR",
        "reason": "Middle check: this country helps separate a true pattern from one-off outliers."
      }
    ],
    "commonConfusions": [
      {
        "confusedWithIndicatorCode": "EN.POP.DNST",