{
  "schemaVersion": "1.1.0",
  "id": "pm25-exposure",
  "providerCode": "EN.ATM.PM25.MC.M3",
  "title": "PM2.5 air pollution, mean annual exposure (micrograms per cubic meter)",
  "shortTitle": "PM2.5 exposure",
  "category": "environment",
  "difficulty": "standard",
  "definition": "Population-weighted exposure to ambient PM2.5 pollution is defined as the average level of exposure of a nation's population to concentrations of suspended particles measuring less than 2.5 microns in aerodynamic diameter, which are capable of penetrating deep into the respiratory tract and causing severe health damage. Exposure is calculated by weighting mean annual concentrations of PM2.5 by population in both urban and rural areas.",
  "unit": "micrograms per cubic meter",
  "year": 2023,
  "valuesByIso3": {
    "AFG": 37.9483109911724,
    "AGO": 19.9075690536367,
    "ALB": 15.5141032036885,
    "ARE": 57.1867315267375,
    "ARG": 14.3465949932455,
    "ARM": 28.5532304553511,
    "AUS": 6.41473930057816,
    "AUT": 10.0337620235066,
    "AZE": 23.7138875571912,
    "BDI": 35.6918123934643,
    "BEL": 8.44918716609445,
    "BEN": 39.6565559870988,
    "BFA": 37.3246424541393,
    "BGD": 69.2525518340174,
    "BGR": 19.6823426211069,
    "BHS": 5.28191362280586,
    "BIH": 26.0886959562752,
    "BLR": 11.9843753055171,
    "BLZ": 16.7646615164655,
    "BOL": 28.1374394437756,
    "BRA": 13.3827173243912,
    "BRN": 7.56922294285959,
    "BTN": 30.0727424508173,
    "BWA": 13.2435593608353,
    "CAF": 33.2858847106909,
    "CAN": 6.55039237938261,
    "CHE": 8.32022270668715,
    "CHL": 23.1032480114662,
    "CHN": 31.991575365069,
    "CIV": 20.3873194822538,
    "CMR": 55.603592684544,
    "COD": 35.8125021813766,
    "COG": 36.5403519085882,
    "COL": 18.3566187713727,
    "CRI": 17.6979830088429,
    "CUB": 9.44801581673589,
    "CYP": 16.0691610763589,
    "CZE": 12.7487592084261,
    "DEU": 8.81223056430691,
    "DJI": 40.2974292106183,
    "DNK": 7.50264703002735,
    "DOM": 13.5127642846618,
    "DZA": 16.5394687279881,
    "ECU": 18.6084478897872,
    "EGY": 43.1460553382462,
    "ERI": 33.6567997168068,
    "ESP": 10.0808338779581,
    "EST": 5.91844561892566,
    "ETH": 23.8032820424199,
    "FIN": 4.56663882609005,
    "FJI": 6.44872096526468,
    "FRA": 8.22738625697416,
    "GAB": 31.3215918230835,
    "GBR": 9.46282991802458,
    "GEO": 18.5711667549529,
    "GHA": 28.143601284493,
    "GIN": 27.2639917651602,
    "GMB": 38.265175638788,
    "GNB": 32.2919342603912,
    "GNQ": 42.2208052713627,
    "GRC": 14.118664022908,
    "GRL": 1.63628490009227,
    "GTM": 29.6792763049113,
    "GUY": 16.9462260034022,
    "HND": 30.7188969730187,
    "HRV": 15.7786705432032,
    "HTI": 15.8127594459366,
    "HUN": 13.7155825810085,
    "IDN": 20.8444642120249,
    "IND": 54.0522242217331,
    "IRL": 7.51222073505132,
    "IRN": 40.2453897732326,
    "IRQ": 49.4713662187955,
    "ISL": 4.93296364385632,
    "ISR": 21.9008483431459,
    "ITA": 14.291805636343,
    "JAM": 21.6535070203861,
    "JOR": 32.6320116469358,
    "JPN": 11.4519383176575,
    "KAZ": 19.5961413356991,
    "KEN": 20.252365609383,
    "KGZ": 20.1239014514257,
    "KHM": 19.4262068786841,
    "KOR": 21.8940234142942,
    "KWT": 62.3484361793193,
    "LAO": 25.9762899979383,
    "LBN": 26.6948532836253,
    "LBR": 17.9178293051068,
    "LBY": 20.014492731108,
    "LKA": 22.6820308390395,
    "LSO": 26.4379773450967,
    "LTU": 10.7455249948656,
    "LUX": 7.42989857852829,
    "LVA": 13.0121664059875,
    "MAR": 18.7206508843713,
    "MDA": 14.9450916480619,
    "MDG": 12.3865755564591,
    "MEX": 16.6099613756465,
    "MKD": 21.8117148685703,
    "MLI": 35.5240450338273,
    "MMR": 35.0665284656219,
    "MNE": 18.4546520922672,
    "MNG": 42.6916874423772,
    "MOZ": 13.7216828951578,
    "MRT": 46.5013986975929,
    "MWI": 16.7211601349048,
    "MYS": 15.8650142432827,
    "NAM": 14.2253008498779,
    "NER": 65.2302894952218,
    "NGA": 65.740618883028,
    "NIC": 20.4180839334698,
    "NLD": 8.58757364083248,
    "NOR": 5.52141079375347,
    "NPL": 53.2003436952498,
    "NZL": 6.88138507182829,
    "OMN": 46.8557577090985,
    "PAK": 58.3745179541935,
    "PAN": 15.1210531361735,
    "PER": 31.0938536450575,
    "PHL": 22.2053003753671,
    "PNG": 14.1117516188413,
    "POL": 16.522574789688,
    "PRI": 7.83963023115694,
    "PRK": 21.7761196310643,
    "PRT": 8.76550462748695,
    "PRY": 15.327993717276,
    "PSE": 22.394098975674,
    "QAT": 107.758571527846,
    "ROU": 16.007729806639,
    "RUS": 11.5661567768194,
    "RWA": 36.0064247681194,
    "SAU": 73.5179752363051,
    "SDN": 37.6123871383607,
    "SEN": 41.6483649398667,
    "SLB": 9.76639967800624,
    "SLE": 22.461260523478,
    "SLV": 29.5862475987305,
    "SOM": 18.5402586086237,
    "SRB": 19.3375514552379,
    "SSD": 23.674692498997,
    "SUR": 15.670163102049,
    "SVK": 13.7166673872216,
    "SVN": 12.5550625384956,
    "SWE": 5.25938129137927,
    "SWZ": 16.7458644287773,
    "SYR": 32.0552019474512,
    "TCD": 42.9595249298994,
    "TGO": 34.3346739146749,
    "THA": 23.4870743016258,
    "TJK": 33.3455362132125,
    "TKM": 31.2475628480692,
    "TLS": 11.9874398587491,
    "TTO": 13.7770653891863,
    "TUN": 18.874792802061,
    "TUR": 26.4041601035213,
    "TZA": 20.1699588964355,
    "UGA": 31.2148242708861,
    "UKR": 14.854701604932,
    "URY": 10.8548023885457,
    "USA": 6.96804491055748,
    "UZB": 32.7713715610547,
    "VEN": 19.1983096563552,
    "VNM": 24.7845479100313,
    "VUT": 6.9939431918878,
    "YEM": 46.8359781444582,
    "ZAF": 27.7247110277789,
    "ZMB": 20.2430489112714,
    "ZWE": 15.0254734850511
  },
  "stats": {
    "coverage": 168,
    "min": 1.63628490009227,
    "max": 107.758571527846,
    "median": 19.794955837371802,
    "quantileBreaks": [
      1.63628490009227,
      9.357189352103177,
      14.194833185029356,
      18.168566142973027,
      21.84698995959483,
      29.79169520374159,
      37.9935773694032,
      107.758571527846
    ]
  },
  "formatting": {
    "maximumFractionDigits": 1,
    "suffix": " ug/m3"
  },
  "source": {
    "provider": "World Bank",
    "dataset": "World Development Indicators",
    "attribution": "The World Bank",
    "sourceReference": "https://api.worldbank.org/v2/indicator/EN.ATM.PM25.MC.M3?format=json&per_page=1",
    "valuesReference": "https://api.worldbank.org/v2/country/all/indicator/EN.ATM.PM25.MC.M3?format=json&per_page=20000&page=1&date=2015%3A2025",
    "license": "Creative Commons Attribution 4.0 International unless specifically labeled otherwise by World Bank metadata",
    "licenseReference": "https://www.worldbank.org/en/about/legal/terms-of-use-for-datasets",
    "retrievedAt": "2026-07-02T22:12:06.033429+00:00",
    "checksum": "f96ad25518a750cb0657ec21f3d6ae6e6eed7d16197bda9ee516293fe0dc28d1",
    "sourceOrganization": "Global Burden of Disease Study 2023 (GBD 2023) Air Pollution Exposure Estimates and Risk Curves 1990-2023, GBD Collaborator Network, uri: https://ghdx.healthdata.org/record/ihme-data/gbd-2023-air-pollution-exposure-estimates-1990-2023, note: Need to create account to retrieve data., publisher: Institute for Health Metrics and Evaluation (IHME), date accessed: 2026-04-03, date published: 2026-01-23"
  },
  "reviewStatus": "approved",
  "contentVersion": "2026.07.02-exp4-content50",
  "editorial": {
    "shortHook": "A dirty-air exposure map.",
    "patternNote": "The darkest countries include Qatar, Saudi Arabia, Bangladesh, while the lightest include Greenland, Finland, Iceland; that contrast is the fastest way to read the pm2.5 exposure pattern.",
    "whyItMatters": "Fine-particle exposure is a health-relevant environmental signal with strong regional structure.",
    "bestProbeCountries": [
      {
        "iso3": "QAT",
        "reason": "High anchor: this country sits near the darkest end of the map."
      },
      {
        "iso3": "GRL",