{
  "schemaVersion": "1.1.0",
  "id": "pm25-guideline-exposure",
  "providerCode": "EN.ATM.PM25.MC.ZS",
  "title": "PM2.5 air pollution, population exposed to levels exceeding WHO guideline value (% of total)",
  "shortTitle": "Population above PM2.5 guideline",
  "category": "environment",
  "difficulty": "expert",
  "definition": "Percent of population exposed to ambient concentrations of PM2.5 that exceed the WHO guideline value is defined as the portion of a country’s population living in places where mean annual concentrations of PM2.5 are greater than 10 micrograms per cubic meter, the guideline value recommended by the World Health Organization as the lower end of the range of concentrations over which adverse health effects due to PM2.5 exposure have been observed.",
  "unit": "percent of population",
  "year": 2017,
  "valuesByIso3": {
    "AFG": 100.0,
    "AGO": 100.0,
    "ALB": 99.9999999999643,
    "ARE": 100.0,
    "ARG": 93.8528246666324,
    "ARM": 100.0,
    "AUS": 24.8935837696774,
    "AUT": 85.0515376653505,
    "AZE": 100.0,
    "BDI": 100.0,
    "BEL": 91.9485403518636,
    "BEN": 100.0,
    "BFA": 100.0,
    "BGD": 100.0,
    "BGR": 99.8946743201431,
    "BHS": 99.9999999918088,
    "BIH": 99.9552350286901,
    "BLR": 99.9313519680704,
    "BLZ": 100.0,
    "BOL": 99.9991320215104,
    "BRA": 68.1350300575805,
    "BRN": 0.0,
    "BTN": 100.0,
    "BWA": 100.0,
    "CAF": 100.0,
    "CAN": 0.0,
    "CHE": 49.3001362303515,
    "CHL": 97.6630177077565,
    "CHN": 99.9982944622564,
    "CIV": 100.0,
    "CMR": 100.0,
    "COD": 100.0,
    "COG": 100.0,
    "COL": 92.1046289822956,
    "CRI": 99.6887933668832,
    "CUB": 99.9999999999811,
    "CYP": 100.0,
    "CZE": 99.6772126159304,
    "DEU": 89.1743564300489,
    "DJI": 100.0,
    "DNK": 56.9144561104444,
    "DOM": 99.9134426224712,
    "DZA": 100.0,
    "ECU": 98.3156239365569,
    "EGY": 100.0,
    "ERI": 100.0,
    "ESP": 41.115549425172,
    "EST": 0.0,
    "ETH": 100.0,
    "FIN": 0.0,
    "FJI": 82.8031823467088,
    "FRA": 78.2135639205549,
    "GAB": 100.0,
    "GBR": 66.5332490328298,
    "GEO": 100.0,
    "GHA": 100.0,
    "GIN": 100.0,
    "GMB": 100.0,
    "GNB": 100.0,
    "GNQ": 100.0,
    "GRC": 99.9999999998588,
    "GRL": 80.0160106688235,
    "GTM": 100.0,
    "GUY": 99.9881773200384,
    "HND": 99.9835217097179,
    "HRV": 99.7796052732656,
    "HTI": 100.0,
    "HUN": 100.0,
    "IDN": 95.5671472610627,
    "IND": 100.0,
    "IRL": 0.274091678859734,
    "IRN": 100.0,
    "IRQ": 100.0,
    "ISL": 10.2852157949761,
    "ISR": 100.0,
    "ITA": 94.7772139982593,
    "JAM": 99.9999999999574,
    "JOR": 100.0,
    "JPN": 76.7615082281987,
    "KAZ": 87.4142305282549,
    "KEN": 100.0,
    "KGZ": 97.4325569187238,
    "KHM": 100.0,
    "KOR": 100.0,
    "KWT": 100.0,
    "LAO": 100.0,
    "LBN": 100.0,
    "LBR": 100.0,
    "LBY": 100.0,
    "LKA": 45.5384172591341,
    "LSO": 100.0,
    "LTU": 95.9998593070447,
    "LUX": 68.7756227449078,
    "LVA": 89.0140461977576,
    "MAR": 100.0,
    "MDA": 100.0,
    "MDG": 100.0,
    "MEX": 99.6561265475774,
    "MKD": 100.0,
    "MLI": 100.0,
    "MMR": 100.0,
    "MNE": 100.0,
    "MNG": 97.0139805896742,
    "MOZ": 100.0,
    "MRT": 100.0,
    "MWI": 100.0,
    "MYS": 90.537343806725,
    "NAM": 100.0,
    "NER": 100.0,
    "NGA": 100.0,
    "NIC": 99.9026951322358,
    "NLD": 99.5981414813269,
    "NOR": 2.04383779996992,
    "NPL": 100.0,
    "NZL": 0.0,
    "OMN": 100.0,
    "PAK": 100.0,
    "PAN": 71.6367476557604,
    "PER": 99.9629262855861,
    "PHL": 96.3706587650922,
    "PNG": 99.9951657438565,
    "POL": 99.9661157279646,
    "PRI": 3.6697247706422,
    "PRK": 100.0,
    "PRT": 16.0083566266812,
    "PRY": 99.0583082497181,
    "PSE": 100.0,
    "QAT": 100.0,
    "ROU": 98.0174648814994,
    "RUS": 91.6093290043281,
    "RWA": 100.0,
    "SAU": 100.0,
    "SDN": 100.0,
    "SEN": 100.0,
    "SLB": 99.9175631944289,
    "SLE": 100.0,
    "SLV": 100.0,
    "SOM": 100.0,
    "SRB": 100.0,
    "SSD": 100.0,
    "SUR": 100.0,
    "SVK": 100.0,
    "SVN": 99.4910252834569,
    "SWE": 3.63648738190616,
    "SWZ": 100.0,
    "SYR": 100.0,
    "TCD": 100.0,
    "TGO": 100.0,
    "THA": 100.0,
    "TJK": 100.0,
    "TKM": 100.0,
    "TLS": 100.0,
    "TTO": 100.0,
    "TUN": 100.0,
    "TUR": 100.0,
    "TZA": 100.0,
    "UGA": 100.0,
    "UKR": 100.0,
    "URY": 22.3857446597034,
    "USA": 3.34317037021352,
    "UZB": 100.0,
    "VEN": 99.9336624316864,
    "VNM": 100.0,
    "VUT": 99.9999999872286,
    "YEM": 100.0,
    "ZAF": 100.0,
    "ZMB": 100.0,
    "ZWE": 100.0
  },
  "stats": {
    "coverage": 168,
    "min": 0.0,
    "max": 100.0,
    "median": 100.0,
    "quantileBreaks": [
      0.0,
      79.75851827621369,
      99.6711880249724,
      100.0,
      100.0,
      100.0,
      100.0,
      100.0
    ]
  },
  "formatting": {
    "maximumFractionDigits": 1,
    "suffix": "%"
  },
  "source": {
    "provider": "World Bank",
    "dataset": "World Development Indicators",
    "attribution": "The World Bank",
    "sourceReference": "https://api.worldbank.org/v2/indicator/EN.ATM.PM25.MC.ZS?format=json&per_page=1",
    "valuesReference": "https://api.worldbank.org/v2/country/all/indicator/EN.ATM.PM25.MC.ZS?format=json&per_page=20000&page=1&date=2015%3A2025",
    "license": "Creative Commons Attribution 4.0 International unless specifically labeled otherwise by World Bank metadata",
    "licenseReference": "https://www.worldbank.org/en/about/legal/terms-of-use-for-datasets",
    "retrievedAt": "2026-07-02T22:32:07.397242+00:00",
    "checksum": "b1024ff878f97738d14a89dcae9fafd836877c34ddc2c4cb8fe44ed4fe2704f9",
    "sourceOrganization": "Global Burden of Disease Study 2017 (GBD 2017), Institute for Health Metrics and Evaluation (IHME), uri: https://ghdx.healthdata.org/gbd-2017, publisher: Institute for Health Metrics and Evaluation (IHME), date published: 202112"
  },
  "reviewStatus": "approved",
  "contentVersion": "2026.07.02-exp4-content50",
  "editorial": {
    "shortHook": "A candidate map for population above pm2.5 guideline.",
    "patternNote": "The darkest countries include Zimbabwe, Zambia, South Africa, while the lightest include Brunei Darussalam, Canada, Estonia; that contrast is the fastest way to read the population above pm2.5 guideline pattern.",
    "whyItMatters": "Population above PM2.5 guideline may add useful WORLDPRINT variety once source coverage, unit clarity, map interest, and distractor ambiguity are reviewed.",
    "bestProbeCountries": [
      {
        "iso3": "ZWE",
        "reason": "High anchor: this country sits near the darkest end of the map."
      },
      {
        "iso3": "BRN",
        "reason": "Low anchor: this country clarifies the lightest end of the scale."
      },
      {
        "iso3": "CIV",
        "reason": "Middle check: this country helps separate a true pattern from one-off outliers."
      }
    ],
    "commonConfusions": [
      {
        "confusedWithIndicatorCode": "NY.ADJ.DPEM.GN.ZS",
        "reason": "Particulate emission damage can tempt players because it shares a strong country ranking with this map, but its unit and definition point to a different story."
      },
      {
        "confusedWithIndicatorCode": "EN.ATM.PM25.MC.M3",
        "reason": "PM2.5 exposure can tempt players because it shares a strong country ranking with this map, but its unit and definition point to a different story."
      },
      {
        "confusedWithIndicatorCode": "NY.GNP.PCAP.CD",
        "reason": "GNI per capita can tempt players because it shares a strong country ranking with this map, but its unit and definition point to a different story."
      }
    ],
    "difficultyReason": "Expert difficulty: the map can be mistaken for adjacent indicators unless players probe a high, low, and middle country.",