{
  "schemaVersion": "1.1.0",
  "id": "population-growth",
  "providerCode": "SP.POP.GROW",
  "title": "Population growth (annual %)",
  "shortTitle": "Population growth",
  "category": "demography",
  "difficulty": "standard",
  "definition": "Annual population growth rate for year t is the exponential rate of growth of midyear population from year t-1 to t, expressed as a percentage. Population is based on the de facto definition of population, which counts all residents regardless of legal status or citizenship.",
  "unit": "annual percent change",
  "year": 2024,
  "valuesByIso3": {
    "AFG": 2.83657317243522,
    "AGO": 3.04419972245653,
    "ALB": -1.54314393524594,
    "ARE": 4.68316095317394,
    "ARG": 0.345829819817895,
    "ARM": 2.30761515133256,
    "AUS": 1.99383715356028,
    "AUT": 0.504879813795986,
    "AZE": 0.480155257252915,
    "BDI": 2.5839340108674,
    "BEL": 0.66555918543206,
    "BEN": 2.46175361912328,
    "BFA": 2.24597728439097,
    "BGD": 1.21462115417186,
    "BGR": -0.0803071609561488,
    "BHS": 0.460334786075668,
    "BIH": -0.655819991673837,
    "BLR": -0.49881794290787,
    "BLZ": 1.44077799785791,
    "BOL": 1.37206798819615,
    "BRA": 0.405467027627251,
    "BRN": 0.81851878860359,
    "BTN": 0.651370664586926,
    "BWA": 1.63538411022867,
    "CAF": 3.40139844069992,
    "CAN": 2.96220294420494,
    "CHE": 1.30500749907811,
    "CHL": 0.537425495656651,
    "CHN": -0.123063407363995,
    "CIV": 2.43618201263834,
    "CMR": 2.61268294319567,
    "COD": 3.24257627586721,
    "COG": 2.39829082784283,
    "COL": 1.07447920962035,
    "CRI": 0.476482848761595,
    "CUB": -0.364986968189241,
    "CYP": 0.984449687113221,
    "CZE": 0.376553049157494,
    "DEU": 0.274957829184881,
    "DJI": 1.3592172957681,
    "DNK": 0.503861198167737,
    "DOM": 0.846199988604412,
    "DZA": 1.39838651912702,
    "ECU": 0.860548498593581,
    "EGY": 1.73324205302065,
    "ERI": 1.86168851424672,
    "ESP": 1.02121260938381,
    "EST": 0.149856351926424,
    "ETH": 2.58350411214521,
    "FIN": 0.642640054363343,
    "FJI": 0.500721796949901,
    "FRA": 0.261995241898747,
    "GAB": 2.15636509762581,
    "GBR": 1.0659564474212,
    "GEO": -0.429560042538271,
    "GHA": 1.87500010333119,
    "GIN": 2.39595802290484,
    "GMB": 2.27730257212036,
    "GNB": 2.20520563612008,
    "GNQ": 2.40472649031131,
    "GRC": -0.0213045199396999,
    "GRL": -0.0510109860579076,
    "GTM": 1.54129399660934,
    "GUY": 0.571243951310838,
    "HND": 1.68469129774697,
    "HRV": 0.168627948783285,
    "HTI": 1.15472671204546,
    "HUN": -0.314510077464087,
    "IDN": 0.813871513351669,
    "IND": 0.890706546985984,
    "IRL": 1.57375843711631,
    "IRN": 1.05286922170537,
    "IRQ": 2.12476784890538,
    "ISL": 0.218346070592545,
    "ISR": 1.26518834033156,
    "ITA": -0.0534387378437725,
    "JAM": -0.0215180207209529,
    "JOR": 0.988722042141178,
    "JPN": -0.435651699326323,
    "KAZ": 1.28276364646616,
    "KEN": 1.95751431565234,
    "KGZ": 1.70540730430368,
    "KHM": 1.22593986324555,
    "KOR": 0.0743178674548815,
    "KWT": 0.899286654502241,
    "LAO": 1.35832703035837,
    "LBN": 0.560805065461567,
    "LBR": 2.15725346515291,
    "LBY": 1.02629935747641,
    "LKA": -0.550589519145017,
    "LSO": 1.11644894351979,
    "LTU": 0.579633464785161,
    "LUX": 1.57538901671221,
    "LVA": -0.93796839712162,
    "MAR": 0.972827595296714,
    "MDA": -2.28306147072637,
    "MDG": 2.43524760129506,
    "MEX": 0.860515443690537,
    "MKD": -0.189311904958652,
    "MLI": 2.94115084753028,
    "MMR": 0.674364862610485,
    "MNE": -0.000641511915285095,
    "MNG": 1.24590299529718,
    "MOZ": 2.91994049442347,
    "MRT": 2.88395898961435,
    "MWI": 2.57641467045761,
    "MYS": 1.22058891015438,
    "NAM": 2.23715227334598,
    "NCL": 0.95072208560765,
    "NER": 3.28101480132484,
    "NGA": 2.08297776184189,
    "NIC": 1.34687135560209,
    "NLD": 0.648823280021657,
    "NOR": 0.949855138372357,
    "NPL": -0.146800968936231,
    "NZL": 1.66869187850147,
    "OMN": 4.49738628465102,
    "PAK": 1.50959876314033,
    "PAN": 1.26624987466078,
    "PER": 1.0937871324756,
    "PHL": 0.825602488528657,
    "PNG": 1.78260733820852,
    "POL": -0.349832361234927,
    "PRI": -0.0155140706220036,
    "PRK": 0.304699893187806,
    "PRT": 1.09536933248007,
    "PRY": 1.23438951533718,
    "PSE": 2.36027908447521,
    "QAT": 7.32265165181291,
    "ROU": -0.0485820204761977,
    "RUS": -0.203423663777625,
    "RWA": 2.14176839550509,
    "SAU": 4.63120232685885,
    "SDN": 0.808373216038761,
    "SEN": 2.32058603495657,
    "SLB": 2.37078352276169,
    "SLE": 2.1226891332086,
    "SLV": 0.451762522948611,
    "SOM": 3.48215481810475,
    "SRB": -0.555761423984425,
    "SSD": 3.92792442239756,
    "SUR": 0.877853398525397,
    "SVK": -0.0861108401600769,
    "SVN": 0.326705896075754,
    "SWE": 0.313432129983607,
    "SWZ": 0.995913343966098,
    "SYR": 4.46809539676654,
    "TCD": 4.94853027382671,
    "TGO": 2.2413667842624,
    "THA": -0.0480210554154485,
    "TJK": 1.91732317936133,
    "TKM": 1.75064111797897,
    "TLS": 1.17433638550192,
    "TTO": 0.0601642729371072,
    "TUN": 0.626519256572759,
    "TUR": 0.225580501096507,
    "TZA": 2.87426672866542,
    "UGA": 2.75373170025335,
    "UKR": 0.33702862573394,
    "URY": -0.0440759548302792,
    "USA": 0.976421684505429,
    "UZB": 1.97065383660565,
    "VEN": 0.369232130679939,
    "VNM": 0.631267006487247,
    "VUT": 2.27351944261437,
    "YEM": 2.98210396880689,
    "ZAF": 1.24951426055192,
    "ZMB": 2.81182258530958,
    "ZWE": 1.7804822981922
  },
  "stats": {
    "coverage": 169,
    "min": -2.28306147072637,
    "max": 7.32265165181291,
    "median": 1.09536933248007,
    "quantileBreaks": [
      -2.28306147072637,
      -0.0213045199396999,
      0.503861198167737,
      0.95072208560765,
      1.28276364646616,
      1.97065383660565,
      2.57641467045761,
      7.32265165181291
    ]
  },
  "formatting": {
    "maximumFractionDigits": 1,
    "suffix": "%"
  },
  "source": {
    "provider": "World Bank",
    "dataset": "World Development Indicators",
    "attribution": "The World Bank",
    "sourceReference": "https://api.worldbank.org/v2/indicator/SP.POP.GROW?format=json&per_page=1",
    "valuesReference": "https://api.worldbank.org/v2/country/all/indicator/SP.POP.GROW?format=json&per_page=20000&page=1&date=2015%3A2025",
    "license": "Creative Commons Attribution 4.0 International unless specifically labeled otherwise by World Bank metadata",
    "licenseReference": "https://www.worldbank.org/en/about/legal/terms-of-use-for-datasets",
    "retrievedAt": "2026-06-22T18:06:07.055374+00:00",
    "checksum": "09d778a759dd8b1fef103de6b05a6a91f337b7cd09fef22aae8338bdab90e406",
    "sourceOrganization": "World Population Prospects, United Nations (UN), note: Derived from total population, publisher: UN Population Division;\nStatistical databases and publications from national statistical offices, National statistical offices, note: Derived from total population;\nDemographic Statistics, Eurostat (ESTAT), note: Derived from total population;\nPopulation and Vital Statistics Report (various years), United Nations (UN), note: Derived from total population, publisher: UN Statistical Division"
  },
  "reviewStatus": "approved",
  "contentVersion": "2026.06.22-exp2-qa1",
  "editorial": {
    "shortHook": "The momentum map after births, deaths, and migration all combine.",
    "patternNote": "The darkest countries include Qatar, Chad, United Arab Emirates, while the lightest include Moldova, Albania, Latvia; that contrast is the fastest way to read the population growth pattern.",
    "whyItMatters": "Population growth helps players separate fast-growing societies from aging, shrinking, or migration-shaped countries.",
    "bestProbeCountries": [
      {
        "iso3": "QAT",
        "reason": "High anchor: this country sits near the darkest end of the map."
      },
      {
        "iso3": "MDA",