{
  "schemaVersion": "1.1.0",
  "id": "population-growth",
  "providerCode": "SP.POP.GROW",
  "title": "Population growth (annual %)",
  "shortTitle": "Population growth",
  "category": "demography",
  "difficulty": "standard",
  "definition": "Annual population growth rate for year t is the exponential rate of growth of midyear population from year t-1 to t, expressed as a percentage. Population is based on the de facto definition of population, which counts all residents regardless of legal status or citizenship.",
  "unit": "annual percent change",
  "year": 2025,
  "valuesByIso3": {
    "AFG": 2.76719430653303,
    "AGO": 3.00100954627922,
    "ALB": -1.16564475393365,
    "ARE": 4.68316292656212,
    "ARG": 0.339100654860035,
    "ARM": 1.73854906675217,
    "AUS": 1.53308964338105,
    "AUT": 0.328301850203979,
    "AZE": 0.431945667113889,
    "BDI": 2.40689260858279,
    "BEL": 0.698907329339411,
    "BEN": 2.40291500851022,
    "BFA": 2.20824551344995,
    "BGD": 1.21664463269168,
    "BGR": -0.126123118551665,
    "BHS": 0.43515303971882,
    "BIH": -0.766395454237064,
    "BLR": -0.511982816210923,
    "BLZ": 1.39336251081714,
    "BOL": 1.34850560934918,
    "BRA": 0.383150642409967,
    "BRN": 0.776925734682091,
    "BTN": 0.649540189970473,
    "BWA": 1.61250378521521,
    "CAF": 3.36794044132968,
    "CAN": 0.939110272846239,
    "CHE": 0.95982517858888,
    "CHL": 0.480257021978241,
    "CHN": -0.169770885652674,
    "CIV": 2.40496595908985,
    "CMR": 2.56133847709635,
    "COD": 3.20249618590858,
    "COG": 2.36370989746216,
    "COL": 1.01451696044498,
    "CRI": 0.448125104429705,
    "CUB": -0.388557565092683,
    "CYP": 0.914028750872649,
    "CZE": -0.16657564691038,
    "DEU": -0.0303506708320264,
    "DJI": 1.30518794764358,
    "DNK": 0.536903805914283,
    "DOM": 0.809920950082305,
    "DZA": 1.31780475504384,
    "ECU": 0.847864596028112,
    "EGY": 1.55618628611795,
    "ERI": 1.99933689205926,
    "ESP": 1.03113431966787,
    "EST": -0.428360939161402,
    "ETH": 2.55107529460765,
    "FIN": 0.470872218110853,
    "FJI": 0.469404246979013,
    "FRA": 0.245766211891762,
    "GAB": 2.11142428155027,
    "GBR": 0.296898638478743,
    "GEO": 3.1815662969341,
    "GHA": 1.83295547173437,
    "GIN": 2.31092272302565,
    "GMB": 2.22524763449017,
    "GNB": 2.16429203622489,
    "GNQ": 2.39717222444002,
    "GRC": 0.0848067613416544,
    "GRL": -0.00879762816511268,
    "GTM": 1.5179036167086,
    "GUY": 0.58773840166977,
    "HND": 1.65037355718421,
    "HRV": 0.258317977905583,
    "HTI": 1.12793089533676,
    "HUN": -0.501292808614035,
    "IDN": 0.784708535785041,
    "IND": 0.887183543977214,
    "IRL": 1.62826615443033,
    "IRN": 0.923930875479985,
    "IRQ": 2.10351548706844,
    "ISL": 1.51445294794602,
    "ISR": 1.19852366348133,
    "ITA": -0.0628633523365352,
    "JAM": -0.0739220209228623,
    "JOR": -0.279038179525473,
    "JPN": -0.492142838725375,
    "KAZ": 1.21239553353742,
    "KEN": 1.92967823977399,
    "KGZ": 1.66425490124613,
    "KHM": 1.17893708663597,
    "KOR": -0.128584337535563,
    "KWT": -0.654851001278566,
    "LAO": 1.31981575540414,
    "LBN": 0.745736135898232,
    "LBR": 2.08732472424606,
    "LBY": 1.04494488295615,
    "LKA": -0.732738211545502,
    "LSO": 1.1020485314959,
    "LTU": 0.0171713878019065,
    "LUX": 1.46016251329208,
    "LVA": -0.987592806179397,
    "MAR": 0.913842778572571,
    "MDA": -1.75442101889586,
    "MDG": 2.39781026296956,
    "MEX": 0.826382426690595,
    "MKD": -0.189286550678574,
    "MLI": 2.89981455024173,
    "MMR": 0.641162929716532,
    "MNE": -0.0635300593940256,
    "MNG": 1.24589876857071,
    "MOZ": 2.84630186701375,
    "MRT": 2.77895808619534,
    "MWI": 2.55685698114353,
    "MYS": 1.17471679693395,
    "NAM": 2.04761498541566,
    "NCL": 0.916376579929707,
    "NER": 3.22289981385576,
    "NGA": 2.06227178599451,
    "NIC": 1.31234789341176,
    "NLD": 0.521869714098474,
    "NOR": 0.690166127329719,
    "NPL": -0.111140420150509,
    "NZL": 0.653812611006536,
    "OMN": 3.95650101545376,
    "PAK": 1.55994397009632,
    "PAN": 1.22403711826792,
    "PER": 1.04316532874658,
    "PHL": 0.810982768568445,
    "PNG": 1.74625754996746,
    "POL": -0.338028518667454,
    "PRI": -0.553782979963777,
    "PRK": 0.272143344374275,
    "PRT": 1.02505359028502,
    "PRY": 1.20391081847026,
    "PSE": 2.32556364928187,
    "QAT": 3.92476698437933,
    "ROU": -0.165649007627974,
    "RUS": -0.108864402490546,
    "RWA": 2.17017465948949,
    "SAU": 4.63120314543082,
    "SDN": 2.3763155422004,
    "SEN": 2.29738465638923,
    "SLB": 2.34616812843002,
    "SLE": 2.03619305233604,
    "SLV": 0.429954275845337,
    "SOM": 3.3397984923678,
    "SRB": -0.56842544719633,
    "SSD": 2.0337018417734,
    "SUR": 0.850523968746845,
    "SVK": -0.152382641257418,
    "SVN": 0.168420657387838,
    "SWE": 0.254281358853672,
    "SWZ": 1.06859931393766,
    "SYR": 3.76901619394327,
    "TCD": 3.41211675890953,
    "TGO": 2.17758924189303,
    "THA": -0.0672045728198196,
    "TJK": 1.83193545840317,
    "TKM": 1.64558945876185,
    "TLS": 1.26841125849065,
    "TTO": -0.0415920932776015,
    "TUN": 0.580403828948731,
    "TUR": 0.419954927193433,
    "TZA": 2.85515014149945,
    "UGA": 2.70194383324801,
    "UKR": 2.91573569457478,
    "URY": -0.0561194093953689,
    "USA": 0.522468081877868,
    "UZB": 1.88404754637167,
    "VEN": 0.39124515392802,
    "VNM": 0.603044839155161,
    "VUT": 2.23013831174813,
    "YEM": 2.8917915150724,
    "ZAF": 1.14969203871645,
    "ZMB": 2.77109662765952,
    "ZWE": 1.88435182354047
  },
  "stats": {
    "coverage": 169,
    "min": -1.75442101889586,
    "max": 4.68316292656212,
    "median": 1.1020485314959,
    "quantileBreaks": [
      -1.75442101889586,
      -0.0739220209228623,
      0.448125104429705,
      0.913842778572571,
      1.30518794764358,
      1.99933689205926,
      2.40689260858279,
      4.68316292656212
    ]
  },
  "formatting": {
    "maximumFractionDigits": 1,
    "suffix": "%"
  },
  "source": {
    "provider": "World Bank",
    "dataset": "World Development Indicators",
    "attribution": "The World Bank",
    "sourceReference": "https://api.worldbank.org/v2/indicator/SP.POP.GROW?format=json&per_page=1",
    "valuesReference": "https://api.worldbank.org/v2/country/all/indicator/SP.POP.GROW?format=json&per_page=20000&page=1&date=2015%3A2025",
    "license": "Creative Commons Attribution 4.0 International unless specifically labeled otherwise by World Bank metadata",
    "licenseReference": "https://www.worldbank.org/en/about/legal/terms-of-use-for-datasets",
    "retrievedAt": "2026-07-02T22:16:12.940332+00:00",
    "checksum": "69d19b4b712426765607614ed3d4456f5b2553222cc36011c5b91627a319f15d",
    "sourceOrganization": "World Population Prospects, United Nations (UN), note: Derived from total population, publisher: UN Population Division;\nStatistical databases and publications from national statistical offices, National Statistical Offices (NSOs), note: Derived from total population;\nDemographic Statistics, Eurostat (ESTAT), note: Derived from total population;\nPopulation and Vital Statistics Report (various years), United Nations (UN), note: Derived from total population, publisher: UN Statistical Division"
  },
  "reviewStatus": "approved",
  "contentVersion": "2026.07.02-exp4-content50",
  "editorial": {
    "shortHook": "The momentum map after births, deaths, and migration all combine.",
    "patternNote": "The darkest countries include United Arab Emirates, Saudi Arabia, Oman, while the lightest include Moldova, Albania, Latvia; that contrast is the fastest way to read the population growth pattern.",
    "whyItMatters": "Population growth helps players separate fast-growing societies from aging, shrinking, or migration-shaped countries.",
    "bestProbeCountries": [
      {
        "iso3": "ARE",