{
  "schemaVersion": "1.1.0",
  "id": "preprimary-enrollment",
  "providerCode": "SE.PRE.ENRR",
  "title": "School enrollment, preprimary (% gross)",
  "shortTitle": "Preprimary enrollment",
  "category": "education",
  "difficulty": "standard",
  "definition": "Gross enrollment ratio is the ratio of total enrollment, regardless of age, to the population of the age group that officially corresponds to the level of education shown. Preprimary education refers to programs at the initial stage of organized instruction, designed primarily to introduce very young children to a school-type environment and to provide a bridge between home and school.",
  "unit": "gross enrollment ratio",
  "year": 2019,
  "valuesByIso3": {
    "ALB": 75.7549896240234,
    "ARE": 99.0242385864258,
    "ARG": 77.7788314819336,
    "ARM": 39.3366317749023,
    "AUS": 166.160919189453,
    "AUT": 102.703750610352,
    "AZE": 41.1387214660645,
    "BDI": 16.6318302154541,
    "BEL": 113.510673522949,
    "BEN": 24.4313907623291,
    "BFA": 5.52064990997314,
    "BGR": 82.7284088134766,
    "BHS": 39.7394790649414,
    "BIH": 24.5806903839111,
    "BLR": 98.6317596435547,
    "BLZ": 47.672119140625,
    "BOL": 77.3421401977539,
    "BRA": 95.485221862793,
    "BRN": 63.3468780517578,
    "BTN": 35.7090339660645,
    "CHE": 102.693962097168,
    "CHL": 84.8023986816406,
    "CHN": 89.1185531616211,
    "CIV": 8.34589958190918,
    "CMR": 35.6178703308105,
    "CRI": 95.635498046875,
    "CUB": 97.2290878295898,
    "CYP": 87.1440277099609,
    "CZE": 113.394409179688,
    "DEU": 107.901168823242,
    "DJI": 9.18031978607178,
    "DNK": 101.327583312988,
    "DOM": 57.1337699890137,
    "ECU": 62.9829711914063,
    "EGY": 29.2698307037354,
    "ERI": 23.8528347015381,
    "ESP": 99.6266403198242,
    "EST": 94.311767578125,
    "ETH": 34.9844284057617,
    "FIN": 87.2906112670898,
    "FJI": 35.4946517944336,
    "FRA": 106.236022949219,
    "GAB": 42.9866485595703,
    "GBR": 105.880378723145,
    "GEO": 93.3745574951172,
    "GHA": 117.012336730957,
    "GIN": 16.8839836120605,
    "GMB": 43.2492713928223,
    "GRC": 83.8060073852539,
    "GTM": 49.0701599121094,
    "HND": 39.7553215026855,
    "HRV": 70.8303070068359,
    "HUN": 89.2987365722656,
    "IND": 62.8108367919922,
    "IRL": 97.2625427246094,
    "IRN": 74.3259429931641,
    "ISL": 95.754753112793,
    "ISR": 110.060943603516,
    "ITA": 92.9466400146484,
    "JOR": 28.809419631958,
    "KAZ": 62.482120513916,
    "KEN": 65.1438522338867,
    "KGZ": 39.9063911437988,
    "KHM": 20.5164661407471,
    "KOR": 92.2443313598633,
    "KWT": 60.2002716064453,
    "LAO": 48.4588165283203,
    "LKA": 70.5397033691406,
    "LSO": 33.0466079711914,
    "LTU": 88.8318328857422,
    "LUX": 91.4943466186523,
    "LVA": 94.6752395629883,
    "MAR": 54.8680114746094,
    "MDA": 93.9368515014648,
    "MDG": 40.1499214172363,
    "MEX": 70.9686431884766,
    "MKD": 41.8985404968262,
    "MNE": 74.0009078979492,
    "MNG": 86.3318023681641,
    "MYS": 98.064826965332,
    "NAM": 35.7642211914063,
    "NER": 7.39225006103516,
    "NIC": 70.0163803100586,
    "NLD": 89.6316833496094,
    "NOR": 96.3921737670898,
    "NZL": 91.6584777832031,
    "OMN": 56.0836601257324,
    "PAK": 82.5566711425781,
    "PAN": 62.620231628418,
    "PER": 105.819526672363,
    "PHL": 105.103393554688,
    "POL": 92.9353713989258,
    "PRT": 94.4449615478516,
    "PSE": 54.3961906433105,
    "QAT": 60.7908897399902,
    "ROU": 93.6755218505859,
    "RUS": 85.9931564331055,
    "RWA": 27.6442699432373,
    "SAU": 21.464469909668,
    "SEN": 16.9172992706299,
    "SLB": 93.2664794921875,
    "SLE": 19.3509101867676,
    "SOM": 0.899085462093353,
    "SRB": 63.81494140625,
    "SUR": 94.1855010986328,
    "SVK": 100.039192199707,
    "SVN": 93.0083618164063,
    "SWE": 99.5827484130859,
    "TCD": 1.0984799861908,
    "TGO": 24.9799098968506,
    "THA": 78.6048278808594,
    "TLS": 25.0940799713135,
    "TTO": 85.0374603271484,
    "TUR": 37.9658088684082,
    "TZA": 40.8569107055664,
    "UKR": 87.504753112793,
    "URY": 95.9006881713867,
    "USA": 72.2141723632813,
    "UZB": 32.9626197814941,
    "VNM": 95.888786315918,
    "VUT": 105.769233703613,
    "ZAF": 17.8414707183838,
    "ZWE": 71.7121887207031
  },
  "stats": {
    "coverage": 123,
    "min": 0.899085462093353,
    "max": 166.160919189453,
    "median": 74.0009078979492,
    "quantileBreaks": [
      0.899085462093353,
      26.187018530709413,
      41.09846278599335,
      63.48061043875556,
      84.51771545410153,
      93.28191920689174,
      98.85603332519533,
      166.160919189453
    ]
  },
  "formatting": {
    "maximumFractionDigits": 1,
    "suffix": "%"
  },
  "source": {
    "provider": "World Bank",
    "dataset": "World Development Indicators",
    "attribution": "The World Bank",
    "sourceReference": "https://api.worldbank.org/v2/indicator/SE.PRE.ENRR?format=json&per_page=1",
    "valuesReference": "https://api.worldbank.org/v2/country/all/indicator/SE.PRE.ENRR?format=json&per_page=20000&page=1&date=2015%3A2025",
    "license": "Creative Commons Attribution 4.0 International unless specifically labeled otherwise by World Bank metadata",
    "licenseReference": "https://www.worldbank.org/en/about/legal/terms-of-use-for-datasets",
    "retrievedAt": "2026-06-27T17:14:46.081773+00:00",
    "checksum": "a388e868acfba7f8d5d31b3b25de38343cd60a78530d43848c2f839f7da6955e",
    "sourceOrganization": "Stat Bulk Data Download Service, UN Educational, Scientific and Cultural Organization (UNESCO), uri: https://uis.unesco.org/bdds, publisher: UNESCO Institute for Statistics (UIS)"
  },
  "reviewStatus": "approved",
  "contentVersion": "2026.06.22-exp2-qa1",
  "editorial": {
    "shortHook": "A candidate map for preprimary enrollment.",
    "patternNote": "The darkest countries include Australia, Ghana, Belgium, while the lightest include Somalia, Fed. Rep., Chad, Burkina Faso; that contrast is the fastest way to read the preprimary enrollment pattern.",
    "whyItMatters": "Preprimary enrollment may add useful WORLDPRINT variety once source coverage, unit clarity, map interest, and distractor ambiguity are reviewed.",
    "bestProbeCountries": [
      {
        "iso3": "AUS",
        "reason": "High anchor: this country sits near the darkest end of the map."
      },
      {
        "iso3": "SOM",
        "reason": "Low anchor: this country clarifies the lightest end of the scale."
      },
      {
        "iso3": "MNE",
        "reason": "Middle check: this country helps separate a true pattern from one-off outliers."
      }
    ],
    "commonConfusions": [
      {
        "confusedWithIndicatorCode": "NY.ADJ.DPEM.GN.ZS",
        "reason": "Particulate emission damage can tempt players because it shares a strong country ranking with this map, but its unit and definition point to a different story."
      },
      {
        "confusedWithIndicatorCode": "SE.SEC.ENRR",
        "reason": "Secondary enrollment can tempt players because it shares a strong country ranking with this map, but its unit and definition point to a different story."
      },
      {
        "confusedWithIndicatorCode": "SP.DYN.LE00.IN",
        "reason": "Life expectancy can tempt players because it shares a strong country ranking with this map, but its unit and definition point to a different story."
      }
    ],
    "difficultyReason": "Standard difficulty: the map has readable regional structure, but the best answer still depends on checking the unit and country anchors.",
    "regionalSignals": [
      "Education indicators can be shaped by enrollment systems and data coverage.",
      "Compare youth-heavy countries with higher-income service economies."
    ]
  },
  "editorialReview": {
    "status": "needs_review",
    "reviewedAt": "2026-06-22",
    "reviewedBy": "pipeline-default-needs-review",
    "qualityScore": 2,
    "funScore": 2,
    "fairnessScore": 2,
    "ambiguityRisk": "medium",