{
  "schemaVersion": "1.1.0",
  "id": "primary-private-enrollment",
  "providerCode": "SE.PRM.PRIV.ZS",
  "title": "School enrollment, primary, private (% of total primary)",
  "shortTitle": "Private primary enrollment",
  "category": "education",
  "difficulty": "expert",
  "definition": "Private enrollment refers to pupils or students enrolled in institutions that are not operated by a public authority but controlled and managed, whether for profit or not, by a private body such as a nongovernmental organization, religious body, special interest group, foundation or business enterprise.",
  "unit": "percent of total primary enrollment",
  "year": 2020,
  "valuesByIso3": {
    "ALB": 9.04605960845947,
    "ARG": 25.7769393920898,
    "ARM": 2.4841001033783,
    "AUS": 29.6109008789062,
    "AUT": 6.26677989959717,
    "AZE": 0.954919993877411,
    "BDI": 2.17935991287231,
    "BEL": 54.2216186523438,
    "BEN": 25.4927806854248,
    "BFA": 23.3867206573486,
    "BGR": 1.87232995033264,
    "BIH": 1.9240700006485,
    "BLR": 0.163770005106926,
    "BLZ": 81.7873001098633,
    "BOL": 10.4506196975708,
    "BRA": 18.6220607757568,
    "BRN": 41.1889305114746,
    "BTN": 3.65316009521484,
    "CAN": 6.37664985656738,
    "CHE": 5.49517011642456,
    "CHL": 63.036548614502,
    "CHN": 8.89317989349365,
    "CIV": 16.9715900421143,
    "COD": 11.2848701477051,
    "COL": 19.8428001403809,
    "CRI": 8.97696971893311,
    "CYP": 10.1292295455933,
    "CZE": 3.20235991477966,
    "DEU": 5.24229001998901,
    "DJI": 18.0851707458496,
    "DNK": 17.727689743042,
    "DOM": 22.9320297241211,
    "DZA": 1.29281997680664,
    "ECU": 22.4888896942139,
    "EGY": 9.41427040100098,
    "ESP": 31.5429801940918,
    "EST": 6.76684999465942,
    "ETH": 4.23686981201172,
    "FIN": 1.99184000492096,
    "FJI": 0.0,
    "FRA": 15.0656995773315,
    "GBR": 34.1717414855957,
    "GEO": 11.0068397521973,
    "GHA": 29.7873802185059,
    "GIN": 35.4740180969238,
    "GMB": 32.0859298706055,
    "GRC": 6.23909997940063,
    "GTM": 12.7801599502563,
    "GUY": 8.72708034515381,
    "HND": 11.4068098068237,
    "HRV": 0.90022999048233,
    "HUN": 18.4683094024658,
    "IND": 45.1203918457031,
    "IRL": 0.916050016880035,
    "IRN": 15.4739103317261,
    "ISL": 2.71686005592346,
    "ISR": 23.5198593139648,
    "ITA": 6.03356981277466,
    "JAM": 10.0806999206543,
    "JOR": 34.919921875,
    "JPN": 1.2161500453949,
    "KAZ": 1.62721002101898,
    "KGZ": 3.03369998931885,
    "KOR": 1.54440999031067,
    "KWT": 40.8954010009766,
    "LAO": 7.35781002044678,
    "LBN": 71.1975784301758,
    "LBR": 49.6295013427734,
    "LKA": 3.19085001945496,
    "LTU": 4.69920015335083,
    "LUX": 11.9771099090576,
    "LVA": 2.77381992340088,
    "MAR": 17.8276596069336,
    "MDA": 2.07574009895325,
    "MEX": 9.91361999511719,
    "MKD": 0.754620015621185,
    "MNE": 0.481689989566803,
    "MOZ": 1.96977996826172,
    "MRT": 14.9444999694824,
    "MYS": 7.78473997116089,
    "NGA": 17.8594398498535,
    "NLD": 0.351310014724731,
    "NOR": 3.73695993423462,
    "NPL": 25.3811492919922,
    "NZL": 1.94159996509552,
    "OMN": 18.4329891204834,
    "PAN": 11.3420495986938,
    "PER": 24.0827102661133,
    "PHL": 9.480299949646,
    "POL": 7.1652398109436,
    "PRT": 12.784649848938,
    "PRY": 20.9537200927734,
    "PSE": 44.4318695068359,
    "QAT": 63.5368194580078,
    "ROU": 1.59089994430542,
    "RUS": 0.926400005817413,
    "SAU": 15.7261600494385,
    "SEN": 17.3112392425537,
    "SLE": 5.12828016281128,
    "SLV": 13.9207601547241,
    "SRB": 0.202619999647141,
    "SUR": 39.9055213928223,
    "SVK": 8.34066963195801,
    "SVN": 1.27869999408722,
    "SWE": 11.2487297058106,
    "SYR": 5.73737001419067,
    "TGO": 33.1475982666016,
    "THA": 22.2158107757568,
    "TTO": 9.3671703338623,
    "TUN": 7.70773983001709,
    "TUR": 5.18978977203369,
    "TZA": 4.25695991516113,
    "UKR": 1.19318997859955,
    "URY": 16.8074398040771,
    "USA": 8.31130981445312,
    "UZB": 0.495480000972748,
    "VNM": 1.39522004127502,
    "VUT": 5.00797986984253,
    "ZAF": 5.29481983184815,
    "ZWE": 13.1401300430298
  },
  "stats": {
    "coverage": 120,
    "min": 0.0,
    "max": 81.7873001098633,
    "median": 9.39072036743164,
    "quantileBreaks": [
      0.0,
      1.59089994430542,
      4.23686981201172,
      7.70773983001709,
      11.2848701477051,
      17.8594398498535,
      29.7873802185059,
      81.7873001098633
    ]
  },
  "formatting": {
    "maximumFractionDigits": 1,
    "suffix": "%"
  },
  "source": {
    "provider": "World Bank",
    "dataset": "World Development Indicators",
    "attribution": "The World Bank",
    "sourceReference": "https://api.worldbank.org/v2/indicator/SE.PRM.PRIV.ZS?format=json&per_page=1",
    "valuesReference": "https://api.worldbank.org/v2/country/all/indicator/SE.PRM.PRIV.ZS?format=json&per_page=20000&page=1&date=2015%3A2025",
    "license": "Creative Commons Attribution 4.0 International unless specifically labeled otherwise by World Bank metadata",
    "licenseReference": "https://www.worldbank.org/en/about/legal/terms-of-use-for-datasets",
    "retrievedAt": "2026-06-22T18:06:42.714000+00:00",
    "checksum": "fb397f6558694453a6471a658c71f512c9db7fcf58d60b967a3d73f5905c922a",
    "sourceOrganization": "Data API, UN Educational, Scientific and Cultural Organization (UNESCO), uri: https://databrowser.uis.unesco.org/resources, note: The data are obtained through the UIS API.  Detailed documentation is available at: https://api.uis.unesco.org/api/public/documentation/, publisher: UNESCO Institute for Statistics (UIS), date accessed: 2026-03-19, date published: 2026-02"
  },
  "reviewStatus": "approved",
  "contentVersion": "2026.06.22-exp2-qa1",
  "editorial": {
    "shortHook": "A candidate map for private primary enrollment.",
    "patternNote": "The darkest countries include Belize, Lebanon, Qatar, while the lightest include Fiji, Belarus, Serbia; that contrast is the fastest way to read the private primary enrollment pattern.",
    "whyItMatters": "Private primary enrollment may add useful WORLDPRINT variety once source coverage, unit clarity, map interest, and distractor ambiguity are reviewed.",
    "bestProbeCountries": [
      {
        "iso3": "BLZ",
        "reason": "High anchor: this country sits near the darkest end of the map."
      },
      {
        "iso3": "FJI",
        "reason": "Low anchor: this country clarifies the lightest end of the scale."
      },
      {
        "iso3": "EGY",
        "reason": "Middle check: this country helps separate a true pattern from one-off outliers."
      }
    ],
    "commonConfusions": [
      {
        "confusedWithIndicatorCode": "SH.MED.BEDS.ZS",
        "reason": "Hospital beds overlaps with part of the visible pattern, but the full country spread does not match."
      },
      {
        "confusedWithIndicatorCode": "SP.POP.65UP.TO.ZS",
        "reason": "Population ages 65+ overlaps with part of the visible pattern, but the full country spread does not match."
      },
      {
        "confusedWithIndicatorCode": "SN.ITK.DEFC.ZS",
        "reason": "Undernourishment overlaps with part of the visible pattern, but the full country spread does not match."
      }
    ],
    "difficultyReason": "Expert difficulty: the map can be mistaken for adjacent indicators unless players probe a high, low, and middle country.",
    "regionalSignals": [
      "Education indicators can be shaped by enrollment systems and data coverage.",
      "Compare youth-heavy countries with higher-income service economies."
    ]
  },
  "editorialReview": {
    "status": "needs_review",
    "reviewedAt": "2026-06-22",
    "reviewedBy": "pipeline-default-needs-review",
    "qualityScore": 2,
    "funScore": 2,
    "fairnessScore": 2,
    "ambiguityRisk": "medium",
    "dailyEligible": false,
    "practiceEligible": false,
    "challengeEligible": false,
    "expertOnly": false,