{
  "schemaVersion": "1.1.0",
  "id": "primary-gender-parity",
  "providerCode": "SE.ENR.PRIM.FM.ZS",
  "title": "School enrollment, primary (gross), gender parity index (GPI)",
  "shortTitle": "Primary enrollment gender parity",
  "category": "education",
  "difficulty": "expert",
  "definition": "Gender parity index for gross enrollment ratio in primary education is the ratio of girls to boys enrolled at primary level in public and private schools.",
  "unit": "female-to-male gross enrollment ratio",
  "year": 2019,
  "valuesByIso3": {
    "AFG": 0.671689987182617,
    "ALB": 1.029629945755,
    "ARE": 1.00198996067047,
    "ARG": 1.00192999839783,
    "ARM": 1.00533998012543,
    "AUS": 0.999210000038147,
    "AUT": 0.99330997467041,
    "AZE": 1.03080999851227,
    "BDI": 1.01482999324799,
    "BEL": 1.01092004776001,
    "BEN": 0.929679989814758,
    "BFA": 0.994759976863861,
    "BGR": 0.992929995059967,
    "BLR": 0.996460020542145,
    "BLZ": 0.966790020465851,
    "BOL": 0.994270026683807,
    "BRA": 0.968940019607544,
    "BRN": 1.00834703445435,
    "BTN": 1.00695478916168,
    "CAN": 0.994289994239807,
    "CHE": 0.995119988918304,
    "CHL": 0.97189998626709,
    "CHN": 1.0117199420929,
    "CIV": 0.940569996833801,
    "CMR": 0.901210010051727,
    "COL": 0.967310011386871,
    "CRI": 1.00741004943848,
    "CUB": 0.966019988059998,
    "CYP": 0.993120014667511,
    "CZE": 1.00461995601654,
    "DEU": 1.00838994979858,
    "DJI": 0.995700001716614,
    "DNK": 0.998369991779327,
    "DOM": 0.952229976654053,
    "DZA": 0.958090007305145,
    "ECU": 1.02144002914429,
    "EGY": 1.00809001922607,
    "ERI": 0.860393106937408,
    "ESP": 1.01298999786377,
    "EST": 1.00777995586395,
    "ETH": 0.902289211750031,
    "FIN": 0.994539976119995,
    "FJI": 0.962800025939941,
    "FRA": 0.994930028915405,
    "GAB": 0.967231214046478,
    "GBR": 0.997630000114441,
    "GEO": 1.00773000717163,
    "GHA": 1.01385998725891,
    "GIN": 0.838948607444763,
    "GMB": 1.10830998420715,
    "GRC": 1.00506997108459,
    "GTM": 0.978120028972626,
    "HRV": 1.00706994533539,
    "HUN": 0.986580014228821,
    "IND": 1.0192049741745,
    "IRL": 0.999010026454926,
    "IRN": 1.05552005767822,
    "ISL": 1.00429999828339,
    "ISR": 1.01178002357483,
    "ITA": 0.981119990348816,
    "JOR": 0.983349978923798,
    "JPN": 1.00253999233246,
    "KAZ": 1.01801002025604,
    "KEN": 0.970903754234314,
    "KGZ": 0.987770020961761,
    "KHM": 0.969961822032928,
    "KOR": 0.998579978942871,
    "KWT": 1.15234994888306,
    "LAO": 0.965516924858093,
    "LKA": 0.995429992675781,
    "LSO": 0.951355755329132,
    "LTU": 0.995869994163513,
    "LUX": 0.987349987030029,
    "LVA": 1.00041997432709,
    "MAR": 0.966050028800964,
    "MDA": 0.953459978103638,
    "MDG": 1.01724004745483,
    "MEX": 1.00910997390747,
    "MKD": 1.00836002826691,
    "MNE": 1.00015997886658,
    "MNG": 0.979250073432922,
    "MOZ": 0.93352997303009,
    "MRT": 1.06356000900269,
    "MWI": 1.02989995479584,
    "MYS": 1.00900661945343,
    "NAM": 0.966419994831085,
    "NER": 0.87730997800827,
    "NGA": 1.00997877120972,
    "NIC": 0.993929445743561,
    "NLD": 1.00007998943329,
    "NOR": 0.999819993972778,
    "NPL": 1.01865994930267,
    "NZL": 1.001620054245,
    "OMN": 1.09266996383667,
    "PAK": 0.881079971790314,
    "PAN": 0.984726011753082,
    "PER": 0.961579978466034,
    "PHL": 0.970158874988556,
    "POL": 0.986989974975586,
    "PRT": 0.979139983654022,
    "PSE": 0.999339997768402,
    "QAT": 1.02991998195648,
    "ROU": 0.990320026874542,
    "RUS": 0.990400016307831,
    "RWA": 0.979759991168976,
    "SAU": 1.01504004001617,
    "SEN": 1.14191997051239,
    "SLB": 0.992439985275269,
    "SLE": 1.02634000778198,
    "SRB": 0.999010026454926,
    "SUR": 0.998709976673126,
    "SVK": 0.99533998966217,
    "SVN": 0.99838000535965,
    "SWE": 1.03957998752594,
    "SWZ": 0.922559976577759,
    "TCD": 0.778240025043488,
    "TGO": 0.966359972953796,
    "THA": 0.993632555007935,
    "TKM": 0.982060015201569,
    "TLS": 0.978535830974579,
    "TUR": 0.98786997795105,
    "TZA": 1.02349996566772,
    "URY": 0.994599997997284,
    "USA": 1.00705003738403,
    "UZB": 0.98769998550415,
    "VNM": 1.02138996124268,
    "VUT": 0.958119988441467,
    "ZAF": 0.965240001678467,
    "ZWE": 0.999170005321503
  },
  "stats": {
    "coverage": 129,
    "min": 0.671689987182617,
    "max": 1.15234994888306,
    "median": 0.995429992675781,
    "quantileBreaks": [
      0.671689987182617,
      0.9634971618652342,
      0.9795414549963815,
      0.9938870327813287,
      0.999010026454926,
      1.0070585693631844,
      1.016611473900927,
      1.15234994888306
    ]
  },
  "formatting": {
    "maximumFractionDigits": 2,
    "suffix": " ratio"
  },
  "source": {
    "provider": "World Bank",
    "dataset": "World Development Indicators",
    "attribution": "The World Bank",
    "sourceReference": "https://api.worldbank.org/v2/indicator/SE.ENR.PRIM.FM.ZS?format=json&per_page=1",
    "valuesReference": "https://api.worldbank.org/v2/country/all/indicator/SE.ENR.PRIM.FM.ZS?format=json&per_page=20000&page=1&date=2015%3A2025",
    "license": "Creative Commons Attribution 4.0 International unless specifically labeled otherwise by World Bank metadata",
    "licenseReference": "https://www.worldbank.org/en/about/legal/terms-of-use-for-datasets",
    "retrievedAt": "2026-06-22T18:06:43.849642+00:00",
    "checksum": "dd865bbdd824f54782e119922959314cf16c2dddac71cc344fae3c0c058a5ee6",
    "sourceOrganization": "Stat Bulk Data Download Service, UN Educational, Scientific and Cultural Organization (UNESCO), uri: https://uis.unesco.org/bdds, publisher: UNESCO Institute for Statistics (UIS)"
  },
  "reviewStatus": "approved",
  "contentVersion": "2026.06.22-exp2-qa1",
  "editorial": {
    "shortHook": "A candidate map for primary enrollment gender parity.",
    "patternNote": "The darkest countries include Kuwait, Senegal, Gambia, The, while the lightest include Afghanistan, Chad, Guinea; that contrast is the fastest way to read the primary enrollment gender parity pattern.",
    "whyItMatters": "Primary enrollment gender parity may add useful WORLDPRINT variety once source coverage, unit clarity, map interest, and distractor ambiguity are reviewed.",
    "bestProbeCountries": [
      {
        "iso3": "KWT",
        "reason": "High anchor: this country sits near the darkest end of the map."
      },
      {
        "iso3": "AFG",
        "reason": "Low anchor: this country clarifies the lightest end of the scale."
      },
      {
        "iso3": "LKA",
        "reason": "Middle check: this country helps separate a true pattern from one-off outliers."
      }
    ],
    "commonConfusions": [
      {
        "confusedWithIndicatorCode": "SP.DYN.IMRT.IN",
        "reason": "Infant mortality overlaps with part of the visible pattern, but the full country spread does not match."
      },
      {
        "confusedWithIndicatorCode": "EG.USE.ELEC.KH.PC",
        "reason": "Electric power use overlaps with part of the visible pattern, but the full country spread does not match."
      },
      {
        "confusedWithIndicatorCode": "SH.DYN.NMRT",
        "reason": "Neonatal mortality overlaps with part of the visible pattern, but the full country spread does not match."
      }
    ],
    "difficultyReason": "Expert difficulty: the map can be mistaken for adjacent indicators unless players probe a high, low, and middle country.",
    "regionalSignals": [
      "Education indicators can be shaped by enrollment systems and data coverage.",
      "Compare youth-heavy countries with higher-income service economies."
    ]
  },
  "editorialReview": {
    "status": "needs_review",
    "reviewedAt": "2026-06-22",
    "reviewedBy": "pipeline-default-needs-review",
    "qualityScore": 2,
    "funScore": 2,
    "fairnessScore": 2,
    "ambiguityRisk": "medium",
    "dailyEligible": false,
    "practiceEligible": false,