{
  "schemaVersion": "1.1.0",
  "id": "primary-gross-intake",
  "providerCode": "SE.PRM.GINT.ZS",
  "title": "Gross intake ratio in first grade of primary education, total (% of relevant age group)",
  "shortTitle": "Primary gross intake",
  "category": "education",
  "difficulty": "expert",
  "definition": "Gross intake ratio in first grade of primary education is the number of new entrants in the first grade of primary education regardless of age, expressed as a percentage of the population of the official primary entrance age.",
  "unit": "percent of relevant age group",
  "year": 2016,
  "valuesByIso3": {
    "ALB": 109.28381,
    "ARG": 106.43014,
    "ARM": 97.83123,
    "AUT": 99.04046,
    "AZE": 104.30567,
    "BDI": 139.50957,
    "BEL": 97.81686,
    "BEN": 158.69049,
    "BFA": 106.54462,
    "BGD": 103.9233,
    "BGR": 90.20696,
    "BHS": 83.06878,
    "BLR": 105.92952,
    "BLZ": 103.75449,
    "BOL": 95.68299,
    "BRN": 105.13595,
    "BTN": 100.34703,
    "CAF": 128.08882,
    "CHE": 98.77135,
    "CHN": 101.9346,
    "CIV": 108.08795,
    "CMR": 129.5682,
    "COL": 114.39594,
    "CRI": 103.53838,
    "CUB": 104.34431,
    "CYP": 96.00813,
    "CZE": 100.40688,
    "DEU": 103.95359,
    "DJI": 61.66489,
    "DNK": 96.7832,
    "DOM": 111.06446,
    "DZA": 105.31015,
    "EGY": 102.50778,
    "ERI": 65.19705,
    "ESP": 94.04701,
    "EST": 98.59807,
    "FIN": 98.61023,
    "FJI": 111.46681,
    "GBR": 97.30579,
    "GEO": 90.92564,
    "GIN": 115.0017,
    "GMB": 103.55542,
    "GRC": 101.52898,
    "GTM": 118.44008,
    "HND": 94.34883,
    "HRV": 97.49202,
    "HUN": 96.97548,
    "IDN": 104.58974,
    "IND": 104.07735,
    "IRL": 97.74027,
    "IRN": 104.60465,
    "ISL": 101.73987,
    "ITA": 97.75151,
    "JAM": 86.73224,
    "JOR": 79.80194,
    "KAZ": 107.60444,
    "KEN": 94.0614,
    "KGZ": 108.13411,
    "KHM": 116.31831,
    "KOR": 95.90965,
    "KWT": 95.20939,
    "LAO": 104.2119,
    "LBR": 93.44149,
    "LKA": 96.06875,
    "LSO": 118.67385,
    "LTU": 103.09974,
    "LUX": 102.69865,
    "LVA": 98.4269,
    "MAR": 106.79364,
    "MDA": 93.10244,
    "MDG": 172.72947,
    "MEX": 105.24902,
    "MLI": 67.32876,
    "MNE": 103.3038,
    "MNG": 109.1291,
    "MOZ": 161.28396,
    "MRT": 107.79572,
    "MYS": 108.76832,
    "NER": 87.84829,
    "NOR": 101.40439,
    "NPL": 150.60059,
    "NZL": 98.33831,
    "OMN": 106.63286,
    "PAK": 114.53637,
    "PER": 101.78418,
    "PHL": 103.33235,
    "PNG": 127.7538,
    "PSE": 97.79697,
    "QAT": 106.79372,
    "ROU": 87.21932,
    "RUS": 105.28707,
    "RWA": 134.15751,
    "SAU": 103.22267,
    "SDN": 84.2102,
    "SEN": 97.63252,
    "SLB": 113.46592,
    "SLE": 165.15658,
    "SLV": 100.59583,
    "SRB": 99.38395,
    "SUR": 100.24082,
    "SVK": 96.29212,
    "SVN": 100.17698,
    "SWE": 100.49817,
    "SWZ": 93.11102,
    "TCD": 109.08001,
    "TGO": 142.89918,
    "THA": 96.4441,
    "TJK": 102.4402,
    "TLS": 102.83536,
    "TUN": 105.11919,
    "TUR": 90.34224,
    "TZA": 122.53721,
    "UGA": 138.43275,
    "URY": 100.10339,
    "UZB": 106.57707,
    "VEN": 96.76722,
    "VNM": 115.70432,
    "YEM": 103.21989,
    "ZAF": 91.91198,
    "ZMB": 99.60443
  },
  "stats": {
    "coverage": 120,
    "min": 61.66489,
    "max": 172.72947,
    "median": 102.767005,
    "quantileBreaks": [
      61.66489,
      94.0614,
      97.79697,
      100.59583,
      103.75449,
      106.57707,
      115.0017,
      172.72947
    ]
  },
  "formatting": {
    "maximumFractionDigits": 1,
    "suffix": "%"
  },
  "source": {
    "provider": "World Bank",
    "dataset": "World Development Indicators",
    "attribution": "The World Bank",
    "sourceReference": "https://api.worldbank.org/v2/indicator/SE.PRM.GINT.ZS?format=json&per_page=1",
    "valuesReference": "https://api.worldbank.org/v2/country/all/indicator/SE.PRM.GINT.ZS?format=json&per_page=20000&page=1&date=2015%3A2025",
    "license": "Creative Commons Attribution 4.0 International unless specifically labeled otherwise by World Bank metadata",
    "licenseReference": "https://www.worldbank.org/en/about/legal/terms-of-use-for-datasets",
    "retrievedAt": "2026-06-27T17:15:46.863578+00:00",
    "checksum": "b3c3621b31b9fd69c80ca4f73e7c8d4fa296df1391e349540e53b5f7b463a2f7",
    "sourceOrganization": "Stat Bulk Data Download Service, UN Educational, Scientific and Cultural Organization (UNESCO), uri: https://uis.unesco.org/bdds, publisher: UNESCO Institute for Statistics (UIS)"
  },
  "reviewStatus": "approved",
  "contentVersion": "2026.06.22-exp2-qa1",
  "editorial": {
    "shortHook": "A first-grade entry map.",
    "patternNote": "The darkest countries include Madagascar, Sierra Leone, Mozambique, while the lightest include Djibouti, Eritrea, Mali; that contrast is the fastest way to read the primary gross intake pattern.",
    "whyItMatters": "Gross intake into grade 1 can reveal delayed or repeated school entry patterns that enrollment rates hide.",
    "bestProbeCountries": [
      {
        "iso3": "MDG",
        "reason": "High anchor: this country sits near the darkest end of the map."
      },
      {
        "iso3": "DJI",
        "reason": "Low anchor: this country clarifies the lightest end of the scale."
      },
      {
        "iso3": "TLS",
        "reason": "Middle check: this country helps separate a true pattern from one-off outliers."
      }
    ],
    "commonConfusions": [
      {
        "confusedWithIndicatorCode": "SH.H2O.SMDW.ZS",
        "reason": "Safely managed drinking water overlaps with part of the visible pattern, but the full country spread does not match."
      },
      {
        "confusedWithIndicatorCode": "SE.PRM.ENRR",
        "reason": "Primary enrollment lives in the same category, so it can feel plausible until the high and low countries are checked."
      },
      {
        "confusedWithIndicatorCode": "SH.STA.BASS.UR.ZS",
        "reason": "Urban basic sanitation overlaps with part of the visible pattern, but the full country spread does not match."
      }
    ],
    "difficultyReason": "Expert difficulty: the map can be mistaken for adjacent indicators unless players probe a high, low, and middle country.",
    "regionalSignals": [
      "Education indicators can be shaped by enrollment systems and data coverage.",
      "Compare youth-heavy countries with higher-income service economies."
    ]
  },
  "editorialReview": {
    "status": "practice_eligible",
    "reviewedAt": "2026-06-22",
    "reviewedBy": "Codex editorial QA",
    "qualityScore": 3,
    "funScore": 3,
    "fairnessScore": 3,
    "ambiguityRisk": "medium",
    "dailyEligible": false,
    "practiceEligible": true,
    "challengeEligible": true,
    "expertOnly": false,
    "reviewNotes": [
      "Batch 3 QA: coverage passes but selected data is older and the gross-intake concept is less intuitive.",
      "Practice-only for advanced education warmups."
    ],
    "acceptableCloseDistractorIds": []
  }
}
