{
  "schemaVersion": "1.1.0",
  "id": "primary-pupils-female-share",
  "providerCode": "SE.PRM.ENRL.FE.ZS",
  "title": "Primary education, pupils (% female)",
  "shortTitle": "Female primary pupils",
  "category": "education",
  "difficulty": "standard",
  "definition": "Female pupils as a percentage of total pupils at primary level include enrollments in public and private schools.",
  "unit": "percent of primary pupils",
  "year": 2017,
  "valuesByIso3": {
    "AFG": 39.26577,
    "ALB": 47.16191,
    "ARE": 49.0298,
    "ARG": 49.04022,
    "ARM": 46.73183,
    "AUS": 48.67265,
    "AUT": 48.50624,
    "AZE": 46.65183,
    "BDI": 50.19921,
    "BEL": 48.87076,
    "BEN": 47.61252,
    "BFA": 48.74619,
    "BGD": 50.6819,
    "BGR": 48.47015,
    "BIH": 48.47879,
    "BLR": 48.44882,
    "BLZ": 47.79857,
    "BOL": 48.60395,
    "BRA": 47.90777,
    "BRN": 48.40192,
    "BTN": 49.22386,
    "CAN": 48.74999,
    "CHE": 48.5495,
    "CHL": 48.39668,
    "CHN": 46.42197,
    "CIV": 47.53503,
    "CMR": 46.99812,
    "COL": 48.09866,
    "CRI": 49.12335,
    "CUB": 47.2873,
    "CYP": 48.76839,
    "CZE": 48.82027,
    "DEU": 48.54918,
    "DJI": 46.51554,
    "DNK": 48.48526,
    "DOM": 47.34685,
    "DZA": 47.72111,
    "ECU": 49.21297,
    "EGY": 48.57092,
    "ERI": 45.17981,
    "ESP": 48.7832,
    "EST": 48.52191,
    "FIN": 48.77387,
    "FRA": 48.72785,
    "GBR": 48.79284,
    "GEO": 47.57185,
    "GHA": 49.23339,
    "GMB": 51.56172,
    "GRC": 48.52352,
    "GTM": 48.1633,
    "HND": 48.96619,
    "HRV": 48.75395,
    "HUN": 48.5802,
    "IDN": 47.77523,
    "IND": 50.88245,
    "IRL": 48.78897,
    "IRN": 50.13443,
    "ISL": 48.58197,
    "ISR": 48.85816,
    "ITA": 47.77543,
    "JAM": 48.79946,
    "JOR": 48.95153,
    "JPN": 48.75264,
    "KAZ": 48.97339,
    "KGZ": 48.78975,
    "KHM": 48.22462,
    "KOR": 48.37146,
    "KWT": 48.10158,
    "LAO": 48.14191,
    "LBN": 48.24131,
    "LBR": 48.85787,
    "LKA": 49.23196,
    "LSO": 48.8771,
    "LTU": 48.83519,
    "LUX": 48.84118,
    "LVA": 48.90129,
    "MAR": 47.48732,
    "MDA": 48.24057,
    "MEX": 49.03784,
    "MKD": 48.31059,
    "MLI": 46.42025,
    "MMR": 48.32562,
    "MNE": 47.60712,
    "MNG": 48.87971,
    "MOZ": 48.05833,
    "MRT": 50.90546,
    "MWI": 50.53808,
    "MYS": 48.90068,
    "NAM": 49.12734,
    "NER": 45.5647,
    "NLD": 48.6242,
    "NOR": 48.75719,
    "NPL": 50.4483,
    "NZL": 48.60443,
    "OMN": 49.83997,
    "PAK": 44.54258,
    "PAN": 48.38463,
    "PER": 49.06396,
    "PHL": 47.89458,
    "POL": 48.71095,
    "PRT": 48.11418,
    "PSE": 48.85856,
    "QAT": 48.88607,
    "ROU": 48.27831,
    "RUS": 48.68647,
    "RWA": 49.89549,
    "SAU": 49.59813,
    "SDN": 47.78577,
    "SEN": 53.06947,
    "SLB": 48.20104,
    "SLE": 50.48385,
    "SLV": 48.09294,
    "SRB": 48.47259,
    "SUR": 48.28018,
    "SVK": 48.66276,
    "SVN": 48.54514,
    "SWE": 48.96816,
    "SWZ": 47.63762,
    "TGO": 48.69193,
    "THA": 48.52812,
    "TJK": 48.28128,
    "TLS": 48.2873,
    "TUN": 48.09085,
    "TUR": 48.69883,
    "TZA": 50.31895,
    "UGA": 50.28032,
    "UKR": 48.9128,
    "URY": 48.45141,
    "USA": 48.75848,
    "UZB": 48.3306,
    "VEN": 48.28194,
    "VNM": 47.85385,
    "ZAF": 48.65321,
    "ZMB": 50.24968
  },
  "stats": {
    "coverage": 134,
    "min": 39.26577,
    "max": 53.06947,
    "median": 48.59296,
    "quantileBreaks": [
      39.26577,
      47.72111,
      48.24131,
      48.50624,
      48.71095,
      48.85816,
      49.21297,
      53.06947
    ]
  },
  "formatting": {
    "maximumFractionDigits": 1,
    "suffix": "%"
  },
  "source": {
    "provider": "World Bank",
    "dataset": "World Development Indicators",
    "attribution": "The World Bank",
    "sourceReference": "https://api.worldbank.org/v2/indicator/SE.PRM.ENRL.FE.ZS?format=json&per_page=1",
    "valuesReference": "https://api.worldbank.org/v2/country/all/indicator/SE.PRM.ENRL.FE.ZS?format=json&per_page=20000&page=1&date=2015%3A2025",
    "license": "Creative Commons Attribution 4.0 International unless specifically labeled otherwise by World Bank metadata",
    "licenseReference": "https://www.worldbank.org/en/about/legal/terms-of-use-for-datasets",
    "retrievedAt": "2026-06-27T17:15:45.349066+00:00",
    "checksum": "c4702746a0ce7ca9e66953763c7c7de5cf1787d234cea77de26b4e185227637c",
    "sourceOrganization": "Stat Bulk Data Download Service, UN Educational, Scientific and Cultural Organization (UNESCO), uri: https://uis.unesco.org/bdds, publisher: UNESCO Institute for Statistics (UIS)"
  },
  "reviewStatus": "approved",
  "contentVersion": "2026.06.22-exp2-qa1",
  "editorial": {
    "shortHook": "A gender-balance map inside primary classrooms.",
    "patternNote": "The darkest countries include Senegal, Gambia, The, Mauritania, while the lightest include Afghanistan, Pakistan, Eritrea; that contrast is the fastest way to read the female primary pupils pattern.",
    "whyItMatters": "The female share of primary pupils can reveal education access patterns without using broad literacy or enrollment rates.",
    "bestProbeCountries": [
      {
        "iso3": "SEN",
        "reason": "High anchor: this country sits near the darkest end of the map."
      },
      {
        "iso3": "AFG",
        "reason": "Low anchor: this country clarifies the lightest end of the scale."
      },
      {
        "iso3": "BOL",
        "reason": "Middle check: this country helps separate a true pattern from one-off outliers."
      }
    ],
    "commonConfusions": [
      {
        "confusedWithIndicatorCode": "SE.ENR.PRIM.FM.ZS",
        "reason": "Primary enrollment gender parity lives in the same category, so it can feel plausible until the high and low countries are checked."
      },
      {
        "confusedWithIndicatorCode": "SE.SEC.ENRL.FE.ZS",
        "reason": "Female secondary pupils lives in the same category, so it can feel plausible until the high and low countries are checked."
      },
      {
        "confusedWithIndicatorCode": "SH.IMM.MEAS",
        "reason": "Measles immunization overlaps with part of the visible pattern, but the full country spread does not match."
      }
    ],
    "difficultyReason": "Standard difficulty: the map has readable regional structure, but the best answer still depends on checking the unit and country anchors.",
    "regionalSignals": [
      "Education indicators can be shaped by enrollment systems and data coverage.",
      "Compare youth-heavy countries with higher-income service economies."
    ]
  },
  "editorialReview": {
    "status": "practice_eligible",
    "reviewedAt": "2026-06-22",
    "reviewedBy": "Codex editorial QA",
    "qualityScore": 3,
    "funScore": 3,
    "fairnessScore": 4,
    "ambiguityRisk": "medium",
    "dailyEligible": false,
    "practiceEligible": true,
    "challengeEligible": true,
    "expertOnly": false,
    "reviewNotes": [
      "Batch 3 QA: source-valid and useful for education practice, but the map is subtle and older than ideal.",
      "Practice-only until player testing confirms it feels distinct from gender-parity indicators."
    ],
    "acceptableCloseDistractorIds": []
  }
}
