{
  "schemaVersion": "1.1.0",
  "id": "primary-female-teachers",
  "providerCode": "SE.PRM.TCHR.FE.ZS",
  "title": "Primary education, teachers (% female)",
  "shortTitle": "Female primary teachers",
  "category": "education",
  "difficulty": "standard",
  "definition": "Female teachers as a percentage of total primary education teachers includes full-time and part-time teachers.",
  "unit": "percent of primary teachers",
  "year": 2023,
  "valuesByIso3": {
    "AFG": 41.643669128418,
    "AGO": 49.5115397433761,
    "ALB": 87.6043405676127,
    "ARE": 71.237163029525,
    "ARM": 89.4676515537443,
    "AUT": 91.5655822753906,
    "AZE": 93.4740251524583,
    "BEL": 82.6838989257812,
    "BFA": 50.7010127066017,
    "BGD": 65.4807509759098,
    "BGR": 93.9203186035156,
    "BHS": 84.988344988345,
    "BIH": 86.5562591552734,
    "BLR": 99.4973309608541,
    "BLZ": 76.3398173878523,
    "BOL": 65.4597047323892,
    "BRA": 87.3767166137695,
    "BRN": 78.0462457781242,
    "BTN": 44.5933312558429,
    "CHE": 83.5962295532227,
    "CHL": 80.9699401855469,
    "CHN": 73.3644673435189,
    "CIV": 37.0485867566492,
    "CMR": 60.1952924765338,
    "COD": 32.3547897338867,
    "COG": 61.5621910095215,
    "CRI": 79.2227401733398,
    "CUB": 83.0691426859894,
    "CYP": 84.3199081420898,
    "DEU": 87.3276290893555,
    "DJI": 37.3859100341797,
    "DNK": 67.2161026000977,
    "DOM": 80.6080223406956,
    "DZA": 82.6634996502681,
    "ECU": 78.8553547760509,
    "EGY": 65.0165082341676,
    "ESP": 77.75244140625,
    "EST": 90.0682907104492,
    "ETH": 45.4782324570835,
    "FIN": 79.6885299682617,
    "FJI": 63.8236630813513,
    "GBR": 86.4373016357422,
    "GEO": 90.888674007299,
    "GMB": 46.1230954895158,
    "GRC": 75.6437530517578,
    "GTM": 65.9343634570384,
    "GUY": 88.3612662942272,
    "HRV": 93.4231109619141,
    "HUN": 95.2805328369141,
    "IDN": 71.1794970553206,
    "IND": 56.6711767673439,
    "IRL": 84.4789123535156,
    "IRN": 76.5617828369141,
    "ISL": 81.5022430419922,
    "ISR": 86.1382064819336,
    "ITA": 94.3892517089844,
    "JAM": 89.368823716927,
    "JOR": 79.0185158741492,
    "KAZ": 91.7636717189206,
    "KEN": 60.4934280639432,
    "KGZ": 98.7029882519909,
    "KHM": 59.2940652488587,
    "KOR": 76.8540725708008,
    "LAO": 54.5943454210203,
    "LBN": 89.818091341369,
    "LKA": 87.8649448406584,
    "LSO": 74.2141502844028,
    "LTU": 96.047248840332,
    "LUX": 76.0417022705078,
    "LVA": 92.4915008544922,
    "MAR": 62.8741388373959,
    "MDA": 98.1920449979912,
    "MDG": 54.0648633463691,
    "MEX": 70.2953033447266,
    "MKD": 85.9898986816406,
    "MLI": 31.935914552737,
    "MNG": 96.6133108677338,
    "MWI": 46.1023534505963,
    "MYS": 70.948171940833,
    "NAM": 70.3948379167307,
    "NER": 56.0106686987998,
    "NIC": 77.8873672485352,
    "NLD": 87.1663513183594,
    "NOR": 73.9312286376953,
    "NPL": 50.7485425769003,
    "NZL": 84.6029434204102,
    "OMN": 71.5925680159257,
    "PAK": 56.4522237695414,
    "PER": 67.958251953125,
    "PHL": 88.1201682040457,
    "PNG": 49.3483805691285,
    "POL": 87.6286773681641,
    "PRT": 81.9224624633789,
    "PSE": 77.3584152088825,
    "QAT": 79.0541505929419,
    "ROU": 93.2131729125977,
    "RUS": 99.273926787363,
    "RWA": 56.9123025215061,
    "SEN": 33.4310076658149,
    "SLE": 33.1427826200361,
    "SLV": 74.0343639037124,
    "SVK": 89.0227966308594,
    "SWE": 81.7213973999023,
    "SWZ": 69.8310810810811,
    "SYR": 89.9803924560547,
    "TCD": 20.2804557405784,
    "TGO": 21.0869789517128,
    "THA": 68.5206536371342,
    "TKM": 82.5195112981653,
    "TLS": 52.7995520716685,
    "TTO": 82.625617980957,
    "TUN": 71.9088363647461,
    "TUR": 61.3630790710449,
    "TZA": 48.1924340280625,
    "UKR": 98.7770204112375,
    "USA": 87.4554214477539,
    "UZB": 92.3526112632378,
    "VEN": 83.7001571655273,
    "VNM": 79.0456524548315,
    "VUT": 61.1619396157365,
    "ZAF": 78.5155407051617,
    "ZWE": 61.300744976349
  },
  "stats": {
    "coverage": 122,
    "min": 20.2804557405784,
    "max": 99.4973309608541,
    "median": 77.9668065133297,
    "quantileBreaks": [
      20.2804557405784,
      51.334545289691214,
      65.26976337600851,
      74.18846651573274,
      80.65972488996007,
      86.26639011928015,
      90.65427877962762,
      99.4973309608541
    ]
  },
  "formatting": {
    "maximumFractionDigits": 1,
    "suffix": "%"
  },
  "source": {
    "provider": "World Bank",
    "dataset": "World Development Indicators",
    "attribution": "The World Bank",
    "sourceReference": "https://api.worldbank.org/v2/indicator/SE.PRM.TCHR.FE.ZS?format=json&per_page=1",
    "valuesReference": "https://api.worldbank.org/v2/country/all/indicator/SE.PRM.TCHR.FE.ZS?format=json&per_page=20000&page=1&date=2015%3A2025",
    "license": "Creative Commons Attribution 4.0 International unless specifically labeled otherwise by World Bank metadata",
    "licenseReference": "https://www.worldbank.org/en/about/legal/terms-of-use-for-datasets",
    "retrievedAt": "2026-07-02T22:41:50.141465+00:00",
    "checksum": "6a2a537f46f2fcdc5fa4d30bf6c531fc02bfbcefca5c6388f322149c2ee6d9d9",
    "sourceOrganization": "Data API, UN Educational, Scientific and Cultural Organization (UNESCO), uri: https://databrowser.uis.unesco.org/resources, note: The data are obtained through the UIS API.  Detailed documentation is available at: https://api.uis.unesco.org/api/public/documentation/, publisher: UNESCO Institute for Statistics (UIS), date accessed: 2026-03-19, date published: 2026-02"
  },
  "reviewStatus": "approved",
  "contentVersion": "2026.07.02-exp4-content50",
  "editorial": {
    "shortHook": "A classroom-workforce map.",
    "patternNote": "The darkest countries include Belarus, Russian Federation, Ukraine, while the lightest include Chad, Togo, Mali; that contrast is the fastest way to read the female primary teachers pattern.",
    "whyItMatters": "The female share of primary teachers can expose education-workforce patterns that are not the same as enrollment.",
    "bestProbeCountries": [
      {
        "iso3": "BLR",
        "reason": "High anchor: this country sits near the darkest end of the map."
      },
      {
        "iso3": "TCD",
        "reason": "Low anchor: this country clarifies the lightest end of the scale."
      },
      {
        "iso3": "BRN",
        "reason": "Middle check: this country helps separate a true pattern from one-off outliers."
      }
    ],
    "commonConfusions": [
      {
        "confusedWithIndicatorCode": "SL.EMP.VULN.FE.ZS",
        "reason": "Female vulnerable employment can tempt players because it shares a strong country ranking with this map, but its unit and definition point to a different story."
      },
      {
        "confusedWithIndicatorCode": "SL.EMP.SELF.FE.ZS",
        "reason": "Female self-employed can tempt players because it shares a strong country ranking with this map, but its unit and definition point to a different story."
      },
      {
        "confusedWithIndicatorCode": "SL.EMP.WORK.FE.ZS",
        "reason": "Female wage workers can tempt players because it shares a strong country ranking with this map, but its unit and definition point to a different story."
      }
    ],
    "difficultyReason": "Standard difficulty: the map has readable regional structure, but the best answer still depends on checking the unit and country anchors.",
    "regionalSignals": [
      "Education indicators can be shaped by enrollment systems and data coverage.",
      "Compare youth-heavy countries with higher-income service economies."
    ]
  },
  "editorialReview": {
    "status": "daily_eligible",
    "reviewedAt": "2026-07-02",
    "reviewedBy": "Codex editorial QA",
    "qualityScore": 4,
    "funScore": 4,
    "fairnessScore": 4,
    "ambiguityRisk": "medium",
    "dailyEligible": true,
    "practiceEligible": true,
    "challengeEligible": true,
    "expertOnly": false,