{
  "schemaVersion": "1.1.0",
  "id": "primary-enrollment",
  "providerCode": "SE.PRM.ENRR",
  "title": "School enrollment, primary (% gross)",
  "shortTitle": "Primary enrollment",
  "category": "education",
  "difficulty": "standard",
  "definition": "Gross enrollment ratio is the ratio of total enrollment, regardless of age, to the population of the age group that officially corresponds to the level of education shown. Primary education provides children with basic reading, writing, and mathematics skills along with an elementary understanding of such subjects as history, geography, natural science, social science, art, and music.",
  "unit": "gross enrollment ratio",
  "year": 2023,
  "valuesByIso3": {
    "AFG": 112.230903625488,
    "AGO": 86.7353918783767,
    "ALB": 93.7138120137738,
    "ARE": 106.259950303562,
    "ARG": 102.535244031037,
    "ARM": 98.0899878191202,
    "AUS": 99.3657531738281,
    "AUT": 100.902870178223,
    "AZE": 101.979698816442,
    "BEL": 102.108009338379,
    "BFA": 72.2385948607578,
    "BGD": 103.116421399751,
    "BGR": 95.4232177734375,
    "BHS": 78.3931934355663,
    "BIH": 101.194877624512,
    "BLR": 95.2183631035768,
    "BLZ": 97.7874461619187,
    "BOL": 98.5726894625786,
    "BRN": 96.9292188716198,
    "BTN": 106.687397950258,
    "CAN": 95.0100479125977,
    "CHE": 102.282958984375,
    "CHL": 100.318382263184,
    "CHN": 99.1718634239571,
    "CIV": 91.8093412241399,
    "CMR": 114.424832636759,
    "COD": 117.602096557617,
    "COG": 87.880241394043,
    "CRI": 106.156616210938,
    "CUB": 99.3281733831044,
    "CYP": 101.134208679199,
    "CZE": 99.699089050293,
    "DEU": 102.190689086914,
    "DNK": 99.8698883056641,
    "DOM": 101.644848757662,
    "DZA": 105.840748480875,
    "ECU": 97.2490097236115,
    "EGY": 95.9217069393801,
    "ESP": 103.002769470215,
    "EST": 98.3381576538086,
    "ETH": 83.7319745881618,
    "FIN": 99.1151733398438,
    "FJI": 111.9366094795,
    "FRA": 103.265121459961,
    "GBR": 102.171287536621,
    "GEO": 100.887260863464,
    "GMB": 98.7359670428779,
    "GRC": 102.020217895508,
    "GTM": 102.032228557129,
    "GUY": 94.4460553841055,
    "HND": 82.5478821305927,
    "HRV": 101.157791137695,
    "HUN": 103.570762634277,
    "IDN": 98.1566275726904,
    "IND": 112.031231642927,
    "IRN": 101.962623596191,
    "ISL": 98.2218322753906,
    "ISR": 98.3346786499023,
    "ITA": 103.566017150879,
    "JAM": 87.7375451717876,
    "JOR": 98.2994873290949,
    "JPN": 101.125762939453,
    "KAZ": 98.9804493873135,
    "KEN": 98.2483475806861,
    "KGZ": 98.0963360523919,
    "KHM": 107.039014463223,
    "KOR": 100.301467895508,
    "LAO": 95.0382534939216,
    "LBN": 78.2026874196176,
    "LKA": 91.4511421235026,
    "LSO": 81.6412239707352,
    "LTU": 102.679946899414,
    "LUX": 99.0644607543945,
    "LVA": 98.4666366577148,
    "MAR": 117.598816130003,
    "MDA": 106.673559179739,
    "MDG": 130.599039642521,
    "MEX": 101.420753479004,
    "MKD": 96.3131713867188,
    "MLI": 72.7972336510107,
    "MNE": 106.109619140625,
    "MNG": 93.0654411114222,
    "MRT": 104.015072968957,
    "MWI": 135.974440781822,
    "MYS": 91.5021106685076,
    "NAM": 119.460955801452,
    "NER": 66.8804779933272,
    "NGA": 89.5871124267578,
    "NIC": 109.536392211914,
    "NLD": 104.15657043457,
    "NOR": 98.6104431152344,
    "NPL": 126.553677663081,
    "NZL": 96.8670501708984,
    "PAK": 81.3796346128751,
    "PAN": 95.2033935877376,
    "PER": 113.900588989258,
    "PHL": 92.4462107015215,
    "PNG": 121.090488343548,
    "POL": 105.397079467773,
    "PRI": 88.0846710205078,
    "PRT": 110.98851776123,
    "PRY": 90.3532686843589,
    "PSE": 91.4422361153306,
    "QAT": 95.4387588500977,
    "ROU": 84.946662902832,
    "RUS": 97.7462041476013,
    "RWA": 151.894816720753,
    "SEN": 85.4523658596434,
    "SLB": 80.2544791015835,
    "SLE": 159.416853770084,
    "SLV": 90.8837213469188,
    "SOM": 20.9155502319336,
    "SUR": 64.1794204711914,
    "SVK": 103.090553283691,
    "SVN": 100.884101867676,
    "SWE": 115.019523620605,
    "SWZ": 116.527002594136,
    "SYR": 76.7710494995117,
    "TCD": 88.3436578594334,
    "TGO": 116.335465545392,
    "THA": 102.574975655738,
    "TJK": 96.9759265270236,
    "TKM": 97.341891416249,
    "TLS": 119.652693100113,
    "TTO": 99.1887588500977,
    "TUN": 104.424217224121,
    "TUR": 102.43807220459,
    "TZA": 95.6409804093201,
    "UKR": 94.577262878418,
    "URY": 104.532465643859,
    "UZB": 93.4888259225367,
    "VEN": 111.130409240723,
    "VNM": 105.170807361038,
    "VUT": 113.170782080259,
    "ZAF": 101.772235793474,
    "ZWE": 93.2383787742938
  },
  "stats": {
    "coverage": 136,
    "min": 20.9155502319336,
    "max": 159.416853770084,
    "median": 99.34696327846625,
    "quantileBreaks": [
      20.9155502319336,
      88.69893059295467,
      95.4320983886719,
      98.44828251429962,
      101.13757760184129,
      103.10163961914529,
      111.0898688180107,
      159.416853770084
    ]
  },
  "formatting": {
    "maximumFractionDigits": 1,
    "suffix": "%"
  },
  "source": {
    "provider": "World Bank",
    "dataset": "World Development Indicators",
    "attribution": "The World Bank",
    "sourceReference": "https://api.worldbank.org/v2/indicator/SE.PRM.ENRR?format=json&per_page=1",
    "valuesReference": "https://api.worldbank.org/v2/country/all/indicator/SE.PRM.ENRR?format=json&per_page=20000&page=1&date=2015%3A2025",
    "license": "Creative Commons Attribution 4.0 International unless specifically labeled otherwise by World Bank metadata",
    "licenseReference": "https://www.worldbank.org/en/about/legal/terms-of-use-for-datasets",
    "retrievedAt": "2026-07-02T22:06:23.883010+00:00",
    "checksum": "803b7a576dd53627b4d99923b6da329585cbb72d1bd99ed204b1b049fe170cd0",
    "sourceOrganization": "Data API, UN Educational, Scientific and Cultural Organization (UNESCO), uri: https://databrowser.uis.unesco.org/resources, note: The data are obtained through the UIS API.  Detailed documentation is available at: https://api.uis.unesco.org/api/public/documentation/, publisher: UNESCO Institute for Statistics (UIS), type: Bulk file (csv), date accessed: 2026-03-19, date published: 2026-02"
  },
  "reviewStatus": "approved",
  "contentVersion": "2026.07.02-exp4-content50",
  "editorial": {
    "shortHook": "A schooling map with a surprisingly noisy edge.",
    "patternNote": "The darkest countries include Sierra Leone, Rwanda, Malawi, while the lightest include Somalia, Fed. Rep., Suriname, Niger; that contrast is the fastest way to read the primary enrollment pattern.",
    "whyItMatters": "Primary enrollment helps players read youth access and over-age enrollment effects.",
    "bestProbeCountries": [
      {
        "iso3": "SLE",
        "reason": "High anchor: this country sits near the darkest end of the map."
      },
      {
        "iso3": "SOM",
        "reason": "Low anchor: this country clarifies the lightest end of the scale."
      },
      {
        "iso3": "AUS",
        "reason": "Middle check: this country helps separate a true pattern from one-off outliers."
      }
    ],
    "commonConfusions": [
      {
        "confusedWithIndicatorCode": "SE.PRM.UNER.ZS",
        "reason": "Out-of-school primary age can tempt players because it shares a strong country ranking with this map, but its unit and definition point to a different story."
      },
      {
        "confusedWithIndicatorCode": "SE.PRM.GINT.ZS",
        "reason": "Primary gross intake lives in the same category, so it can feel plausible until the high and low countries are checked."
      },
      {
        "confusedWithIndicatorCode": "SE.PRM.NENR",
        "reason": "Net primary enrollment lives in the same category, so it can feel plausible until the high and low countries are checked."
      }
    ],