{
  "schemaVersion": "1.1.0",
  "id": "private-health-spending-share",
  "providerCode": "SH.XPD.PVTD.CH.ZS",
  "title": "Domestic private health expenditure (% of current health expenditure)",
  "shortTitle": "Private health spending share",
  "category": "health",
  "difficulty": "expert",
  "definition": "Share of current health expenditures funded from domestic private sources.  Domestic private sources include funds from households, corporations and non-profit organizations. Such expenditures can be either prepaid to voluntary health insurance or paid directly to healthcare providers.",
  "unit": "percent of current health expenditure",
  "year": 2023,
  "valuesByIso3": {
    "AFG": 77.13957977,
    "AGO": 48.30569077,
    "ALB": 49.53246689,
    "ARE": 33.22063446,
    "ARG": 38.92549896,
    "ARM": 83.90179443,
    "AUS": 26.33915901,
    "AUT": 23.49846077,
    "AZE": 66.9331131,
    "BDI": 27.84177017,
    "BEL": 26.33246231,
    "BEN": 46.90857697,
    "BFA": 47.63228226,
    "BGD": 82.01707458,
    "BGR": 36.67183304,
    "BHS": 48.92816544,
    "BIH": 31.4275856,
    "BLR": 33.16725159,
    "BLZ": 33.32776642,
    "BOL": 31.49112511,
    "BRA": 55.85463715,
    "BRN": 7.46473885,
    "BTN": 26.90403748,
    "BWA": 18.004282,
    "CAF": 45.75584793,
    "CAN": 29.6900444,
    "CHE": 66.91742706,
    "CHL": 48.3940239,
    "CHN": 42.89730072,
    "CIV": 47.34071732,
    "CMR": 70.60063171,
    "COD": 44.2865448,
    "COG": 51.14204407,
    "COL": 29.65563011,
    "CRI": 32.83202744,
    "CUB": 16.58238602,
    "CYP": 22.83159256,
    "CZE": 15.65967083,
    "DEU": 20.88257217,
    "DJI": 30.31380272,
    "DNK": 16.71518517,
    "DOM": 35.04886246,
    "DZA": 46.88788605,
    "ECU": 37.78332138,
    "EGY": 64.28696442,
    "ERI": 48.44565582,
    "ESP": 26.81624603,
    "EST": 24.22364616,
    "ETH": 51.21187592,
    "FIN": 18.85122871,
    "FJI": 13.60495567,
    "FRA": 32.28642654,
    "GAB": 29.86511803,
    "GBR": 18.22051239,
    "GEO": 65.47657013,
    "GHA": 28.24125099,
    "GIN": 60.0309906,
    "GMB": 37.62285995,
    "GNB": 64.22203827,
    "GNQ": 66.70996094,
    "GRC": 49.09984207,
    "GTM": 61.21704483,
    "GUY": 28.61799622,
    "HND": 57.99752426,
    "HRV": 15.8986845,
    "HTI": 59.09884644,
    "HUN": 26.63362694,
    "IDN": 45.83024979,
    "IND": 58.56241226,
    "IRL": 23.40655899,
    "IRN": 52.56090164,
    "IRQ": 53.98236847,
    "ISL": 16.37462616,
    "ISR": 33.31245422,
    "ITA": 26.92346382,
    "JAM": 33.06300735,
    "JOR": 48.05833435,
    "JPN": 15.17451668,
    "KAZ": 33.98540497,
    "KEN": 34.95409393,
    "KGZ": 42.31493378,
    "KHM": 61.84569168,
    "KOR": 41.41237259,
    "KWT": 11.45026493,
    "LAO": 44.84078598,
    "LBN": 51.93686295,
    "LBR": 71.70888519,
    "LBY": 19.17658424,
    "LKA": 60.38124466,
    "LSO": 13.19707966,
    "LTU": 34.65638351,
    "LUX": 12.17518234,
    "LVA": 40.40188217,
    "MAR": 42.84694672,
    "MDA": 28.32971764,
    "MDG": 33.03242493,
    "MEX": 51.37320328,
    "MKD": 42.42934036,
    "MLI": 58.62575912,
    "MMR": 82.81489563,
    "MNE": 30.54774857,
    "MNG": 51.24559021,
    "MOZ": 15.83214569,
    "MRT": 46.360466,
    "MWI": 21.67697716,
    "MYS": 49.96986389,
    "NAM": 30.10637474,
    "NER": 61.41262436,
    "NGA": 74.38244629,
    "NIC": 39.16247177,
    "NLD": 31.62126923,
    "NOR": 13.89388371,
    "NPL": 61.7474556,
    "NZL": 22.31409073,
    "OMN": 14.65990353,
    "PAK": 54.61149597,
    "PAN": 48.02045059,
    "PER": 36.42416763,
    "PHL": 57.51744843,
    "PNG": 8.55412483,
    "POL": 22.82996559,
    "PRT": 38.49359512,
    "PRY": 44.54848862,
    "PSE": 49.9153595,
    "QAT": 16.9784317,
    "ROU": 24.13592529,
    "RUS": 29.95686722,
    "RWA": 15.97076893,
    "SAU": 22.23337173,
    "SDN": 62.9457283,
    "SEN": 55.62744522,
    "SLB": 3.21610165,
    "SLE": 54.77732086,
    "SLV": 38.5678215,
    "SOM": 31.42815781,
    "SRB": 34.45454025,
    "SSD": 33.38531113,
    "SUR": 32.8322258,
    "SVK": 21.05461121,
    "SVN": 26.79811287,
    "SWE": 13.91832066,
    "SWZ": 28.82962036,
    "SYR": 73.27332306,
    "TCD": 52.39949799,
    "TGO": 68.89031982,
    "THA": 22.0200367,
    "TJK": 62.48163223,
    "TKM": 82.55283356,
    "TLS": 6.9933362,
    "TTO": 51.54345703,
    "TUN": 42.77626801,
    "TUR": 24.07653999,
    "TZA": 28.96539497,
    "UGA": 34.13144302,
    "URY": 27.64182281,
    "USA": 46.04626465,
    "UZB": 64.53517914,
    "VEN": 67.73262787,
    "VNM": 54.55089188,
    "VUT": 11.46278477,
    "YEM": 70.48170471,
    "ZAF": 36.32940292,
    "ZMB": 11.37645531,
    "ZWE": 22.66366577
  },
  "stats": {
    "coverage": 164,
    "min": 3.21610165,
    "max": 83.90179443,
    "median": 36.376785275,
    "quantileBreaks": [
      3.21610165,
      18.40071705285714,
      27.33395467142857,
      33.152359555714284,
      42.478901452857144,
      49.93871852428572,
      61.356744494285714,
      83.90179443
    ]
  },
  "formatting": {
    "maximumFractionDigits": 1,
    "suffix": "%"
  },
  "source": {
    "provider": "World Bank",
    "dataset": "World Development Indicators",
    "attribution": "The World Bank",
    "sourceReference": "https://api.worldbank.org/v2/indicator/SH.XPD.PVTD.CH.ZS?format=json&per_page=1",
    "valuesReference": "https://api.worldbank.org/v2/country/all/indicator/SH.XPD.PVTD.CH.ZS?format=json&per_page=20000&page=1&date=2015%3A2025",
    "license": "Creative Commons Attribution 4.0 International unless specifically labeled otherwise by World Bank metadata",
    "licenseReference": "https://www.worldbank.org/en/about/legal/terms-of-use-for-datasets",
    "retrievedAt": "2026-06-22T18:06:33.474620+00:00",
    "checksum": "5a8f30d73996c224ee1112f21b907c4291823b056bcaa95d53fc29cf15371cab",
    "sourceOrganization": "Global Health Expenditure Database, updated December 12th, 2025, World Health Organization (WHO), uri: http://apps.who.int/nha/database"
  },
  "reviewStatus": "approved",
  "contentVersion": "2026.06.22-exp2-qa1",
  "editorial": {
    "shortHook": "A candidate map for private health spending share.",
    "patternNote": "The darkest countries include Armenia, Myanmar, Turkmenistan, while the lightest include Solomon Islands, Timor-Leste, Brunei Darussalam; that contrast is the fastest way to read the private health spending share pattern.",
    "whyItMatters": "Private health spending share may add useful WORLDPRINT variety once source coverage, unit clarity, map interest, and distractor ambiguity are reviewed.",
    "bestProbeCountries": [
      {
        "iso3": "ARM",
        "reason": "High anchor: this country sits near the darkest end of the map."
      },
      {
        "iso3": "SLB",
        "reason": "Low anchor: this country clarifies the lightest end of the scale."
      },
      {
        "iso3": "PER",
        "reason": "Middle check: this country helps separate a true pattern from one-off outliers."
      }
    ],
    "commonConfusions": [
      {
        "confusedWithIndicatorCode": "SH.XPD.OOPC.CH.ZS",
        "reason": "Out-of-pocket health spending can tempt players because it shares a strong country ranking with this map, but its unit and definition point to a different story."
      },
      {
        "confusedWithIndicatorCode": "SH.XPD.GHED.CH.ZS",
        "reason": "Government health spending share can tempt players because it shares a strong country ranking with this map, but its unit and definition point to a different story."
      },
      {
        "confusedWithIndicatorCode": "NE.CON.GOVT.ZS",
        "reason": "Government consumption overlaps with part of the visible pattern, but the full country spread does not match."
      }
    ],
    "difficultyReason": "Expert difficulty: the map can be mistaken for adjacent indicators unless players probe a high, low, and middle country.",