{
  "schemaVersion": "1.1.0",
  "id": "remittances",
  "providerCode": "BX.TRF.PWKR.DT.GD.ZS",
  "title": "Personal remittances, received (% of GDP)",
  "shortTitle": "Remittances received",
  "category": "economy",
  "difficulty": "expert",
  "definition": "Personal remittances comprise personal transfers and compensation of employees. Personal transfers consist of all current transfers in cash or in kind made or received by resident households to or from nonresident households. Personal transfers thus include all current transfers between resident and nonresident individuals. Compensation of employees refers to the income of border, seasonal, and other short-term workers who are employed in an economy where they are not resident and of residents employed by nonresident entities. Data are the sum of two items defined in the sixth edition of the IMF's Balance of Payments Manual: personal transfers and compensation of employees.",
  "unit": "percent of GDP",
  "year": 2024,
  "valuesByIso3": {
    "AGO": 0.0505345581578213,
    "ALB": 8.40939322766939,
    "ARE": 0.325377524202418,
    "ARG": 0.163599877828893,
    "ARM": 4.92468775781423,
    "AUS": 0.100476992804764,
    "AUT": 0.651189560177177,
    "AZE": 1.81882789681566,
    "BDI": 7.68504980490069,
    "BEL": 2.3058808956455,
    "BGD": 6.11494686698428,
    "BGR": 2.3318173189881,
    "BHS": 0.416407710575514,
    "BIH": 10.5502824361912,
    "BLR": 2.42538560895561,
    "BLZ": 4.81171408822687,
    "BOL": 2.33168794424645,
    "BRA": 0.224281814146123,
    "BWA": 0.661264409337821,
    "CAN": 0.0379490070926434,
    "CHE": 0.388206889473597,
    "CHL": 0.0303210305442313,
    "CHN": 0.16757857471,
    "CIV": 2.03272330773983,
    "CMR": 1.29492646677846,
    "COD": 2.81943987261584,
    "COL": 2.83493751117081,
    "CRI": 0.760139316219948,
    "CYP": 1.79895977387556,
    "CZE": 1.22408277522885,
    "DEU": 0.452984461006563,
    "DJI": 1.3486328033841,
    "DNK": 0.357925352388462,
    "DOM": 9.04956290595841,
    "DZA": 0.667941907847866,
    "ECU": 5.24908721771676,
    "EGY": 7.59757023635599,
    "ESP": 0.366748486679136,
    "EST": 1.15061249841648,
    "ETH": 4.76671083897354,
    "FIN": 0.250727316304901,
    "FJI": 7.10765055577566,
    "FRA": 1.22689654507268,
    "GBR": 0.131152727493427,
    "GEO": 11.8704808635887,
    "GHA": 3.67815124775026,
    "GIN": 2.46482438123278,
    "GMB": 21.9990431938039,
    "GNB": 9.78993549981629,
    "GRC": 0.219111411118225,
    "GTM": 19.1206727962629,
    "HND": 25.6991309025944,
    "HRV": 7.21050944903008,
    "HTI": 16.2978802161959,
    "HUN": 2.46145540911402,
    "IDN": 1.14863323387459,
    "IND": 3.52118550357421,
    "IRL": 0.107757774289943,
    "IRQ": 0.248997592822188,
    "ISL": 0.739919180978661,
    "ISR": 0.176227865346397,
    "ITA": 0.468400220480969,
    "JAM": 16.1911212088802,
    "JOR": 8.30541068744501,
    "JPN": 0.115309420280122,
    "KAZ": 0.08260553410117,
    "KEN": 4.15476886041749,
    "KHM": 6.10087598628419,
    "KOR": 0.388346261508366,
    "KWT": 0.0127258921481448,
    "LAO": 1.49419709212958,
    "LBR": 21.2758383451019,
    "LKA": 6.79203842044984,
    "LSO": 20.9449474559221,
    "LTU": 1.23863135593181,
    "LUX": 2.6796497771042,
    "LVA": 3.06291232632615,
    "MAR": 7.78959024287823,
    "MDA": 10.5371328507027,
    "MDG": 2.33207727287572,
    "MEX": 3.64356639704934,
    "MKD": 2.70304622678412,
    "MLI": 3.98934711923809,
    "MNE": 10.3409065632717,
    "MNG": 2.217677569671,
    "MOZ": 1.17349235648113,
    "MRT": 0.866706864831731,
    "MWI": 1.65044236586352,
    "MYS": 0.380193528996402,
    "NAM": 0.721607982497163,
    "NER": 3.27220354462246,
    "NGA": 8.44081449065528,
    "NIC": 26.6355465455205,
    "NLD": 0.388451107837284,
    "NOR": 0.195829932747648,
    "NPL": 26.2254579224946,
    "OMN": 0.0364128462934954,
    "PAK": 9.39634523470825,
    "PAN": 0.614386086922541,
    "PER": 1.70587702107004,
    "PHL": 8.72571015588724,
    "PNG": 0.0121574533707842,
    "POL": 0.946863310070558,
    "PRT": 0.587878277306539,
    "PRY": 2.55624323347034,
    "PSE": 5.3650527788254,
    "QAT": 0.658475315636936,
    "ROU": 2.490134665764,
    "RUS": 0.0877632981361672,
    "RWA": 3.62796016715467,
    "SAU": 0.0273000004265027,
    "SLB": 6.00889889149161,
    "SLE": 4.60220597372152,
    "SLV": 24.0022976620619,
    "SRB": 6.39659640162289,
    "SUR": 3.62948526055995,
    "SVK": 2.09641430973558,
    "SVN": 1.24322954820764,
    "SWE": 0.73316494168273,
    "SWZ": 0.68629088651435,
    "THA": 1.79598323750296,
    "TJK": 47.8852110026872,
    "TLS": 11.7692428737998,
    "TTO": 0.776983327920758,
    "TUN": 6.34487013750789,
    "TUR": 0.0722524337048219,
    "TZA": 1.42465392903549,
    "UGA": 2.6514080949333,
    "UKR": 6.29124492943216,
    "URY": 0.16813172308694,
    "USA": 0.0303016009637605,
    "UZB": 14.4210991468962,
    "ZAF": 0.213233288359423,
    "ZMB": 1.32123122514255,
    "ZWE": 8.44955415885716
  },
  "stats": {
    "coverage": 135,
    "min": 0.0121574533707842,
    "max": 47.8852110026872,
    "median": 2.09641430973558,
    "quantileBreaks": [
      0.0121574533707842,
      0.198316126406473,
      0.6592721995514745,
      1.3329747586746428,
      2.527910990167623,
      5.156401657744611,
      9.003298227376812,
      47.8852110026872
    ]
  },
  "formatting": {
    "maximumFractionDigits": 1,
    "suffix": "% of GDP"
  },
  "source": {
    "provider": "World Bank",
    "dataset": "World Development Indicators",
    "attribution": "The World Bank",
    "sourceReference": "https://api.worldbank.org/v2/indicator/BX.TRF.PWKR.DT.GD.ZS?format=json&per_page=1",
    "valuesReference": "https://api.worldbank.org/v2/country/all/indicator/BX.TRF.PWKR.DT.GD.ZS?format=json&per_page=20000&page=1&date=2015%3A2025",
    "license": "Creative Commons Attribution 4.0 International unless specifically labeled otherwise by World Bank metadata",
    "licenseReference": "https://www.worldbank.org/en/about/legal/terms-of-use-for-datasets",
    "retrievedAt": "2026-06-27T17:14:27.731965+00:00",
    "checksum": "2e83b76b14a68bdca40870151b2e078b25f194ea01c894d91f2028784f4d411a",
    "sourceOrganization": "Staff estimates, World Bank (WB);\nIMF balance of payments data, International Monetary Fund (IMF);\nWorld Bank GDP estimates, World Bank (WB);\nOECD GDP estimates, Organisation for Economic Co-operation and Development (OECD)"
  },
  "reviewStatus": "approved",
  "contentVersion": "2026.06.22-exp2-qa1",
  "editorial": {
    "shortHook": "A migration-money map where small economies stand out.",
    "patternNote": "The darkest countries include Tajikistan, Nicaragua, Nepal, while the lightest include Papua New Guinea, Kuwait, Saudi Arabia; that contrast is the fastest way to read the remittances received pattern.",
    "whyItMatters": "Remittances as a GDP share reveal countries where money sent home is a major economic channel.",
    "bestProbeCountries": [
      {
        "iso3": "TJK",
        "reason": "High anchor: this country sits near the darkest end of the map."
      },
      {
        "iso3": "PNG",
        "reason": "Low anchor: this country clarifies the lightest end of the scale."
      },
      {
        "iso3": "SVK",
        "reason": "Middle check: this country helps separate a true pattern from one-off outliers."
      }
    ],
    "commonConfusions": [
      {
        "confusedWithIndicatorCode": "NE.CON.PRVT.ZS",
        "reason": "Household consumption can tempt players because it shares a strong country ranking with this map, but its unit and definition point to a different story."
      },
      {
        "confusedWithIndicatorCode": "EG.USE.PCAP.KG.OE",
        "reason": "Energy use overlaps with part of the visible pattern, but the full country spread does not match."
      },
      {
        "confusedWithIndicatorCode": "NY.GDS.TOTL.ZS",