{
  "schemaVersion": "1.1.0",
  "id": "renewable-electricity",
  "providerCode": "EG.ELC.RNEW.ZS",
  "title": "Renewable electricity output (% of total electricity output)",
  "shortTitle": "Renewable electricity",
  "category": "energy",
  "difficulty": "standard",
  "definition": "Renewable electricity is the share of electricity generated by renewable power plants in total electricity generated by all types of plants.",
  "unit": "percent of total electricity output",
  "year": 2021,
  "valuesByIso3": {
    "AFG": 78.2344746063241,
    "AGO": 91.1643122192566,
    "ARE": 4.20134583903604,
    "ARG": 25.5361113468556,
    "ARM": 30.0380758979566,
    "AUS": 26.6608674695166,
    "AUT": 79.9114280061055,
    "AZE": 5.79875927851687,
    "BDI": 61.3041849395068,
    "BEL": 23.5431574128442,
    "BEN": 0.257548845470693,
    "BFA": 13.9238095238095,
    "BGD": 1.50701993704092,
    "BGR": 22.1918096199125,
    "BHS": 0.480875807854305,
    "BIH": 39.3396633577902,
    "BLR": 3.1465360459759,
    "BLZ": 92.8601757887138,
    "BOL": 38.2375964718853,
    "BRA": 77.3753492178891,
    "BRN": 0.0196525706264257,
    "BTN": 100.0,
    "BWA": 0.248679398618448,
    "CAF": 96.473071423708,
    "CAN": 67.0163805768966,
    "CHE": 67.8762344840083,
    "CHL": 48.0821990956395,
    "CHN": 28.427997926748,
    "CIV": 22.7753265853448,
    "CMR": 61.8966686856451,
    "COD": 90.4325595509028,
    "COG": 31.7064705882353,
    "COL": 75.1246222666381,
    "CRI": 99.3668053701814,
    "CUB": 4.77073999691024,
    "CYP": 15.1349873022075,
    "CZE": 14.0234899723578,
    "DEU": 39.8305665158005,
    "DJI": 35.3535353535354,
    "DNK": 78.958880484115,
    "DOM": 17.0566127087997,
    "DZA": 0.913584728890971,
    "ECU": 80.9483764822748,
    "EGY": 12.1959401781537,
    "ERI": 5.05022831050228,
    "ESP": 47.0149136749395,
    "EST": 39.9573847862299,
    "FIN": 52.9302986606029,
    "FJI": 60.0656085236255,
    "FRA": 22.8038733642766,
    "GAB": 31.5882541720154,
    "GBR": 40.1999760236135,
    "GEO": 81.3667062079873,
    "GHA": 34.867098938968,
    "GIN": 88.1321934987129,
    "GMB": 1.60250694249828,
    "GNB": 7.08661417322835,
    "GNQ": 8.82316227461859,
    "GRC": 40.5640135246276,
    "GRL": 77.0421783235451,
    "GTM": 60.6103116732271,
    "GUY": 7.1061714531072,
    "HND": 64.6209532374101,
    "HRV": 69.8809993425378,
    "HTI": 20.5416248746239,
    "HUN": 19.1445182724252,
    "IDN": 15.5300398228856,
    "IND": 19.131292447169,
    "IRL": 37.1541775946047,
    "IRN": 4.23813256684958,
    "IRQ": 3.77958595889556,
    "ISR": 7.63056263212098,
    "ITA": 40.9735703240403,
    "JAM": 12.7547999074717,
    "JOR": 24.9181992606112,
    "JPN": 21.1036678422205,
    "KAZ": 10.9976885243053,
    "KEN": 78.0821751777634,
    "KGZ": 85.5934733782534,
    "KHM": 56.368745716244,
    "KOR": 6.58834768589831,
    "KWT": 0.265012812418762,
    "LAO": 63.2882872854376,
    "LBN": 5.07230201863354,
    "LBR": 57.4209245742092,
    "LBY": 0.0223947103636625,
    "LKA": 49.2380351199357,
    "LSO": 99.7862526718416,
    "LTU": 65.6144151240646,
    "LUX": 89.0447963800905,
    "LVA": 63.5961341087923,
    "MAR": 19.319165433143,
    "MDA": 6.50390625,
    "MDG": 34.110314615691,
    "MEX": 23.3762297959545,
    "MKD": 30.9676369553426,
    "MLI": 62.2933606249605,
    "MMR": 50.8374750664894,
    "MNE": 61.7770127118644,
    "MNG": 10.9483384905153,
    "MOZ": 82.7092499337397,
    "MRT": 19.3554142491133,
    "MWI": 80.0551584735492,
    "MYS": 16.9995110757999,
    "NAM": 93.3683473389356,
    "NCL": 22.4774047218117,
    "NER": 7.8251273344652,
    "NGA": 22.2303049100539,
    "NIC": 69.5093757417517,
    "NLD": 33.1271998035524,
    "NOR": 99.1038297387318,
    "NPL": 83.9765900145018,
    "NZL": 81.4350720674273,
    "OMN": 1.93992360506721,
    "PAK": 28.276210800358,
    "PAN": 79.278975629905,
    "PER": 61.7794528000562,
    "PHL": 22.6350488071458,
    "PNG": 39.9588024788339,
    "POL": 17.4599985525884,
    "PRI": 4.57841328319192,
    "PRK": 63.0792789980882,
    "PRT": 64.9061770532965,
    "PSE": 24.4633507853403,
    "QAT": 0.276427644700916,
    "ROU": 44.8574239112157,
    "RUS": 19.1544751840582,
    "RWA": 59.8933601609658,
    "SAU": 0.0652981651937175,
    "SDN": 57.9598635588403,
    "SEN": 13.2915360501567,
    "SLB": 6.5551580779271,
    "SLE": 75.2819403676811,
    "SLV": 95.5593380614657,
    "SOM": 11.2132448947616,
    "SRB": 34.9821890937623,
    "SSD": 0.335664335664336,
    "SUR": 41.9336561743341,
    "SVK": 23.5607675906183,
    "SVN": 36.1126858150668,
    "SWE": 67.3919370423404,
    "SWZ": 83.072202166065,
    "SYR": 3.39200288473096,
    "TCD": 4.61004784688995,
    "TGO": 25.3008,
    "THA": 19.9307401392503,
    "TJK": 93.3827887446305,
    "TKM": 0.0110915492957746,
    "TLS": 0.371447028423773,
    "TTO": 0.067595292085088,
    "TUN": 2.82000913659205,
    "TUR": 35.4189464124067,
    "TZA": 37.1995633187773,
    "UGA": 90.0085291887794,
    "UKR": 12.0136593335613,
    "URY": 84.3537980618944,
    "USA": 20.2733089261925,
    "UZB": 7.07677648080938,
    "VEN": 81.7220757524342,
    "VNM": 41.1697321016349,
    "VUT": 25.154847680445,
    "YEM": 10.4517755831057,
    "ZAF": 6.44786393924166,
    "ZMB": 92.001184566787,
    "ZWE": 88.3095170454545
  },
  "stats": {
    "coverage": 165,
    "min": 0.0110915492957746,
    "max": 100.0,
    "median": 31.7064705882353,
    "quantileBreaks": [
      0.0110915492957746,
      4.67891591118436,
      14.00924990827947,
      23.818648503396005,
      39.6903084706547,
      61.95333896269016,
      81.1874220398248,
      100.0
    ]
  },
  "formatting": {
    "maximumFractionDigits": 1,
    "suffix": "%"
  },
  "source": {
    "provider": "World Bank",
    "dataset": "World Development Indicators",
    "attribution": "The World Bank",
    "sourceReference": "https://api.worldbank.org/v2/indicator/EG.ELC.RNEW.ZS?format=json&per_page=1",
    "valuesReference": "https://api.worldbank.org/v2/country/all/indicator/EG.ELC.RNEW.ZS?format=json&per_page=20000&page=1&date=2015%3A2025",
    "license": "Creative Commons Attribution 4.0 International unless specifically labeled otherwise by World Bank metadata",
    "licenseReference": "https://www.worldbank.org/en/about/legal/terms-of-use-for-datasets",
    "retrievedAt": "2026-07-02T22:11:31.716119+00:00",
    "checksum": "044d4f63ab0ffbc50e1ea9874ec85b6eee721b504ce361df2f72fdd44423408e",
    "sourceOrganization": "IEA Energy Statistics Data Browser, International Energy Agency (IEA), uri: https://www.iea.org/data-and-statistics/data-tools/energy-statistics-data-browser, publisher: International Energy Agency (IEA), date accessed: 2025-03-25"
  },
  "reviewStatus": "approved",
  "contentVersion": "2026.07.02-exp4-content50",
  "editorial": {
    "shortHook": "The hydro-and-grid mix map.",
    "patternNote": "The darkest countries include Bhutan, Lesotho, Costa Rica, while the lightest include Turkmenistan, Brunei Darussalam, Libya; that contrast is the fastest way to read the renewable electricity pattern.",
    "whyItMatters": "Renewable electricity shows the geography of power generation rather than total energy use.",
    "bestProbeCountries": [
      {
        "iso3": "BTN",
        "reason": "High anchor: this country sits near the darkest end of the map."
      },
      {
        "iso3": "TKM",
        "reason": "Low anchor: this country clarifies the lightest end of the scale."
      },
      {
        "iso3": "COG",
        "reason": "Middle check: this country helps separate a true pattern from one-off outliers."
      }
    ],
    "commonConfusions": [
      {
        "confusedWithIndicatorCode": "EG.ELC.FOSL.ZS",
        "reason": "Fossil electricity share can tempt players because it shares a strong country ranking with this map, but its unit and definition point to a different story."
      },
      {
        "confusedWithIndicatorCode": "EG.ELC.HYRO.ZS",