{
  "schemaVersion": "1.1.0",
  "id": "revenue-excluding-grants",
  "providerCode": "GC.REV.XGRT.GD.ZS",
  "title": "Revenue, excluding grants (% of GDP)",
  "shortTitle": "Government revenue excluding grants",
  "category": "economy",
  "difficulty": "expert",
  "definition": "Revenue is an increase in net worth resulting from a transaction. Grants are excluded from this figure. This indicator is expressed as a percentage of Gross Domestic Product (GDP) which is the total income earned through the production of goods and services in an economic territory during an accounting period.",
  "unit": "percent of GDP",
  "year": 2020,
  "valuesByIso3": {
    "AGO": 49.3066451413659,
    "ALB": 23.7009816066438,
    "ARE": 6.22846267167908,
    "ARG": 17.4777322783093,
    "ARM": 24.1447323127042,
    "AUS": 25.1891145627514,
    "AUT": 43.7622339600816,
    "AZE": 35.0400465154089,
    "BDI": 14.5113833618756,
    "BEL": 36.8695564795669,
    "BFA": 16.8724830389714,
    "BGD": 8.64089809540505,
    "BGR": 33.2818218944098,
    "BHS": 20.1369104813185,
    "BIH": 37.4495767930161,
    "BLR": 28.1031584689836,
    "BRA": 22.1948673455795,
    "BTN": 20.0284807729715,
    "BWA": 28.7657212895211,
    "CAF": 9.51223596724716,
    "CAN": 18.9901852083695,
    "CHE": 17.8932165958268,
    "CHL": 19.9382667510933,
    "CHN": 13.7961540297522,
    "CIV": 12.1120100537383,
    "CMR": 13.1216430210324,
    "COD": 8.06501607044117,
    "COG": 18.7448714349599,
    "COL": 23.6871303712315,
    "CRI": 27.1843242899476,
    "CYP": 38.373285560444,
    "CZE": 36.4584773857569,
    "DEU": 29.5059871563036,
    "DNK": 39.2120703827283,
    "DOM": 14.8813590480588,
    "ECU": 27.1210867326524,
    "ESP": 29.2233358778761,
    "EST": 35.2026212872841,
    "ETH": 7.10462875417908,
    "FIN": 35.469801638838,
    "FJI": 20.2725749260015,
    "FRA": 42.9822123869451,
    "GAB": 17.4201458735275,
    "GBR": 33.4086844384201,
    "GEO": 24.6016188314688,
    "GHA": 13.754507358813,
    "GNB": 10.2092702748313,
    "GNQ": 14.3473179384033,
    "GRC": 43.9717153776221,
    "GTM": 11.118681180436,
    "HND": 22.2099126100845,
    "HRV": 39.2063955819785,
    "HUN": 37.7383132020425,
    "IRL": 21.1570158285167,
    "ISL": 28.9254504546926,
    "ISR": 30.3890681003843,
    "ITA": 40.5950400712713,
    "JAM": 26.937333176305,
    "JOR": 20.104893527217,
    "KAZ": 11.8421559935191,
    "KEN": 17.6588131025385,
    "KGZ": 24.629473738036,
    "KHM": 14.8219376724455,
    "KOR": 26.3065329311566,
    "LAO": 11.2201347844546,
    "LBN": 11.5574436171576,
    "LKA": 8.74304865477373,
    "LSO": 41.3924101856888,
    "LTU": 32.796635612808,
    "LUX": 41.1521013092232,
    "LVA": 31.3524787899402,
    "MAR": 26.5649143632863,
    "MDA": 28.730607144958,
    "MDG": 10.6066108568423,
    "MEX": 18.6445328298003,
    "MKD": 27.6965267786278,
    "MLI": 12.6624125935281,
    "MNG": 29.2280677437767,
    "MOZ": 22.6889665288537,
    "MWI": 12.9073757320637,
    "MYS": 15.8672577102456,
    "NAM": 33.0317167416936,
    "NIC": 18.4889521054397,
    "NLD": 39.7313779068984,
    "NOR": 44.6149223980414,
    "NPL": 19.3654266718347,
    "NZL": 31.5605616310657,
    "PAN": 11.5147047797974,
    "PER": 18.0501223065786,
    "PHL": 15.9052544996477,
    "PNG": 12.9289799059491,
    "POL": 34.7081923171819,
    "PRT": 37.7665912618546,
    "PRY": 16.7319714533199,
    "ROU": 28.9507166215375,
    "RUS": 27.6767173115632,
    "RWA": 21.3818577861111,
    "SAU": 27.1487389649999,
    "SEN": 20.2302779535469,
    "SLB": 24.5942257810752,
    "SLV": 23.5586663397695,
    "SOM": 2.44873298624839,
    "SRB": 39.4299683143155,
    "SVK": 37.0308080050777,
    "SVN": 42.1064159274095,
    "SWE": 32.8011881452785,
    "SWZ": 27.2731606684613,
    "TGO": 14.0219375177317,
    "THA": 20.0658736840342,
    "TLS": 39.650306471209,
    "TUR": 29.5197315875713,
    "TZA": 13.3579651832576,
    "UGA": 12.8539945724217,
    "UKR": 32.3167384568451,
    "URY": 30.8483157882517,
    "USA": 17.9534803892826,
    "UZB": 19.377990835065,
    "VUT": 29.9241391798264,
    "ZAF": 27.8138753889078,
    "ZMB": 19.5813891552591
  },
  "stats": {
    "coverage": 120,
    "min": 2.44873298624839,
    "max": 49.3066451413659,
    "median": 23.922856959674,
    "quantileBreaks": [
      2.44873298624839,
      12.9073757320637,
      17.6588131025385,
      20.2725749260015,
      27.1210867326524,
      30.3890681003843,
      37.4495767930161,
      49.3066451413659
    ]
  },
  "formatting": {
    "maximumFractionDigits": 1,
    "suffix": "% of GDP"
  },
  "source": {
    "provider": "World Bank",
    "dataset": "World Development Indicators",
    "attribution": "The World Bank",
    "sourceReference": "https://api.worldbank.org/v2/indicator/GC.REV.XGRT.GD.ZS?format=json&per_page=1",
    "valuesReference": "https://api.worldbank.org/v2/country/all/indicator/GC.REV.XGRT.GD.ZS?format=json&per_page=20000&page=1&date=2015%3A2025",
    "license": "Creative Commons Attribution 4.0 International unless specifically labeled otherwise by World Bank metadata",
    "licenseReference": "https://www.worldbank.org/en/about/legal/terms-of-use-for-datasets",
    "retrievedAt": "2026-06-27T17:15:08.151297+00:00",
    "checksum": "3b4d47601c5d75660dd5e79a6c46bbdadecb5317b7648a48c7b2d3f5a0fa912e",
    "sourceOrganization": "Government Finance Statistics Yearbook and data files, International Monetary Fund (IMF)"
  },
  "reviewStatus": "approved",
  "contentVersion": "2026.06.22-exp2-qa1",
  "editorial": {
    "shortHook": "A candidate map for government revenue excluding grants.",
    "patternNote": "The darkest countries include Angola, Norway, Greece, while the lightest include Somalia, Fed. Rep., United Arab Emirates, Ethiopia; that contrast is the fastest way to read the government revenue excluding grants pattern.",
    "whyItMatters": "Government revenue excluding grants may add useful WORLDPRINT variety once source coverage, unit clarity, map interest, and distractor ambiguity are reviewed.",
    "bestProbeCountries": [
      {
        "iso3": "AGO",
        "reason": "High anchor: this country sits near the darkest end of the map."
      },
      {
        "iso3": "SOM",
        "reason": "Low anchor: this country clarifies the lightest end of the scale."
      },
      {
        "iso3": "ARM",
        "reason": "Middle check: this country helps separate a true pattern from one-off outliers."
      }
    ],
    "commonConfusions": [
      {
        "confusedWithIndicatorCode": "GC.XPN.TOTL.GD.ZS",
        "reason": "Government expense can tempt players because it shares a strong country ranking with this map, but its unit and definition point to a different story."
      },
      {
        "confusedWithIndicatorCode": "GC.TAX.TOTL.GD.ZS",
        "reason": "Tax revenue can tempt players because it shares a strong country ranking with this map, but its unit and definition point to a different story."
      },
      {
        "confusedWithIndicatorCode": "SP.POP.65UP.TO.ZS",
        "reason": "Population ages 65+ can tempt players because it shares a strong country ranking with this map, but its unit and definition point to a different story."
      }
    ],
    "difficultyReason": "Expert difficulty: the map can be mistaken for adjacent indicators unless players probe a high, low, and middle country.",
    "regionalSignals": [
      "Economic-share maps are not the same as raw totals.",
      "Small open economies can dominate percentage maps."
    ]
  },
  "editorialReview": {
    "status": "needs_review",
    "reviewedAt": "2026-06-22",
    "reviewedBy": "pipeline-default-needs-review",
    "qualityScore": 2,
    "funScore": 2,
    "fairnessScore": 2,
    "ambiguityRisk": "medium",
    "dailyEligible": false,
    "practiceEligible": false,
    "challengeEligible": false,
    "expertOnly": false,
    "reviewNotes": [
      "Loaded from the candidate intake queue and default-held as Needs review until a human editor classifies it."
    ],