{
  "schemaVersion": "1.1.0",
  "id": "rural-open-defecation",
  "providerCode": "SH.STA.ODFC.RU.ZS",
  "title": "People practicing open defecation, rural (% of rural population)",
  "shortTitle": "Rural open defecation",
  "category": "settlement",
  "difficulty": "expert",
  "definition": "People practicing open defecation refers to the percentage of the population defecating in the open, such as in fields, forest, bushes, open bodies of water, on beaches, in other open spaces or disposed of with solid waste.",
  "unit": "percent of rural population",
  "year": 2024,
  "valuesByIso3": {
    "AFG": 15.3592608983506,
    "ALB": 0.0,
    "ARE": 0.0,
    "ARM": 0.029120879120879,
    "AUT": 0.0,
    "AZE": 0.0628709333335848,
    "BDI": 2.27712445471486,
    "BEL": 0.0,
    "BEN": 65.1462069736101,
    "BFA": 42.2914185318123,
    "BGD": 0.0,
    "BGR": 0.0,
    "BLR": 0.0,
    "BLZ": 0.439085649389654,
    "BOL": 24.9318624804173,
    "BRA": 0.0,
    "BTN": 0.0,
    "BWA": 16.6526159727041,
    "CAF": 38.8461544511254,
    "CAN": 0.0,
    "CHE": 0.0,
    "CHL": 0.0,
    "CHN": 0.0,
    "CIV": 30.9973014007419,
    "CMR": 9.71574817393554,
    "COD": 18.8464900641927,
    "COL": 9.90477088111584,
    "CRI": 0.112198093078035,
    "CUB": 0.451779971962651,
    "CYP": 0.0,
    "CZE": 0.0,
    "DEU": 0.0,
    "DNK": 0.0,
    "DOM": 5.05423210681727,
    "DZA": 0.0,
    "ECU": 4.88936889731099,
    "EGY": 0.0,
    "ESP": 0.0,
    "EST": 0.0,
    "ETH": 20.4377407686434,
    "FIN": 0.0,
    "FJI": 0.0,
    "FRA": 0.0,
    "GAB": 2.62324461712706,
    "GBR": 0.0,
    "GEO": 0.0,
    "GHA": 30.7554185275173,
    "GIN": 7.15388481062337,
    "GMB": 0.0,
    "GNB": 14.1551485603927,
    "GRC": 0.0,
    "GTM": 1.40107269859391,
    "GUY": 0.0,
    "HND": 6.96979050125697,
    "HUN": 0.0,
    "IDN": 3.83774936284908,
    "IND": 10.6649365308844,
    "IRL": 0.0,
    "IRQ": 0.0,
    "ISL": 0.0,
    "ISR": 0.0,
    "ITA": 0.0,
    "JAM": 0.362147920243458,
    "JOR": 0.112047497194581,
    "KAZ": 0.0,
    "KEN": 8.13250570324612,
    "KGZ": 0.0,
    "KHM": 7.08747250476063,
    "LAO": 14.289731138404,
    "LBR": 57.5166347270981,
    "LKA": 0.0,
    "LSO": 19.7022655559381,
    "LTU": 0.0,
    "LUX": 0.0,
    "LVA": 0.0,
    "MAR": 0.0,
    "MDA": 0.233333333333334,
    "MDG": 36.525159384852,
    "MEX": 0.0,
    "MKD": 0.267557170542645,
    "MLI": 6.1007660997268,
    "MMR": 9.60164571613433,
    "MNE": 0.128708677354709,
    "MNG": 13.6880678538732,
    "MOZ": 23.5280600623737,
    "MRT": 36.3340289767148,
    "MWI": 2.19625729202357,
    "NAM": 53.5173104119549,
    "NER": 78.0685291303921,
    "NGA": 31.2353597604199,
    "NLD": 0.0,
    "NOR": 0.0,
    "NPL": 0.0,
    "NZL": 0.0,
    "OMN": 0.0,
    "PAK": 12.961148760322,
    "PAN": 9.7582327605885,
    "PER": 7.23764618723544,
    "PHL": 3.24969891651062,
    "PNG": 17.2993896233284,
    "POL": 0.0,
    "PRT": 0.0,
    "PRY": 0.936211704110001,
    "PSE": 0.576370189189191,
    "ROU": 0.0,
    "RUS": 0.0,
    "RWA": 1.2533893080059,
    "SAU": 0.589884149195111,
    "SDN": 24.1403085004918,
    "SEN": 11.2809699347849,
    "SLB": 58.8937121376703,
    "SLE": 24.8273932611204,
    "SLV": 2.42704633522117,
    "SOM": 26.4039657214662,
    "SRB": 0.0716520754716985,
    "SSD": 75.4031380379147,
    "SUR": 3.2468497674422,
    "SVK": 0.0,
    "SWE": 0.0,
    "SWZ": 0.0,
    "TCD": 77.5894498312731,
    "TGO": 50.8885769237677,
    "THA": 0.0,
    "TKM": 0.0,
    "TLS": 11.7373998643502,
    "TTO": 0.235190824175824,
    "TUN": 0.0,
    "TUR": 0.614987555910545,
    "TZA": 10.6044623354896,
    "UGA": 4.18337507553304,
    "UKR": 0.0038461538461547,
    "URY": 0.0,
    "USA": 0.0,
    "UZB": 0.1,
    "VNM": 0.0,
    "VUT": 6.06365069960998,
    "YEM": 7.96271804550724,
    "ZAF": 0.0,
    "ZMB": 3.24956225380038,
    "ZWE": 18.7551762175944
  },
  "stats": {
    "coverage": 140,
    "min": 0.0,
    "max": 78.0685291303921,
    "median": 0.1810210053440215,
    "quantileBreaks": [
      0.0,
      0.0,
      0.0,
      0.0,
      1.07214496292253,
      8.011228804861208,
      20.879214953462004,
      78.0685291303921
    ]
  },
  "formatting": {
    "maximumFractionDigits": 1,
    "suffix": "%"
  },
  "source": {
    "provider": "World Bank",
    "dataset": "World Development Indicators",
    "attribution": "The World Bank",
    "sourceReference": "https://api.worldbank.org/v2/indicator/SH.STA.ODFC.RU.ZS?format=json&per_page=1",
    "valuesReference": "https://api.worldbank.org/v2/country/all/indicator/SH.STA.ODFC.RU.ZS?format=json&per_page=20000&page=1&date=2015%3A2025",
    "license": "Creative Commons Attribution 4.0 International unless specifically labeled otherwise by World Bank metadata",
    "licenseReference": "https://www.worldbank.org/en/about/legal/terms-of-use-for-datasets",
    "retrievedAt": "2026-07-02T22:48:24.140093+00:00",
    "checksum": "698e97038a09cfc132fc337c392c2db0e43e4fca955f94555fa1ed5e1aad7f2e",
    "sourceOrganization": "WHO/UNICEF Joint Monitoring Programme (JMP) for Water Supply, Sanitation and Hygiene, World Health Organization (WHO), uri: washdata.org, publisher: WHO/UNICEF Joint Monitoring Programme (JMP) for Water Supply, Sanitation and Hygiene (washdata.org), date accessed: 2025-09-30, date published: 2025-08-25;\nUN Children's Fund (UNICEF), uri: washdata.org, note: WHO/UNICEF Joint Monitoring Programme (JMP) for Water Supply, Sanitation and Hygiene"
  },
  "reviewStatus": "approved",
  "contentVersion": "2026.07.02-exp4-content50",
  "editorial": {
    "shortHook": "A rural sanitation-risk map.",
    "patternNote": "The darkest countries include Niger, Chad, South Sudan, while the lightest include Albania, United Arab Emirates, Austria; that contrast is the fastest way to read the rural open defecation pattern.",
    "whyItMatters": "Rural open defecation gives an advanced map of infrastructure gaps outside cities.",
    "bestProbeCountries": [
      {
        "iso3": "NER",
        "reason": "High anchor: this country sits near the darkest end of the map."
      },
      {
        "iso3": "ALB",
        "reason": "Low anchor: this country clarifies the lightest end of the scale."
      },
      {
        "iso3": "MDA",
        "reason": "Middle check: this country helps separate a true pattern from one-off outliers."
      }
    ],
    "commonConfusions": [
      {
        "confusedWithIndicatorCode": "SH.STA.ODFC.ZS",
        "reason": "Open defecation can tempt players because it shares a strong country ranking with this map, but its unit and definition point to a different story."
      },
      {
        "confusedWithIndicatorCode": "SH.STA.ODFC.UR.ZS",
        "reason": "Urban open defecation can tempt players because it shares a strong country ranking with this map, but its unit and definition point to a different story."
      },
      {
        "confusedWithIndicatorCode": "SH.STA.BASS.RU.ZS",
        "reason": "Rural basic sanitation can tempt players because it shares a strong country ranking with this map, but its unit and definition point to a different story."
      }
    ],
    "difficultyReason": "Expert difficulty: the map can be mistaken for adjacent indicators unless players probe a high, low, and middle country.",
    "regionalSignals": [
      "Settlement maps reward checking dense city-states and large rural countries.",
      "Urban and rural shares are mirror-image clues."
    ]
  },
  "editorialReview": {
    "status": "expert_only",
    "reviewedAt": "2026-07-02",
    "reviewedBy": "Codex editorial QA",
    "qualityScore": 3,
    "funScore": 4,
    "fairnessScore": 3,
    "ambiguityRisk": "high",
    "dailyEligible": false,
    "practiceEligible": true,
    "challengeEligible": true,
    "expertOnly": true,
    "reviewNotes": [
      "Batch 3 QA: strong rural sanitation-risk map, but close to open-defecation and rural sanitation.",
      "Expert-only for beta."
    ],
    "acceptableCloseDistractorIds": []
  }
}
