{
  "schemaVersion": "1.1.0",
  "id": "rural-population",
  "providerCode": "SP.RUR.TOTL.ZS",
  "title": "Rural population (% of total population)",
  "shortTitle": "Rural population",
  "category": "settlement",
  "difficulty": "intro",
  "definition": "Rural population refers to people living in rural areas as defined by national statistical offices. It is calculated as the difference between total population and urban population.",
  "unit": "percent of population",
  "year": 2024,
  "valuesByIso3": {
    "AFG": 74.2992647363812,
    "AGO": 29.3448620963565,
    "ALB": 41.4536365956445,
    "ARE": 14.1828911720209,
    "ARG": 7.7257684027048,
    "ARM": 34.1886328550099,
    "AUS": 12.3978530009554,
    "AUT": 30.5341818903212,
    "AZE": 41.426204162283,
    "BDI": 75.1697161348975,
    "BEL": 12.3873442989473,
    "BEN": 47.4544645181577,
    "BFA": 71.6647485103338,
    "BGD": 67.3216803676693,
    "BGR": 26.0500643117519,
    "BHS": 18.6750737033519,
    "BIH": 47.8775697245065,
    "BLR": 20.8448984789152,
    "BLZ": 58.2467892661776,
    "BOL": 28.7638546226012,
    "BRA": 12.1041450466854,
    "BRN": 25.1016866126303,
    "BTN": 57.4354750196588,
    "BWA": 32.5376462161582,
    "CAF": 55.8756444361096,
    "CAN": 17.2997434233367,
    "CHE": 14.5384629979236,
    "CHL": 11.0049091520804,
    "CHN": 34.1053019001675,
    "CIV": 46.0266886059858,
    "CMR": 44.5968251390922,
    "COD": 55.2544195591247,
    "COG": 36.1133888300096,
    "COL": 21.4789188133885,
    "CRI": 20.6892327602033,
    "CUB": 22.8335070771725,
    "CYP": 33.3175740807517,
    "CZE": 27.2052015407815,
    "DEU": 17.9788567420875,
    "DJI": 27.0947364947022,
    "DNK": 11.3039447311595,
    "DOM": 27.5878125247849,
    "DZA": 24.7207092809382,
    "ECU": 36.7623067602398,
    "EGY": 57.1995636061596,
    "ERI": 65.4634475708008,
    "ESP": 19.684800178793,
    "EST": 29.3018838458039,
    "ETH": 76.3777160644531,
    "FIN": 25.7362809536364,
    "FJI": 40.9233397707543,
    "FRA": 21.2000249035884,
    "GAB": 8.1367905322425,
    "GBR": 16.7570455583915,
    "GEO": 38.9210394906267,
    "GHA": 41.6345131961419,
    "GIN": 61.9286963311345,
    "GMB": 35.7005896590355,
    "GNB": 53.886795578178,
    "GNQ": 28.6425971250194,
    "GRC": 21.0032143499466,
    "GRL": 11.6804652064762,
    "GTM": 44.0452972725237,
    "GUY": 73.522282011443,
    "HND": 41.2149271895171,
    "HRV": 42.4841018288557,
    "HTI": 44.9627347518998,
    "HUN": 29.508174056782,
    "IDN": 41.2490364612003,
    "IND": 64.6211027631611,
    "IRL": 35.6529620744415,
    "IRN": 22.9798736572266,
    "IRQ": 30.1138505891087,
    "ISL": 5.81809600834779,
    "ISR": 8.463811156182,
    "ITA": 30.3952464856929,
    "JAM": 41.0698414560078,
    "JOR": 7.0498606235714,
    "JPN": 7.8098281965469,
    "KAZ": 37.927468415838,
    "KEN": 68.1062168278401,
    "KGZ": 65.2780022134063,
    "KHM": 59.1272966747271,
    "KOR": 18.8317471530314,
    "KWT": 0.0,
    "LAO": 60.4447845598594,
    "LBN": 9.296304215446,
    "LBR": 44.4612013345032,
    "LBY": 12.1145933892251,
    "LKA": 79.7003002941314,
    "LSO": 56.3219665790754,
    "LTU": 31.1714166684685,
    "LUX": 5.1561297133607,
    "LVA": 31.5160507371491,
    "MAR": 37.2001875981803,
    "MDA": 56.483528137207,
    "MDG": 67.5660106660156,
    "MEX": 20.2461194023882,
    "MKD": 37.4354623071467,
    "MLI": 68.3924378817775,
    "MMR": 69.5500915925864,
    "MNE": 34.4577685293734,
    "MNG": 29.0433959960938,
    "MOZ": 63.5667662552763,
    "MRT": 39.3931413588171,
    "MWI": 82.731496468787,
    "MYS": 23.0829703351008,
    "NAM": 49.5911969747845,
    "NCL": 32.0485304414423,
    "NER": 81.9502601549197,
    "NGA": 37.0244324426341,
    "NIC": 40.7371597290039,
    "NLD": 4.3603482920664,
    "NOR": 16.6706262071531,
    "NPL": 33.227656836971,
    "NZL": 16.0629341166868,
    "OMN": 20.5559697185286,
    "PAK": 60.8265631639095,
    "PAN": 34.0041552314512,
    "PER": 14.8087270399645,
    "PHL": 44.5479016784523,
    "PNG": 84.5938183596667,
    "POL": 40.0294531304899,
    "PRI": 5.7460494800564,
    "PRK": 36.1410251788478,
    "PRT": 38.6718092658668,
    "PRY": 30.1377414113039,
    "PSE": 12.8803985882996,
    "QAT": 0.678010827160605,
    "ROU": 47.8325221071232,
    "RUS": 24.8880863822933,
    "RWA": 70.1150285705917,
    "SAU": 15.5445979788557,
    "SDN": 65.1326984489161,
    "SEN": 44.7631830942696,
    "SLB": 69.3382811437806,
    "SLE": 54.6373176843629,
    "SLV": 24.9325094897801,
    "SOM": 45.3823534475479,
    "SRB": 37.6169970195823,
    "SSD": 78.6231809555094,
    "SUR": 34.2358142799115,
    "SVK": 46.8080297014316,
    "SVN": 44.2422291594083,
    "SWE": 11.1440251653772,
    "SWZ": 73.7501538741361,
    "SYR": 27.9238654241746,
    "TCD": 73.0684707610503,
    "TGO": 56.1851508394004,
    "THA": 38.1310661608679,
    "TJK": 73.8211936348452,
    "TKM": 52.9124746089706,
    "TLS": 71.3358925820426,
    "TTO": 46.038943318049,
    "TUN": 29.6414644308045,
    "TUR": 10.6556877126113,
    "TZA": 63.8315541137008,
    "UGA": 68.7222301786443,
    "UKR": 30.4684356799852,
    "URY": 4.4018048411819,
    "USA": 19.8752201952816,
    "UZB": 49.0013313293457,
    "VEN": 10.714140116799,
    "VNM": 61.5099296569824,
    "VUT": 77.7133066639355,
    "YEM": 63.1922482403406,
    "ZAF": 36.3082015141828,
    "ZMB": 54.5296161508721,
    "ZWE": 60.1066283179304
  },
  "stats": {
    "coverage": 169,
    "min": 0.0,
    "max": 84.5938183596667,
    "median": 36.3082015141828,
    "quantileBreaks": [
      0.0,
      14.1828911720209,
      24.8880863822933,
      32.5376462161582,
      40.7371597290039,
      49.5911969747845,
      65.2780022134063,
      84.5938183596667
    ]
  },
  "formatting": {
    "maximumFractionDigits": 1,
    "suffix": "%"
  },
  "source": {
    "provider": "World Bank",
    "dataset": "World Development Indicators",
    "attribution": "The World Bank",
    "sourceReference": "https://api.worldbank.org/v2/indicator/SP.RUR.TOTL.ZS?format=json&per_page=1",
    "valuesReference": "https://api.worldbank.org/v2/country/all/indicator/SP.RUR.TOTL.ZS?format=json&per_page=20000&page=1&date=2015%3A2025",
    "license": "Creative Commons Attribution 4.0 International unless specifically labeled otherwise by World Bank metadata",
    "licenseReference": "https://www.worldbank.org/en/about/legal/terms-of-use-for-datasets",
    "retrievedAt": "2026-06-22T18:05:39.635279+00:00",
    "checksum": "2783b434be08964f04fafc748ae247b035e8567e05973505547b806839c725bf",
    "sourceOrganization": "World Urbanization Prospects, United Nations (UN), uri: https://population.un.org/wup/, note: World Bank staff estimates based on the United Nations Population Division's World Urbanization Prospects, National definitions, publisher: UN Population Division;\nStaff estimates, World Bank (WB), note: World Bank staff estimates based on the United Nations Population Division's World Urbanization Prospects, National definitions"
  },
  "reviewStatus": "approved",
  "contentVersion": "2026.06.22-exp2-qa1",
  "editorial": {
    "shortHook": "The inverse of the urban world.",
    "patternNote": "The darkest countries include Papua New Guinea, Malawi, Niger, while the lightest include Kuwait, Qatar, Netherlands; that contrast is the fastest way to read the rural population pattern.",
    "whyItMatters": "Rural shares help distinguish farming settlement, urban service economies, and city-state outliers.",
    "bestProbeCountries": [
      {
        "iso3": "PNG",
        "reason": "High anchor: this country sits near the darkest end of the map."
      },
      {
        "iso3": "KWT",
        "reason": "Low anchor: this country clarifies the lightest end of the scale."
      },
      {
        "iso3": "ZAF",
        "reason": "Middle check: this country helps separate a true pattern from one-off outliers."
      }
    ],
    "commonConfusions": [
      {
        "confusedWithIndicatorCode": "SP.URB.TOTL.IN.ZS",