{
  "schemaVersion": "1.1.0",
  "id": "rural-population-growth",
  "providerCode": "SP.RUR.TOTL.ZG",
  "title": "Rural population growth (annual %)",
  "shortTitle": "Rural population growth",
  "category": "settlement",
  "difficulty": "standard",
  "definition": "Annual rural population growth rate for year t is the exponential rate of growth of midyear rural population from year t-1 to t, expressed as a percentage. Rural population refers to people living in rural areas as defined by national statistical offices. It is calculated as the difference between total population and urban population.",
  "unit": "annual percent change",
  "year": 2024,
  "valuesByIso3": {
    "AFG": 2.53060155413216,
    "AGO": 0.342441556900719,
    "ALB": -2.3498730988267,
    "ARE": 3.63778887848018,
    "ARG": -0.680748776380814,
    "ARM": 1.9697861072136,
    "AUS": 1.06693789454862,
    "AUT": -0.27570220904978,
    "AZE": 0.320340681239571,
    "BDI": 0.899629797349563,
    "BEL": 0.173060286553606,
    "BEN": 0.790503148989722,
    "BFA": 1.48420861491386,
    "BGD": 0.444480345295065,
    "BGR": -0.912454656548146,
    "BHS": 0.441324688211823,
    "BIH": -1.81190801934764,
    "BLR": -2.11892000507133,
    "BLZ": 1.7720747355897,
    "BOL": 0.262264191211829,
    "BRA": -1.88050154508882,
    "BRN": 0.506657968367637,
    "BTN": -0.781992611178283,
    "BWA": 0.288841125886966,
    "CAF": 2.64189555423909,
    "CAN": 1.95457142369914,
    "CHE": -0.576442460358525,
    "CHL": -1.0780745171046,
    "CHN": -1.18629610241506,
    "CIV": 1.21441152543259,
    "CMR": 1.99908194822576,
    "COD": 2.57498640782433,
    "COG": 1.78012183170237,
    "COL": -0.0620613778060737,
    "CRI": -1.57505358171975,
    "CUB": -0.542190012274911,
    "CYP": 0.959182463318245,
    "CZE": 0.157873730459006,
    "DEU": -0.377599583550634,
    "DJI": 1.12165192002699,
    "DNK": -0.756857207530355,
    "DOM": 0.649248782974741,
    "DZA": -0.788161670738689,
    "ECU": 0.570121980736585,
    "EGY": 1.57493058819006,
    "ERI": 2.10620870766617,
    "ESP": 0.0771944778325921,
    "EST": 0.0778673831000898,
    "ETH": 1.84825393779106,
    "FIN": -0.352816824129739,
    "FJI": -0.640687407425223,
    "FRA": 0.169854859868221,
    "GAB": -0.578701687672712,
    "GBR": 0.573283875841419,
    "GEO": -1.26530811718751,
    "GHA": 0.543638444062617,
    "GIN": 1.71059038452478,
    "GMB": 0.893732785754989,
    "GNB": 1.24336898261973,
    "GNQ": 1.61067797115943,
    "GRC": -1.0734645039768,
    "GRL": -2.21949976349576,
    "GTM": 0.757754225788965,
    "GUY": 0.55420260647562,
    "HND": 0.546381411632028,
    "HRV": -0.471332262266753,
    "HTI": -0.143626649834473,
    "HUN": -0.988403995433103,
    "IDN": -0.709121800161387,
    "IND": 0.410277685448571,
    "IRL": 0.925644104463691,
    "IRN": -0.433723695968944,
    "IRQ": 2.06544317070531,
    "ISL": -0.297506935540001,
    "ISR": 0.943894441157001,
    "ITA": -0.272308688957137,
    "JAM": -1.18137035156221,
    "JOR": -2.74097920815873,
    "JPN": -1.80250841526337,
    "KAZ": 0.451901913886658,
    "KEN": 1.57538914682176,
    "KGZ": 1.68156355490611,
    "KHM": 0.814751202722174,
    "KOR": 0.054685607368219,
    "LAO": 0.128093588035543,
    "LBN": -2.10646027963293,
    "LBR": 0.947967514524489,
    "LBY": 0.85571545042136,
    "LKA": -0.743829561428402,
    "LSO": -0.643206868286865,
    "LTU": -0.229211838301469,
    "LUX": 0.759147883226658,
    "LVA": -1.3348045307438,
    "MAR": 0.634525485088349,
    "MDA": -3.19120390208694,
    "MDG": 1.76549679916281,
    "MEX": -0.514874310128417,
    "MKD": -1.02118703120273,
    "MLI": 2.06134683491868,
    "MMR": 0.576874518569941,
    "MNE": -0.200865836196522,
    "MNG": -0.495392044641542,
    "MOZ": 1.79635427249564,
    "MRT": 0.643347872560221,
    "MWI": 2.22212208266765,
    "MYS": -0.810182524482089,
    "NAM": 1.32539401206674,
    "NCL": 0.32787790033462,
    "NER": 2.91675873776243,
    "NGA": -0.0571015072587987,
    "NIC": 1.00932190436509,
    "NLD": -6.37934971304955,
    "NOR": -0.583053226903109,
    "NPL": -0.833776578484265,
    "NZL": 1.37555642354916,
    "OMN": 5.11347341548468,
    "PAK": 0.928893812873999,
    "PAN": 0.867912982478084,
    "PER": -1.63884059951864,
    "PHL": 0.092400289749936,
    "PNG": 1.37198293015098,
    "POL": -0.560931737375573,
    "PRI": -1.33836852001798,
    "PRK": -0.578902862113023,
    "PRT": 0.776979224731966,
    "PRY": -0.462132470981907,
    "PSE": 0.347310897978467,
    "QAT": 1.80185055026782,
    "ROU": -0.054654467640754,
    "RUS": -0.730033884407322,
    "RWA": 0.684228543682795,
    "SAU": 3.61250994200563,
    "SDN": 0.698972617149083,
    "SEN": 1.12678004387748,
    "SLB": 1.43377605751541,
    "SLE": 1.11499355089362,
    "SLV": -1.37407634400828,
    "SOM": 2.28577903225982,
    "SRB": -1.19055950927686,
    "SSD": 3.54321935920997,
    "SUR": 0.854921437772731,
    "SVK": -0.0885750987820481,
    "SVN": -0.169107333198058,
    "SWE": -1.68336201344775,
    "SWZ": 0.398794090543553,
    "SYR": 4.79538746688427,
    "TCD": 4.12939546572387,
    "TGO": 1.24049350685793,
    "THA": -2.46984522494075,
    "TJK": 1.93115623451745,
    "TKM": 1.71351515101806,
    "TLS": 1.07819464788876,
    "TTO": 0.0441391055819296,
    "TUN": -0.486871079868162,
    "TUR": -2.75578594443921,
    "TZA": 1.79345103285539,
    "UGA": 1.78087220013002,
    "UKR": 0.153011345376944,
    "URY": -1.26849340411436,
    "USA": 0.709015702798114,
    "UZB": 1.96619531167114,
    "VEN": 0.0316471454402393,
    "VNM": 0.0474117629437474,
    "VUT": 2.2458491143987,
    "YEM": 2.60783530105985,
    "ZAF": 0.948578360925443,
    "ZMB": 2.00488822435455,
    "ZWE": 0.784839959040843
  },
  "stats": {
    "coverage": 168,
    "min": -6.37934971304955,
    "max": 5.11347341548468,
    "median": 0.425801186830197,
    "quantileBreaks": [
      -6.37934971304955,
      -1.0741230772807715,
      -0.4757719244385843,
      0.14233230651634352,
      0.6458768341664438,
      1.0887086201758631,
      1.8084796056282826,
      5.11347341548468
    ]
  },
  "formatting": {
    "maximumFractionDigits": 1,
    "suffix": "%"
  },
  "source": {
    "provider": "World Bank",
    "dataset": "World Development Indicators",
    "attribution": "The World Bank",
    "sourceReference": "https://api.worldbank.org/v2/indicator/SP.RUR.TOTL.ZG?format=json&per_page=1",
    "valuesReference": "https://api.worldbank.org/v2/country/all/indicator/SP.RUR.TOTL.ZG?format=json&per_page=20000&page=1&date=2015%3A2025",
    "license": "Creative Commons Attribution 4.0 International unless specifically labeled otherwise by World Bank metadata",
    "licenseReference": "https://www.worldbank.org/en/about/legal/terms-of-use-for-datasets",
    "retrievedAt": "2026-06-27T17:15:36.420370+00:00",
    "checksum": "3e0d3caecfbcbca40f3787902d51fa4e41e544d90fd173104523e8585b888e1b",
    "sourceOrganization": "World Urbanization Prospects, United Nations (UN), uri: https://population.un.org/wup/, note: World Bank staff estimates based on the United Nations Population Division's World Urbanization Prospects, National definitions, publisher: UN Population Division;\nStaff estimates, World Bank (WB), note: World Bank staff estimates based on the United Nations Population Division's World Urbanization Prospects, National definitions"
  },
  "reviewStatus": "approved",
  "contentVersion": "2026.06.22-exp2-qa1",
  "editorial": {
    "shortHook": "A rural-change map.",
    "patternNote": "The darkest countries include Oman, Syrian Arab Republic, Chad, while the lightest include Netherlands, Moldova, Turkiye; that contrast is the fastest way to read the rural population growth pattern.",
    "whyItMatters": "Rural population growth separates urbanization from the places where rural populations are still rising or shrinking.",
    "bestProbeCountries": [
      {
        "iso3": "OMN",