{
  "schemaVersion": "1.1.0",
  "id": "rural-low-elevation-land",
  "providerCode": "AG.LND.EL5M.RU.ZS",
  "title": "Rural land area where elevation is below 5 meters (% of total land area)",
  "shortTitle": "Rural low-elevation land",
  "category": "settlement",
  "difficulty": "expert",
  "definition": "Rural land area below 5m is the percentage of total land where the rural land elevation is 5 meters or less.",
  "unit": "percent of land area",
  "year": 2015,
  "valuesByIso3": {
    "AFG": 0.0,
    "AGO": 0.153367801987878,
    "ALB": 3.52046568506147,
    "ARE": 3.42891374435521,
    "ARG": 0.612340143082538,
    "ARM": 0.0,
    "AUS": 0.720797439976807,
    "AUT": 0.0,
    "AZE": 0.0,
    "BDI": 0.0,
    "BEL": 3.68909961996137,
    "BEN": 0.924860200762928,
    "BFA": 0.0,
    "BGD": 10.7123873680445,
    "BGR": 0.104930889057367,
    "BHS": 69.5412259850379,
    "BIH": 0.0057206347777854,
    "BLR": 0.0,
    "BLZ": 12.2603143726783,
    "BOL": 0.0,
    "BRA": 0.836919971236929,
    "BRN": 4.91181579729327,
    "BTN": 0.0,
    "BWA": 0.0,
    "CAF": 0.0,
    "CAN": 0.643189143283795,
    "CHE": 0.0,
    "CHL": 1.52280961534874,
    "CHN": 0.461168344660781,
    "CIV": 0.477697741841454,
    "CMR": 0.452640973316362,
    "COD": 0.0272576300754792,
    "COG": 0.232153981258305,
    "COL": 1.12344126135961,
    "CRI": 2.87307375172397,
    "CUB": 14.8410388989639,
    "CYP": 1.79944990142211,
    "CZE": 0.0,
    "DEU": 3.07047814747194,
    "DJI": 0.709772020306866,
    "DNK": 12.5685625223323,
    "DOM": 2.28545323070934,
    "DZA": 0.0182872407847384,
    "ECU": 1.2271641278519,
    "EGY": 1.01964642164188,
    "ERI": 1.2721083784547,
    "ESP": 0.64874193263106,
    "EST": 3.39521984465994,
    "ETH": 0.0,
    "FIN": 1.17524922972841,
    "FJI": 8.18280482106163,
    "FRA": 1.35736304022126,
    "GAB": 1.41645052865698,
    "GBR": 3.71868998360247,
    "GEO": 1.31495353542712,
    "GHA": 0.60508401300893,
    "GIN": 1.34237732822435,
    "GMB": 18.6872437121452,
    "GNB": 15.9680330417633,
    "GNQ": 0.754384710371017,
    "GRC": 3.2555567571936,
    "GRL": 5.10062770241355,
    "GTM": 0.720057248255485,
    "GUY": 5.14822465006222,
    "HND": 4.45837224979805,
    "HRV": 1.49348995706555,
    "HTI": 2.10538794159102,
    "HUN": 0.0,
    "IDN": 7.44376393971379,
    "IND": 1.02633157255454,
    "IRL": 1.96998742776881,
    "IRN": 0.764159639864279,
    "IRQ": 2.82327183712309,
    "ISL": 1.84811632676584,
    "ISR": 0.168756953853648,
    "ITA": 2.91892745066238,
    "JAM": 3.7451608307811,
    "JOR": 0.00293781490097922,
    "JPN": 1.48325195697308,
    "KAZ": 0.0,
    "KEN": 0.269785333419863,
    "KGZ": 0.0,
    "KHM": 1.71656810809198,
    "KOR": 2.53960423242355,
    "KWT": 8.13624671020204,
    "LAO": 0.0,
    "LBN": 0.229588601714255,
    "LBR": 0.974381006722603,
    "LBY": 0.465232173898512,
    "LKA": 3.05063226706774,
    "LSO": 0.0,
    "LTU": 0.669326350492965,
    "LUX": 0.0,
    "LVA": 1.73947323370331,
    "MAR": 0.17837087263587,
    "MDA": 0.0,
    "MDG": 1.2414273171419,
    "MEX": 2.6629892530863,
    "MKD": 0.0,
    "MLI": 0.0,
    "MMR": 4.45966984179959,
    "MNE": 0.591947454884116,
    "MNG": 0.0,
    "MOZ": 2.04669733709441,
    "MRT": 1.07139134544905,
    "MWI": 0.0,
    "MYS": 6.36517881131312,
    "NAM": 0.200765480157977,
    "NCL": 5.34329845803024,
    "NER": 0.0,
    "NGA": 1.99791283214925,
    "NIC": 5.88117404435301,
    "NLD": 39.6820367268361,
    "NOR": 1.55617409135915,
    "NPL": 0.0,
    "NZL": 4.58283961144488,
    "OMN": 0.748313257146768,
    "PAK": 1.29788832706209,
    "PAN": 4.42079236673425,
    "PER": 0.290922258439189,
    "PHL": 4.1356910066334,
    "PNG": 3.83160151980177,
    "POL": 0.987739836583519,
    "PRI": 4.78941204665112,
    "PRK": 1.53161452674769,
    "PRT": 1.55243946546613,
    "PRY": 0.0,
    "PSE": 0.0239267111100824,
    "QAT": 10.6500470081266,
    "ROU": 1.37399876835579,
    "RUS": 0.671016995126304,
    "RWA": 0.0,
    "SAU": 0.360796480880926,
    "SDN": 0.0824304712530423,
    "SEN": 4.26414073032434,
    "SLB": 7.26344517076187,
    "SLE": 5.20334306685778,
    "SLV": 3.55796205294741,
    "SOM": 0.235993422781938,
    "SRB": 0.0,
    "SSD": 0.0,
    "SUR": 6.21373238194298,
    "SVK": 0.0,
    "SVN": 0.0449711501693238,
    "SWE": 0.929915299323227,
    "SWZ": 0.0,
    "SYR": 0.0167294510390145,
    "TCD": 0.0,
    "TGO": 0.348132099957343,
    "THA": 3.4555076912689,
    "TJK": 0.0,
    "TKM": 0.0,
    "TLS": 1.51574538704251,
    "TTO": 6.30159912162708,
    "TUN": 1.25697961498504,
    "TUR": 0.489062450207274,
    "TZA": 0.169125613693628,
    "UGA": 0.0,
    "UKR": 0.782782241795306,
    "URY": 0.584311391843742,
    "USA": 1.40035340444975,
    "UZB": 0.0,
    "VEN": 1.53047632761301,
    "VNM": 12.2535530187901,
    "VUT": 4.17858257317114,
    "YEM": 0.373105421935139,
    "ZAF": 0.106017277350439,
    "ZMB": 0.0,
    "ZWE": 0.0
  },
  "stats": {
    "coverage": 169,
    "min": 0.0,
    "max": 69.5412259850379,
    "median": 0.924860200762928,
    "quantileBreaks": [
      0.0,
      0.0,
      0.104930889057367,
      0.643189143283795,
      1.2721083784547,
      2.28545323070934,
      4.58283961144488,
      69.5412259850379
    ]
  },
  "formatting": {
    "maximumFractionDigits": 1,
    "suffix": "%"
  },
  "source": {
    "provider": "World Bank",
    "dataset": "World Development Indicators",
    "attribution": "The World Bank",
    "sourceReference": "https://api.worldbank.org/v2/indicator/AG.LND.EL5M.RU.ZS?format=json&per_page=1",
    "valuesReference": "https://api.worldbank.org/v2/country/all/indicator/AG.LND.EL5M.RU.ZS?format=json&per_page=20000&page=1&date=2015%3A2025",
    "license": "Creative Commons Attribution 4.0 International unless specifically labeled otherwise by World Bank metadata",
    "licenseReference": "https://www.worldbank.org/en/about/legal/terms-of-use-for-datasets",
    "retrievedAt": "2026-07-02T22:42:53.400664+00:00",
    "checksum": "ba15739978d99934217dcb72f84efd25ba5c70ff54462ae07e9d277926f7bf24",
    "sourceOrganization": "Low Elevation Coastal Zone (LECZ) Urban-Rural Population and Land Area Estimates, Version 3, Center For International Earth Science Information Network (CIESIN) - Columbia University, uri: https://www.earthdata.nasa.gov/data/catalog/sedac-ciesin-sedac-lecz-urplaev3-3.00, publisher: NASA Socioeconomic Data and Applications Center (SEDAC), date published: 2021"
  },
  "reviewStatus": "approved",
  "contentVersion": "2026.07.02-exp4-content50",
  "editorial": {
    "shortHook": "A low-lying rural land map.",
    "patternNote": "The darkest countries include Bahamas, The, Netherlands, Gambia, The, while the lightest include Afghanistan, Armenia, Austria; that contrast is the fastest way to read the rural low-elevation land pattern.",
    "whyItMatters": "Rural low-elevation land adds a quieter coastal-exposure map for advanced play.",
    "bestProbeCountries": [
      {
        "iso3": "BHS",
        "reason": "High anchor: this country sits near the darkest end of the map."
      },
      {
        "iso3": "AFG",
        "reason": "Low anchor: this country clarifies the lightest end of the scale."
      },
      {
        "iso3": "BEN",
        "reason": "Middle check: this country helps separate a true pattern from one-off outliers."
      }
    ],
    "commonConfusions": [
      {
        "confusedWithIndicatorCode": "AG.LND.EL5M.ZS",
        "reason": "Low-elevation land can tempt players because it shares a strong country ranking with this map, but its unit and definition point to a different story."
      },
      {
        "confusedWithIndicatorCode": "EN.POP.EL5M.RU.ZS",
        "reason": "Rural low-elevation population can tempt players because it shares a strong country ranking with this map, but its unit and definition point to a different story."
      },
      {
        "confusedWithIndicatorCode": "EN.POP.EL5M.ZS",