{
  "schemaVersion": "1.1.0",
  "id": "rural-basic-sanitation",
  "providerCode": "SH.STA.BASS.RU.ZS",
  "title": "People using at least basic sanitation services, rural (% of rural population)",
  "shortTitle": "Rural basic sanitation",
  "category": "settlement",
  "difficulty": "standard",
  "definition": "The percentage of people using at least basic sanitation services, that is, improved sanitation facilities that are not shared with other households.  This indicator encompasses both people using basic sanitation services as well as those using safely managed sanitation services.   Improved sanitation facilities include flush/pour flush to piped sewer systems, septic tanks or pit latrines; ventilated improved pit latrines, compositing toilets or pit latrines with slabs.",
  "unit": "percent of rural population",
  "year": 2024,
  "valuesByIso3": {
    "AFG": 47.5756621729693,
    "ALB": 99.2812795080739,
    "ARE": 99.92466,
    "ARM": 82.4372596459447,
    "AUT": 100.0,
    "AZE": 98.0378730734665,
    "BDI": 45.102663314489,
    "BEL": 99.4913079159049,
    "BEN": 11.8328140633798,
    "BFA": 23.5325142036207,
    "BGD": 67.6183692406755,
    "BGR": 83.7153545564708,
    "BLR": 98.9083523796986,
    "BLZ": 76.3545501796255,
    "BOL": 53.2716030878257,
    "BRA": 66.973807452025,
    "BTN": 89.249248587442,
    "BWA": 57.8045334628916,
    "CAF": 5.73506906347721,
    "CAN": 98.7599203874092,
    "CHE": 99.8997995991984,
    "CHL": 100.0,
    "CHN": 95.2052298089773,
    "CIV": 24.3055305722756,
    "CMR": 24.88663718689,
    "COD": 11.2200797462713,
    "COL": 87.1094486482778,
    "CRI": 98.13084052852,
    "CUB": 93.9205451877825,
    "CYP": 98.9154848477132,
    "CZE": 99.3734710522743,
    "DEU": 98.991935483871,
    "DNK": 99.5975855130785,
    "DOM": 81.1022495810151,
    "DZA": 79.6823778948849,
    "ECU": 86.0593518598395,
    "EGY": 94.9061117398518,
    "ESP": 100.0,
    "EST": 99.204703531955,
    "ETH": 6.11019800299253,
    "FIN": 99.4536878663253,
    "FJI": 92.7444085319946,
    "FRA": 98.8922457200403,
    "GAB": 24.5999792105723,
    "GBR": 99.4747743229689,
    "GEO": 79.6614989244809,
    "GHA": 23.4339880231879,
    "GIN": 22.7724755603664,
    "GMB": 24.0495081422525,
    "GNB": 17.1589903192631,
    "GRC": 98.1447124304267,
    "GTM": 59.9019930605465,
    "GUY": 90.5910070752564,
    "HND": 82.6370943215188,
    "HTI": 24.0578248724117,
    "HUN": 98.5698569856986,
    "IDN": 85.4831722098575,
    "IND": 81.0454431746786,
    "IRL": 93.2406493952789,
    "IRN": 82.3,
    "IRQ": 97.6454515489504,
    "ISL": 100.0,
    "ISR": 98.8670103092783,
    "ITA": 99.8994974874372,
    "JAM": 93.8730282652242,
    "JOR": 94.6667122084833,
    "KAZ": 99.1062225393243,
    "KEN": 41.3938413296798,
    "KGZ": 99.7073476213822,
    "KHM": 79.8935180704857,
    "LAO": 82.4679645819284,
    "LBR": 10.0597738156226,
    "LKA": 94.9909997270261,
    "LSO": 49.1652651986595,
    "LTU": 93.0568568981191,
    "LUX": 98.8650002371129,
    "LVA": 84.9224640295537,
    "MAR": 71.3723800455445,
    "MDA": 83.754680602295,
    "MDG": 10.5564092934972,
    "MEX": 89.24084864334,
    "MKD": 97.7376920540026,
    "MLI": 38.7337602008865,
    "MMR": 71.7044907924449,
    "MNE": 93.9103390168869,
    "MNG": 52.9135433926391,
    "MOZ": 22.5059897338304,
    "MRT": 26.630224903665,
    "MWI": 49.505434868274,
    "MYS": 95.8805355303811,
    "NAM": 24.2516759182506,
    "NER": 8.69124115958804,
    "NGA": 34.1734863805082,
    "NLD": 99.8929837529838,
    "NOR": 98.3,
    "NPL": 86.9720424421688,
    "NZL": 100.0,
    "OMN": 99.2985546170079,
    "PAK": 64.9730432556194,
    "PAN": 70.7652335325983,
    "PER": 61.0156539030374,
    "PHL": 87.4736381703427,
    "PNG": 19.5499547884929,
    "POL": 99.236641221374,
    "PRT": 99.7952917093142,
    "PRY": 96.2566894257423,
    "PSE": 98.7422417445688,
    "ROU": 81.0884876213951,
    "RUS": 70.4360465116279,
    "RWA": 86.8255447968475,
    "SAU": 95.6460103110008,
    "SDN": 56.7543056822913,
    "SEN": 54.0174306259381,
    "SLB": 20.1714764316098,
    "SLE": 15.3284493386069,
    "SLV": 77.1214407360116,
    "SOM": 35.4358429225985,
    "SRB": 95.5103233122947,
    "SSD": 8.0424636569391,
    "SUR": 82.364078121489,
    "SVK": 96.1841832833199,
    "SWE": 98.9283739085966,
    "SWZ": 70.10241568572,
    "SYR": 94.532048711808,
    "TCD": 4.512961008103,
    "TGO": 14.3056491333343,
    "THA": 98.9134988095271,
    "TKM": 99.9312658402811,
    "TLS": 69.4208805831833,
    "TTO": 93.0866523404935,
    "TUN": 99.3937262793879,
    "TUR": 97.2317738081082,
    "TZA": 25.7738407703299,
    "UGA": 20.6305449300745,
    "UKR": 97.0895378907197,
    "URY": 99.6129930360997,
    "USA": 98.4027397826093,
    "UZB": 97.8282257146381,
    "VNM": 93.4577630755949,
    "VUT": 46.770341723982,
    "YEM": 47.3605248917045,
    "ZAF": 79.254239084547,
    "ZMB": 32.3278574631406,
    "ZWE": 31.8330309456658
  },
  "stats": {
    "coverage": 144,
    "min": 4.512961008103,
    "max": 100.0,
    "median": 85.2028181197056,
    "quantileBreaks": [
      4.512961008103,
      24.140903892056944,
      53.91088383477918,
      81.05774158802618,
      92.96758593636923,
      97.75062543409338,
      99.26214881377393,
      100.0
    ]
  },
  "formatting": {
    "maximumFractionDigits": 1,
    "suffix": "%"
  },
  "source": {
    "provider": "World Bank",
    "dataset": "World Development Indicators",
    "attribution": "The World Bank",
    "sourceReference": "https://api.worldbank.org/v2/indicator/SH.STA.BASS.RU.ZS?format=json&per_page=1",
    "valuesReference": "https://api.worldbank.org/v2/country/all/indicator/SH.STA.BASS.RU.ZS?format=json&per_page=20000&page=1&date=2015%3A2025",
    "license": "Creative Commons Attribution 4.0 International unless specifically labeled otherwise by World Bank metadata",
    "licenseReference": "https://www.worldbank.org/en/about/legal/terms-of-use-for-datasets",
    "retrievedAt": "2026-06-27T17:16:02.995193+00:00",
    "checksum": "8b8fb6b7557ebaaabef70d4af5d4d9dd59456249903025072db7c9be2c566da2",
    "sourceOrganization": "WHO/UNICEF Joint Monitoring Programme (JMP) for Water Supply, Sanitation and Hygiene, World Health Organization (WHO), uri: washdata.org, publisher: WHO/UNICEF Joint Monitoring Programme (JMP) for Water Supply, Sanitation and Hygiene (washdata.org), date accessed: 2025-09-30, date published: 2025-08-25;\nUN Children's Fund (UNICEF), uri: washdata.org, note: WHO/UNICEF Joint Monitoring Programme (JMP) for Water Supply, Sanitation and Hygiene"
  },
  "reviewStatus": "approved",
  "contentVersion": "2026.06.22-exp2-qa1",
  "editorial": {
    "shortHook": "A rural sanitation-access map.",
    "patternNote": "The darkest countries include New Zealand, Iceland, Spain, while the lightest include Chad, Central African Republic, Ethiopia; that contrast is the fastest way to read the rural basic sanitation pattern.",
    "whyItMatters": "Rural sanitation access exposes infrastructure gaps that broad national sanitation can smooth over.",
    "bestProbeCountries": [
      {
        "iso3": "NZL",
        "reason": "High anchor: this country sits near the darkest end of the map."
      },
      {
        "iso3": "TCD",
        "reason": "Low anchor: this country clarifies the lightest end of the scale."
      },
      {
        "iso3": "IDN",
        "reason": "Middle check: this country helps separate a true pattern from one-off outliers."
      }
    ],
    "commonConfusions": [
      {
        "confusedWithIndicatorCode": "SH.STA.BASS.ZS",
        "reason": "Basic sanitation access can tempt players because it shares a strong country ranking with this map, but its unit and definition point to a different story."
      },
      {
        "confusedWithIndicatorCode": "SH.STA.BASS.UR.ZS",