{
  "schemaVersion": "1.1.0",
  "id": "rural-basic-drinking-water",
  "providerCode": "SH.H2O.BASW.RU.ZS",
  "title": "People using at least basic drinking water services, rural (% of rural population)",
  "shortTitle": "Rural basic drinking water",
  "category": "settlement",
  "difficulty": "standard",
  "definition": "The percentage of people using at least basic water services.  This indicator encompasses both people using basic water services as well as those using safely managed water services.  Basic drinking water services is defined as drinking water from an improved source, provided collection time is not more than 30 minutes for a round trip.  Improved water sources include piped water, boreholes or tubewells, protected dug wells, protected springs, and packaged or delivered water.",
  "unit": "percent of rural population",
  "year": 2024,
  "valuesByIso3": {
    "AFG": 74.8128679784897,
    "AGO": 36.9135660198738,
    "ALB": 94.0913580589588,
    "ARE": 100.0,
    "ARM": 100.0,
    "AUS": 100.0,
    "AUT": 100.0,
    "AZE": 94.7351792227842,
    "BDI": 61.398722486871,
    "BEL": 100.0,
    "BEN": 63.1055995197957,
    "BFA": 34.3711273407243,
    "BGD": 98.7954008333594,
    "BGR": 97.5054552867999,
    "BIH": 97.3333333333333,
    "BLR": 99.883931553047,
    "BLZ": 91.2952795847606,
    "BOL": 78.7377798629983,
    "BRA": 100.0,
    "BTN": 99.3017111879413,
    "BWA": 77.8872561313876,
    "CAF": 27.3729689965089,
    "CAN": 98.4586383423913,
    "CHE": 100.0,
    "CHL": 93.605550547346,
    "CHN": 93.8294340242105,
    "CIV": 63.9497450534432,
    "CMR": 56.2496276500126,
    "COD": 13.8232211227385,
    "COL": 83.6703132622771,
    "CRI": 99.64625,
    "CUB": 91.8916600350942,
    "CYP": 99.6984045699203,
    "CZE": 98.5166997889064,
    "DEU": 100.0,
    "DJI": 62.4897741257998,
    "DNK": 100.0,
    "DOM": 94.8156475546143,
    "DZA": 84.9420984509569,
    "ECU": 81.3846728760347,
    "EGY": 96.267801486174,
    "ESP": 100.0,
    "EST": 100.0,
    "ETH": 46.9547029144529,
    "FIN": 100.0,
    "FJI": 91.0373770741366,
    "FRA": 100.0,
    "GAB": 49.1071657795701,
    "GBR": 100.0,
    "GEO": 93.6879404844859,
    "GHA": 76.2751251111762,
    "GIN": 62.2476544111051,
    "GMB": 78.3991684383325,
    "GNB": 52.5780249560095,
    "GRC": 100.0,
    "GRL": 100.0,
    "GTM": 89.1586192327372,
    "GUY": 95.7063160498942,
    "HND": 90.3166849087778,
    "HRV": 99.8521879137959,
    "HTI": 54.748614962214,
    "HUN": 100.0,
    "IDN": 80.3727925608589,
    "IND": 94.9112380166652,
    "IRL": 97.9763455822506,
    "IRN": 94.7910967472804,
    "IRQ": 94.8311467839767,
    "ISL": 100.0,
    "ISR": 100.0,
    "JAM": 84.09137021796,
    "JOR": 97.8240874965226,
    "KAZ": 97.5992224736247,
    "KEN": 55.5915680761798,
    "KGZ": 92.1395007586202,
    "KHM": 78.905313948827,
    "LAO": 93.2294191309011,
    "LBR": 70.3325955565082,
    "LKA": 88.4322217536051,
    "LSO": 70.6406118680418,
    "LTU": 99.7366760594068,
    "LUX": 100.0,
    "LVA": 98.5484589472593,
    "MAR": 80.6332325911334,
    "MDA": 88.7006841870736,
    "MDG": 39.2952151752958,
    "MEX": 97.4714408075458,
    "MKD": 98.0877372171717,
    "MLI": 80.0348613559911,
    "MMR": 80.7275267281044,
    "MNE": 99.4754302491824,
    "MNG": 63.51155158042,
    "MOZ": 51.865898713021,
    "MRT": 58.8119180854926,
    "MWI": 70.0985966942042,
    "MYS": 95.1977210993712,
    "NAM": 74.3218780410272,
    "NER": 46.3788066041218,
    "NGA": 66.5506963027662,
    "NLD": 100.0,
    "NOR": 100.0,
    "NPL": 94.0202370654508,
    "NZL": 100.0,
    "OMN": 76.2507799139666,
    "PAK": 89.3108623362511,
    "PAN": 87.7858096099039,
    "PER": 87.3429804226527,
    "PHL": 93.5910030482765,
    "PNG": 48.2927172786675,
    "POL": 81.7353876077382,
    "PRT": 97.7800011952679,
    "PRY": 99.1112275316309,
    "PSE": 100.0,
    "ROU": 100.0,
    "RUS": 90.2859303299493,
    "RWA": 55.5563451043095,
    "SAU": 99.6483715106679,
    "SDN": 59.643225926377,
    "SEN": 80.6182975728235,
    "SLB": 64.5285476032277,
    "SLE": 57.0277902928783,
    "SLV": 80.3778081349793,
    "SOM": 67.5001830408682,
    "SRB": 95.2893582553216,
    "SSD": 32.4960438105908,
    "SUR": 96.5744126253473,
    "SVK": 100.0,
    "SWE": 99.5518584290041,
    "SWZ": 74.4465785509216,
    "SYR": 92.082745,
    "TCD": 43.7991962414594,
    "TGO": 57.5259575683473,
    "THA": 100.0,
    "TJK": 86.9178984652962,
    "TKM": 100.0,
    "TLS": 82.2757065400038,
    "TTO": 98.9887489001222,
    "TUN": 92.8867474808379,
    "TUR": 94.5030884108453,
    "TZA": 51.2920585302629,
    "UGA": 56.6004278089516,
    "UKR": 99.7049717554946,
    "URY": 95.30083,
    "USA": 100.0,
    "UZB": 96.4387747331208,
    "VNM": 98.4825057270609,
    "VUT": 83.5422182462194,
    "YEM": 65.8631617923334,
    "ZAF": 72.9730575371418,
    "ZMB": 58.4586120230781,
    "ZWE": 54.3753253449413
  },
  "stats": {
    "coverage": 150,
    "min": 13.8232211227385,
    "max": 100.0,
    "median": 92.51312411972904,
    "quantileBreaks": [
      13.8232211227385,
      57.792430269698954,
      76.26469145522923,
      88.33987716164778,
      94.79460400547096,
      98.53031085677193,
      100.0,
      100.0
    ]
  },
  "formatting": {
    "maximumFractionDigits": 1,
    "suffix": "%"
  },
  "source": {
    "provider": "World Bank",
    "dataset": "World Development Indicators",
    "attribution": "The World Bank",
    "sourceReference": "https://api.worldbank.org/v2/indicator/SH.H2O.BASW.RU.ZS?format=json&per_page=1",
    "valuesReference": "https://api.worldbank.org/v2/country/all/indicator/SH.H2O.BASW.RU.ZS?format=json&per_page=20000&page=1&date=2015%3A2025",
    "license": "Creative Commons Attribution 4.0 International unless specifically labeled otherwise by World Bank metadata",
    "licenseReference": "https://www.worldbank.org/en/about/legal/terms-of-use-for-datasets",
    "retrievedAt": "2026-07-02T22:48:14.865222+00:00",
    "checksum": "b208d646e080960f7c993e0071299bb0f0d8368612c870942eabf379e7abc2d2",
    "sourceOrganization": "WHO/UNICEF Joint Monitoring Programme (JMP) for Water Supply, Sanitation and Hygiene, World Health Organization (WHO), uri: washdata.org, publisher: WHO/UNICEF Joint Monitoring Programme (JMP) for Water Supply, Sanitation and Hygiene (washdata.org), date accessed: 2025-09-30, date published: 2025-08-25;\nUN Children's Fund (UNICEF), uri: washdata.org, note: WHO/UNICEF Joint Monitoring Programme (JMP) for Water Supply, Sanitation and Hygiene"
  },
  "reviewStatus": "approved",
  "contentVersion": "2026.07.02-exp4-content50",
  "editorial": {
    "shortHook": "A rural water-access map.",
    "patternNote": "The darkest countries include United States, Turkmenistan, Thailand, while the lightest include Congo, Dem. Rep., Central African Republic, South Sudan; that contrast is the fastest way to read the rural basic drinking water pattern.",
    "whyItMatters": "Rural basic drinking water highlights infrastructure gaps outside cities.",
    "bestProbeCountries": [
      {
        "iso3": "USA",
        "reason": "High anchor: this country sits near the darkest end of the map."
      },
      {
        "iso3": "COD",
        "reason": "Low anchor: this country clarifies the lightest end of the scale."
      },
      {
        "iso3": "TUN",
        "reason": "Middle check: this country helps separate a true pattern from one-off outliers."
      }
    ],
    "commonConfusions": [
      {
        "confusedWithIndicatorCode": "SH.H2O.BASW.ZS",
        "reason": "Basic drinking water access can tempt players because it shares a strong country ranking with this map, but its unit and definition point to a different story."
      },
      {
        "confusedWithIndicatorCode": "SH.STA.BASS.ZS",