{
  "schemaVersion": "1.1.0",
  "id": "rural-population-growth",
  "providerCode": "SP.RUR.TOTL.ZG",
  "title": "Rural population growth (annual %)",
  "shortTitle": "Rural population growth",
  "category": "settlement",
  "difficulty": "standard",
  "definition": "Annual rural population growth rate for year t is the exponential rate of growth of midyear rural population from year t-1 to t, expressed as a percentage. Rural population refers to people living in rural areas as defined by national statistical offices. It is calculated as the difference between total population and urban population.",
  "unit": "annual percent change",
  "year": 2025,
  "valuesByIso3": {
    "AFG": 2.44442262130269,
    "AGO": 0.214349757769667,
    "ALB": -1.95297212034038,
    "ARE": 3.65800706192454,
    "ARG": -0.671583316776547,
    "ARM": 1.39480074004257,
    "AUS": 0.583905272310297,
    "AUT": -0.491854643120015,
    "AZE": 0.279004596649249,
    "BDI": 1.26061027347275,
    "BEL": 0.213731309752408,
    "BEN": 0.66741096722513,
    "BFA": 1.38523880152886,
    "BGD": 0.379443197810485,
    "BGR": -0.985113994725697,
    "BHS": 0.403508268069851,
    "BIH": -1.96220456088105,
    "BLR": -2.15400303158321,
    "BLZ": 1.72098950669019,
    "BOL": 0.205303779189966,
    "BRA": -1.96950183622636,
    "BRN": 0.326626329355101,
    "BTN": -0.869111555094599,
    "BWA": 0.0838346605482849,
    "CAF": 2.59748063284075,
    "CAN": -0.0802195850831092,
    "CHE": -0.884464900480222,
    "CHL": -1.1891517538024,
    "CHN": -1.49292355270393,
    "CIV": 1.1464167831679,
    "CMR": 1.96303377888244,
    "COD": 2.534289711727,
    "COG": 1.70515157241901,
    "COL": -0.211422521919122,
    "CRI": -1.58331441490382,
    "CUB": -0.654251380960303,
    "CYP": 0.876059970243998,
    "CZE": -0.46343232732641,
    "DEU": -0.683682161463634,
    "DJI": 1.04422858609299,
    "DNK": -0.797086933134613,
    "DOM": 0.42673345434195,
    "DZA": -0.888516238866485,
    "ECU": 0.427731206122607,
    "EGY": 1.37440401169507,
    "ERI": 1.99336918885087,
    "ESP": 0.011334871421669,
    "EST": -0.506100450252338,
    "ETH": 1.91087082606855,
    "FIN": -0.548670642002888,
    "FJI": -0.680043064151445,
    "FRA": 0.0333186808981096,
    "GAB": -0.685829104191869,
    "GBR": -0.18558141197934,
    "GEO": 2.9264226348993,
    "GHA": 0.480742350898677,
    "GIN": 1.58939081107987,
    "GMB": 0.276174817232882,
    "GNB": 1.16120988116362,
    "GNQ": 1.63071157072302,
    "GRC": -1.0058595427136,
    "GRL": -2.20826760563681,
    "GTM": 0.737253315006806,
    "GUY": 0.569212572527196,
    "HND": 0.51170949153574,
    "HRV": -0.446897302231327,
    "HTI": -0.165062747126106,
    "HUN": -1.18770679161487,
    "IDN": -0.783789563205214,
    "IND": 0.405907634979981,
    "IRL": 0.951297764144679,
    "IRN": -0.63749504167181,
    "IRQ": 1.92561406551559,
    "ISL": 0.894286108730631,
    "ISR": 0.6996764420328,
    "ITA": -0.313575366167772,
    "JAM": -1.28718746169664,
    "JOR": -4.01284233122422,
    "JPN": -1.91028086152431,
    "KAZ": 0.383643092126226,
    "KEN": 1.46117244477514,
    "KGZ": 1.62693991215343,
    "KHM": 0.78423369837148,
    "KOR": -0.15925447477062,
    "LAO": 0.0582398057424679,
    "LBN": -2.05264227260986,
    "LBR": 0.858129828646917,
    "LBY": 0.831487538314601,
    "LKA": -0.921666729714508,
    "LSO": -0.674133052334303,
    "LTU": -0.797894813308569,
    "LUX": 0.673787737241361,
    "LVA": -1.46029251751858,
    "MAR": 0.0280839053507688,
    "MDA": -2.13960022090097,
    "MDG": 1.70316289205289,
    "MEX": -0.601379457992146,
    "MKD": -1.06516310922666,
    "MLI": 2.01105405243602,
    "MMR": 0.44862314144344,
    "MNE": -0.256317190540552,
    "MNG": 0.594875786673073,
    "MOZ": 1.62031759865276,
    "MRT": 0.514636303005365,
    "MWI": 2.16144935165752,
    "MYS": -0.917157574053286,
    "NAM": 1.12002669048505,
    "NCL": 0.226855277415533,
    "NER": 2.82634893789145,
    "NGA": -0.121736427163974,
    "NIC": 0.867654658780873,
    "NLD": -6.5803438251894,
    "NOR": -0.767361298831433,
    "NPL": -0.796896215077231,
    "NZL": 0.274651349788256,
    "OMN": 3.79047800811716,
    "PAK": 0.979296615922728,
    "PAN": 0.769362568597854,
    "PER": -1.73033907529484,
    "PHL": 0.0873665184217612,
    "PNG": 1.30368274282811,
    "POL": -0.625191521740443,
    "PRI": -2.0710994393289,
    "PRK": -0.647401228649525,
    "PRT": 0.591934813952165,
    "PRY": -0.561890551221846,
    "PSE": 0.268111805873517,
    "QAT": -1.73881209472368,
    "ROU": -0.176959666392054,
    "RUS": -0.667920430780228,
    "RWA": 0.692564491395703,
    "SAU": 3.61664381192166,
    "SDN": 2.27240847877828,
    "SEN": 1.10532899514085,
    "SLB": 1.40778086285368,
    "SLE": 0.998394539564046,
    "SLV": -1.41683720908323,
    "SOM": 2.18232371068361,
    "SRB": -1.24854247302095,
    "SSD": 1.64177626256222,
    "SUR": 0.778717269531871,
    "SVK": -0.156823313753282,
    "SVN": -0.359439058094238,
    "SWE": -1.75693134039156,
    "SWZ": 0.427198010733002,
    "SYR": 3.74218579781778,
    "TCD": 2.54016605420069,
    "TGO": 1.13968628527556,
    "THA": -2.53748409037974,
    "TJK": 1.850958515545,
    "TKM": 1.61189439105888,
    "TLS": 1.09679177049753,
    "TTO": -0.0601800815747135,
    "TUN": -0.588270630051385,
    "TUR": -0.995334865692085,
    "TZA": 1.7289062957698,
    "UGA": 1.73370286644117,
    "UKR": 2.70569535837177,
    "URY": -1.32556916168466,
    "USA": 0.182809124657012,
    "UZB": 1.84591645956635,
    "VEN": 0.0541679703163524,
    "VNM": 0.0490064179662406,
    "VUT": 2.18499448374156,
    "YEM": 2.53364475954467,
    "ZAF": 0.80868837878511,
    "ZMB": 1.9484048915356,
    "ZWE": 0.878157449798151
  },
  "stats": {
    "coverage": 168,
    "min": -6.5803438251894,
    "max": 3.79047800811716,
    "median": 0.2775897069410655,
    "quantileBreaks": [
      -6.5803438251894,
      -1.0826693495678332,
      -0.6081829047773738,
      0.05195587645201876,
      0.5129638393084364,
      1.0592466387800017,
      1.7497333797447667,
      3.79047800811716
    ]
  },
  "formatting": {
    "maximumFractionDigits": 1,
    "suffix": "%"
  },
  "source": {
    "provider": "World Bank",
    "dataset": "World Development Indicators",
    "attribution": "The World Bank",
    "sourceReference": "https://api.worldbank.org/v2/indicator/SP.RUR.TOTL.ZG?format=json&per_page=1",
    "valuesReference": "https://api.worldbank.org/v2/country/all/indicator/SP.RUR.TOTL.ZG?format=json&per_page=20000&page=1&date=2015%3A2025",
    "license": "Creative Commons Attribution 4.0 International unless specifically labeled otherwise by World Bank metadata",
    "licenseReference": "https://www.worldbank.org/en/about/legal/terms-of-use-for-datasets",
    "retrievedAt": "2026-07-02T22:42:56.381683+00:00",
    "checksum": "6157b2a2e3cda94b0eedac2b82283fbcaafa5b25dfd47e88ae25476daea7fdb2",
    "sourceOrganization": "World Urbanization Prospects, United Nations (UN), uri: https://population.un.org/wup/, note: World Bank staff estimates based on the United Nations Population Division's World Urbanization Prospects, National definitions, publisher: UN Population Division;\nStaff estimates, World Bank (WB), note: World Bank staff estimates based on the United Nations Population Division's World Urbanization Prospects, National definitions"
  },
  "reviewStatus": "approved",
  "contentVersion": "2026.07.02-exp4-content50",
  "editorial": {
    "shortHook": "A rural-change map.",
    "patternNote": "The darkest countries include Oman, Syrian Arab Republic, United Arab Emirates, while the lightest include Netherlands, Jordan, Thailand; that contrast is the fastest way to read the rural population growth pattern.",
    "whyItMatters": "Rural population growth separates urbanization from the places where rural populations are still rising or shrinking.",
    "bestProbeCountries": [
      {
        "iso3": "OMN",