{
  "schemaVersion": "1.1.0",
  "id": "rural-population",
  "providerCode": "SP.RUR.TOTL.ZS",
  "title": "Rural population (% of total population)",
  "shortTitle": "Rural population",
  "category": "settlement",
  "difficulty": "intro",
  "definition": "Rural population refers to people living in rural areas as defined by national statistical offices. It is calculated as the difference between total population and urban population.",
  "unit": "percent of population",
  "year": 2025,
  "valuesByIso3": {
    "AFG": 74.0598355300102,
    "AGO": 28.5384084823915,
    "ALB": 41.128525668933,
    "ARE": 14.0382358675983,
    "ARG": 7.64807783848271,
    "ARM": 34.0712984410128,
    "AUS": 12.2807327333667,
    "AUT": 30.2847847633647,
    "AZE": 41.3628975718825,
    "BDI": 74.3129815318337,
    "BEL": 12.3273916885351,
    "BEN": 46.6379926031812,
    "BFA": 71.0773639280915,
    "BGD": 66.7604152956025,
    "BGR": 25.8272498151525,
    "BHS": 18.6690827983972,
    "BIH": 47.3084559220439,
    "BLR": 20.5054179619873,
    "BLZ": 58.4378564571728,
    "BOL": 28.4368962734131,
    "BRA": 11.8227003512102,
    "BRN": 24.9890113413181,
    "BTN": 56.5698167526247,
    "BWA": 32.0440438467898,
    "CAF": 55.4467843318184,
    "CAN": 17.1242979746114,
    "CHE": 14.2727842197244,
    "CHL": 10.8227169980777,
    "CHN": 33.6570089651728,
    "CIV": 45.4510498549239,
    "CMR": 44.3307958338677,
    "COD": 54.8864366957849,
    "COG": 35.8763465182588,
    "COL": 21.2172085248849,
    "CRI": 20.2731862006996,
    "CUB": 22.7729225178848,
    "CYP": 33.3049729296225,
    "CZE": 27.1245632883888,
    "DEU": 17.86177794638,
    "DJI": 27.0241339313525,
    "DNK": 11.1541564107311,
    "DOM": 27.482305937409,
    "DZA": 24.1812641930123,
    "ECU": 36.6081810941738,
    "EGY": 57.0956795074752,
    "ERI": 65.4595495744784,
    "ESP": 19.4850748960862,
    "EST": 29.2791473401871,
    "ETH": 75.8903047911054,
    "FIN": 25.4752155680152,
    "FJI": 40.4555448163631,
    "FRA": 21.1550349436416,
    "GAB": 7.91233333179321,
    "GBR": 16.676391921729,
    "GEO": 38.8218635909594,
    "GHA": 41.0753138526875,
    "GIN": 61.4834665533438,
    "GMB": 35.0115138674419,
    "GNB": 53.3489684718708,
    "GNQ": 28.4238971541303,
    "GRC": 20.7753917151463,
    "GRL": 11.4259891344848,
    "GTM": 43.7027966986001,
    "GUY": 73.5086123451019,
    "HND": 40.7482924099341,
    "HRV": 42.1855456395857,
    "HTI": 44.3851144140058,
    "HUN": 29.3063168213722,
    "IDN": 40.6070936030016,
    "IND": 64.310844227604,
    "IRL": 35.4124206243832,
    "IRN": 22.6238469058249,
    "IRQ": 30.0603260531895,
    "ISL": 5.7820679808883,
    "ISR": 8.42169391336721,
    "ITA": 30.319138198322,
    "JAM": 40.5745948248372,
    "JOR": 6.7914849880449,
    "JPN": 7.6998550579214,
    "KAZ": 37.6144430492013,
    "KEN": 67.7878807128255,
    "KGZ": 65.2536462738943,
    "KHM": 58.89438060599,
    "KOR": 18.8259736693326,
    "KWT": 0.0,
    "LAO": 59.6870164959299,
    "LBN": 9.0397685736956,
    "LBR": 43.9180252840662,
    "LBY": 12.0887586984779,
    "LKA": 79.5498644832063,
    "LSO": 55.3304144182891,
    "LTU": 30.9183618647236,
    "LUX": 5.1158270401413,
    "LVA": 31.3674280246483,
    "MAR": 36.8721387739731,
    "MDA": 56.2663759595455,
    "MDG": 67.0982929163102,
    "MEX": 19.9591069370277,
    "MKD": 37.1090142173964,
    "MLI": 67.7872862816011,
    "MMR": 69.4163084523233,
    "MNE": 34.3914916478964,
    "MNG": 28.8549280873877,
    "MOZ": 62.7922055072811,
    "MRT": 38.5111809462304,
    "MWI": 82.4050131613683,
    "MYS": 22.6051187703771,
    "NAM": 49.1333015600674,
    "NCL": 31.8282111664423,
    "NER": 81.6259302804531,
    "NGA": 36.2245819532128,
    "NIC": 40.5564107042668,
    "NLD": 4.06140965188089,
    "NOR": 16.4294212291674,
    "NPL": 33.000575115141,
    "NZL": 16.0021484225269,
    "OMN": 20.5218616692311,
    "PAK": 60.4743989020394,
    "PAN": 33.8499000581874,
    "PER": 14.4036515154537,
    "PHL": 44.2267092394668,
    "PNG": 84.2202551319724,
    "POL": 39.9146669690629,
    "PRI": 5.6595163401108,
    "PRK": 35.8102141688742,
    "PRT": 38.5046800681015,
    "PRY": 29.6102360144136,
    "PSE": 12.6181037036607,
    "QAT": 0.640657230368802,
    "ROU": 47.8271114958302,
    "RUS": 24.7493363391785,
    "RWA": 69.0866159071838,
    "SAU": 15.3876878937815,
    "SDN": 65.0650555033395,
    "SEN": 44.2327505544754,
    "SLB": 68.6906809674582,
    "SLE": 54.0732218643319,
    "SLV": 24.4762876790049,
    "SOM": 44.8600937127024,
    "SRB": 37.3620127200667,
    "SSD": 78.3156400982599,
    "SUR": 34.2113163593294,
    "SVK": 46.8059658028831,
    "SVN": 44.0093002154178,
    "SWE": 10.9221322210445,
    "SWZ": 73.2786290293475,
    "SYR": 27.9163713791482,
    "TCD": 72.4341213663135,
    "TGO": 55.6050107925601,
    "THA": 37.2006622863704,
    "TJK": 73.83523729147,
    "TKM": 52.8946391746253,
    "TLS": 71.2135681039065,
    "TTO": 46.0303912582894,
    "TUN": 29.2970673990136,
    "TUR": 10.505939997814,
    "TZA": 63.1166884063357,
    "UGA": 68.0600442463383,
    "UKR": 30.4045075354236,
    "URY": 4.3462807895915,
    "USA": 19.8078266972131,
    "UZB": 48.9826504915701,
    "VEN": 10.6780887701012,
    "VNM": 61.1700839648706,
    "VUT": 77.6780111163278,
    "YEM": 62.9663335392922,
    "ZAF": 36.1845988997478,
    "ZMB": 54.0828489838539,
    "ZWE": 59.5048712568548
  },
  "stats": {
    "coverage": 169,
    "min": 0.0,
    "max": 84.2202551319724,
    "median": 36.1845988997478,
    "quantileBreaks": [
      0.0,
      14.0382358675983,
      24.4762876790049,
      32.0440438467898,
      40.4555448163631,
      49.1333015600674,
      65.2536462738943,
      84.2202551319724
    ]
  },
  "formatting": {
    "maximumFractionDigits": 1,
    "suffix": "%"
  },
  "source": {
    "provider": "World Bank",
    "dataset": "World Development Indicators",
    "attribution": "The World Bank",
    "sourceReference": "https://api.worldbank.org/v2/indicator/SP.RUR.TOTL.ZS?format=json&per_page=1",
    "valuesReference": "https://api.worldbank.org/v2/country/all/indicator/SP.RUR.TOTL.ZS?format=json&per_page=20000&page=1&date=2015%3A2025",
    "license": "Creative Commons Attribution 4.0 International unless specifically labeled otherwise by World Bank metadata",
    "licenseReference": "https://www.worldbank.org/en/about/legal/terms-of-use-for-datasets",
    "retrievedAt": "2026-07-02T22:06:17.491126+00:00",
    "checksum": "0008488f4206aed4ed26258d2f2c47279a57ce54f902fc63a0ff0671a6ed5dec",
    "sourceOrganization": "World Urbanization Prospects, United Nations (UN), uri: https://population.un.org/wup/, note: World Bank staff estimates based on the United Nations Population Division's World Urbanization Prospects, National definitions, publisher: UN Population Division;\nStaff estimates, World Bank (WB), note: World Bank staff estimates based on the United Nations Population Division's World Urbanization Prospects, National definitions"
  },
  "reviewStatus": "approved",
  "contentVersion": "2026.07.02-exp4-content50",
  "editorial": {
    "shortHook": "The inverse of the urban world.",
    "patternNote": "The darkest countries include Papua New Guinea, Malawi, Niger, while the lightest include Kuwait, Qatar, Netherlands; that contrast is the fastest way to read the rural population pattern.",
    "whyItMatters": "Rural shares help distinguish farming settlement, urban service economies, and city-state outliers.",
    "bestProbeCountries": [
      {
        "iso3": "PNG",
        "reason": "High anchor: this country sits near the darkest end of the map."
      },
      {
        "iso3": "KWT",
        "reason": "Low anchor: this country clarifies the lightest end of the scale."
      },
      {
        "iso3": "ZAF",
        "reason": "Middle check: this country helps separate a true pattern from one-off outliers."
      }
    ],
    "commonConfusions": [
      {
        "confusedWithIndicatorCode": "SP.URB.TOTL.IN.ZS",