{
  "schemaVersion": "1.1.0",
  "id": "rural-low-elevation-population",
  "providerCode": "EN.POP.EL5M.RU.ZS",
  "title": "Rural population living in areas where elevation is below 5 meters (% of total population)",
  "shortTitle": "Rural low-elevation population",
  "category": "settlement",
  "difficulty": "expert",
  "definition": "Rural population below 5m is the percentage of the total population, living in areas where the elevation is 5 meters or less.",
  "unit": "percent of total population",
  "year": 2015,
  "valuesByIso3": {
    "AFG": 0.0,
    "AGO": 0.312737406815417,
    "ALB": 2.78384278500113,
    "ARE": 1.21650850547537,
    "ARG": 0.133082020107503,
    "ARM": 0.0,
    "AUS": 0.891658665099294,
    "AUT": 0.0,
    "AZE": 0.0,
    "BDI": 0.0,
    "BEL": 1.25013287651431,
    "BEN": 1.25107700551382,
    "BFA": 0.0,
    "BGD": 2.31700157793298,
    "BGR": 0.153736372494929,
    "BHS": 8.81946138109951,
    "BIH": 0.0137988235253632,
    "BLR": 0.0,
    "BLZ": 5.38707016757099,
    "BOL": 0.0,
    "BRA": 0.491261826581888,
    "BRN": 6.93345229635705,
    "BTN": 0.0,
    "BWA": 0.0,
    "CAF": 0.0,
    "CAN": 0.548446866797473,
    "CHE": 0.0,
    "CHL": 0.298507284653656,
    "CHN": 0.525493494671787,
    "CIV": 0.546220265402917,
    "CMR": 0.374256684907263,
    "COD": 0.00913853187193326,
    "COG": 0.232765601934944,
    "COL": 0.560819728143082,
    "CRI": 1.03788380830136,
    "CUB": 0.958134331377632,
    "CYP": 1.47959206123244,
    "CZE": 0.0,
    "DEU": 0.812293182122025,
    "DJI": 2.46515159416008,
    "DNK": 3.92285446408335,
    "DOM": 0.46092564144927,
    "DZA": 0.120913452553813,
    "ECU": 0.861384509655568,
    "EGY": 2.59400620324785,
    "ERI": 0.581773383142639,
    "ESP": 0.626205018922196,
    "EST": 1.29336376716785,
    "ETH": 0.0,
    "FIN": 1.65350924239274,
    "FJI": 14.7786445299111,
    "FRA": 0.817451612722433,
    "GAB": 1.64545528479071,
    "GBR": 0.669001402876402,
    "GEO": 0.812659071445247,
    "GHA": 0.713151282968126,
    "GIN": 0.877802965275317,
    "GMB": 2.38054370604878,
    "GNB": 3.29875818153047,
    "GNQ": 0.760605228647691,
    "GRC": 2.24092863666269,
    "GRL": 43.4639415862052,
    "GTM": 0.0852897304716682,
    "GUY": 26.4958053729339,
    "HND": 1.23430354707857,
    "HRV": 1.8725473812526,
    "HTI": 1.13802268225283,
    "HUN": 0.0,
    "IDN": 2.44411367431195,
    "IND": 0.433148139684223,
    "IRL": 1.16328424529186,
    "IRN": 0.16941793642199,
    "IRQ": 1.12272395140817,
    "ISL": 4.99240299694362,
    "ISR": 0.0980330499510691,
    "ITA": 1.13354315167117,
    "JAM": 1.82615616063086,
    "JOR": 0.0151031586941344,
    "JPN": 0.867822136159523,
    "KAZ": 0.0,
    "KEN": 0.199028942753775,
    "KGZ": 0.0,
    "KHM": 1.31686557777455,
    "KOR": 0.565016755944891,
    "KWT": 0.844093682034883,
    "LAO": 0.0,
    "LBN": 0.162890487451014,
    "LBR": 2.21062178909572,
    "LBY": 1.03836819184113,
    "LKA": 1.46226732489724,
    "LSO": 0.0,
    "LTU": 0.395143126120505,
    "LUX": 0.0,
    "LVA": 2.27047807360468,
    "MAR": 0.278144530814277,
    "MDA": 0.0,
    "MDG": 2.19551493381518,
    "MEX": 0.420293553836442,
    "MKD": 0.0,
    "MLI": 0.0,
    "MMR": 3.46113187195758,
    "MNE": 1.64520038049507,
    "MNG": 0.0,
    "MOZ": 1.48871288678196,
    "MRT": 1.46497787860186,
    "MWI": 0.0,
    "MYS": 3.60734089468673,
    "NAM": 0.0753705488629482,
    "NCL": 5.54295970227423,
    "NER": 0.0,
    "NGA": 0.808007748558133,
    "NIC": 0.858029300534212,
    "NLD": 9.87848958404112,
    "NOR": 4.25665037921769,
    "NPL": 0.0,
    "NZL": 1.064028446026,
    "OMN": 1.78244818889497,
    "PAK": 0.238987380252767,
    "PAN": 2.74039017630826,
    "PER": 0.270084077648401,
    "PHL": 4.58854136068604,
    "PNG": 2.79216884679257,
    "POL": 0.527468579355219,
    "PRI": 1.06827753769792,
    "PRK": 1.5064415502029,
    "PRT": 0.483832829351426,
    "PRY": 0.0,
    "PSE": 0.0130663291710977,
    "QAT": 0.879129801166644,
    "ROU": 0.0813746580645554,
    "RUS": 0.266105180258328,
    "RWA": 0.0,
    "SAU": 0.684171875209436,
    "SDN": 0.0923792031027797,
    "SEN": 2.20992066196511,
    "SLB": 16.0659287572145,
    "SLE": 2.34925250710219,
    "SLV": 0.606793605024035,
    "SOM": 0.839423509343562,
    "SRB": 0.0,
    "SSD": 0.0,
    "SUR": 17.7990884746462,
    "SVK": 0.0,
    "SVN": 0.114337956473657,
    "SWE": 1.73211897245756,
    "SWZ": 0.0,
    "SYR": 0.081846370703164,
    "TCD": 0.0,
    "TGO": 0.151361467662999,
    "THA": 2.82043269411516,
    "TJK": 0.0,
    "TKM": 0.0,
    "TLS": 1.90425713896425,
    "TTO": 1.06229366534394,
    "TUN": 0.982597047864062,
    "TUR": 0.531605846945181,
    "TZA": 0.268492527669579,
    "UGA": 0.0,
    "UKR": 0.314809333008069,
    "URY": 0.298984747823231,
    "USA": 0.503530148053764,
    "UZB": 0.0,
    "VEN": 0.819577276449064,
    "VNM": 7.16501567181057,
    "VUT": 8.32040770259292,
    "YEM": 0.570903487695558,
    "ZAF": 0.0853897858839151,
    "ZMB": 0.0,
    "ZWE": 0.0
  },
  "stats": {
    "coverage": 169,
    "min": 0.0,
    "max": 43.4639415862052,
    "median": 0.570903487695558,
    "quantileBreaks": [
      0.0,
      0.0,
      0.0853897858839151,
      0.433148139684223,
      0.819577276449064,
      1.29336376716785,
      2.46515159416008,
      43.4639415862052
    ]
  },
  "formatting": {
    "maximumFractionDigits": 1,
    "suffix": "%"
  },
  "source": {
    "provider": "World Bank",
    "dataset": "World Development Indicators",
    "attribution": "The World Bank",
    "sourceReference": "https://api.worldbank.org/v2/indicator/EN.POP.EL5M.RU.ZS?format=json&per_page=1",
    "valuesReference": "https://api.worldbank.org/v2/country/all/indicator/EN.POP.EL5M.RU.ZS?format=json&per_page=20000&page=1&date=2015%3A2025",
    "license": "Creative Commons Attribution 4.0 International unless specifically labeled otherwise by World Bank metadata",
    "licenseReference": "https://www.worldbank.org/en/about/legal/terms-of-use-for-datasets",
    "retrievedAt": "2026-06-27T17:15:35.035363+00:00",
    "checksum": "276b6714e77a346f63a855e912a7ebb70f7341049a5ef64e82bd1e668ad9a8c8",
    "sourceOrganization": "Low Elevation Coastal Zone (LECZ) Urban-Rural Population and Land Area Estimates, Version 3, Center For International Earth Science Information Network (CIESIN) - Columbia University, uri: https://doi.org/10.7927/d1x1-d702, publisher: NASA Earthdata GIS, date accessed: 202112, date published: 202112;\nCUNY Institute for Demographic Research (CIDR) - City University of New York, uri: https://doi.org/10.7927/d1x1-d702, publisher: NASA Earthdata GIS, date accessed: 202112"
  },
  "reviewStatus": "approved",
  "contentVersion": "2026.06.22-exp2-qa1",
  "editorial": {
    "shortHook": "A coastal rural exposure map.",
    "patternNote": "The darkest countries include Greenland, Guyana, Suriname, while the lightest include Afghanistan, Armenia, Austria; that contrast is the fastest way to read the rural low-elevation population pattern.",
    "whyItMatters": "Rural low-elevation population complements coastal city exposure with a different settlement signal.",
    "bestProbeCountries": [
      {
        "iso3": "GRL",
        "reason": "High anchor: this country sits near the darkest end of the map."
      },
      {
        "iso3": "AFG",
        "reason": "Low anchor: this country clarifies the lightest end of the scale."
      },
      {
        "iso3": "YEM",
        "reason": "Middle check: this country helps separate a true pattern from one-off outliers."
      }
    ],
    "commonConfusions": [
      {
        "confusedWithIndicatorCode": "EN.POP.EL5M.ZS",
        "reason": "Low-elevation coastal population can tempt players because it shares a strong country ranking with this map, but its unit and definition point to a different story."
      },
      {
        "confusedWithIndicatorCode": "AG.LND.EL5M.RU.ZS",