{
  "schemaVersion": "1.1.0",
  "id": "safe-drinking-water",
  "providerCode": "SH.H2O.BASW.ZS",
  "title": "People using at least basic drinking water services (% of population)",
  "shortTitle": "Basic drinking water access",
  "category": "health",
  "difficulty": "intro",
  "definition": "The percentage of people using at least basic water services.  This indicator encompasses both people using basic water services as well as those using safely managed water services.  Basic drinking water services is defined as drinking water from an improved source, provided collection time is not more than 30 minutes for a round trip.  Improved water sources include piped water, boreholes or tubewells, protected dug wells, protected springs, and packaged or delivered water.",
  "unit": "percent of population",
  "year": 2024,
  "valuesByIso3": {
    "AFG": 80.8324374493852,
    "AGO": 67.9607422242112,
    "ALB": 95.1194270680062,
    "ARE": 100.0,
    "ARM": 99.9315721509168,
    "AUS": 99.9696359649334,
    "AUT": 99.9999971947745,
    "AZE": 97.6880841665339,
    "BDI": 65.9191041847553,
    "BEL": 100.0,
    "BEN": 69.5868397867067,
    "BFA": 49.9986600107497,
    "BGD": 98.7825421934741,
    "BGR": 99.1852515713458,
    "BIH": 96.0873127231219,
    "BLR": 99.8924920429612,
    "BLZ": 94.8473253067341,
    "BOL": 93.3877494672031,
    "BRA": 99.9999987323028,
    "BRN": 100.0,
    "BTN": 99.5465791835972,
    "BWA": 91.7713640807246,
    "CAF": 36.5040268237207,
    "CAN": 98.2902608624259,
    "CHE": 99.9999967819997,
    "CHL": 99.0811612150969,
    "CHN": 96.1224151867516,
    "CIV": 77.2470593822361,
    "CMR": 71.410178711283,
    "COD": 35.6813611952254,
    "COL": 97.0965711084738,
    "CRI": 99.8154123406248,
    "CUB": 95.1464064347704,
    "CYP": 99.7211088299984,
    "CZE": 98.7341483522106,
    "DEU": 100.0,
    "DJI": 79.661532568521,
    "DNK": 99.9999997876119,
    "DOM": 97.4571299883182,
    "DZA": 92.4200285933986,
    "ECU": 92.0708709697554,
    "EGY": 97.2982426280194,
    "ESP": 99.9247001396709,
    "EST": 99.9999970212441,
    "ETH": 55.5960696159493,
    "FIN": 99.9999966968731,
    "FJI": 95.5603898762947,
    "FRA": 99.9999974759961,
    "GAB": 88.5995009085574,
    "GBR": 99.9999991412127,
    "GEO": 97.2900166595814,
    "GHA": 89.9220116872755,
    "GIN": 74.1924841600776,
    "GMB": 87.1034800376148,
    "GNB": 61.8077030171668,
    "GRC": 100.0,
    "GRL": 100.0,
    "GTM": 93.1845373918033,
    "GUY": 95.6442641595321,
    "HND": 95.7293716551666,
    "HRV": 99.903181204483,
    "HTI": 73.3157500565915,
    "HUN": 100.0,
    "IDN": 89.008759557411,
    "IND": 95.7247373523918,
    "IRL": 97.0980337007013,
    "IRN": 97.8520635920898,
    "IRQ": 98.4076938287767,
    "ISL": 100.0,
    "ISR": 99.9999993081787,
    "ITA": 99.9170340740928,
    "JAM": 87.5562621347732,
    "JOR": 99.2861089236717,
    "JPN": 99.1831679675454,
    "KAZ": 97.8336528246685,
    "KEN": 65.5965968528709,
    "KGZ": 94.9430591604871,
    "KHM": 82.8497572939701,
    "KOR": 100.0,
    "KWT": 100.0,
    "LAO": 95.8635794968398,
    "LBN": 92.6,
    "LBR": 78.8278345445612,
    "LBY": 96.3545440861619,
    "LKA": 90.2138440260395,
    "LSO": 78.0789963759688,
    "LTU": 99.9182026791093,
    "LUX": 100.0,
    "LVA": 98.7726032777308,
    "MAR": 92.2120267209653,
    "MDA": 92.7079162757946,
    "MDG": 55.3389608321256,
    "MEX": 99.5413676283293,
    "MKD": 98.1873314046173,
    "MLI": 86.3633567815443,
    "MMR": 85.6871417640541,
    "MNE": 99.2801382117873,
    "MNG": 86.092655324442,
    "MOZ": 66.6252441342671,
    "MRT": 77.2846491375388,
    "MWI": 73.0535741738591,
    "MYS": 97.9424657751403,
    "NAM": 86.5087378352127,
    "NCL": 99.5386729881695,
    "NER": 53.4274656286176,
    "NGA": 82.2488935172216,
    "NLD": 100.0,
    "NOR": 100.0,
    "NPL": 93.6401246842117,
    "NZL": 100.0,
    "OMN": 92.6702187093673,
    "PAK": 90.6932992273275,
    "PAN": 95.2628238815705,
    "PER": 95.6370823826383,
    "PHL": 95.8592214925506,
    "PNG": 53.298484868619,
    "POL": 90.124463310463,
    "PRI": 100.0,
    "PRT": 99.287612173499,
    "PRY": 99.6035956651355,
    "PSE": 98.7717073984261,
    "QAT": 99.9889721417312,
    "ROU": 99.9999994247989,
    "RUS": 96.9002616074642,
    "RWA": 61.392176021167,
    "SAU": 99.0407817713525,
    "SDN": 64.8917129502851,
    "SEN": 88.0435670438381,
    "SLB": 71.6090318452294,
    "SLE": 68.0790238061869,
    "SLV": 91.6199927341916,
    "SOM": 75.2947964571377,
    "SRB": 95.39838202106,
    "SSD": 39.7494391327564,
    "SUR": 97.9978493893275,
    "SVK": 99.7860717473563,
    "SVN": 99.5745942010052,
    "SWE": 99.7607966673045,
    "SWZ": 80.3737107191052,
    "SYR": 94.1259941580026,
    "TCD": 52.2090525523694,
    "TGO": 64.7862455498292,
    "THA": 100.0,
    "TJK": 89.1914749965589,
    "TKM": 99.9219552580212,
    "TLS": 87.3296506057336,
    "TTO": 99.2503077495039,
    "TUN": 96.7327873288014,
    "TUR": 95.9866257794699,
    "TZA": 64.6059619473789,
    "UGA": 63.0058015721971,
    "UKR": 93.4790922597539,
    "URY": 99.6326913879836,
    "USA": 99.9804443465812,
    "UZB": 97.2904869756033,
    "VEN": 93.3316109894304,
    "VNM": 98.761246653694,
    "VUT": 87.1200605921327,
    "YEM": 75.0357620960457,
    "ZAF": 90.1916801364739,
    "ZMB": 73.4120376414689,
    "ZWE": 67.2110209689938
  },
  "stats": {
    "coverage": 162,
    "min": 35.6813611952254,
    "max": 100.0,
    "median": 95.7942965738586,
    "quantileBreaks": [
      35.6813611952254,
      71.6090318452294,
      87.5562621347732,
      94.1259941580026,
      97.2904869756033,
      99.287612173499,
      99.9999970212441,
      100.0
    ]
  },
  "formatting": {
    "maximumFractionDigits": 1,
    "suffix": "%"
  },
  "source": {
    "provider": "World Bank",
    "dataset": "World Development Indicators",
    "attribution": "The World Bank",
    "sourceReference": "https://api.worldbank.org/v2/indicator/SH.H2O.BASW.ZS?format=json&per_page=1",
    "valuesReference": "https://api.worldbank.org/v2/country/all/indicator/SH.H2O.BASW.ZS?format=json&per_page=20000&page=1&date=2015%3A2025",
    "license": "Creative Commons Attribution 4.0 International unless specifically labeled otherwise by World Bank metadata",
    "licenseReference": "https://www.worldbank.org/en/about/legal/terms-of-use-for-datasets",
    "retrievedAt": "2026-06-27T17:13:59.513286+00:00",
    "checksum": "ef8a96ece28e1be9506996065ebe0b5173378a2bdb2fe2b94a483148734a7de6",
    "sourceOrganization": "WHO/UNICEF Joint Monitoring Programme (JMP) for Water Supply, Sanitation and Hygiene, World Health Organization (WHO), uri: washdata.org, publisher: WHO/UNICEF Joint Monitoring Programme (JMP) for Water Supply, Sanitation and Hygiene (washdata.org), date accessed: 2025-09-30, date published: 2025-08-25;\nUN Children's Fund (UNICEF), uri: washdata.org, note: WHO/UNICEF Joint Monitoring Programme (JMP) for Water Supply, Sanitation and Hygiene"
  },
  "reviewStatus": "approved",
  "contentVersion": "2026.06.22-exp2-qa1",
  "editorial": {
    "shortHook": "A basic-infrastructure map with clear missing edges.",
    "patternNote": "The darkest countries include Thailand, Puerto Rico (US), New Zealand, while the lightest include Congo, Dem. Rep., Central African Republic, South Sudan; that contrast is the fastest way to read the basic drinking water access pattern.",
    "whyItMatters": "Drinking water access is an immediate development and public-health signal.",
    "bestProbeCountries": [
      {
        "iso3": "THA",
        "reason": "High anchor: this country sits near the darkest end of the map."
      },
      {
        "iso3": "COD",
        "reason": "Low anchor: this country clarifies the lightest end of the scale."
      },
      {
        "iso3": "PHL",
        "reason": "Middle check: this country helps separate a true pattern from one-off outliers."
      }
    ],
    "commonConfusions": [
      {
        "confusedWithIndicatorCode": "SH.H2O.BASW.RU.ZS",