{
  "schemaVersion": "1.1.0",
  "id": "safely-managed-drinking-water",
  "providerCode": "SH.H2O.SMDW.ZS",
  "title": "People using safely managed drinking water services (% of population)",
  "shortTitle": "Safely managed drinking water",
  "category": "health",
  "difficulty": "standard",
  "definition": "The percentage of people using drinking water from an improved source that is accessible on premises, available when needed and free from faecal and priority chemical contamination. Improved water sources include piped water, boreholes or tubewells, protected dug wells, protected springs, and packaged or delivered water.",
  "unit": "percent of population",
  "year": 2024,
  "valuesByIso3": {
    "AFG": 30.5547223111169,
    "ALB": 70.7937363898968,
    "ARE": 98.6413172332089,
    "ARM": 82.0728191880242,
    "AUT": 98.8915357232143,
    "AZE": 57.8118283196096,
    "BEL": 99.5471345182049,
    "BEN": 17.6968322374867,
    "BGD": 59.1254259857148,
    "BGR": 96.2070781494387,
    "BIH": 86.400107879006,
    "BLR": 93.0597552933534,
    "BRA": 88.6239660721414,
    "BTN": 65.5942159692749,
    "BWA": 63.2910412393649,
    "CAF": 6.21748768966731,
    "CAN": 96.890322656349,
    "CHE": 96.6999968881937,
    "CHL": 97.8170551998161,
    "CIV": 36.4489381559953,
    "COD": 11.8726481819387,
    "COL": 74.33929919179,
    "CRI": 80.5000742430698,
    "CYP": 99.7211088299984,
    "CZE": 98.1448728385564,
    "DEU": 99.9172979459354,
    "DNK": 99.9188271389611,
    "DOM": 45.3324070681699,
    "DZA": 69.0291825248964,
    "ECU": 69.8869997038501,
    "EGY": 78.9401588327765,
    "ESP": 99.4584646653876,
    "EST": 98.9439097263954,
    "ETH": 13.547200922558,
    "FIN": 99.646796710852,
    "FJI": 42.1107501060855,
    "FRA": 99.7127014746794,
    "GBR": 99.8229506760395,
    "GEO": 70.526609726787,
    "GHA": 42.9413892027374,
    "GMB": 48.1790034938582,
    "GNB": 23.9850167901073,
    "GRC": 96.6861554835288,
    "GTM": 48.7871950677385,
    "GUY": 67.1744374324054,
    "HND": 65.5162211788382,
    "HRV": 87.2682692486734,
    "HUN": 100.0,
    "IDN": 30.4609773643609,
    "IND": 76.4421942140842,
    "IRL": 96.1250111631294,
    "IRN": 94.4122052108484,
    "IRQ": 59.8272461307615,
    "ISL": 100.0,
    "ISR": 99.4619876940454,
    "ITA": 96.7584358284994,
    "JOR": 88.9502985282712,
    "JPN": 98.7270242077337,
    "KAZ": 91.5454182335736,
    "KGZ": 73.8812993002318,
    "KHM": 29.9855761398875,
    "KOR": 99.2826694575636,
    "KWT": 100.0,
    "LAO": 35.1877230763634,
    "LBN": 47.7,
    "LKA": 46.9329705143603,
    "LSO": 31.320241708541,
    "LTU": 96.7335742559147,
    "LUX": 99.6530550152333,
    "LVA": 97.0114068663046,
    "MAR": 79.9818072279602,
    "MDA": 75.8158908711072,
    "MDG": 22.0559944937861,
    "MEX": 42.9666311513801,
    "MKD": 80.7905414925805,
    "MMR": 59.7239750772507,
    "MNE": 85.5009117879106,
    "MNG": 43.360722296887,
    "MOZ": 27.5429456975996,
    "MWI": 18.1816539742083,
    "MYS": 94.700361858312,
    "NCL": 96.8652854148107,
    "NGA": 29.904599188308,
    "NLD": 99.9595063956065,
    "NOR": 99.0624830632163,
    "NPL": 16.4868856683866,
    "NZL": 100.0,
    "OMN": 91.1011744135751,
    "PAK": 44.9737364064737,
    "PER": 49.4283962319206,
    "PHL": 48.4840577441825,
    "POL": 88.6755462509034,
    "PRI": 98.9402618391431,
    "PRT": 95.2173479483637,
    "PRY": 64.3647197417661,
    "PSE": 80.6420172046077,
    "QAT": 95.345241877961,
    "ROU": 82.182992939047,
    "RUS": 76.2607294162414,
    "SEN": 27.1931407050582,
    "SLE": 10.8953836036255,
    "SRB": 74.9672634764971,
    "SUR": 55.8472410362348,
    "SVK": 99.5715569148418,
    "SVN": 99.5745942010052,
    "SWE": 99.7607966673045,
    "SWZ": 38.2165357028722,
    "TCD": 6.34082647389426,
    "TGO": 20.5232352790187,
    "TJK": 65.1080715172931,
    "TKM": 94.8535459177809,
    "TTO": 69.3692626736132,
    "TUN": 64.9781072145301,
    "TZA": 31.3253989476029,
    "UGA": 18.0971227782691,
    "UKR": 87.8683769430978,
    "USA": 97.5676884437325,
    "UZB": 81.9295048040968,
    "VNM": 58.5808391368178,
    "VUT": 19.1970839884387,
    "ZAF": 68.0075638755656,
    "ZWE": 25.460563358156
  },
  "stats": {
    "coverage": 122,
    "min": 6.21748768966731,
    "max": 100.0,
    "median": 76.35146181516279,
    "quantileBreaks": [
      6.21748768966731,
      30.12140506116561,
      48.657279071928784,
      69.32067979522509,
      82.6569813460275,
      96.41239700690588,
      99.40823746315218,
      100.0
    ]
  },
  "formatting": {
    "maximumFractionDigits": 1,
    "suffix": "%"
  },
  "source": {
    "provider": "World Bank",
    "dataset": "World Development Indicators",
    "attribution": "The World Bank",
    "sourceReference": "https://api.worldbank.org/v2/indicator/SH.H2O.SMDW.ZS?format=json&per_page=1",
    "valuesReference": "https://api.worldbank.org/v2/country/all/indicator/SH.H2O.SMDW.ZS?format=json&per_page=20000&page=1&date=2015%3A2025",
    "license": "Creative Commons Attribution 4.0 International unless specifically labeled otherwise by World Bank metadata",
    "licenseReference": "https://www.worldbank.org/en/about/legal/terms-of-use-for-datasets",
    "retrievedAt": "2026-06-27T17:14:40.484070+00:00",
    "checksum": "84422ee69b0335a7d3c13861467b49d09100914115460e27a27700789f18f973",
    "sourceOrganization": "WHO/UNICEF Joint Monitoring Programme (JMP) for Water Supply, Sanitation and Hygiene, World Health Organization (WHO), uri: washdata.org, note: Aggregate data by groups are computed based on the groupings for the World Bank fiscal year in which the data was released by the WHO/UNICEF Joint Monitoring Programme (JMP) for Water Supply, Sanitation and Hygiene., publisher: WHO/UNICEF Joint Monitoring Programme (JMP) for Water Supply, Sanitation and Hygiene (washdata.org), date accessed: 2025-09-30, date published: 2025-08-25;\nUN Children's Fund (UNICEF), uri: washdata.org, note: WHO/UNICEF Joint Monitoring Programme (JMP) for Water Supply, Sanitation and Hygiene"
  },
  "reviewStatus": "approved",
  "contentVersion": "2026.06.22-exp2-qa1",
  "editorial": {
    "shortHook": "A candidate map for safely managed drinking water.",
    "patternNote": "The darkest countries include New Zealand, Kuwait, Iceland, while the lightest include Central African Republic, Chad, Sierra Leone; that contrast is the fastest way to read the safely managed drinking water pattern.",
    "whyItMatters": "Safely managed drinking water may add useful WORLDPRINT variety once source coverage, unit clarity, map interest, and distractor ambiguity are reviewed.",
    "bestProbeCountries": [
      {
        "iso3": "NZL",
        "reason": "High anchor: this country sits near the darkest end of the map."
      },
      {
        "iso3": "CAF",
        "reason": "Low anchor: this country clarifies the lightest end of the scale."
      },
      {
        "iso3": "IND",
        "reason": "Middle check: this country helps separate a true pattern from one-off outliers."
      }
    ],
    "commonConfusions": [
      {
        "confusedWithIndicatorCode": "SH.XPD.CHEX.PC.CD",
        "reason": "Health spending per person can tempt players because it shares a strong country ranking with this map, but its unit and definition point to a different story."
      },
      {
        "confusedWithIndicatorCode": "NY.ADJ.DPEM.GN.ZS",
        "reason": "Particulate emission damage can tempt players because it shares a strong country ranking with this map, but its unit and definition point to a different story."
      },
      {
        "confusedWithIndicatorCode": "EG.CFT.ACCS.RU.ZS",
        "reason": "Rural clean cooking access can tempt players because it shares a strong country ranking with this map, but its unit and definition point to a different story."
      }
    ],
    "difficultyReason": "Standard difficulty: the map has readable regional structure, but the best answer still depends on checking the unit and country anchors.",