{
  "schemaVersion": "1.1.0",
  "id": "safely-managed-sanitation",
  "providerCode": "SH.STA.SMSS.ZS",
  "title": "People using safely managed sanitation services (% of population)",
  "shortTitle": "Safely managed sanitation",
  "category": "health",
  "difficulty": "standard",
  "definition": "The percentage of people using improved sanitation facilities that are not shared with other households and where excreta are safely disposed of in situ or transported and treated offsite. Improved sanitation facilities include flush/pour flush to piped sewer systems, septic tanks or pit latrines: ventilated improved pit latrines, compositing toilets or pit latrines with slabs.",
  "unit": "percent of population",
  "year": 2024,
  "valuesByIso3": {
    "AFG": 24.7773774153722,
    "ALB": 69.2783375346592,
    "ARE": 98.4496998209727,
    "ARM": 10.7392367176734,
    "AUS": 95.7728957610068,
    "AUT": 98.5023184979939,
    "AZE": 68.0033446575086,
    "BEL": 94.8970100467783,
    "BEN": 16.3576250471354,
    "BFA": 24.7234672904326,
    "BGD": 37.3204979088046,
    "BGR": 75.7193859528703,
    "BLR": 74.4371095135556,
    "BRA": 54.9560379092862,
    "BTN": 49.481085264625,
    "CAF": 13.5258815488793,
    "CAN": 81.2988965702501,
    "CHE": 99.686471113166,
    "CHL": 95.1313578977443,
    "CHN": 68.869967958972,
    "CIV": 27.1027540829127,
    "COD": 13.0842738903164,
    "COL": 18.6911716966687,
    "CRI": 26.2861896707273,
    "CUB": 45.8768880917379,
    "CYP": 76.9720455894549,
    "CZE": 91.3792839631227,
    "DEU": 96.76522146362,
    "DNK": 98.9010988092373,
    "DOM": 42.9685910441268,
    "DZA": 62.4937976717106,
    "ECU": 49.2872368974807,
    "EGY": 57.3358101507241,
    "ESP": 88.2812302795534,
    "EST": 90.5570137559248,
    "ETH": 8.05103335263916,
    "FIN": 90.1173134358904,
    "FJI": 48.502881186914,
    "FRA": 89.9921457215606,
    "GBR": 97.8424774304309,
    "GEO": 62.9712131128227,
    "GHA": 18.763531148516,
    "GMB": 28.089385403017,
    "GNB": 22.6043420037121,
    "GRC": 92.8864934862192,
    "GUY": 43.4351843746555,
    "HUN": 91.7088480248698,
    "IND": 62.7850105515952,
    "IRL": 81.2615959599938,
    "IRQ": 50.8975045193032,
    "ISR": 97.1694999721232,
    "ITA": 78.2076546758922,
    "JAM": 73.6139506323097,
    "JOR": 80.0755731216364,
    "JPN": 99.1857131221674,
    "KEN": 35.8269657963595,
    "KGZ": 93.0270797378203,
    "KHM": 51.6016205224991,
    "KOR": 99.3284416041044,
    "KWT": 100.0,
    "LAO": 71.3822366403769,
    "LBN": 25.6726802158649,
    "LBY": 21.7469168678011,
    "LSO": 43.7549537714056,
    "LTU": 96.3965645962382,
    "LUX": 96.3220039091808,
    "LVA": 92.5346142806387,
    "MAR": 8.4240714170847,
    "MDG": 12.8016931314505,
    "MEX": 62.7483600306072,
    "MKD": 12.1085676786862,
    "MLI": 20.0090526597646,
    "MMR": 60.5335397782737,
    "MNE": 50.8653935806351,
    "MNG": 69.9469928494417,
    "MOZ": 33.9433045861423,
    "MWI": 46.1529166344501,
    "MYS": 85.7863441595325,
    "NER": 9.14683342354384,
    "NGA": 32.2082592818415,
    "NLD": 97.4979048764686,
    "NOR": 77.930319871296,
    "NPL": 53.4119460561394,
    "NZL": 88.7996547487802,
    "PER": 56.4924094824286,
    "PHL": 62.1743615399215,
    "PNG": 16.6644443256609,
    "POL": 97.8277048403773,
    "PRI": 32.5091608798098,
    "PRT": 93.9246010109268,
    "PRY": 58.5283334580355,
    "PSE": 73.5119845057758,
    "QAT": 99.936545083788,
    "ROU": 89.7986287516482,
    "RUS": 58.1856567616193,
    "SAU": 83.8898965219249,
    "SEN": 30.0761504408284,
    "SLE": 16.8455242283203,
    "SLV": 35.9732370193077,
    "SOM": 16.3823397337184,
    "SRB": 24.0657869371989,
    "SUR": 25.1297026286031,
    "SVK": 83.4254267213409,
    "SVN": 84.5426326049707,
    "SWE": 95.3516469463789,
    "SWZ": 60.8358301515398,
    "TCD": 11.0867671123645,
    "TGO": 13.0248800875831,
    "THA": 26.7187994375737,
    "TTO": 38.0201589918231,
    "TUN": 79.7855170219304,
    "TUR": 78.8643590744389,
    "TZA": 28.4607925768988,
    "UGA": 20.3622611691786,
    "UKR": 92.3938896027806,
    "USA": 97.0094700141013,
    "UZB": 74.5975903651394,
    "VEN": 26.0166822447189,
    "VNM": 45.3744041929296,
    "YEM": 43.1211742417875,
    "ZAF": 73.7806370822536,
    "ZWE": 23.5592013201954
  },
  "stats": {
    "coverage": 122,
    "min": 8.05103335263916,
    "max": 100.0,
    "median": 61.50509584573065,
    "quantileBreaks": [
      8.05103335263916,
      20.75787708307074,
      33.32867156914265,
      51.50103252204254,
      70.15202767671815,
      84.16964055751596,
      95.28870721819759,
      100.0
    ]
  },
  "formatting": {
    "maximumFractionDigits": 1,
    "suffix": "%"
  },
  "source": {
    "provider": "World Bank",
    "dataset": "World Development Indicators",
    "attribution": "The World Bank",
    "sourceReference": "https://api.worldbank.org/v2/indicator/SH.STA.SMSS.ZS?format=json&per_page=1",
    "valuesReference": "https://api.worldbank.org/v2/country/all/indicator/SH.STA.SMSS.ZS?format=json&per_page=20000&page=1&date=2015%3A2025",
    "license": "Creative Commons Attribution 4.0 International unless specifically labeled otherwise by World Bank metadata",
    "licenseReference": "https://www.worldbank.org/en/about/legal/terms-of-use-for-datasets",
    "retrievedAt": "2026-06-27T17:14:39.979924+00:00",
    "checksum": "4fc82f81ff4d7785fb2f4b45cca838c550a643f88b1a12847b671767513573c5",
    "sourceOrganization": "WHO/UNICEF Joint Monitoring Programme (JMP) for Water Supply, Sanitation and Hygiene, World Health Organization (WHO), uri: washdata.org, note: Aggregate data by groups are computed based on the groupings for the World Bank fiscal year in which the data was released by the WHO/UNICEF Joint Monitoring Programme (JMP) for Water Supply, Sanitation and Hygiene., publisher: WHO/UNICEF Joint Monitoring Programme (JMP) for Water Supply, Sanitation and Hygiene (washdata.org), date accessed: 2025-09-30, date published: 2025-08-25;\nUN Children's Fund (UNICEF), uri: washdata.org, note: WHO/UNICEF Joint Monitoring Programme (JMP) for Water Supply, Sanitation and Hygiene"
  },
  "reviewStatus": "approved",
  "contentVersion": "2026.06.22-exp2-qa1",
  "editorial": {
    "shortHook": "A candidate map for safely managed sanitation.",
    "patternNote": "The darkest countries include Kuwait, Qatar, Switzerland, while the lightest include Ethiopia, Morocco, Niger; that contrast is the fastest way to read the safely managed sanitation pattern.",
    "whyItMatters": "Safely managed sanitation may add useful WORLDPRINT variety once source coverage, unit clarity, map interest, and distractor ambiguity are reviewed.",
    "bestProbeCountries": [
      {
        "iso3": "KWT",
        "reason": "High anchor: this country sits near the darkest end of the map."
      },
      {
        "iso3": "ETH",
        "reason": "Low anchor: this country clarifies the lightest end of the scale."
      },
      {
        "iso3": "PHL",
        "reason": "Middle check: this country helps separate a true pattern from one-off outliers."
      }
    ],
    "commonConfusions": [
      {
        "confusedWithIndicatorCode": "SH.STA.BASS.RU.ZS",
        "reason": "Rural basic sanitation can tempt players because it shares a strong country ranking with this map, but its unit and definition point to a different story."
      },
      {
        "confusedWithIndicatorCode": "EG.CFT.ACCS.RU.ZS",
        "reason": "Rural clean cooking access can tempt players because it shares a strong country ranking with this map, but its unit and definition point to a different story."
      },
      {
        "confusedWithIndicatorCode": "SH.H2O.SMDW.ZS",
        "reason": "Safely managed drinking water can tempt players because it shares a strong country ranking with this map, but its unit and definition point to a different story."
      }
    ],