{
  "schemaVersion": "1.1.0",
  "id": "secondary-enrollment",
  "providerCode": "SE.SEC.ENRR",
  "title": "School enrollment, secondary (% gross)",
  "shortTitle": "Secondary enrollment",
  "category": "education",
  "difficulty": "standard",
  "definition": "Gross enrollment ratio is the ratio of total enrollment, regardless of age, to the population of the age group that officially corresponds to the level of education shown. Secondary education completes the provision of basic education that began at the primary level, and aims at laying the foundations for lifelong learning and human development, by offering more subject- or skill-oriented instruction using more specialized teachers.",
  "unit": "gross enrollment ratio",
  "year": 2023,
  "valuesByIso3": {
    "AFG": 59.6136016845703,
    "AGO": 51.4839046246776,
    "ALB": 96.1368771236947,
    "ARE": 101.944972436447,
    "ARG": 105.574584297051,
    "ARM": 89.4111027634947,
    "AUS": 134.099243164062,
    "AUT": 100.504371643066,
    "AZE": 92.7402972401367,
    "BEL": 142.960266113281,
    "BFA": 30.8551216331757,
    "BGD": 65.9856598598849,
    "BGR": 95.6239624023438,
    "BHS": 87.1455240465819,
    "BIH": 87.8663787841797,
    "BLR": 97.4265999006565,
    "BLZ": 83.619553808705,
    "BOL": 91.3676827044767,
    "BRN": 91.8381544399811,
    "BTN": 86.8564415582911,
    "CAN": 104.320877075195,
    "CHE": 102.965591430664,
    "CHL": 105.83097076416,
    "CIV": 63.9607557764462,
    "CMR": 44.840795775403,
    "COD": 55.4860992431641,
    "CRI": 125.510070800781,
    "CUB": 95.5986574273359,
    "CYP": 105.159156799316,
    "CZE": 97.6154174804688,
    "DEU": 100.603057861328,
    "DNK": 126.98078918457,
    "DOM": 75.4805556926418,
    "DZA": 101.264892578125,
    "ECU": 92.8118025876465,
    "EGY": 84.474862198776,
    "ESP": 118.361709594727,
    "EST": 108.442070007324,
    "FIN": 142.861724853516,
    "FJI": 98.540177642079,
    "FRA": 103.962417602539,
    "GBR": 112.120048522949,
    "GEO": 103.183588288651,
    "GRC": 105.191741943359,
    "GTM": 47.3762534803949,
    "GUY": 84.4850463867188,
    "HND": 54.5012702941895,
    "HRV": 105.025161743164,
    "HUN": 105.419059753418,
    "IDN": 96.0002120295081,
    "IND": 78.8639591218839,
    "IRN": 85.1469802856445,
    "ISL": 108.911361694336,
    "ISR": 99.3012008666992,
    "ITA": 100.678756713867,
    "JAM": 85.4353132628153,
    "JOR": 91.9696843781763,
    "JPN": 101.537071228027,
    "KAZ": 95.2393054334066,
    "KEN": 84.3083880306996,
    "KGZ": 91.2655243671618,
    "KHM": 56.7864734981041,
    "KOR": 96.2983932495117,
    "LAO": 54.4330611689851,
    "LBN": 62.8279212477627,
    "LKA": 87.9534065332114,
    "LTU": 105.428817749023,
    "LUX": 107.744010925293,
    "LVA": 102.126243591309,
    "MAR": 87.7346312462207,
    "MDA": 97.8896863952854,
    "MEX": 102.055458068848,
    "MKD": 90.0724868774414,
    "MLI": 38.9389470920545,
    "MNE": 93.8724975585938,
    "MNG": 96.8181201904352,
    "MWI": 36.644092994481,
    "MYS": 79.4472788704033,
    "NAM": 81.6173009252032,
    "NER": 21.5605140503495,
    "NGA": 46.8931503295898,
    "NIC": 70.1749572753906,
    "NLD": 137.514724731445,
    "NOR": 117.775093078613,
    "NPL": 89.8898815141438,
    "NZL": 113.395988464355,
    "PAK": 42.2911451386891,
    "PER": 111.395393371582,
    "PHL": 91.5493424610693,
    "PNG": 52.0929750873194,
    "POL": 108.386131286621,
    "PRI": 110.409713745117,
    "PRT": 120.347076416016,
    "PRY": 79.7518585422984,
    "PSE": 89.1210984011759,
    "QAT": 100.136596679688,
    "ROU": 81.6316070556641,
    "RUS": 92.4840470838527,
    "RWA": 45.1251505756161,
    "SEN": 44.0673682244069,
    "SLE": 86.9079513549805,
    "SLV": 65.5709865566541,
    "SOM": 3.34785008430481,
    "SUR": 76.1109237670898,
    "SVK": 92.6436767578125,
    "SVN": 107.626876831055,
    "SWE": 134.244293212891,
    "SYR": 39.4672088623047,
    "TCD": 24.1941648001316,
    "TGO": 63.4192515229188,
    "THA": 93.3356315272258,
    "TJK": 88.4022015902249,
    "TKM": 102.546752929688,
    "TTO": 92.9377899169922,
    "TUR": 118.411979675293,
    "UKR": 87.0823822021484,
    "URY": 119.105005958635,
    "UZB": 97.3839945834102,
    "VEN": 97.229606628418,
    "VUT": 134.670675170038,
    "ZAF": 104.133480684239
  },
  "stats": {
    "coverage": 121,
    "min": 3.34785008430481,
    "max": 142.960266113281,
    "median": 92.9377899169922,
    "quantileBreaks": [
      3.34785008430481,
      55.67186699386981,
      84.35595207872143,
      91.30930651172534,
      96.59538007289655,
      102.42660740443687,
      108.84432002476285,
      142.960266113281
    ]
  },
  "formatting": {
    "maximumFractionDigits": 1,
    "suffix": "%"
  },
  "source": {
    "provider": "World Bank",
    "dataset": "World Development Indicators",
    "attribution": "The World Bank",
    "sourceReference": "https://api.worldbank.org/v2/indicator/SE.SEC.ENRR?format=json&per_page=1",
    "valuesReference": "https://api.worldbank.org/v2/country/all/indicator/SE.SEC.ENRR?format=json&per_page=20000&page=1&date=2015%3A2025",
    "license": "Creative Commons Attribution 4.0 International unless specifically labeled otherwise by World Bank metadata",
    "licenseReference": "https://www.worldbank.org/en/about/legal/terms-of-use-for-datasets",
    "retrievedAt": "2026-06-22T18:05:41.994744+00:00",
    "checksum": "9937709533c3545dc7fdafea80e9102aa1b4e6f7fc1fda896ea3d9e8a83c2167",
    "sourceOrganization": "Data API, UN Educational, Scientific and Cultural Organization (UNESCO), uri: https://databrowser.uis.unesco.org/resources, note: The data are obtained through the UIS API.  Detailed documentation is available at: https://api.uis.unesco.org/api/public/documentation/, publisher: UNESCO Institute for Statistics (UIS), type: Bulk file (csv), date accessed: 2026-03-19, date published: 2026-02"
  },
  "reviewStatus": "approved",
  "contentVersion": "2026.06.22-exp2-qa1",
  "editorial": {
    "shortHook": "The stronger education access map.",
    "patternNote": "The darkest countries include Belgium, Finland, Netherlands, while the lightest include Somalia, Fed. Rep., Niger, Chad; that contrast is the fastest way to read the secondary enrollment pattern.",
    "whyItMatters": "Secondary enrollment often separates countries that look similar on basic schooling.",
    "bestProbeCountries": [
      {
        "iso3": "BEL",
        "reason": "High anchor: this country sits near the darkest end of the map."
      },
      {
        "iso3": "SOM",
        "reason": "Low anchor: this country clarifies the lightest end of the scale."
      },
      {
        "iso3": "TTO",
        "reason": "Middle check: this country helps separate a true pattern from one-off outliers."
      }
    ],
    "commonConfusions": [
      {
        "confusedWithIndicatorCode": "NY.ADJ.DPEM.GN.ZS",
        "reason": "Particulate emission damage can tempt players because it shares a strong country ranking with this map, but its unit and definition point to a different story."
      },
      {
        "confusedWithIndicatorCode": "SH.XPD.CHEX.PC.CD",
        "reason": "Health spending per person can tempt players because it shares a strong country ranking with this map, but its unit and definition point to a different story."
      },
      {
        "confusedWithIndicatorCode": "IT.NET.USER.ZS",
        "reason": "Internet users can tempt players because it shares a strong country ranking with this map, but its unit and definition point to a different story."
      }
    ],
    "difficultyReason": "Standard difficulty: the map has readable regional structure, but the best answer still depends on checking the unit and country anchors.",
    "regionalSignals": [
      "Education indicators can be shaped by enrollment systems and data coverage.",
      "Compare youth-heavy countries with higher-income service economies."
    ]
  },
  "editorialReview": {
    "status": "daily_eligible",
    "reviewedAt": "2026-06-22",