{
  "schemaVersion": "1.1.0",
  "id": "secondary-pupils-female-share",
  "providerCode": "SE.SEC.ENRL.FE.ZS",
  "title": "Secondary education, pupils (% female)",
  "shortTitle": "Female secondary pupils",
  "category": "education",
  "difficulty": "expert",
  "definition": "Female pupils as a percentage of total pupils at secondary level includes enrollments in public and private schools.",
  "unit": "percent of secondary pupils",
  "year": 2016,
  "valuesByIso3": {
    "AFG": 35.18667,
    "AGO": 39.52354,
    "ALB": 47.07269,
    "ARE": 48.60796,
    "ARG": 50.25036,
    "AUS": 45.19242,
    "AUT": 47.77079,
    "BDI": 49.9138,
    "BEL": 51.69941,
    "BEN": 42.41021,
    "BFA": 47.80332,
    "BGD": 51.36834,
    "BGR": 47.72228,
    "BHS": 50.53904,
    "BIH": 49.28292,
    "BLR": 48.24317,
    "BLZ": 50.17785,
    "BOL": 48.50505,
    "BRA": 49.96678,
    "BRN": 48.6828,
    "BTN": 51.54652,
    "CAF": 39.29494,
    "CAN": 48.87042,
    "CHE": 47.76601,
    "CHL": 49.28981,
    "CHN": 47.11396,
    "CIV": 41.90515,
    "CMR": 45.89873,
    "COL": 50.53435,
    "CRI": 50.19909,
    "CUB": 49.37618,
    "CYP": 48.73903,
    "CZE": 48.87799,
    "DEU": 47.12005,
    "DJI": 44.47654,
    "DNK": 49.28619,
    "DOM": 51.61995,
    "ECU": 49.77575,
    "EGY": 48.18645,
    "ESP": 48.7454,
    "EST": 48.8306,
    "FIN": 51.20837,
    "FRA": 49.01155,
    "GEO": 47.30988,
    "GHA": 48.08399,
    "GRC": 47.41126,
    "GTM": 47.70198,
    "HND": 52.91045,
    "HRV": 49.79285,
    "HUN": 48.37934,
    "IDN": 49.39896,
    "IND": 47.68043,
    "IRL": 49.4879,
    "IRN": 47.94755,
    "ISL": 49.11223,
    "ISR": 49.04498,
    "ITA": 48.20486,
    "JAM": 50.06342,
    "JPN": 48.82915,
    "KAZ": 49.36763,
    "KGZ": 49.00685,
    "KOR": 47.72339,
    "LAO": 47.34442,
    "LBN": 51.23687,
    "LKA": 50.76423,
    "LSO": 57.26666,
    "LTU": 47.49392,
    "LUX": 49.44567,
    "LVA": 48.47129,
    "MDA": 48.5623,
    "MDG": 49.80853,
    "MEX": 51.14729,
    "MLI": 42.03535,
    "MMR": 52.08868,
    "MNE": 48.24052,
    "MRT": 48.55742,
    "MWI": 47.0801,
    "MYS": 50.13648,
    "NER": 42.06672,
    "NGA": 46.57444,
    "NLD": 49.09864,
    "NOR": 47.96482,
    "NPL": 50.55539,
    "NZL": 50.23203,
    "OMN": 48.20415,
    "PAK": 42.8194,
    "PAN": 49.78045,
    "PER": 48.74217,
    "PHL": 50.51536,
    "PNG": 40.67178,
    "POL": 48.00351,
    "PRI": 49.52521,
    "PRT": 48.60962,
    "PRY": 50.3607,
    "PSE": 51.36573,
    "QAT": 48.97044,
    "ROU": 48.4972,
    "RUS": 48.39002,
    "RWA": 52.53965,
    "SAU": 47.11496,
    "SDN": 48.88794,
    "SLE": 48.00626,
    "SLV": 49.49582,
    "SRB": 48.89012,
    "SVK": 48.99423,
    "SVN": 48.85356,
    "SWE": 51.09626,
    "SWZ": 49.54566,
    "TCD": 31.27065,
    "THA": 48.63439,
    "TLS": 50.77245,
    "TUN": 51.36858,
    "TUR": 48.43019,
    "TZA": 49.86364,
    "UKR": 48.4481,
    "USA": 48.78903,
    "UZB": 48.57865,
    "VEN": 50.86024,
    "YEM": 41.16112,
    "ZAF": 51.90365
  },
  "stats": {
    "coverage": 120,
    "min": 31.27065,
    "max": 57.26666,
    "median": 48.829875,
    "quantileBreaks": [
      31.27065,
      47.11396,
      48.00626,
      48.60796,
      49.00685,
      49.78045,
      50.76423,
      57.26666
    ]
  },
  "formatting": {
    "maximumFractionDigits": 1,
    "suffix": "%"
  },
  "source": {
    "provider": "World Bank",
    "dataset": "World Development Indicators",
    "attribution": "The World Bank",
    "sourceReference": "https://api.worldbank.org/v2/indicator/SE.SEC.ENRL.FE.ZS?format=json&per_page=1",
    "valuesReference": "https://api.worldbank.org/v2/country/all/indicator/SE.SEC.ENRL.FE.ZS?format=json&per_page=20000&page=1&date=2015%3A2025",
    "license": "Creative Commons Attribution 4.0 International unless specifically labeled otherwise by World Bank metadata",
    "licenseReference": "https://www.worldbank.org/en/about/legal/terms-of-use-for-datasets",
    "retrievedAt": "2026-06-27T17:15:45.828124+00:00",
    "checksum": "2cf3428fc1003a55078a7708fdac8487844b5a1982c48822db0c00951f745a1b",
    "sourceOrganization": "Stat Bulk Data Download Service, UN Educational, Scientific and Cultural Organization (UNESCO), uri: https://uis.unesco.org/bdds, publisher: UNESCO Institute for Statistics (UIS)"
  },
  "reviewStatus": "approved",
  "contentVersion": "2026.06.22-exp2-qa1",
  "editorial": {
    "shortHook": "A harder gender-balance map in secondary school.",
    "patternNote": "The darkest countries include Lesotho, Honduras, Rwanda, while the lightest include Chad, Afghanistan, Central African Republic; that contrast is the fastest way to read the female secondary pupils pattern.",
    "whyItMatters": "The female share of secondary pupils can diverge from primary schooling and from adult education outcomes.",
    "bestProbeCountries": [
      {
        "iso3": "LSO",
        "reason": "High anchor: this country sits near the darkest end of the map."
      },
      {
        "iso3": "TCD",
        "reason": "Low anchor: this country clarifies the lightest end of the scale."
      },
      {
        "iso3": "EST",
        "reason": "Middle check: this country helps separate a true pattern from one-off outliers."
      }
    ],
    "commonConfusions": [
      {
        "confusedWithIndicatorCode": "SE.ENR.PRIM.FM.ZS",
        "reason": "Primary enrollment gender parity lives in the same category, so it can feel plausible until the high and low countries are checked."
      },
      {
        "confusedWithIndicatorCode": "SE.PRM.ENRL.FE.ZS",
        "reason": "Female primary pupils lives in the same category, so it can feel plausible until the high and low countries are checked."
      },
      {
        "confusedWithIndicatorCode": "SH.STA.ODFC.ZS",
        "reason": "Open defecation overlaps with part of the visible pattern, but the full country spread does not match."
      }
    ],
    "difficultyReason": "Expert difficulty: the map can be mistaken for adjacent indicators unless players probe a high, low, and middle country.",
    "regionalSignals": [
      "Education indicators can be shaped by enrollment systems and data coverage.",
      "Compare youth-heavy countries with higher-income service economies."
    ]
  },
  "editorialReview": {
    "status": "practice_eligible",
    "reviewedAt": "2026-06-22",
    "reviewedBy": "Codex editorial QA",
    "qualityScore": 3,
    "funScore": 3,
    "fairnessScore": 4,
    "ambiguityRisk": "medium",
    "dailyEligible": false,
    "practiceEligible": true,
    "challengeEligible": true,
    "expertOnly": false,
    "reviewNotes": [
      "Batch 3 QA: source-valid but subtle secondary-school gender map.",
      "Practice-only; do not make it Daily until the education cluster has stronger distractor curation."
    ],
    "acceptableCloseDistractorIds": []
  }
}
