{
  "schemaVersion": "1.1.0",
  "id": "secure-internet-servers",
  "providerCode": "IT.NET.SECR.P6",
  "title": "Secure Internet servers (per 1 million people)",
  "shortTitle": "Secure internet servers",
  "category": "connectivity",
  "difficulty": "expert",
  "definition": "The number of distinct, publicly-trusted TLS/SSL certificates found in the Netcraft Secure Server Survey (by hosting country), per 1 million people.",
  "unit": "servers per 1 million people",
  "year": 2024,
  "valuesByIso3": {
    "AFG": 41.0575140034026,
    "AGO": 48.5141563014729,
    "ALB": 1512.74983930188,
    "ARE": 4192.27408432243,
    "ARG": 5453.43428098629,
    "ARM": 1735.28926982034,
    "AUS": 44299.3061115854,
    "AUT": 47132.0383936251,
    "AZE": 541.026362293599,
    "BDI": 10.6066536036355,
    "BEL": 36731.8766702,
    "BEN": 20.3972640285468,
    "BFA": 28.8337642615132,
    "BGD": 527.061270034326,
    "BGR": 50750.6030113542,
    "BHS": 6354.61756416295,
    "BIH": 5554.23349523568,
    "BLR": 12729.5218058239,
    "BLZ": 464560.075958108,
    "BOL": 364.447369618833,
    "BRA": 6941.17408045006,
    "BRN": 16128.509404155,
    "BTN": 1339.18870432229,
    "BWA": 471.215589461747,
    "CAF": 1.68833678191754,
    "CAN": 39738.0380540323,
    "CHE": 167357.645513638,
    "CHL": 11912.6095617298,
    "CHN": 1413.32103124612,
    "CIV": 60.7498599465213,
    "CMR": 25.168467350901,
    "COD": 9.66358065038185,
    "COG": 16.5799220933146,
    "COL": 1126.20714719974,
    "CRI": 1999.84015314109,
    "CUB": 192.535681260732,
    "CYP": 221297.933713323,
    "CZE": 79335.8806598204,
    "DEU": 152113.844011812,
    "DJI": 114.655153235757,
    "DNK": 246545.586810222,
    "DOM": 180.878555232759,
    "DZA": 119.343855301674,
    "ECU": 490.861062498601,
    "EGY": 82.2047640355153,
    "ERI": 1.97986029540081,
    "ESP": 29986.3824811398,
    "EST": 139022.298393767,
    "ETH": 23.7316790056127,
    "FIN": 177933.600727841,
    "FJI": 221.795379765371,
    "FRA": 57274.6363971705,
    "GAB": 87.0437881456601,
    "GBR": 68394.8557324519,
    "GEO": 5293.35205761652,
    "GHA": 48.9145074910361,
    "GIN": 12.2672068756,
    "GMB": 58.6959073735103,
    "GNB": 10.9023908943231,
    "GNQ": 66.5780368567558,
    "GRC": 15657.9434729048,
    "GRL": 3905.97508621296,
    "GTM": 109.147061621475,
    "GUY": 175.673545609545,
    "HND": 148.812506679705,
    "HRV": 29458.6415601883,
    "HTI": 7.72984152890489,
    "HUN": 55077.4335878286,
    "IDN": 2939.49021766292,
    "IND": 1212.44166069372,
    "IRL": 121467.84808156,
    "IRN": 7225.71087209777,
    "IRQ": 34.5119560905403,
    "ISL": 88084.0142197016,
    "ISR": 12318.6898882246,
    "ITA": 30647.1608155582,
    "JAM": 191.957170656969,
    "JOR": 212.241523236292,
    "JPN": 32928.7580837326,
    "KAZ": 6914.14394055021,
    "KEN": 399.695610422168,
    "KGZ": 1301.74076845492,
    "KHM": 817.289111657873,
    "KOR": 11902.38307173,
    "KWT": 384.296289580527,
    "LAO": 301.680129228236,
    "LBN": 267.311429182623,
    "LBR": 13.0059469246904,
    "LBY": 388.564024255174,
    "LKA": 448.71326884468,
    "LSO": 85.9921374950105,
    "LTU": 98553.1863622546,
    "LUX": 58437.6643250046,
    "LVA": 28218.3820582126,
    "MAR": 577.319401374532,
    "MDA": 13318.0369195265,
    "MDG": 25.0586924005151,
    "MEX": 531.655697865752,
    "MKD": 2068.12365329412,
    "MLI": 20.9979371773584,
    "MMR": 23.596290875918,
    "MNE": 6424.76243935688,
    "MNG": 2564.12584246201,
    "MOZ": 37.1624132595491,
    "MRT": 52.2304834511582,
    "MWI": 32.4632055194284,
    "MYS": 7475.46106293289,
    "NAM": 427.374262036856,
    "NCL": 7541.71521909247,
    "NER": 5.2159607511161,
    "NGA": 98.36277868906,
    "NIC": 93.9830599149236,
    "NLD": 198682.41199523,
    "NOR": 35469.8678942673,
    "NPL": 541.228652445205,
    "NZL": 18709.4517958412,
    "OMN": 286.658923972525,
    "PAK": 109.651337877655,
    "PAN": 2234.48741988012,
    "PER": 826.790743824685,
    "PHL": 131.556605552984,
    "PNG": 88.1198717685677,
    "POL": 41131.8530670488,
    "PRI": 471.191289612152,
    "PRK": 10.4155569475671,
    "PRT": 28710.2532558007,
    "PRY": 775.275131029723,
    "PSE": 427.100601381847,
    "QAT": 445.444117933167,
    "ROU": 27229.5998846093,
    "RUS": 26105.3190580658,
    "RWA": 160.978445933022,
    "SAU": 482.77237461006,
    "SDN": 2.3984635719866,
    "SEN": 59.615228291193,
    "SLB": 80.566602945808,
    "SLE": 11.339938731931,
    "SLV": 191.221693627821,
    "SOM": 13.9932604038971,
    "SRB": 12941.8220001105,
    "SSD": 5.2748763167096,
    "SUR": 2060.11370818891,
    "SVK": 43287.3502716398,
    "SVN": 68783.4915859735,
    "SWE": 55097.2595366627,
    "SWZ": 116.669965610522,
    "SYR": 113.89078481694,
    "TCD": 1.23158030029179,
    "TGO": 101.944220214742,
    "THA": 3149.99672587537,
    "TJK": 152.489012529309,
    "TKM": 188.271449268517,
    "TLS": 264.879290723228,
    "TTO": 480.146280181798,
    "TUN": 912.34833868462,
    "TUR": 11103.4011629345,
    "TZA": 52.4065310993964,
    "UGA": 53.7637719430767,
    "UKR": 9936.86751062547,
    "URY": 4640.65897593684,
    "USA": 196616.101319598,
    "UZB": 966.617245834433,
    "VEN": 246.677206628298,
    "VNM": 5733.7485681175,
    "VUT": 1918.98760437737,
    "YEM": 15.0062227775045,
    "ZAF": 16658.2387068502,
    "ZMB": 80.5068516209933,
    "ZWE": 89.9943749006951
  },
  "stats": {
    "coverage": 169,
    "min": 1.23158030029179,
    "max": 464560.075958108,
    "median": 531.655697865752,
    "quantileBreaks": [
      1.23158030029179,
      32.4632055194284,
      109.651337877655,
      388.564024255174,
      1339.18870432229,
      7475.46106293289,
      39738.0380540323,
      464560.075958108
    ]
  },
  "formatting": {
    "maximumFractionDigits": 1,
    "suffix": " per 1m"
  },
  "source": {
    "provider": "World Bank",
    "dataset": "World Development Indicators",
    "attribution": "The World Bank",
    "sourceReference": "https://api.worldbank.org/v2/indicator/IT.NET.SECR.P6?format=json&per_page=1",
    "valuesReference": "https://api.worldbank.org/v2/country/all/indicator/IT.NET.SECR.P6?format=json&per_page=20000&page=1&date=2015%3A2025",
    "license": "Creative Commons Attribution 4.0 International unless specifically labeled otherwise by World Bank metadata",
    "licenseReference": "https://www.worldbank.org/en/about/legal/terms-of-use-for-datasets",
    "retrievedAt": "2026-07-02T22:08:58.559492+00:00",
    "checksum": "eb4e98037d677b937e4b6e01019a260f4bf91e3bef65d4180889dbe31a23c2d0",
    "sourceOrganization": "Secure Server Survey, Netcraft, uri: http://www.netcraft.com/;\nWorld Bank population estimates, World Bank (WB)"
  },
  "reviewStatus": "approved",
  "contentVersion": "2026.07.02-exp4-content50",
  "editorial": {
    "shortHook": "A digital-infrastructure outlier map.",
    "patternNote": "The darkest countries include Belize, Denmark, Cyprus, while the lightest include Chad, Central African Republic, Eritrea; that contrast is the fastest way to read the secure internet servers pattern.",
    "whyItMatters": "Secure servers expose the geography of hosting, finance, and digital services.",
    "bestProbeCountries": [
      {
        "iso3": "BLZ",
        "reason": "High anchor: this country sits near the darkest end of the map."
      },
      {
        "iso3": "TCD",
        "reason": "Low anchor: this country clarifies the lightest end of the scale."
      },
      {
        "iso3": "MEX",
        "reason": "Middle check: this country helps separate a true pattern from one-off outliers."
      }
    ],
    "commonConfusions": [
      {
        "confusedWithIndicatorCode": "HD_HCIP_EDUC_TO",
        "reason": "Human capital education index can tempt players because it shares a strong country ranking with this map, but its unit and definition point to a different story."
      },
      {
        "confusedWithIndicatorCode": "HD_HCIP_OVRL_TO",