{
  "schemaVersion": "1.1.0",
  "id": "self-employed",
  "providerCode": "SL.EMP.SELF.ZS",
  "title": "Self-employed, total (% of total employment) (modeled ILO estimate)",
  "shortTitle": "Self-employed workers",
  "category": "labor",
  "difficulty": "standard",
  "definition": "Self-employed workers are those workers who, working on their own account or with one or a few partners or in cooperative, hold the type of jobs defined as a \"self-employment jobs.\" i.e. jobs where the remuneration is directly dependent upon the profits derived from the goods and services produced. Self-employed workers include sub-categories of employers, own-account workers and members of producers' cooperatives and contributing family workers.",
  "unit": "percent of total employment",
  "year": 2025,
  "valuesByIso3": {
    "AFG": 83.4001611011252,
    "AGO": 75.9049595584427,
    "ALB": 50.2796648858816,
    "ARE": 5.06630975842524,
    "ARG": 25.5757392075766,
    "ARM": 33.6643743470283,
    "AUS": 16.1048964546054,
    "AUT": 12.195549723839,
    "AZE": 66.9832705925309,
    "BDI": 84.8501168393457,
    "BEL": 14.5914614041711,
    "BEN": 79.8348346786921,
    "BFA": 82.5985003656192,
    "BGD": 61.0415601988916,
    "BGR": 11.7955480759712,
    "BHS": 17.0547511332546,
    "BIH": 22.0631006708146,
    "BLR": 6.83343649741945,
    "BLZ": 35.1801246673454,
    "BOL": 66.2673828499008,
    "BRA": 30.2938564691972,
    "BRN": 7.2707332451225,
    "BTN": 69.5105956371201,
    "BWA": 28.1075501484859,
    "CAF": 85.3998317060466,
    "CAN": 12.909903951402,
    "CHE": 16.8607608309661,
    "CHL": 23.917530357834,
    "CHN": 37.6680211606478,
    "CIV": 70.9652872394541,
    "CMR": 69.2760532203937,
    "COD": 85.0784664607256,
    "COG": 76.7562548727763,
    "COL": 45.6406312116437,
    "CRI": 26.5874535729481,
    "CUB": 24.8970261884222,
    "CYP": 10.1682695261881,
    "CZE": 15.7230508919287,
    "DEU": 8.14920626056795,
    "DJI": 51.1172281428355,
    "DNK": 7.9106885959171,
    "DOM": 42.1008530888299,
    "DZA": 30.1984194526643,
    "ECU": 52.3345685121002,
    "EGY": 26.984769248047,
    "ERI": 52.3654915393244,
    "ESP": 14.541673149492,
    "EST": 12.0680099904006,
    "ETH": 84.3116930047511,
    "FIN": 12.5437359111591,
    "FJI": 34.075577932976,
    "FRA": 13.2848168173206,
    "GAB": 32.392903453617,
    "GBR": 13.1486547925945,
    "GEO": 46.0734431579366,
    "GHA": 67.4597289430212,
    "GIN": 81.949032831205,
    "GMB": 68.6086050801459,
    "GNB": 75.4685591470584,
    "GNQ": 27.4986769319012,
    "GRC": 30.4553173810687,
    "GTM": 39.08143495426,
    "GUY": 31.1144181388929,
    "HND": 44.1055942864799,
    "HRV": 12.7369992006055,
    "HTI": 76.8339009225743,
    "HUN": 11.6310632244371,
    "IDN": 53.3370094781928,
    "IND": 74.903099358,
    "IRL": 13.3667321550386,
    "IRN": 42.9430755373859,
    "IRQ": 31.6559278240675,
    "ISL": 13.2968251358518,
    "ISR": 11.342246738728,
    "ITA": 21.1241520550434,
    "JAM": 35.7495975386225,
    "JOR": 11.2076546068098,
    "JPN": 9.05081758353661,
    "KAZ": 26.1258279465708,
    "KEN": 64.7954860141009,
    "KGZ": 30.5028942546689,
    "KHM": 55.5182959674735,
    "KOR": 22.6695991993473,
    "KWT": 3.16084553293978,
    "LAO": 77.1407502075747,
    "LBR": 78.341434071315,
    "LBY": 25.8794267663322,
    "LKA": 42.0703000220276,
    "LSO": 38.5183732358228,
    "LTU": 11.4987731599512,
    "LUX": 10.3375808522493,
    "LVA": 13.6573699083824,
    "MAR": 40.0640986604354,
    "MDA": 58.7823974553907,
    "MDG": 88.3198131654764,
    "MEX": 30.8452432024311,
    "MKD": 16.5865607606679,
    "MLI": 76.3544354729942,
    "MMR": 65.4728059854924,
    "MNE": 17.3551433104503,
    "MNG": 41.1780172388467,
    "MOZ": 85.3095291998936,
    "MRT": 57.4481652424909,
    "MWI": 61.258530925467,
    "MYS": 25.3702061435169,
    "NAM": 36.5403610216946,
    "NCL": 17.1427103667934,
    "NER": 89.477863328309,
    "NGA": 86.1520490321675,
    "NIC": 44.2678607744293,
    "NLD": 16.7876478737668,
    "NOR": 4.87411044255662,
    "NPL": 78.5827665110785,
    "NZL": 18.4057925728412,
    "OMN": 4.96151460932621,
    "PAK": 57.0024730729602,
    "PAN": 40.5839377756364,
    "PER": 51.3474224751048,
    "PHL": 36.1484483518678,
    "PNG": 78.6683589300498,
    "POL": 18.8896624569839,
    "PRI": 12.6145261748756,
    "PRK": 62.0536349292905,
    "PRT": 14.4327496227269,
    "PRY": 41.2527330883415,
    "QAT": 0.832181930359672,
    "ROU": 14.4639524470805,
    "RUS": 6.32297462969307,
    "RWA": 40.4485188225029,
    "SAU": 5.54689646208523,
    "SEN": 64.321003863995,
    "SLB": 69.9438113291199,
    "SLE": 88.8077133885281,
    "SLV": 35.6649126345318,
    "SOM": 52.1791513808903,
    "SRB": 27.0198403477965,
    "SUR": 22.4753569861256,
    "SVK": 14.872808947277,
    "SVN": 13.955716931639,
    "SWE": 10.2371185516351,
    "SWZ": 30.2156928449234,
    "SYR": 42.4366469534473,
    "TCD": 91.5610659485398,
    "TGO": 76.6222547186887,
    "THA": 50.6978613523784,
    "TJK": 31.261273361855,
    "TKM": 32.0265975785979,
    "TLS": 74.8594025588175,
    "TTO": 25.7202580200267,
    "TUN": 24.942996504448,
    "TUR": 28.5488317037487,
    "TZA": 85.342074860906,
    "UGA": 80.5261312572744,
    "URY": 27.9675456778061,
    "USA": 6.07375577308702,
    "UZB": 45.4358227356809,
    "VEN": 40.4205546670537,
    "VNM": 53.346789010947,
    "VUT": 60.6162054715698,
    "YEM": 52.6445003427155,
    "ZAF": 17.2733796234946,
    "ZMB": 71.7263261520826,
    "ZWE": 70.7763527219132
  },
  "stats": {
    "coverage": 163,
    "min": 0.832181930359672,
    "max": 91.5610659485398,
    "median": 35.1801246673454,
    "quantileBreaks": [
      0.832181930359672,
      12.553848805975743,
      17.655328813990554,
      30.249191541040744,
      40.92341175461371,
      57.320824622625,
      76.29022462805827,
      91.5610659485398
    ]
  },
  "formatting": {
    "maximumFractionDigits": 1,
    "suffix": "%"
  },
  "source": {
    "provider": "World Bank",
    "dataset": "World Development Indicators",
    "attribution": "The World Bank",
    "sourceReference": "https://api.worldbank.org/v2/indicator/SL.EMP.SELF.ZS?format=json&per_page=1",
    "valuesReference": "https://api.worldbank.org/v2/country/all/indicator/SL.EMP.SELF.ZS?format=json&per_page=20000&page=1&date=2015%3A2025",
    "license": "Creative Commons Attribution 4.0 International unless specifically labeled otherwise by World Bank metadata",
    "licenseReference": "https://www.worldbank.org/en/about/legal/terms-of-use-for-datasets",
    "retrievedAt": "2026-07-02T22:14:05.951543+00:00",
    "checksum": "de97e1e44b2b5322bea7f8c41a1d99abca215c17f7495abc7d6f1a203c1faaa1",
    "sourceOrganization": "ILO Modelled Estimates database (ILOEST), International Labour Organization (ILO), uri: https://ilostat.ilo.org/data/bulk/, publisher: ILOSTAT, type: external database, date accessed: January 17, 2026"
  },
  "reviewStatus": "approved",
  "contentVersion": "2026.07.02-exp4-content50",
  "editorial": {
    "shortHook": "A work-structure map.",
    "patternNote": "The darkest countries include Chad, Niger, Sierra Leone, while the lightest include Qatar, Kuwait, Norway; that contrast is the fastest way to read the self-employed workers pattern.",
    "whyItMatters": "Self-employment can distinguish formal wage economies from household and informal work patterns.",
    "bestProbeCountries": [
      {
        "iso3": "TCD",
        "reason": "High anchor: this country sits near the darkest end of the map."
      },
      {
        "iso3": "QAT",
        "reason": "Low anchor: this country clarifies the lightest end of the scale."
      },
      {
        "iso3": "BLZ",
        "reason": "Middle check: this country helps separate a true pattern from one-off outliers."
      }
    ],
    "commonConfusions": [
      {
        "confusedWithIndicatorCode": "SL.EMP.WORK.ZS",