{
  "schemaVersion": "1.1.0",
  "id": "services-share",
  "providerCode": "NV.SRV.TOTL.ZS",
  "title": "Services, value added (% of GDP)",
  "shortTitle": "Services value added",
  "category": "economy",
  "difficulty": "standard",
  "definition": "Services industries correspond to ISIC (Rev. 4) divisions 45-99 and includes wholesale and retail trade, repair of motor vehicles, hotels and retaurants, transport, storage and communication, financial intermediation, real estate, renting and business activities, public administration and defence, compulsory social security, education, health and social work, other community, social and personal service activities, private households with employed persons, and extra-territorial organizations and bodies. Value added is the contribution to the economy by a producer or an industry or an institutional sector, which is estimated by the total value of output produced and deducting the total value of intermediate consumption of goods and services used to produce that output. This indicator is expressed as a percentage of Gross Domestic Product (GDP) which is the total income earned through the production of goods and services in an economic territory during an accounting period.",
  "unit": "percent of GDP",
  "year": 2024,
  "valuesByIso3": {
    "AGO": 41.0551859909358,
    "ALB": 48.6899937474805,
    "ARE": 54.9012947560482,
    "ARG": 53.6514046050424,
    "ARM": 61.9893697453885,
    "AUS": 66.1399054113301,
    "AUT": 63.9706809373681,
    "AZE": 42.3163443805061,
    "BDI": 43.22195252649,
    "BEL": 70.9861225353144,
    "BEN": 48.8795399933978,
    "BFA": 43.9471331300685,
    "BGD": 51.4166555046575,
    "BGR": 63.7625806598714,
    "BHS": 77.1859683694609,
    "BIH": 56.5588566046908,
    "BLR": 49.6802343028905,
    "BLZ": 62.4409630969452,
    "BOL": 53.36246116287,
    "BRA": 59.1707527174248,
    "BRN": 38.9532912607223,
    "BWA": 63.4944869983258,
    "CAF": 42.0803155255449,
    "CHE": 72.0298166155219,
    "CHL": 56.0774691835569,
    "CHN": 56.7483417417827,
    "CIV": 51.8581209074307,
    "CMR": 50.7191439587575,
    "COD": 46.5724593741029,
    "COG": 45.0183730208308,
    "COL": 58.1429719176746,
    "CRI": 68.7833462139086,
    "CUB": 73.391823647738,
    "CYP": 76.4769046707826,
    "CZE": 60.1721452763251,
    "DEU": 64.0456505820091,
    "DJI": 76.0847593876274,
    "DNK": 63.5495635161649,
    "DOM": 59.8121925635257,
    "DZA": 46.7949847002474,
    "ECU": 57.156644024501,
    "EGY": 48.932455490468,
    "ESP": 68.9025484059134,
    "EST": 65.6971144966199,
    "ETH": 37.4719406432574,
    "FIN": 62.2144997698967,
    "FJI": 54.5684210526316,
    "FRA": 70.9141844211851,
    "GAB": 36.8219109135811,
    "GBR": 72.4462431770253,
    "GEO": 61.9845889346039,
    "GHA": 40.9369495390296,
    "GIN": 36.3402000064846,
    "GMB": 56.7898192312049,
    "GNB": 37.8848107222008,
    "GNQ": 51.0975150164696,
    "GRC": 68.0104871945665,
    "GTM": 61.839861654601,
    "GUY": 14.4608458483035,
    "HND": 58.4090033001636,
    "HRV": 60.8374324880176,
    "HTI": 48.3129615585975,
    "HUN": 59.5231534203363,
    "IDN": 43.7719167888796,
    "IND": 49.874440225505,
    "IRL": 60.5635643631863,
    "IRN": 49.7874655706935,
    "IRQ": 45.76618170304,
    "ISL": 64.8920846344191,
    "ISR": 72.5367368776929,
    "ITA": 65.0483624576143,
    "JAM": 59.9583265823094,
    "JOR": 60.3920761551012,
    "KAZ": 57.9427973400804,
    "KEN": 55.3035358055896,
    "KGZ": 52.1398197179977,
    "KHM": 35.5947222438947,
    "KOR": 57.5005082410932,
    "KWT": 55.8544139729526,
    "LAO": 43.534650358474,
    "LBR": 41.9269228267256,
    "LBY": 28.3399914639351,
    "LKA": 57.4695113471552,
    "LSO": 48.0439628685052,
    "LTU": 63.5886178536833,
    "LUX": 81.1809383770858,
    "LVA": 64.6029356314433,
    "MAR": 52.7268616776438,
    "MDA": 62.2659566789328,
    "MDG": 47.7176150614467,
    "MEX": 58.1037604498508,
    "MKD": 56.2488933827217,
    "MLI": 36.314957700289,
    "MMR": 41.3534526849189,
    "MNE": 63.7695853263977,
    "MNG": 44.3407185995683,
    "MOZ": 41.0964463998045,
    "MRT": 42.4294833153804,
    "MWI": 44.2065590810766,
    "MYS": 53.7203005018668,
    "NAM": 54.4586091697762,
    "NER": 45.0285833612677,
    "NGA": 53.729561736527,
    "NIC": 46.8284069382544,
    "NLD": 70.4906816195514,
    "NOR": 51.8077568320554,
    "NPL": 55.2184600452436,
    "OMN": 46.013700099547,
    "PAK": 50.7319389342379,
    "PAN": 69.3426627772372,
    "PER": 51.2936105507675,
    "PHL": 63.2234952219979,
    "POL": 59.1475357964785,
    "PRI": 51.8089701174057,
    "PRT": 66.2769355054703,
    "PRY": 48.7451301791156,
    "QAT": 46.0697058735045,
    "ROU": 62.5509064348212,
    "RUS": 57.5256119391898,
    "RWA": 47.5501469376632,
    "SAU": 47.0745603554281,
    "SDN": 54.6666336527076,
    "SEN": 48.4090429943812,
    "SLB": 46.9208634988188,
    "SLE": 42.5650434678431,
    "SLV": 61.0366871615294,
    "SRB": 58.7832317170655,
    "SUR": 50.8458681480381,
    "SVK": 59.9609861243037,
    "SVN": 57.9394382652417,
    "SWE": 66.4283744913472,
    "SWZ": 51.3633744946129,
    "TCD": 29.7810046845,
    "TGO": 49.160730242496,
    "THA": 59.1528957274226,
    "TKM": 50.350636912731,
    "TLS": 71.6305202418539,
    "TTO": 59.1817694915092,
    "TUN": 62.6074263616937,
    "TUR": 57.5212773580131,
    "TZA": 29.5630742231974,
    "UGA": 43.1413581135321,
    "UKR": 60.6158989452331,
    "URY": 65.2627436197817,
    "UZB": 45.1918282895449,
    "VNM": 42.3596025324624,
    "ZAF": 62.9921807546005,
    "ZMB": 57.1882934058153,
    "ZWE": 50.6052960837344
  },
  "stats": {
    "coverage": 149,
    "min": 14.4608458483035,
    "max": 81.1809383770858,
    "median": 55.2184600452436,
    "quantileBreaks": [
      14.4608458483035,
      43.152871601097516,
      48.340413397392844,
      51.97884896910227,
      57.487223857976915,
      60.77413719007917,
      65.0260370543007,
      81.1809383770858
    ]
  },
  "formatting": {
    "maximumFractionDigits": 1,
    "suffix": "% of GDP"
  },
  "source": {
    "provider": "World Bank",
    "dataset": "World Development Indicators",
    "attribution": "The World Bank",
    "sourceReference": "https://api.worldbank.org/v2/indicator/NV.SRV.TOTL.ZS?format=json&per_page=1",
    "valuesReference": "https://api.worldbank.org/v2/country/all/indicator/NV.SRV.TOTL.ZS?format=json&per_page=20000&page=1&date=2015%3A2025",
    "license": "Creative Commons Attribution 4.0 International unless specifically labeled otherwise by World Bank metadata",
    "licenseReference": "https://www.worldbank.org/en/about/legal/terms-of-use-for-datasets",
    "retrievedAt": "2026-06-27T17:14:25.317956+00:00",
    "checksum": "3fadd1c10693b12843702d32c331ff0502d3334979411d9ae2a1d21de75ea65d",
    "sourceOrganization": "Country official statistics, National Statistical Organizations and/or Central Banks;\nNational Accounts data files, Organisation for Economic Co-operation and Development (OECD);\nStaff estimates, World Bank (WB)"
  },
  "reviewStatus": "approved",
  "contentVersion": "2026.06.22-exp2-qa1",
  "editorial": {
    "shortHook": "The service-economy map.",
    "patternNote": "The darkest countries include Luxembourg, Bahamas, The, Cyprus, while the lightest include Guyana, Libya, Tanzania; that contrast is the fastest way to read the services value added pattern.",
    "whyItMatters": "Services value added shows how much national output comes from trade, finance, government, tourism, and other services.",
    "bestProbeCountries": [
      {
        "iso3": "LUX",
        "reason": "High anchor: this country sits near the darkest end of the map."
      },
      {
        "iso3": "GUY",
        "reason": "Low anchor: this country clarifies the lightest end of the scale."
      },
      {
        "iso3": "NPL",
        "reason": "Middle check: this country helps separate a true pattern from one-off outliers."
      }
    ],