{
  "schemaVersion": "1.1.0",
  "id": "tax-revenue",
  "providerCode": "GC.TAX.TOTL.GD.ZS",
  "title": "Tax revenue (% of GDP)",
  "shortTitle": "Tax revenue",
  "category": "economy",
  "difficulty": "expert",
  "definition": "Taxes are compulsory, unrequited payments, in cash or in kind, made by institutional\n\n\nunits to government units. This indicator is expressed as a percentage of Gross Domestic Product (GDP) which is the total income earned through the production of goods and services in an economic territory during an accounting period.",
  "unit": "percent of GDP",
  "year": 2020,
  "valuesByIso3": {
    "AGO": 20.5176075923938,
    "ALB": 16.8955410663729,
    "ARE": 0.66740450236453,
    "ARG": 10.70812114449,
    "ARM": 21.8604192761626,
    "AUS": 22.507523858651,
    "AUT": 24.666005775658,
    "AZE": 15.1855725074093,
    "BDI": 12.9599323356545,
    "BEL": 21.7037422461067,
    "BFA": 13.7423701735785,
    "BGD": 7.00153674405437,
    "BGR": 20.1966624707302,
    "BHS": 17.9313432819978,
    "BIH": 18.7506430555408,
    "BLR": 12.0229232594937,
    "BRA": 12.7193878562357,
    "BTN": 12.2846363802964,
    "BWA": 22.2747050330683,
    "CAF": 8.70964482691346,
    "CAN": 13.5185987464231,
    "CHE": 9.34487114995366,
    "CHL": 16.1961693332108,
    "CHN": 7.92409749807608,
    "CIV": 11.7866882349007,
    "CMR": 10.8705828088042,
    "COD": 6.70873789308189,
    "COG": 8.32448488619369,
    "COL": 14.0452385553971,
    "CRI": 12.2380289918782,
    "CYP": 21.9468107958125,
    "CZE": 19.1431387237278,
    "DEU": 11.1648583484027,
    "DNK": 34.470930251185,
    "DOM": 12.5072744144016,
    "ECU": 12.9414345922817,
    "ESP": 13.4462555370373,
    "EST": 20.7215984585967,
    "ETH": 6.19630068675837,
    "FIN": 20.0057532774645,
    "FJI": 18.01691440065,
    "FRA": 24.7888064416138,
    "GAB": 12.4267778515741,
    "GBR": 24.5433751270756,
    "GEO": 21.1807829038543,
    "GHA": 11.3404319629261,
    "GNB": 6.94566461324402,
    "GNQ": 8.01129013446091,
    "GRC": 24.9618719805557,
    "GTM": 9.95508945102898,
    "HND": 15.066131552103,
    "HRV": 20.8751842032435,
    "HUN": 22.6858959289388,
    "IRL": 15.929927751069,
    "ISL": 21.9901621382979,
    "ISR": 22.0388829345096,
    "ITA": 24.8458109789517,
    "JAM": 23.6736609385396,
    "JOR": 15.9811020446786,
    "KAZ": 8.3188093138288,
    "KEN": 14.2998226320714,
    "KGZ": 14.0363281932396,
    "KHM": 13.2902084649733,
    "KOR": 14.0112224960532,
    "LAO": 9.40187747302716,
    "LBN": 8.90172832507978,
    "LKA": 7.77529251770974,
    "LSO": 35.9943566529363,
    "LTU": 20.5030171627523,
    "LUX": 25.6864231937241,
    "LVA": 16.2818527296083,
    "MAR": 20.0221120456722,
    "MDA": 17.9098984894955,
    "MDG": 9.52072872534251,
    "MEX": 13.8975134539123,
    "MKD": 16.1270346639672,
    "MLI": 11.9520024969323,
    "MNG": 14.1457872325812,
    "MOZ": 21.5267029366581,
    "MWI": 12.130562742797,
    "MYS": 10.8846712054019,
    "NAM": 31.2059110714252,
    "NIC": 17.0109140687159,
    "NLD": 23.8138164252391,
    "NOR": 21.2531867719174,
    "NPL": 15.7736497317824,
    "NZL": 27.3162301558899,
    "PAN": 8.0499895142666,
    "PER": 13.2210909618819,
    "PHL": 13.9509857073772,
    "PNG": 11.8791955060818,
    "POL": 17.291144093996,
    "PRT": 22.2595830862446,
    "PRY": 9.51499928580985,
    "ROU": 14.2496122082184,
    "RUS": 10.7991196203537,
    "RWA": 15.0744687955714,
    "SAU": 7.87620064642857,
    "SEN": 17.4488278981927,
    "SLB": 21.0515655697618,
    "SLV": 18.3907750793602,
    "SOM": 1.61766405068974,
    "SRB": 22.4302344933492,
    "SVK": 18.4644586007277,
    "SVN": 20.4885506119886,
    "SWE": 27.0128699114576,
    "SWZ": 27.0899428652042,
    "TGO": 12.7192270527961,
    "THA": 15.1931521641962,
    "TLS": 12.6427114807367,
    "TUR": 17.4856241853484,
    "TZA": 11.6267688543522,
    "UGA": 11.3911633065296,
    "UKR": 19.1514002992876,
    "URY": 18.5526476964563,
    "USA": 10.2956165176721,
    "UZB": 13.4020276222392,
    "VUT": 14.0402557920117,
    "ZAF": 23.2649440409195,
    "ZMB": 16.418005509662
  },
  "stats": {
    "coverage": 120,
    "min": 0.66740450236453,
    "max": 35.9943566529363,
    "median": 15.130020651490351,
    "quantileBreaks": [
      0.66740450236453,
      9.51499928580985,
      12.2380289918782,
      14.0112224960532,
      16.418005509662,
      20.1966624707302,
      22.4302344933492,
      35.9943566529363
    ]
  },
  "formatting": {
    "maximumFractionDigits": 1,
    "suffix": "% of GDP"
  },
  "source": {
    "provider": "World Bank",
    "dataset": "World Development Indicators",
    "attribution": "The World Bank",
    "sourceReference": "https://api.worldbank.org/v2/indicator/GC.TAX.TOTL.GD.ZS?format=json&per_page=1",
    "valuesReference": "https://api.worldbank.org/v2/country/all/indicator/GC.TAX.TOTL.GD.ZS?format=json&per_page=20000&page=1&date=2015%3A2025",
    "license": "Creative Commons Attribution 4.0 International unless specifically labeled otherwise by World Bank metadata",
    "licenseReference": "https://www.worldbank.org/en/about/legal/terms-of-use-for-datasets",
    "retrievedAt": "2026-06-27T17:14:16.457217+00:00",
    "checksum": "5bea44611f3140568594b5374e6db689695e3b00a7d76edc5dc500f15552259a",
    "sourceOrganization": "Government Finance Statistics Yearbook and data files, International Monetary Fund (IMF)"
  },
  "reviewStatus": "approved",
  "contentVersion": "2026.06.22-exp2-qa1",
  "editorial": {
    "shortHook": "A fiscal-capacity map.",
    "patternNote": "The darkest countries include Lesotho, Denmark, Namibia, while the lightest include United Arab Emirates, Somalia, Fed. Rep., Ethiopia; that contrast is the fastest way to read the tax revenue pattern.",
    "whyItMatters": "Tax revenue as a GDP share shows how much public revenue governments raise domestically.",
    "bestProbeCountries": [
      {
        "iso3": "LSO",
        "reason": "High anchor: this country sits near the darkest end of the map."
      },
      {
        "iso3": "ARE",
        "reason": "Low anchor: this country clarifies the lightest end of the scale."
      },
      {
        "iso3": "AZE",
        "reason": "Middle check: this country helps separate a true pattern from one-off outliers."
      }
    ],
    "commonConfusions": [
      {
        "confusedWithIndicatorCode": "GC.REV.XGRT.GD.ZS",
        "reason": "Government revenue excluding grants can tempt players because it shares a strong country ranking with this map, but its unit and definition point to a different story."
      },
      {
        "confusedWithIndicatorCode": "GC.XPN.TOTL.GD.ZS",
        "reason": "Government expense can tempt players because it shares a strong country ranking with this map, but its unit and definition point to a different story."
      },
      {
        "confusedWithIndicatorCode": "NE.CON.GOVT.ZS",
        "reason": "Government consumption lives in the same category, so it can feel plausible until the high and low countries are checked."
      }
    ],
    "difficultyReason": "Expert difficulty: the map can be mistaken for adjacent indicators unless players probe a high, low, and middle country.",
    "dataCaveat": "Coverage is thinner than core World Bank demographic indicators.",
    "regionalSignals": [
      "Economic-share maps are not the same as raw totals.",
      "Small open economies can dominate percentage maps."
    ]
  },
  "editorialReview": {
    "status": "needs_review",
    "reviewedAt": "2026-06-22",
    "reviewedBy": "Codex editorial QA",
    "qualityScore": 2,
    "funScore": 2,
    "fairnessScore": 2,
    "ambiguityRisk": "medium",
    "dailyEligible": false,
    "practiceEligible": false,
    "challengeEligible": false,
    "expertOnly": false,
    "reviewNotes": [
      "Coverage is exactly at the floor and reference year is older than most catalog items.",
      "Hold until fiscal-capacity copy and data caveat are reviewed."
    ],
    "acceptableCloseDistractorIds": []
  }
}
