{
  "schemaVersion": "1.1.0",
  "id": "tertiary-gender-parity",
  "providerCode": "SE.ENR.TERT.FM.ZS",
  "title": "School enrollment, tertiary (gross), gender parity index (GPI)",
  "shortTitle": "Tertiary enrollment gender parity",
  "category": "education",
  "difficulty": "expert",
  "definition": "Gender parity index for gross enrollment ratio in tertiary education is the ratio of women to men enrolled at tertiary level in public and private schools.",
  "unit": "female-to-male gross enrollment ratio",
  "year": 2015,
  "valuesByIso3": {
    "AGO": 0.795279798294231,
    "ALB": 1.26573282598396,
    "ARG": 1.3964725440983,
    "ARM": 1.16794293171723,
    "AUS": 1.30043005943298,
    "AUT": 1.16585004329681,
    "AZE": 1.13966613627014,
    "BDI": 0.330195656385752,
    "BEL": 1.23844003677368,
    "BEN": 0.406010001897812,
    "BFA": 0.514786457894015,
    "BGD": 0.696338147101824,
    "BGR": 1.21614003181457,
    "BIH": 1.29071998596191,
    "BLR": 1.24792498716884,
    "BLZ": 1.38615277049683,
    "BRA": 1.24293994903564,
    "BRN": 1.45308005809784,
    "BWA": 1.26654397181374,
    "CAN": 1.27597999572754,
    "CHE": 1.03004002571106,
    "CHL": 1.10243999958038,
    "CHN": 1.17067411309783,
    "CIV": 0.631504102009057,
    "CMR": 0.799478282516135,
    "COL": 1.13446998596191,
    "CRI": 1.23074996471405,
    "CUB": 1.27781269014136,
    "CYP": 1.29230999946594,
    "CZE": 1.28895998001099,
    "DEU": 0.976199984550476,
    "DNK": 1.28112995624542,
    "DOM": 1.45291270803255,
    "DZA": 1.38746474740545,
    "ECU": 1.1383041465476,
    "EGY": 0.975560009479523,
    "ERI": 0.646799981594086,
    "ESP": 1.16184997558594,
    "EST": 1.33205997943878,
    "FIN": 1.17013001441956,
    "FJI": 1.12559192710698,
    "FRA": 1.19532001018524,
    "GBR": 1.24375998973846,
    "GEO": 1.15533999842714,
    "GHA": 0.680672156436713,
    "GTM": 1.14973336229391,
    "HND": 1.27361560306455,
    "HRV": 1.25069999694824,
    "HUN": 1.2126100063324,
    "IDN": 1.11656088025752,
    "IND": 0.972092377543421,
    "IRL": 1.08115005493164,
    "IRN": 0.884039998054504,
    "ISL": 1.4431699514389,
    "ISR": 1.27079999446869,
    "ITA": 1.26723003387451,
    "JAM": 1.42249157083503,
    "JOR": 1.20418849874213,
    "JPN": 0.941860020160675,
    "KAZ": 1.18964992323791,
    "KEN": 0.698813895621503,
    "KGZ": 1.17997103497181,
    "KHM": 0.79112421751144,
    "KOR": 0.78329998254776,
    "KWT": 1.50247774975193,
    "LAO": 0.962548723950486,
    "LBN": 1.08445927656354,
    "LKA": 1.36038648035952,
    "LSO": 1.3184913786934,
    "LTU": 1.28677999973297,
    "LUX": 1.06951999664307,
    "LVA": 1.35910999774933,
    "MAR": 0.965267889728383,
    "MDA": 1.23233461746055,
    "MDG": 0.925341113364168,
    "MEX": 0.98760998249054,
    "MKD": 1.20355999469757,
    "MLI": 0.423437384041241,
    "MNE": 1.18450999259949,
    "MNG": 1.27602005004883,
    "MOZ": 0.723086425206819,
    "MRT": 0.445628676603527,
    "MWI": 1.129699573335,
    "MYS": 1.29040912043968,
    "NAM": 1.41903949935026,
    "NER": 0.4841766722648,
    "NLD": 1.11700999736786,
    "NOR": 1.31605005264282,
    "NPL": 1.07441869382178,
    "NZL": 1.29209005832672,
    "OMN": 1.40032746178283,
    "PAK": 0.882108987223295,
    "PAN": 1.36857150452231,
    "PHL": 1.24458682970185,
    "POL": 1.33297002315521,
    "PRI": 1.28347257018626,
    "PRK": 0.552709996700287,
    "PRT": 1.15181994438171,
    "PSE": 1.3320523280598,
    "QAT": 1.86222501957573,
    "ROU": 1.19077003002167,
    "RUS": 1.16147785294803,
    "RWA": 0.77747636142129,
    "SAU": 1.2624527807749,
    "SDN": 1.00426995754242,
    "SEN": 0.599539679796598,
    "SLV": 1.16070696496657,
    "SRB": 1.26757001876831,
    "SVK": 1.34932005405426,
    "SVN": 1.31642997264862,
    "SWE": 1.34992003440857,
    "SYR": 1.11324000358581,
    "TCD": 0.293529432526759,
    "TGO": 0.433677697152092,
    "THA": 1.29571046937733,
    "TJK": 0.612169981002808,
    "TUN": 1.38762998580933,
    "TUR": 0.889419972896576,
    "TZA": 0.531587797413585,
    "UKR": 1.14066161297126,
    "USA": 1.26267004013062,
    "UZB": 0.623273325846433,
    "VNM": 0.98100050263471,
    "ZAF": 1.29664918603858,
    "ZWE": 0.805664505652891
  },
  "stats": {
    "coverage": 125,
    "min": 0.293529432526759,
    "max": 1.86222501957573,
    "median": 1.17067411309783,
    "quantileBreaks": [
      0.293529432526759,
      0.7161514167538715,
      0.983833136858637,
      1.1500314454493101,
      1.2156357424599742,
      1.2760028839111341,
      1.3323199919291886,
      1.86222501957573
    ]
  },
  "formatting": {
    "maximumFractionDigits": 2,
    "suffix": " ratio"
  },
  "source": {
    "provider": "World Bank",
    "dataset": "World Development Indicators",
    "attribution": "The World Bank",
    "sourceReference": "https://api.worldbank.org/v2/indicator/SE.ENR.TERT.FM.ZS?format=json&per_page=1",
    "valuesReference": "https://api.worldbank.org/v2/country/all/indicator/SE.ENR.TERT.FM.ZS?format=json&per_page=20000&page=1&date=2015%3A2025",
    "license": "Creative Commons Attribution 4.0 International unless specifically labeled otherwise by World Bank metadata",
    "licenseReference": "https://www.worldbank.org/en/about/legal/terms-of-use-for-datasets",
    "retrievedAt": "2026-06-22T18:06:44.637275+00:00",
    "checksum": "6cc0582a33d7564f45ae5e3de18e3e38cf64a39fbeff6986f71e99e102e25024",
    "sourceOrganization": "Data API, UN Educational, Scientific and Cultural Organization (UNESCO), uri: https://databrowser.uis.unesco.org/resources, note: The data are obtained through the UIS API.  Detailed documentation is available at: https://api.uis.unesco.org/api/public/documentation/, publisher: UNESCO Institute for Statistics (UIS), date accessed: 2026-03-19, date published: 2026-02"
  },
  "reviewStatus": "approved",
  "contentVersion": "2026.06.22-exp2-qa1",
  "editorial": {
    "shortHook": "A candidate map for tertiary enrollment gender parity.",
    "patternNote": "The darkest countries include Qatar, Kuwait, Brunei Darussalam, while the lightest include Chad, Burundi, Benin; that contrast is the fastest way to read the tertiary enrollment gender parity pattern.",
    "whyItMatters": "Tertiary enrollment gender parity may add useful WORLDPRINT variety once source coverage, unit clarity, map interest, and distractor ambiguity are reviewed.",
    "bestProbeCountries": [
      {
        "iso3": "QAT",
        "reason": "High anchor: this country sits near the darkest end of the map."
      },
      {
        "iso3": "TCD",
        "reason": "Low anchor: this country clarifies the lightest end of the scale."
      },
      {
        "iso3": "CHN",
        "reason": "Middle check: this country helps separate a true pattern from one-off outliers."
      }
    ],
    "commonConfusions": [
      {
        "confusedWithIndicatorCode": "NV.AGR.TOTL.ZS",
        "reason": "Agriculture value added overlaps with part of the visible pattern, but the full country spread does not match."
      },
      {
        "confusedWithIndicatorCode": "SL.EMP.VULN.ZS",
        "reason": "Vulnerable employment overlaps with part of the visible pattern, but the full country spread does not match."
      },
      {
        "confusedWithIndicatorCode": "SL.EMP.WORK.ZS",
        "reason": "Wage and salaried workers overlaps with part of the visible pattern, but the full country spread does not match."
      }
    ],
    "difficultyReason": "Expert difficulty: the map can be mistaken for adjacent indicators unless players probe a high, low, and middle country.",
    "regionalSignals": [
      "Education indicators can be shaped by enrollment systems and data coverage.",
      "Compare youth-heavy countries with higher-income service economies."
    ]
  },
  "editorialReview": {
    "status": "needs_review",
    "reviewedAt": "2026-06-22",
    "reviewedBy": "pipeline-default-needs-review",
    "qualityScore": 2,
    "funScore": 2,
    "fairnessScore": 2,
    "ambiguityRisk": "medium",