{
  "schemaVersion": "1.1.0",
  "id": "tertiary-enrollment",
  "providerCode": "SE.TER.ENRR",
  "title": "School enrollment, tertiary (% gross)",
  "shortTitle": "Tertiary enrollment",
  "category": "education",
  "difficulty": "expert",
  "definition": "Gross enrollment ratio is the ratio of total enrollment, regardless of age, to the population of the age group that officially corresponds to the level of education shown. Tertiary education, whether or not to an advanced research qualification, normally requires, as a minimum condition of admission, the successful completion of education at the secondary level.",
  "unit": "gross enrollment ratio",
  "year": 2015,
  "valuesByIso3": {
    "AGO": 8.78320868033121,
    "ALB": 61.9608485481051,
    "ARG": 83.75569332589,
    "ARM": 48.7313687040259,
    "AUS": 119.679389953613,
    "AUT": 82.2563095092773,
    "AZE": 25.4831961094662,
    "BDI": 5.25856537918645,
    "BEL": 76.423942565918,
    "BEN": 12.4851799011231,
    "BFA": 4.90356866333498,
    "BGD": 15.5739926180902,
    "BGR": 78.2999572753906,
    "BIH": 55.5336608886719,
    "BLR": 93.7888271999214,
    "BLZ": 23.4350622690571,
    "BRA": 49.0805015563965,
    "BRN": 28.6641292572021,
    "BWA": 26.8692925538756,
    "CAN": 67.2690963745117,
    "CHE": 60.8185615539551,
    "CHL": 86.4181137084961,
    "CHN": 47.1192619330726,
    "CIV": 8.46433224598306,
    "CMR": 17.2970758627753,
    "COL": 54.7961311340332,
    "CRI": 51.2845802307129,
    "CUB": 36.7510276842099,
    "CYP": 59.8640594482422,
    "CZE": 67.2303619384766,
    "DEU": 68.23291015625,
    "DNK": 83.300407409668,
    "DOM": 51.7471143700009,
    "DZA": 38.2444735695552,
    "ECU": 44.5371492743653,
    "EGY": 32.8848991394043,
    "ERI": 3.51574993133545,
    "ESP": 88.5305328369141,
    "EST": 74.5832824707031,
    "FIN": 89.6573791503906,
    "FJI": 68.4167953525995,
    "FRA": 62.7859306335449,
    "GBR": 56.4461288452148,
    "GEO": 51.9050659422441,
    "GHA": 15.5618871637579,
    "GTM": 21.9573684260954,
    "HND": 20.3152639116671,
    "HRV": 68.4413986206055,
    "HUN": 50.9797401428223,
    "IDN": 32.4590200433758,
    "IND": 27.2845677075978,
    "IRL": 77.2321472167969,
    "IRN": 70.6858520507812,
    "ISL": 75.6419982910156,
    "ISR": 61.6271781921387,
    "ITA": 60.941291809082,
    "JAM": 26.2334142821948,
    "JOR": 36.6284278762539,
    "JPN": 62.4498481750488,
    "KAZ": 48.3464575023644,
    "KEN": 9.25319496188721,
    "KGZ": 46.5495890237956,
    "KHM": 13.615484963166,
    "KOR": 93.9676513671875,
    "KWT": 58.9434554973822,
    "LAO": 18.1574846273063,
    "LBN": 39.2905242294107,
    "LKA": 18.1726459197686,
    "LSO": 9.72517754374624,
    "LTU": 72.1163330078125,
    "LUX": 20.2907104492188,
    "LVA": 74.2998809814453,
    "MAR": 28.5519130573154,
    "MDA": 52.1000519119307,
    "MDG": 4.65904652237845,
    "MEX": 31.9718608856201,
    "MKD": 42.0811805725098,
    "MLI": 5.12750941173932,
    "MNE": 63.9372711181641,
    "MNG": 70.3587265014648,
    "MOZ": 6.73181717702859,
    "MRT": 5.88425001273035,
    "MWI": 0.809801002249246,
    "MYS": 44.289909239243,
    "NAM": 19.6551504993361,
    "NER": 3.24257822413642,
    "NLD": 80.1601486206055,
    "NOR": 79.206428527832,
    "NPL": 12.282886814704,
    "NZL": 82.1818466186523,
    "OMN": 45.1898945959512,
    "PAK": 8.43556648904153,
    "PAN": 47.5819435584313,
    "PHL": 35.8745887819664,
    "POL": 69.3731994628906,
    "PRI": 100.706557185143,
    "PRK": 27.9393501281738,
    "PRT": 61.7960205078125,
    "PSE": 46.0871831764203,
    "QAT": 15.9339905308662,
    "ROU": 49.3609886169434,
    "RUS": 84.2355651240256,
    "RWA": 7.53124856448318,
    "SAU": 57.0892771397236,
    "SDN": 15.8645696640015,
    "SEN": 10.8409366679467,
    "SLV": 27.3929262374809,
    "SRB": 58.2876892089844,
    "SVK": 52.7206687927246,
    "SVN": 82.1997833251953,
    "SWE": 66.4283218383789,
    "SYR": 47.8358993530273,
    "TCD": 3.22750677590433,
    "TGO": 10.8146472215817,
    "THA": 45.713134717198,
    "TJK": 26.0669097900391,
    "TUN": 33.373851776123,
    "TUR": 95.5645065307617,
    "TZA": 3.98361077132501,
    "UKR": 76.8646556476929,
    "URY": 57.7897211461691,
    "USA": 88.8894119262695,
    "UZB": 8.05320814639575,
    "VNM": 29.7250797402999,
    "ZAF": 19.0332949537661,
    "ZWE": 11.0489020370076
  },
  "stats": {
    "coverage": 126,
    "min": 0.809801002249246,
    "max": 119.679389953613,
    "median": 46.8344254784341,
    "quantileBreaks": [
      0.809801002249246,
      10.659008696176635,
      23.0128640282109,
      37.604425332978636,
      51.48280914755061,
      62.54587173461911,
      77.38469151088171,
      119.679389953613
    ]
  },
  "formatting": {
    "maximumFractionDigits": 1,
    "suffix": "%"
  },
  "source": {
    "provider": "World Bank",
    "dataset": "World Development Indicators",
    "attribution": "The World Bank",
    "sourceReference": "https://api.worldbank.org/v2/indicator/SE.TER.ENRR?format=json&per_page=1",
    "valuesReference": "https://api.worldbank.org/v2/country/all/indicator/SE.TER.ENRR?format=json&per_page=20000&page=1&date=2015%3A2025",
    "license": "Creative Commons Attribution 4.0 International unless specifically labeled otherwise by World Bank metadata",
    "licenseReference": "https://www.worldbank.org/en/about/legal/terms-of-use-for-datasets",
    "retrievedAt": "2026-06-22T18:05:42.538940+00:00",
    "checksum": "1897129c75291e3db7082f84b983f9b6f0fb6a2dcc20850676e5cb0bbc713160",
    "sourceOrganization": "Data API, UN Educational, Scientific and Cultural Organization (UNESCO), uri: https://databrowser.uis.unesco.org/resources, note: The data are obtained through the UIS API.  Detailed documentation is available at: https://api.uis.unesco.org/api/public/documentation/, publisher: UNESCO Institute for Statistics (UIS), type: Bulk file (csv), date accessed: 2026-03-19, date published: 2026-02"
  },
  "reviewStatus": "approved",
  "contentVersion": "2026.06.22-exp2-qa1",
  "editorial": {
    "shortHook": "A higher-education map with rich-country and city-state clues.",
    "patternNote": "The darkest countries include Australia, Puerto Rico (US), Turkiye, while the lightest include Malawi, Chad, Niger; that contrast is the fastest way to read the tertiary enrollment pattern.",
    "whyItMatters": "Tertiary enrollment reveals where advanced education systems reach a large share of young adults.",
    "bestProbeCountries": [
      {
        "iso3": "AUS",
        "reason": "High anchor: this country sits near the darkest end of the map."
      },
      {
        "iso3": "MWI",
        "reason": "Low anchor: this country clarifies the lightest end of the scale."
      },
      {
        "iso3": "CHN",
        "reason": "Middle check: this country helps separate a true pattern from one-off outliers."
      }
    ],
    "commonConfusions": [
      {
        "confusedWithIndicatorCode": "SH.XPD.CHEX.PC.CD",
        "reason": "Health spending per person can tempt players because it shares a strong country ranking with this map, but its unit and definition point to a different story."
      },
      {
        "confusedWithIndicatorCode": "SH.STA.MMRT",
        "reason": "Maternal mortality can tempt players because it shares a strong country ranking with this map, but its unit and definition point to a different story."
      },
      {
        "confusedWithIndicatorCode": "SP.DYN.IMRT.IN",
        "reason": "Infant mortality can tempt players because it shares a strong country ranking with this map, but its unit and definition point to a different story."
      }
    ],
    "difficultyReason": "Expert difficulty: the map can be mistaken for adjacent indicators unless players probe a high, low, and middle country.",
    "regionalSignals": [
      "Education indicators can be shaped by enrollment systems and data coverage.",
      "Compare youth-heavy countries with higher-income service economies."
    ]
  },