{
  "schemaVersion": "1.1.0",
  "id": "tourism-expenditures-share",
  "providerCode": "ST.INT.XPND.MP.ZS",
  "title": "International tourism, expenditures (% of total imports)",
  "shortTitle": "Tourism expenditures",
  "category": "economy",
  "difficulty": "expert",
  "definition": "International tourism expenditures are expenditures of international outbound visitors in other countries, including payments to foreign carriers for international transport. These expenditures may include those by residents traveling abroad as same-day visitors, except in cases where these are important enough to justify separate classification. For some countries they do not include expenditures for passenger transport items. Their share in imports is calculated as a ratio to imports of goods and services, which comprise all transactions between residents of a country and the rest of the world involving a change of ownership from nonresidents to residents of general merchandise, goods sent for processing and repairs, nonmonetary gold, and services.",
  "unit": "percent of total imports",
  "year": 2019,
  "valuesByIso3": {
    "AFG": 2.27925799913782,
    "AGO": 3.215343435747,
    "ALB": 26.7405364956152,
    "ARG": 14.78807039331,
    "ARM": 20.349371369331,
    "AUS": 13.7298469365232,
    "AUT": 6.00243423524769,
    "AZE": 10.2789689798597,
    "BEL": 4.74179105046664,
    "BEN": 3.01862169950501,
    "BFA": 3.68692808492164,
    "BGD": 2.16241811992912,
    "BGR": 5.25972906167967,
    "BHS": 10.6206782368945,
    "BIH": 3.52278363330369,
    "BLR": 2.88947777025289,
    "BLZ": 3.7732946139599,
    "BOL": 9.29140480956828,
    "BRA": 7.90992082494146,
    "BTN": 5.44837169242115,
    "BWA": 3.82937333515601,
    "CHE": 5.0286208263831,
    "CHL": 3.81664247847725,
    "CIV": 5.45004598513617,
    "CMR": 10.8305607243546,
    "COL": 8.64183808616209,
    "CRI": 6.5639824274372,
    "CYP": 8.15222763130386,
    "CZE": 3.51989048539688,
    "DEU": 6.9433716914942,
    "DOM": 4.32194405936557,
    "DZA": 1.23481841612494,
    "ECU": 6.27885736657068,
    "EGY": 4.70926197074634,
    "EST": 8.30279589050058,
    "ETH": 3.437835179193,
    "FIN": 6.4139684134942,
    "FJI": 5.42716095897172,
    "FRA": 6.6275541210039,
    "GEO": 10.0699549645799,
    "GHA": 5.12853698141934,
    "GIN": 9.7104233698294,
    "GMB": 1.56116249874128,
    "GNB": 17.7019534449713,
    "GRC": 5.06177767754507,
    "GTM": 5.24003904637393,
    "HND": 5.53914945009681,
    "HRV": 5.6959711703352,
    "HTI": 11.4652098915271,
    "HUN": 2.57787012080669,
    "IDN": 7.07486623870463,
    "IND": 4.61593252634138,
    "IRL": 1.58697128551337,
    "IRQ": 15.1143084425691,
    "ISR": 9.49400924269992,
    "ITA": 6.66460255993349,
    "JAM": 6.1142107060327,
    "JOR": 7.14364956557371,
    "JPN": 3.19146748685631,
    "KAZ": 5.61128975014798,
    "KGZ": 9.15313732984512,
    "KHM": 4.55408729770225,
    "KOR": 5.816736346578,
    "KWT": 26.5515754378734,
    "LAO": 13.6868446048145,
    "LBN": 20.8529410133,
    "LKA": 9.91776309490191,
    "LSO": 14.434071790583,
    "LUX": 2.77150416114685,
    "MAR": 5.73410607580343,
    "MDA": 7.24862480421903,
    "MDG": 6.80956059759793,
    "MEX": 2.41475792173468,
    "MKD": 3.14405275571274,
    "MMR": 1.23299325501045,
    "MNE": 1.99989456949972,
    "MNG": 11.2009910356324,
    "MOZ": 1.01152994956997,
    "MRT": 1.52052484916977,
    "MWI": 5.97124435748022,
    "MYS": 6.49435174208097,
    "NAM": 2.03161583672827,
    "NER": 4.25623682283509,
    "NGA": 16.2725326545525,
    "NIC": 4.99080220747021,
    "NLD": 3.22134573135017,
    "NOR": 12.6117218759687,
    "NPL": 5.15310843006847,
    "OMN": 10.4579401014183,
    "PAK": 5.17109832783101,
    "PAN": 5.93366862148688,
    "PER": 6.98110659606338,
    "PHL": 9.86618672767895,
    "POL": 3.44286624290148,
    "PRT": 6.61025110384053,
    "PRY": 3.95776331984678,
    "PSE": 9.97678736600613,
    "QAT": 18.7629792381564,
    "ROU": 6.43575979934713,
    "RUS": 11.5254847991652,
    "RWA": 10.2430781524613,
    "SAU": 7.17031675205525,
    "SLB": 8.30113863663361,
    "SLE": 5.11405475750475,
    "SLV": 4.04215496128452,
    "SRB": 6.39255952330521,
    "SUR": 3.89602598949051,
    "SVK": 2.8887316039172,
    "SVN": 4.3414919662339,
    "SWZ": 1.7155247815218,
    "TGO": 2.69823046052656,
    "THA": 5.48654885427213,
    "TJK": 0.833129255578488,
    "TLS": 10.49333201178,
    "TTO": 1.67076470955124,
    "TUN": 5.03480077659994,
    "TUR": 2.34949249382348,
    "TZA": 7.09561320576261,
    "UGA": 6.08510961477584,
    "UKR": 11.7094140691759,
    "URY": 10.4627095509949,
    "USA": 5.97677499094229,
    "UZB": 10.3544017255994,
    "VNM": 2.46863804585547,
    "VUT": 6.5164900676397,
    "ZAF": 5.64610913347343,
    "ZMB": 6.35911419936584,
    "ZWE": 4.7606986272744
  },
  "stats": {
    "coverage": 128,
    "min": 0.833129255578488,
    "max": 26.7405364956152,
    "median": 5.775421211190714,
    "quantileBreaks": [
      0.833129255578488,
      2.7882509386854712,
      4.103321207441826,
      5.331485589090548,
      6.37822581304548,
      8.08299711520032,
      10.602485919021,
      26.7405364956152
    ]
  },
  "formatting": {
    "maximumFractionDigits": 1,
    "suffix": "% of imports"
  },
  "source": {
    "provider": "World Bank",
    "dataset": "World Development Indicators",
    "attribution": "The World Bank",
    "sourceReference": "https://api.worldbank.org/v2/indicator/ST.INT.XPND.MP.ZS?format=json&per_page=1",
    "valuesReference": "https://api.worldbank.org/v2/country/all/indicator/ST.INT.XPND.MP.ZS?format=json&per_page=20000&page=1&date=2015%3A2025",
    "license": "Creative Commons Attribution 4.0 International unless specifically labeled otherwise by World Bank metadata",
    "licenseReference": "https://www.worldbank.org/en/about/legal/terms-of-use-for-datasets",
    "retrievedAt": "2026-06-27T17:15:22.269533+00:00",
    "checksum": "25accd1ed0c663a413a378f49af27e96281cda6e7bc8b9022ebe6990f704b08d",
    "sourceOrganization": "Yearbook of Tourism Statistics, Compendium of Tourism Statistics and data files, UN Tourism;\nIMF imports estimates, International Monetary Fund (IMF);\nWorld Bank imports estimates, World Bank (WB)"
  },
  "reviewStatus": "approved",
  "contentVersion": "2026.06.22-exp2-qa1",
  "editorial": {
    "shortHook": "A candidate map for tourism expenditures.",
    "patternNote": "The darkest countries include Albania, Kuwait, Lebanon, while the lightest include Tajikistan, Mozambique, Myanmar; that contrast is the fastest way to read the tourism expenditures pattern.",
    "whyItMatters": "Tourism expenditures may add useful WORLDPRINT variety once source coverage, unit clarity, map interest, and distractor ambiguity are reviewed.",
    "bestProbeCountries": [
      {
        "iso3": "ALB",
        "reason": "High anchor: this country sits near the darkest end of the map."
      },
      {
        "iso3": "TJK",
        "reason": "Low anchor: this country clarifies the lightest end of the scale."
      },
      {
        "iso3": "KOR",
        "reason": "Middle check: this country helps separate a true pattern from one-off outliers."
      }
    ],
    "commonConfusions": [
      {
        "confusedWithIndicatorCode": "ER.H2O.FWST.ZS",
        "reason": "Water stress overlaps with part of the visible pattern, but the full country spread does not match."
      },
      {
        "confusedWithIndicatorCode": "SE.ENR.TERT.FM.ZS",
        "reason": "Tertiary enrollment gender parity overlaps with part of the visible pattern, but the full country spread does not match."
      },
      {
        "confusedWithIndicatorCode": "EN.GHG.ALL.PC.CE.AR5",
        "reason": "Greenhouse gas emissions per capita overlaps with part of the visible pattern, but the full country spread does not match."
      }
    ],
    "difficultyReason": "Expert difficulty: the map can be mistaken for adjacent indicators unless players probe a high, low, and middle country.",