{
  "schemaVersion": "1.1.0",
  "id": "tourism-receipts-share",
  "providerCode": "ST.INT.RCPT.XP.ZS",
  "title": "International tourism, receipts (% of total exports)",
  "shortTitle": "Tourism receipts",
  "category": "economy",
  "difficulty": "expert",
  "definition": "International tourism receipts are expenditures by international inbound visitors, including payments to national carriers for international transport. These receipts include any other prepayment made for goods or services received in the destination country. They also may include receipts from same-day visitors, except when these are important enough to justify separate classification. For some countries they do not include receipts for passenger transport items. Their share in exports is calculated as a ratio to exports of goods and services, which comprise all transactions between residents of a country and the rest of the world involving a change of ownership from residents to nonresidents of general merchandise, goods sent for processing and repairs, nonmonetary gold, and services.",
  "unit": "percent of total exports",
  "year": 2018,
  "valuesByIso3": {
    "AFG": 3.1066088353063,
    "AGO": 1.3457717330498,
    "ALB": 48.1951679829471,
    "ARG": 7.7764503654143,
    "ARM": 27.5622585097933,
    "AUS": 14.4577634132986,
    "AUT": 10.0859157962054,
    "AZE": 11.1018339663989,
    "BEL": 2.28597339362071,
    "BEN": 4.5482669293252,
    "BFA": 3.96777779610206,
    "BGD": 0.809009437610101,
    "BGR": 11.6359780486734,
    "BHS": 79.0423234348996,
    "BIH": 13.3489974548187,
    "BLR": 2.88872380393586,
    "BOL": 9.11625589534539,
    "BRA": 2.31171871170052,
    "BRN": 2.69850388505865,
    "BTN": 15.4018063887954,
    "BWA": 7.75589586882507,
    "CHE": 4.31117325144219,
    "CHL": 4.65241781550272,
    "CIV": 4.21111668899684,
    "CMR": 8.66995237929682,
    "COD": 0.376205306165348,
    "COL": 12.3873830529324,
    "CRI": 18.9608711422689,
    "CYP": 17.9896321359446,
    "CZE": 4.30866603509115,
    "DEU": 3.43057659222288,
    "DJI": 1.24915956905024,
    "DNK": 4.49513143884501,
    "DOM": 37.7075260451732,
    "DZA": 0.44269400560344,
    "ECU": 8.93789323478461,
    "EGY": 24.6108510877487,
    "EST": 10.2265168981389,
    "ETH": 46.5352282793682,
    "FIN": 5.3769330102512,
    "FJI": 51.496828713482,
    "FRA": 8.02725985500953,
    "GEO": 39.5431186389124,
    "GHA": 4.42376536974521,
    "GIN": 0.115222055200318,
    "GMB": 47.9982512534346,
    "GNB": 5.25724044935165,
    "GRC": 26.3766965912667,
    "GTM": 9.25094836368247,
    "HND": 8.36304800277512,
    "HRV": 37.0168427315027,
    "HTI": 34.8377700548809,
    "HUN": 7.15091285498883,
    "IDN": 8.45318976671235,
    "IND": 5.42657307048889,
    "IRL": 3.06833887331852,
    "IRQ": 2.16032293890942,
    "ISR": 7.22625227054988,
    "ITA": 7.86547901108261,
    "JOR": 41.218667761623,
    "JPN": 4.86928999618968,
    "KAZ": 3.99576575701656,
    "KEN": 15.4271153124745,
    "KGZ": 18.9436719036374,
    "KHM": 26.2409950521192,
    "KOR": 3.16517431474195,
    "KWT": 1.07865245178357,
    "LAO": 13.0295254709472,
    "LBN": 45.3738610923508,
    "LKA": 27.6749773558156,
    "LUX": 4.03548024833654,
    "MAR": 22.0098212261765,
    "MDA": 14.4823011797283,
    "MDG": 19.9432960036249,
    "MEX": 4.84466653434979,
    "MKD": 5.0828316525023,
    "MLI": 5.51808960010454,
    "MMR": 10.6181329827517,
    "MNE": 52.1634671601858,
    "MNG": 6.81877429502399,
    "MOZ": 4.85639949737129,
    "MRT": 0.291008929085353,
    "MWI": 4.77045850314648,
    "MYS": 8.85573079912665,
    "NAM": 9.85484746099805,
    "NER": 7.86216057724101,
    "NGA": 2.99369467648763,
    "NLD": 2.95638671423773,
    "NOR": 4.40232890303674,
    "NPL": 27.6366451416176,
    "NZL": 18.8272898794743,
    "OMN": 6.20448011482535,
    "PAK": 2.74574498885293,
    "PAN": 25.227445595528,
    "PER": 8.1357906272809,
    "PHL": 10.7497931353176,
    "PNG": 0.0418462815408546,
    "POL": 5.01287912937085,
    "PRT": 22.9393070307826,
    "PRY": 2.56738272535982,
    "PSE": 9.43033102386451,
    "QAT": 14.8584760608804,
    "ROU": 3.83839222639913,
    "RUS": 3.68392450768582,
    "RWA": 26.7709909277257,
    "SAU": 5.37232836978549,
    "SDN": 20.8779243729127,
    "SEN": 10.5351999576054,
    "SLB": 13.5163585923295,
    "SLE": 5.49166592820223,
    "SLV": 18.109764027791,
    "SRB": 7.7742763859184,
    "SSD": 0.387776007652113,
    "SUR": 3.26499563893772,
    "SVK": 3.28165125715576,
    "SVN": 7.35091568881243,
    "SWZ": 0.863457196239611,
    "TGO": 15.7965073874103,
    "THA": 18.6811954534957,
    "TJK": 15.3100704144908,
    "TLS": 64.0015153353889,
    "TTO": 4.67590876123427,
    "TUN": 16.9418261648048,
    "TUR": 15.0548942421403,
    "TZA": 29.6723965447437,
    "UGA": 25.6677091458528,
    "UKR": 3.8342599320682,
    "URY": 15.6979375196259,
    "USA": 9.50977410042199,
    "UZB": 9.29598328758046,
    "VNM": 3.89960829827361,
    "VUT": 82.8934780952348,
    "ZAF": 8.78939330374629,
    "ZWE": 3.68857310041903
  },
  "stats": {
    "coverage": 134,
    "min": 0.0418462815408546,
    "max": 82.8934780952348,
    "median": 8.24941931502801,
    "quantileBreaks": [
      0.0418462815408546,
      2.99369467648763,
      4.42376536974521,
      7.15091285498883,
      9.43033102386451,
      15.4018063887954,
      26.3766965912667,
      82.8934780952348
    ]
  },
  "formatting": {
    "maximumFractionDigits": 1,
    "suffix": "% of exports"
  },
  "source": {
    "provider": "World Bank",
    "dataset": "World Development Indicators",
    "attribution": "The World Bank",
    "sourceReference": "https://api.worldbank.org/v2/indicator/ST.INT.RCPT.XP.ZS?format=json&per_page=1",
    "valuesReference": "https://api.worldbank.org/v2/country/all/indicator/ST.INT.RCPT.XP.ZS?format=json&per_page=20000&page=1&date=2015%3A2025",
    "license": "Creative Commons Attribution 4.0 International unless specifically labeled otherwise by World Bank metadata",
    "licenseReference": "https://www.worldbank.org/en/about/legal/terms-of-use-for-datasets",
    "retrievedAt": "2026-07-02T22:21:02.044797+00:00",
    "checksum": "44269580bf5003ea9d0a724e038391f7df264365f4161477a89a4d8a338e2d98",
    "sourceOrganization": "Yearbook of Tourism Statistics, Compendium of Tourism Statistics and data files, UN Tourism;\nIMF exports estimates, International Monetary Fund (IMF);\nWorld Bank exports estimates, World Bank (WB)"
  },
  "reviewStatus": "approved",
  "contentVersion": "2026.07.02-exp4-content50",
  "editorial": {
    "shortHook": "A tourism-dependence map, not a visitor-count map.",
    "patternNote": "The darkest countries include Vanuatu, Bahamas, The, Timor-Leste, while the lightest include Papua New Guinea, Guinea, Mauritania; that contrast is the fastest way to read the tourism receipts pattern.",
    "whyItMatters": "Tourism receipts as an export share reveals economies where visitors are central to external income.",
    "bestProbeCountries": [
      {
        "iso3": "VUT",
        "reason": "High anchor: this country sits near the darkest end of the map."
      },
      {
        "iso3": "PNG",
        "reason": "Low anchor: this country clarifies the lightest end of the scale."
      },
      {
        "iso3": "HND",
        "reason": "Middle check: this country helps separate a true pattern from one-off outliers."
      }
    ],
    "commonConfusions": [
      {
        "confusedWithIndicatorCode": "BX.GSR.TRVL.ZS",
        "reason": "Travel service exports lives in the same category, so it can feel plausible until the high and low countries are checked."
      },
      {
        "confusedWithIndicatorCode": "BX.GSR.CMCP.ZS",
        "reason": "Communications service exports overlaps with part of the visible pattern, but the full country spread does not match."
      },
      {
        "confusedWithIndicatorCode": "NE.CON.PRVT.ZS",