{
  "schemaVersion": "1.1.0",
  "id": "trade-share",
  "providerCode": "NE.TRD.GNFS.ZS",
  "title": "Trade (% of GDP)",
  "shortTitle": "Trade",
  "category": "economy",
  "difficulty": "standard",
  "definition": "Trade is the sum of exports and imports of goods and services. This indicator is expressed as a percentage of Gross Domestic Product (GDP) which is the total income earned through the production of goods and services in an economic territory during an accounting period.",
  "unit": "percent of GDP",
  "year": 2024,
  "valuesByIso3": {
    "AGO": 50.8422305562091,
    "ALB": 79.4546360752224,
    "ARG": 27.929760849367,
    "ARM": 150.064726588742,
    "AUS": 47.1453811065195,
    "AUT": 108.825777834405,
    "AZE": 82.6898691594703,
    "BEL": 158.931826338067,
    "BEN": 40.6398022401523,
    "BFA": 60.5024222912348,
    "BGD": 26.7780758040478,
    "BGR": 110.22631455921,
    "BHS": 79.2424586933455,
    "BIH": 95.1562957108171,
    "BLR": 131.91792910245,
    "BLZ": 108.972446521476,
    "BOL": 46.9778716148403,
    "BRA": 35.5845239385389,
    "BRN": 132.587439642245,
    "BWA": 71.1052579052124,
    "CAF": 46.4318999802251,
    "CAN": 65.1499212653783,
    "CHE": 134.09514852061,
    "CHL": 63.859857248066,
    "CHN": 37.1984201388065,
    "CIV": 51.2640379409119,
    "CMR": 34.4031785915423,
    "COD": 100.554088317275,
    "COG": 93.1881220839752,
    "COL": 37.0254687077888,
    "CRI": 71.3310137687617,
    "CUB": 124.863238865053,
    "CYP": 190.40287092076,
    "CZE": 131.484981069952,
    "DEU": 79.0907305894936,
    "DJI": 241.237463098287,
    "DNK": 131.765030975207,
    "DOM": 51.7835143952326,
    "DZA": 40.1345741170703,
    "ECU": 57.2031395531255,
    "EGY": 39.6007520873733,
    "ESP": 69.9502612382631,
    "EST": 151.037702410455,
    "ETH": 17.4004358583187,
    "FIN": 83.4601015353507,
    "FRA": 68.1081875443744,
    "GAB": 92.0468055151256,
    "GBR": 62.8401605267118,
    "GEO": 103.456471449056,
    "GHA": 69.7884227390592,
    "GIN": 97.7778177312748,
    "GMB": 42.1706172274882,
    "GNB": 38.8065847890015,
    "GNQ": 60.5414510975907,
    "GRC": 89.7765279446168,
    "GTM": 47.344196760267,
    "HND": 91.1101585856976,
    "HRV": 104.912326073253,
    "HTI": 22.2478853726107,
    "HUN": 146.504561505902,
    "IDN": 42.572647301834,
    "IND": 44.6492935069676,
    "IRL": 246.169874857401,
    "IRN": 52.0621306794348,
    "IRQ": 70.7087434748943,
    "ISL": 85.9671932681303,
    "ISR": 54.4520002969727,
    "ITA": 62.8237685119526,
    "JOR": 99.6794477365724,
    "JPN": 46.4069516150859,
    "KAZ": 57.1613431963924,
    "KEN": 40.1860139968756,
    "KGZ": 127.650577802859,
    "KHM": 143.447009703011,
    "KOR": 84.6424951192038,
    "LBY": 128.816175842936,
    "LKA": 42.3975008711047,
    "LTU": 143.04839086338,
    "LUX": 351.267921153192,
    "LVA": 132.262507895925,
    "MAR": 92.1872446062404,
    "MDA": 88.6661154286831,
    "MDG": 54.9795881437152,
    "MEX": 74.5889079825143,
    "MKD": 136.324876175556,
    "MLI": 49.8960414309506,
    "MNE": 109.944104480975,
    "MNG": 138.448379141249,
    "MOZ": 95.659420351194,
    "MRT": 93.5988355881472,
    "MYS": 137.362571161559,
    "NAM": 109.628509818932,
    "NCL": 40.368957724281,
    "NER": 49.9759837351389,
    "NIC": 98.5258377100159,
    "NLD": 153.83065216636,
    "NOR": 81.3635091827243,
    "NPL": 40.5298226771909,
    "NZL": 51.224397222513,
    "OMN": 114.852671522017,
    "PAK": 27.5784683520695,
    "PAN": 83.6737787798304,
    "PER": 51.4758878672647,
    "PHL": 65.8854725286968,
    "POL": 100.359442847164,
    "PRI": 94.6225085555605,
    "PRT": 89.696408854026,
    "PRY": 76.8311565430624,
    "PSE": 81.3136801569531,
    "ROU": 77.2149837939003,
    "RUS": 39.5081647660396,
    "RWA": 69.9544135680561,
    "SAU": 54.6787052668733,
    "SDN": 1.99541210225008,
    "SEN": 68.1405147656211,
    "SLB": 111.352972064455,
    "SLE": 40.5454450452166,
    "SLV": 84.6596461582312,
    "SOM": 130.325060583271,
    "SRB": 111.725028388916,
    "SVK": 171.212800151635,
    "SVN": 155.657928684474,
    "SWE": 105.883091480464,
    "SWZ": 107.480621053879,
    "TCD": 47.8679892951699,
    "THA": 136.747107022451,
    "TKM": 28.7346076303052,
    "TLS": 95.4485021286221,
    "TUN": 106.298549204247,
    "TUR": 54.5988061195916,
    "TZA": 41.5131207208244,
    "UGA": 42.6527889088562,
    "UKR": 77.7530113300514,
    "URY": 52.4649167856379,
    "USA": 25.3786342507088,
    "UZB": 60.7274403812997,
    "VEN": 26.0811657596499,
    "VNM": 173.862024782965,
    "ZAF": 61.646770473025,
    "ZMB": 62.5348874064443,
    "ZWE": 41.4865312656314
  },
  "stats": {
    "coverage": 141,
    "min": 1.99541210225008,
    "max": 351.267921153192,
    "median": 77.2149837939003,
    "quantileBreaks": [
      1.99541210225008,
      40.5454450452166,
      51.4758878672647,
      68.1081875443744,
      84.6424951192038,
      103.456471449056,
      132.262507895925,
      351.267921153192
    ]
  },
  "formatting": {
    "maximumFractionDigits": 1,
    "suffix": "% of GDP"
  },
  "source": {
    "provider": "World Bank",
    "dataset": "World Development Indicators",
    "attribution": "The World Bank",
    "sourceReference": "https://api.worldbank.org/v2/indicator/NE.TRD.GNFS.ZS?format=json&per_page=1",
    "valuesReference": "https://api.worldbank.org/v2/country/all/indicator/NE.TRD.GNFS.ZS?format=json&per_page=20000&page=1&date=2015%3A2025",
    "license": "Creative Commons Attribution 4.0 International unless specifically labeled otherwise by World Bank metadata",
    "licenseReference": "https://www.worldbank.org/en/about/legal/terms-of-use-for-datasets",
    "retrievedAt": "2026-06-19T17:09:19.717800+00:00",
    "checksum": "cbc8eae6dfe1eb2c487ecc76020371eec6b7809bcfea16f55addfcfe76f44d48",
    "sourceOrganization": "Country official statistics, National Statistical Organizations and/or Central Banks;\nNational Accounts data files, Organisation for Economic Co-operation and Development (OECD);\nStaff estimates, World Bank (WB)"
  },
  "reviewStatus": "approved",
  "contentVersion": "2026.06.19-ed1",
  "editorial": {
    "shortHook": "The open-economy map.",
    "patternNote": "The darkest countries include Luxembourg, Ireland, Djibouti, while the lightest include Sudan, Ethiopia, Haiti; that contrast is the fastest way to read the trade pattern.",
    "whyItMatters": "Trade as a GDP share spotlights small, open, port, and manufacturing economies.",
    "bestProbeCountries": [
      {
        "iso3": "LUX",
        "reason": "High anchor: this country sits near the darkest end of the map."
      },
      {
        "iso3": "SDN",
        "reason": "Low anchor: this country clarifies the lightest end of the scale."
      },
      {
        "iso3": "ROU",
        "reason": "Middle check: this country helps separate a true pattern from one-off outliers."
      }
    ],
    "commonConfusions": [
      {
        "confusedWithIndicatorCode": "NE.EXP.GNFS.ZS",
        "reason": "Exports can tempt players because it shares a strong country ranking with this map, but its unit and definition point to a different story."
      },
      {
        "confusedWithIndicatorCode": "NE.IMP.GNFS.ZS",
        "reason": "Imports can tempt players because it shares a strong country ranking with this map, but its unit and definition point to a different story."
      },
      {
        "confusedWithIndicatorCode": "NV.AGR.TOTL.ZS",
        "reason": "Agriculture value added lives in the same category, so it can feel plausible until the high and low countries are checked."
      }
    ],
    "difficultyReason": "Standard difficulty: the map has readable regional structure, but the best answer still depends on checking the unit and country anchors.",
    "regionalSignals": [
      "Economic-share maps are not the same as raw totals.",
      "Small open economies can dominate percentage maps."
    ]
  },
  "editorialReview": {
    "status": "daily_eligible",