{
  "schemaVersion": "1.1.0",
  "id": "trade-share",
  "providerCode": "NE.TRD.GNFS.ZS",
  "title": "Trade (% of GDP)",
  "shortTitle": "Trade",
  "category": "economy",
  "difficulty": "standard",
  "definition": "Trade is the sum of exports and imports of goods and services. This indicator is expressed as a percentage of Gross Domestic Product (GDP) which is the total income earned through the production of goods and services in an economic territory during an accounting period.",
  "unit": "percent of GDP",
  "year": 2025,
  "valuesByIso3": {
    "AGO": 34.6466403704517,
    "ALB": 79.5328146239161,
    "ARG": 30.364633685192,
    "ARM": 101.705936395702,
    "AUS": 45.9014493880126,
    "AUT": 107.01983926573,
    "AZE": 79.8295815452306,
    "BEL": 152.917788719365,
    "BEN": 37.1169356248994,
    "BFA": 65.0029506969427,
    "BGD": 27.9505840425563,
    "BGR": 102.514263507931,
    "BIH": 95.1215717200063,
    "BLR": 112.107625821378,
    "BRA": 35.2914822615074,
    "BRN": 123.609124931602,
    "BWA": 69.5446677858652,
    "CAF": 52.9067459083503,
    "CAN": 63.5105049692227,
    "CHE": 147.162051317959,
    "CHL": 64.984377042281,
    "CHN": 37.9563878652312,
    "CIV": 54.5579069336573,
    "CMR": 33.3842706629963,
    "COD": 87.3342878785207,
    "COG": 91.6690172364453,
    "COL": 35.3689564685036,
    "CRI": 71.4919046503354,
    "CYP": 189.496102105437,
    "CZE": 128.039437374276,
    "DEU": 78.5128112199127,
    "DJI": 206.296043192215,
    "DNK": 129.222304332118,
    "DOM": 51.4949057079303,
    "DZA": 38.9789440161631,
    "ECU": 59.3567812036511,
    "EGY": 51.334347878828,
    "ESP": 69.4508260073781,
    "EST": 155.759916645579,
    "ETH": 33.4597826561314,
    "FIN": 83.3959439712015,
    "FRA": 67.1923772838849,
    "GAB": 84.8918905135603,
    "GBR": 62.4573294634195,
    "GEO": 100.627997400937,
    "GIN": 103.678013340369,
    "GMB": 62.1713935326955,
    "GNB": 40.8792835027354,
    "GNQ": 74.9321719146879,
    "GRC": 83.4516228818392,
    "GTM": 46.527609355823,
    "HND": 91.507337541504,
    "HRV": 100.986286636193,
    "HTI": 15.8854793452678,
    "HUN": 140.779303903333,
    "IDN": 43.3912070511204,
    "IND": 46.2682006859907,
    "IRL": 239.958912343567,
    "IRN": 60.2426223967467,
    "ISL": 82.4877303813374,
    "ISR": 52.9892163743201,
    "ITA": 62.5232263591126,
    "KEN": 37.5210445911226,
    "KGZ": 92.4074476416439,
    "KHM": 136.089748673383,
    "KOR": 86.3616006442431,
    "LBY": 137.658573201308,
    "LKA": 41.8090026525048,
    "LSO": 153.981493548807,
    "LTU": 142.106304695382,
    "LUX": 349.886879178876,
    "LVA": 129.724453873327,
    "MAR": 93.1016567989424,
    "MDA": 92.6661727857921,
    "MDG": 54.2413796011714,
    "MEX": 79.9239525815655,
    "MKD": 133.043033840548,
    "MLI": 48.7722026619492,
    "MNE": 105.773801433894,
    "MNG": 130.707440813275,
    "MOZ": 97.1038097628682,
    "MRT": 94.0242632380265,
    "MWI": 39.3994694717291,
    "MYS": 136.39642032295,
    "NAM": 108.580501173828,
    "NER": 33.9056863589743,
    "NIC": 96.4496947305229,
    "NLD": 150.119970359267,
    "NOR": 79.0528319312867,
    "NPL": 42.5520448428369,
    "PAK": 27.1935373787664,
    "PER": 51.8154829678647,
    "PHL": 66.7936053314343,
    "POL": 97.0301822542829,
    "PRI": 90.4580438617492,
    "PRT": 86.3988769792664,
    "PRY": 76.4780703309698,
    "PSE": 74.7604429402753,
    "ROU": 76.214786342907,
    "RUS": 33.7100508676248,
    "RWA": 56.673349749538,
    "SAU": 57.9182238579808,
    "SDN": 2.38193028387697,
    "SEN": 71.0687063150657,
    "SLE": 49.0960746822456,
    "SLV": 88.1580664327311,
    "SOM": 128.063438809135,
    "SRB": 112.923490609083,
    "SVK": 170.342496403331,
    "SVN": 151.915368839135,
    "SWE": 104.335210186728,
    "TCD": 46.1321498031281,
    "THA": 138.413686011523,
    "TKM": 28.1660712907997,
    "TUN": 101.446205451707,
    "TUR": 49.9346783626928,
    "TZA": 38.9715711395739,
    "UGA": 50.1990176084385,
    "UKR": 77.1802739924807,
    "URY": 49.7171497188849,
    "UZB": 57.4005392040216,
    "VEN": 25.0115313779011,
    "VNM": 190.336808817292,
    "ZAF": 60.9110971393628
  },
  "stats": {
    "coverage": 124,
    "min": 2.38193028387697,
    "max": 349.886879178876,
    "median": 76.82917216172525,
    "quantileBreaks": [
      2.38193028387697,
      38.975784211910586,
      51.971377673648355,
      67.07844244032758,
      83.86312791947378,
      100.93510245972786,
      134.3487687689058,
      349.886879178876
    ]
  },
  "formatting": {
    "maximumFractionDigits": 1,
    "suffix": "% of GDP"
  },
  "source": {
    "provider": "World Bank",
    "dataset": "World Development Indicators",
    "attribution": "The World Bank",
    "sourceReference": "https://api.worldbank.org/v2/indicator/NE.TRD.GNFS.ZS?format=json&per_page=1",
    "valuesReference": "https://api.worldbank.org/v2/country/all/indicator/NE.TRD.GNFS.ZS?format=json&per_page=20000&page=1&date=2015%3A2025",
    "license": "Creative Commons Attribution 4.0 International unless specifically labeled otherwise by World Bank metadata",
    "licenseReference": "https://www.worldbank.org/en/about/legal/terms-of-use-for-datasets",
    "retrievedAt": "2026-07-02T22:14:08.826282+00:00",
    "checksum": "971853aa5410ad9b2ca242f49c253ab53721d747d9264c3bd786758e07cb9125",
    "sourceOrganization": "Country official statistics, National Statistical Organizations and/or Central Banks;\nNational Accounts data files, Organisation for Economic Co-operation and Development (OECD);\nStaff estimates, World Bank (WB)"
  },
  "reviewStatus": "approved",
  "contentVersion": "2026.07.02-exp4-content50",
  "editorial": {
    "shortHook": "The open-economy map.",
    "patternNote": "The darkest countries include Luxembourg, Ireland, Djibouti, while the lightest include Sudan, Haiti, Venezuela, RB; that contrast is the fastest way to read the trade pattern.",
    "whyItMatters": "Trade as a GDP share spotlights small, open, port, and manufacturing economies.",
    "bestProbeCountries": [
      {
        "iso3": "LUX",
        "reason": "High anchor: this country sits near the darkest end of the map."
      },
      {
        "iso3": "SDN",
        "reason": "Low anchor: this country clarifies the lightest end of the scale."
      },
      {
        "iso3": "UKR",
        "reason": "Middle check: this country helps separate a true pattern from one-off outliers."
      }
    ],
    "commonConfusions": [
      {
        "confusedWithIndicatorCode": "NE.EXP.GNFS.ZS",
        "reason": "Exports can tempt players because it shares a strong country ranking with this map, but its unit and definition point to a different story."
      },
      {
        "confusedWithIndicatorCode": "NE.IMP.GNFS.ZS",
        "reason": "Imports can tempt players because it shares a strong country ranking with this map, but its unit and definition point to a different story."
      },
      {
        "confusedWithIndicatorCode": "TG.VAL.TOTL.GD.ZS",
        "reason": "Merchandise trade share can tempt players because it shares a strong country ranking with this map, but its unit and definition point to a different story."
      }
    ],
    "difficultyReason": "Standard difficulty: the map has readable regional structure, but the best answer still depends on checking the unit and country anchors.",
    "regionalSignals": [
      "Economic-share maps are not the same as raw totals.",
      "Small open economies can dominate percentage maps."
    ]
  },
  "editorialReview": {
    "status": "daily_eligible",
    "reviewedAt": "2026-07-02",
    "reviewedBy": "Codex editorial QA",
    "qualityScore": 4,
    "funScore": 4,
    "fairnessScore": 4,
    "ambiguityRisk": "medium",
    "dailyEligible": true,
    "practiceEligible": true,
    "challengeEligible": true,
    "expertOnly": false,