{
  "schemaVersion": "1.1.0",
  "id": "transport-service-imports",
  "providerCode": "BM.GSR.TRAN.ZS",
  "title": "Transport services (% of service imports, BoP)",
  "shortTitle": "Transport service imports",
  "category": "connectivity",
  "difficulty": "expert",
  "definition": "Transport services covers the process of carriage of people and objects from one location to another as well as related supporting and auxiliary services. Also included are postal and courier services. This indicator is expressed as a percentage of service imports which are services provided by non-residents to residents.",
  "unit": "percent of service imports",
  "year": 2024,
  "valuesByIso3": {
    "AGO": 36.1826196501738,
    "ALB": 10.3277512094887,
    "ARE": 46.2885154061625,
    "ARG": 21.3418276531226,
    "ARM": 31.1364628301003,
    "AUS": 17.0648815882246,
    "AUT": 23.9810849331682,
    "AZE": 18.4250673730432,
    "BDI": 58.9732635980684,
    "BEL": 17.5419565668858,
    "BGD": 56.1181371812107,
    "BGR": 29.4977174428161,
    "BHS": 21.6585976836867,
    "BIH": 33.9226872510988,
    "BLZ": 35.9138285672346,
    "BOL": 33.8267304564944,
    "BRA": 21.9066580523495,
    "BRN": 16.9956868489571,
    "BTN": 20.9498445488071,
    "BWA": 26.7307173595677,
    "CAN": 16.4538628773553,
    "CHE": 13.7096252149559,
    "CHL": 35.2079272079326,
    "CHN": 27.4914251996762,
    "CIV": 40.6067562776678,
    "CMR": 45.9283136466737,
    "COD": 49.2942656228717,
    "COL": 24.4786949827519,
    "CRI": 22.6709401222586,
    "CYP": 19.049905370587,
    "CZE": 21.9705501024564,
    "DEU": 20.1222480661222,
    "DJI": 87.4285746565678,
    "DNK": 39.75144623716,
    "DOM": 44.4977511244378,
    "DZA": 45.9988278388381,
    "ECU": 34.3892632449682,
    "EGY": 43.1012860800745,
    "ESP": 11.7849516897151,
    "EST": 26.3252022284642,
    "ETH": 58.0022877363341,
    "FIN": 16.5480165839292,
    "FJI": 45.8123305487552,
    "FRA": 17.797220434606,
    "GBR": 10.3922957234217,
    "GEO": 59.3981605182451,
    "GHA": 22.2276063239372,
    "GIN": 27.2588298484314,
    "GMB": 66.7403277895469,
    "GNB": 34.4852171768958,
    "GRC": 63.1865755671104,
    "GTM": 45.3855831631366,
    "HND": 54.0709017296233,
    "HRV": 14.6218764583759,
    "HTI": 76.1458262804344,
    "HUN": 26.4017211514116,
    "IDN": 24.991015787913,
    "IND": 17.5276009941552,
    "IRL": 1.378050328615,
    "IRQ": 33.0462033317228,
    "ISL": 17.4463941861691,
    "ISR": 17.0031730314828,
    "ITA": 21.3940279754846,
    "JAM": 46.2206611433139,
    "JOR": 52.6046632573459,
    "JPN": 14.7306554153873,
    "KAZ": 25.8481839284689,
    "KEN": 33.3569375134462,
    "KHM": 48.9635363161046,
    "KOR": 20.9326942816617,
    "KWT": 19.9931682607295,
    "LAO": 27.6350440434172,
    "LBR": 62.6742452382058,
    "LKA": 29.2694304876344,
    "LSO": 12.3083494345652,
    "LTU": 45.6195529114831,
    "LUX": 10.8178416971553,
    "LVA": 24.3098871316288,
    "MAR": 41.0817923695835,
    "MDA": 38.0715685399773,
    "MDG": 41.5838047676996,
    "MEX": 34.9047548253614,
    "MKD": 26.3529114645811,
    "MLI": 68.6495833123118,
    "MNE": 52.4413304619581,
    "MNG": 28.5982798901271,
    "MOZ": 36.8052855389846,
    "MRT": 51.1610635258497,
    "MWI": 44.1671193205514,
    "MYS": 25.6449927777143,
    "NAM": 13.0352320915482,
    "NER": 57.0405337517564,
    "NGA": 35.6335415377571,
    "NIC": 56.6539050535988,
    "NLD": 18.2094277914466,
    "NOR": 19.4063029484231,
    "NPL": 20.1802882860495,
    "NZL": 19.7789462690461,
    "OMN": 42.5460564371049,
    "PAK": 41.6344413514512,
    "PAN": 44.6090780472911,
    "PER": 32.6360546179901,
    "PHL": 19.7513291146908,
    "PNG": 16.5868032214655,
    "POL": 21.0333088578867,
    "PRT": 21.2491647028037,
    "PRY": 45.4265971885011,
    "PSE": 37.0769164284627,
    "QAT": 32.1979405881916,
    "ROU": 16.136820981164,
    "RUS": 18.25602305259,
    "RWA": 46.8854432339713,
    "SAU": 26.3849555652701,
    "SLB": 28.9825890636957,
    "SLE": 64.384364636914,
    "SLV": 31.0441092421326,
    "SRB": 23.5036758903953,
    "SUR": 16.9419911562713,
    "SVK": 30.2894089384648,
    "SVN": 20.385607294856,
    "SWE": 12.3891172413714,
    "SWZ": 10.7002382153222,
    "THA": 30.9797027930308,
    "TJK": 68.2471078939738,
    "TLS": 27.6051125299449,
    "TTO": 26.4863267278306,
    "TUN": 53.1797116005683,
    "TUR": 38.3160157649588,
    "TZA": 50.7119550857071,
    "UGA": 56.8891901903037,
    "UKR": 14.6958216064083,
    "URY": 26.8034212212493,
    "USA": 18.403220435734,
    "UZB": 44.150856463838,
    "ZAF": 36.9394497678443,
    "ZMB": 47.4885940784418,
    "ZWE": 32.5884445985849
  },
  "stats": {
    "coverage": 137,
    "min": 1.378050328615,
    "max": 87.4285746565678,
    "median": 29.2694304876344,
    "quantileBreaks": [
      1.378050328615,
      17.029619555800714,
      21.021385385161043,
      26.4258941732456,
      33.26815631866808,
      41.76467207797316,
      50.9685884800743,
      87.4285746565678
    ]
  },
  "formatting": {
    "maximumFractionDigits": 1,
    "suffix": "%"
  },
  "source": {
    "provider": "World Bank",
    "dataset": "World Development Indicators",
    "attribution": "The World Bank",
    "sourceReference": "https://api.worldbank.org/v2/indicator/BM.GSR.TRAN.ZS?format=json&per_page=1",
    "valuesReference": "https://api.worldbank.org/v2/country/all/indicator/BM.GSR.TRAN.ZS?format=json&per_page=20000&page=1&date=2015%3A2025",
    "license": "Creative Commons Attribution 4.0 International unless specifically labeled otherwise by World Bank metadata",
    "licenseReference": "https://www.worldbank.org/en/about/legal/terms-of-use-for-datasets",
    "retrievedAt": "2026-06-27T17:15:59.353158+00:00",
    "checksum": "a9f073cda4bd549905cbd4158fe1a00b128a3f32507a776b02ef6d677cf7d86b",
    "sourceOrganization": "Balance of Payments Statistics Yearbook and data files, International Monetary Fund (IMF)"
  },
  "reviewStatus": "approved",
  "contentVersion": "2026.06.22-exp2-qa1",
  "editorial": {
    "shortHook": "A transport-service import map.",
    "patternNote": "The darkest countries include Djibouti, Haiti, Mali, while the lightest include Ireland, Albania, United Kingdom; that contrast is the fastest way to read the transport service imports pattern.",
    "whyItMatters": "Transport service imports can reveal connectivity costs and trade-service dependence.",
    "bestProbeCountries": [
      {
        "iso3": "DJI",
        "reason": "High anchor: this country sits near the darkest end of the map."
      },
      {
        "iso3": "IRL",
        "reason": "Low anchor: this country clarifies the lightest end of the scale."
      },
      {
        "iso3": "LKA",
        "reason": "Middle check: this country helps separate a true pattern from one-off outliers."
      }
    ],
    "commonConfusions": [
      {
        "confusedWithIndicatorCode": "SH.MED.NUMW.P3",
        "reason": "Nurses and midwives overlaps with part of the visible pattern, but the full country spread does not match."
      },
      {
        "confusedWithIndicatorCode": "BM.GSR.CMCP.ZS",
        "reason": "Communications service imports lives in the same category, so it can feel plausible until the high and low countries are checked."
      },
      {
        "confusedWithIndicatorCode": "FX.OWN.TOTL.ZS",
        "reason": "Account ownership overlaps with part of the visible pattern, but the full country spread does not match."
      }
    ],
    "difficultyReason": "Expert difficulty: the map can be mistaken for adjacent indicators unless players probe a high, low, and middle country.",
    "regionalSignals": [
      "Connectivity maps often expose infrastructure, income, and island-state outliers.",
      "Small high-income countries can be powerful probes."
    ]
  },
  "editorialReview": {
    "status": "practice_eligible",
    "reviewedAt": "2026-06-22",
    "reviewedBy": "Codex editorial QA",
    "qualityScore": 4,
    "funScore": 3,
    "fairnessScore": 3,