{
  "schemaVersion": "1.1.0",
  "id": "transport-service-exports",
  "providerCode": "BX.GSR.TRAN.ZS",
  "title": "Transport services (% of service exports, BoP)",
  "shortTitle": "Transport service exports",
  "category": "connectivity",
  "difficulty": "expert",
  "definition": "Transport services covers the process of carriage of people and objects from one location to another as well as related supporting and auxiliary services. Also included are postal and courier services. This indicator is expressed as a percentage of service exports which are services provided by residents to non-residents.",
  "unit": "percent of service exports",
  "year": 2024,
  "valuesByIso3": {
    "AGO": 22.4698701720812,
    "ALB": 10.7004313371907,
    "ARE": 39.3902988436703,
    "ARG": 13.4875456093864,
    "ARM": 21.9023747345802,
    "AUS": 6.37087420307952,
    "AUT": 22.8391942158584,
    "AZE": 38.9884272379874,
    "BDI": 6.26180477952248,
    "BEL": 19.700692823177,
    "BGD": 18.7905648029496,
    "BGR": 15.2442394595637,
    "BHS": 1.38565228833355,
    "BIH": 17.0169901120508,
    "BLZ": 4.50534974956537,
    "BOL": 23.4244343842314,
    "BRA": 15.7151774453712,
    "BRN": 53.7808661509828,
    "BTN": 11.0311462280998,
    "BWA": 5.40384319128706,
    "CAN": 9.18846274645431,
    "CHE": 10.9583131023733,
    "CHL": 33.204465187606,
    "CHN": 29.3592228791555,
    "CIV": 31.8680021011512,
    "CMR": 34.4111163084627,
    "COD": 17.4828420444606,
    "COL": 16.3531956116258,
    "CRI": 6.15979352944782,
    "CYP": 16.8764381008667,
    "CZE": 21.5635682651838,
    "DEU": 20.9499465756045,
    "DJI": 60.5052857560092,
    "DNK": 51.9747736563783,
    "DOM": 7.10974671740033,
    "DZA": 21.884135218173,
    "ECU": 40.4224756317918,
    "EGY": 29.0380935697731,
    "ESP": 8.92758055353256,
    "EST": 20.9035420487096,
    "ETH": 78.3534612655939,
    "FIN": 12.394725619445,
    "FJI": 38.4259962077815,
    "FRA": 16.3556248480334,
    "GBR": 6.22889380928314,
    "GEO": 22.2764803194686,
    "GHA": 6.43977793744576,
    "GIN": 1.58707865168539,
    "GMB": 7.21064557034826,
    "GNB": 0.865870090749906,
    "GRC": 41.1617401316513,
    "GTM": 14.5834918924635,
    "HND": 4.92266109043676,
    "HRV": 7.1430755736663,
    "HTI": 31.0986269406268,
    "HUN": 25.6051847816132,
    "IDN": 14.0844875457405,
    "IND": 8.90214604889514,
    "IRL": 2.22071759981027,
    "IRQ": 3.20323753343851,
    "ISL": 28.57955849033,
    "ISR": 9.8565442998946,
    "ITA": 10.7295205821102,
    "JAM": 5.45346235671419,
    "JOR": 17.2957099841993,
    "JPN": 13.8177246923639,
    "KAZ": 46.2486868394191,
    "KEN": 27.2671579421282,
    "KHM": 12.4582925136052,
    "KOR": 28.1197459763155,
    "KWT": 15.4302987357731,
    "LAO": 20.1540655163353,
    "LBR": 2.00885132497372,
    "LKA": 25.9603651597579,
    "LSO": 3.622643527735,
    "LTU": 46.9231918252492,
    "LUX": 8.80654475476921,
    "LVA": 31.7669926510398,
    "MAR": 15.7723955266818,
    "MDA": 20.0230743030932,
    "MDG": 14.2334411504667,
    "MEX": 16.3449673356052,
    "MKD": 19.7033088619901,
    "MLI": 8.15098485743762,
    "MNE": 25.0804534847084,
    "MNG": 37.8100179808515,
    "MOZ": 78.4367715407255,
    "MRT": 29.2645057798616,
    "MWI": 11.0739970913732,
    "MYS": 14.517348087725,
    "NAM": 25.693989839074,
    "NER": 11.6950815752784,
    "NGA": 48.1130935087569,
    "NIC": 7.32598875847205,
    "NLD": 16.4402736524803,
    "NOR": 37.91208550453,
    "NPL": 13.2174862452868,
    "NZL": 12.5195631250419,
    "OMN": 32.9674577694769,
    "PAK": 10.538218097105,
    "PAN": 49.9476005439933,
    "PER": 28.5395219618596,
    "PHL": 5.46336620799852,
    "PNG": 7.96083850731272,
    "POL": 26.9387824116737,
    "PRT": 18.0891026742587,
    "PRY": 18.4189485922289,
    "PSE": 1.65905610005421,
    "QAT": 59.6119351343476,
    "ROU": 23.5848941153492,
    "RUS": 32.3741526889228,
    "RWA": 18.3543897651085,
    "SAU": 12.7941908177561,
    "SLB": 45.1962486599931,
    "SLE": 10.1950694348268,
    "SLV": 11.1509083290571,
    "SRB": 16.8213395161562,
    "SUR": 19.0117008068778,
    "SVK": 29.9076446522211,
    "SVN": 28.1638761082044,
    "SWE": 12.3284150699534,
    "SWZ": 29.971836302755,
    "THA": 10.7372656036373,
    "TJK": 48.221570000447,
    "TLS": 1.65043200150105,
    "TTO": 41.2665640031995,
    "TUN": 18.0349242744653,
    "TUR": 34.9785389413682,
    "TZA": 34.4584041739613,
    "UGA": 7.71896219430772,
    "UKR": 24.0887297094333,
    "URY": 9.73687462407753,
    "USA": 8.86916209714708,
    "UZB": 33.3252449808225,
    "ZAF": 12.4630155781129,
    "ZMB": 4.90824291976681,
    "ZWE": 41.8034935741443
  },
  "stats": {
    "coverage": 137,
    "min": 0.865870090749906,
    "max": 78.4367715407255,
    "median": 17.2957099841993,
    "quantileBreaks": [
      0.865870090749906,
      6.726907414569146,
      10.926734888268157,
      15.511692652801129,
      19.931712748492313,
      28.126050280871056,
      37.86834228009636,
      78.4367715407255
    ]
  },
  "formatting": {
    "maximumFractionDigits": 1,
    "suffix": "%"
  },
  "source": {
    "provider": "World Bank",
    "dataset": "World Development Indicators",
    "attribution": "The World Bank",
    "sourceReference": "https://api.worldbank.org/v2/indicator/BX.GSR.TRAN.ZS?format=json&per_page=1",
    "valuesReference": "https://api.worldbank.org/v2/country/all/indicator/BX.GSR.TRAN.ZS?format=json&per_page=20000&page=1&date=2015%3A2025",
    "license": "Creative Commons Attribution 4.0 International unless specifically labeled otherwise by World Bank metadata",
    "licenseReference": "https://www.worldbank.org/en/about/legal/terms-of-use-for-datasets",
    "retrievedAt": "2026-06-27T17:15:58.881029+00:00",
    "checksum": "23ad1cf81e938a693a2549405eb5ab18286c4d2606dc1a350e57de6a41fab427",
    "sourceOrganization": "Balance of Payments Statistics Yearbook and data files, International Monetary Fund (IMF)"
  },
  "reviewStatus": "approved",
  "contentVersion": "2026.06.22-exp2-qa1",
  "editorial": {
    "shortHook": "A transport-service trade map.",
    "patternNote": "The darkest countries include Mozambique, Ethiopia, Djibouti, while the lightest include Guinea-Bissau, Bahamas, The, Guinea; that contrast is the fastest way to read the transport service exports pattern.",
    "whyItMatters": "Transport services as a share of exports can expose shipping, aviation, and logistics-specialized economies.",
    "bestProbeCountries": [
      {
        "iso3": "MOZ",
        "reason": "High anchor: this country sits near the darkest end of the map."
      },
      {
        "iso3": "GNB",
        "reason": "Low anchor: this country clarifies the lightest end of the scale."
      },
      {
        "iso3": "JOR",
        "reason": "Middle check: this country helps separate a true pattern from one-off outliers."
      }
    ],
    "commonConfusions": [
      {
        "confusedWithIndicatorCode": "BX.GSR.CMCP.ZS",
        "reason": "Communications service exports lives in the same category, so it can feel plausible until the high and low countries are checked."
      },
      {
        "confusedWithIndicatorCode": "SH.MED.BEDS.ZS",
        "reason": "Hospital beds overlaps with part of the visible pattern, but the full country spread does not match."
      },
      {
        "confusedWithIndicatorCode": "SE.SEC.ENRL.FE.ZS",
        "reason": "Female secondary pupils overlaps with part of the visible pattern, but the full country spread does not match."
      }
    ],
    "difficultyReason": "Expert difficulty: the map can be mistaken for adjacent indicators unless players probe a high, low, and middle country.",
    "regionalSignals": [
      "Connectivity maps often expose infrastructure, income, and island-state outliers.",
      "Small high-income countries can be powerful probes."
    ]
  },
  "editorialReview": {
    "status": "practice_eligible",
    "reviewedAt": "2026-06-22",
    "reviewedBy": "Codex editorial QA",