{
  "schemaVersion": "1.1.0",
  "id": "travel-service-exports-share",
  "providerCode": "BX.GSR.TRVL.ZS",
  "title": "Travel services (% of service exports, BoP)",
  "shortTitle": "Travel service exports",
  "category": "economy",
  "difficulty": "expert",
  "definition": "Travel services cover goods and services for own use or to give away acquired from an economy by nonresidents during visits to that economy, or acquired from other economies by residents during visits to these other economies. This indicator is expressed as a percentage of service exports which are services provided by residents to non-residents.",
  "unit": "percent of service exports",
  "year": 2024,
  "valuesByIso3": {
    "AGO": 13.5414758434709,
    "ALB": 67.3977584441404,
    "ARE": 39.2401261450668,
    "ARG": 28.8898726994435,
    "ARM": 43.0848544980987,
    "AUS": 61.5808582505085,
    "AUT": 27.2655563062523,
    "AZE": 25.2084534198823,
    "BDI": 1.6758041110274,
    "BEL": 6.24913666278105,
    "BFA": 20.0788597207582,
    "BGD": 5.9410210786561,
    "BGR": 25.1986769816591,
    "BHS": 93.9000537040746,
    "BIH": 52.2875615118654,
    "BLZ": 69.3651912668785,
    "BOL": 64.2727694804556,
    "BRA": 17.1046231001792,
    "BRN": 31.1099456018006,
    "BTN": 69.1044356256237,
    "BWA": 63.157480928331,
    "CAN": 30.3548358627205,
    "CHE": 11.9914593545216,
    "CHL": 26.8837223813802,
    "CHN": 11.5793696401421,
    "CIV": 38.9052296674942,
    "CMR": 12.505233591514,
    "COD": 75.9971954728453,
    "COL": 48.2283128385697,
    "CRI": 31.9859367112165,
    "CYP": 12.4503801980408,
    "CZE": 21.163263391937,
    "DEU": 8.47766604582406,
    "DJI": 4.42411450531936,
    "DNK": 8.76101745035337,
    "DOM": 74.6873957702282,
    "DZA": 3.02836411297069,
    "ECU": 45.8995419649265,
    "EGY": 51.6624669864712,
    "ESP": 48.499640836617,
    "EST": 12.0354295544605,
    "ETH": 13.965687936003,
    "FIN": 9.89758088484153,
    "FJI": 53.0776831973582,
    "FRA": 19.1375098421897,
    "GBR": 12.8533132086782,
    "GEO": 57.4255551949791,
    "GHA": 13.0619932588932,
    "GIN": 6.96629213483146,
    "GMB": 89.8023223160922,
    "GNB": 44.4933696923595,
    "GRC": 42.0877104850629,
    "GTM": 35.5711535342581,
    "HND": 20.9311439127468,
    "HRV": 65.9848100238648,
    "HTI": 37.7093271525695,
    "HUN": 20.1745052186845,
    "IDN": 42.7308327631201,
    "IND": 9.34072376926787,
    "IRL": 1.49466762755207,
    "IRQ": 72.5103622627458,
    "ISL": 45.5714359036614,
    "ISR": 2.69630748565323,
    "ITA": 38.1539282346571,
    "JAM": 82.0756567757244,
    "JOR": 76.5047849029604,
    "JPN": 23.8061639521512,
    "KAZ": 21.6652590462659,
    "KEN": 43.4681661278296,
    "KGZ": 29.0493364152739,
    "KHM": 73.2793752582627,
    "KOR": 13.6627849669797,
    "KWT": 18.4821924412284,
    "LAO": 74.9125653032547,
    "LBR": 9.84944085296042,
    "LKA": 45.8549076640332,
    "LSO": 58.6902222340251,
    "LTU": 8.0659187285101,
    "LUX": 4.97436221288611,
    "LVA": 16.3127525258465,
    "MAR": 40.7091567976862,
    "MDA": 30.1897004278571,
    "MDG": 51.4514381409079,
    "MEX": 52.3348874827274,
    "MKD": 19.7458532350437,
    "MLI": 32.9242935759891,
    "MNE": 54.6079878679663,
    "MNG": 39.6074483942625,
    "MOZ": 18.0566317188996,
    "MRT": 1.50103740582514,
    "MWI": 10.8377138707205,
    "MYS": 39.2995976026554,
    "NAM": 33.8090186441394,
    "NER": 30.9592275113988,
    "NGA": 6.58423434295707,
    "NIC": 39.3569679989839,
    "NLD": 7.32240935012186,
    "NOR": 12.8271978246686,
    "NPL": 33.2559926774472,
    "NZL": 51.8155969463972,
    "OMN": 46.1497296564487,
    "PAK": 9.23749826623409,
    "PAN": 32.6605371487436,
    "PER": 52.3548372064219,
    "PHL": 18.3898321556718,
    "PNG": 1.06261360751472,
    "POL": 11.9171816744587,
    "PRT": 47.976567132538,
    "PRY": 25.8382138529153,
    "PSE": 25.6595396026424,
    "QAT": 27.921185136624,
    "ROU": 13.3403180409017,
    "RUS": 17.753477679879,
    "RWA": 53.6036245630339,
    "SAU": 65.2377358160304,
    "SLB": 21.1142477176902,
    "SLE": 53.1434017329484,
    "SLV": 58.3875874760623,
    "SRB": 19.5137802754005,
    "SUR": 16.8862116056379,
    "SVK": 12.2357351114145,
    "SVN": 26.738451841315,
    "SWE": 9.0354109299867,
    "SWZ": 8.43027437985259,
    "THA": 58.7829923846857,
    "TJK": 10.3244475109029,
    "TLS": 77.5297899903303,
    "TTO": 34.7039433934338,
    "TUN": 25.5231902841908,
    "TUR": 48.0232786353668,
    "TZA": 57.0058197772823,
    "UGA": 64.0506352537584,
    "UKR": 6.04817745941887,
    "URY": 31.1302162962637,
    "USA": 18.5451794712977,
    "UZB": 48.923524871578,
    "ZAF": 39.5489468375954,
    "ZMB": 64.852131916812,
    "ZWE": 44.3540061637873
  },
  "stats": {
    "coverage": 139,
    "min": 1.06261360751472,
    "max": 93.9000537040746,
    "median": 30.3548358627205,
    "quantileBreaks": [
      1.06261360751472,
      9.311230768401074,
      16.558520702899955,
      25.542668758255314,
      35.44726637128319,
      47.19363678564258,
      59.58238263206361,
      93.9000537040746
    ]
  },
  "formatting": {
    "maximumFractionDigits": 1,
    "suffix": "%"
  },
  "source": {
    "provider": "World Bank",
    "dataset": "World Development Indicators",
    "attribution": "The World Bank",
    "sourceReference": "https://api.worldbank.org/v2/indicator/BX.GSR.TRVL.ZS?format=json&per_page=1",
    "valuesReference": "https://api.worldbank.org/v2/country/all/indicator/BX.GSR.TRVL.ZS?format=json&per_page=20000&page=1&date=2015%3A2025",
    "license": "Creative Commons Attribution 4.0 International unless specifically labeled otherwise by World Bank metadata",
    "licenseReference": "https://www.worldbank.org/en/about/legal/terms-of-use-for-datasets",
    "retrievedAt": "2026-07-02T22:56:10.474500+00:00",
    "checksum": "c6783f8f9984e45362965c885b8323a070a926b932b7778644c80015f2d70eca",
    "sourceOrganization": "Balance of Payments Statistics Yearbook and data files, International Monetary Fund (IMF)"
  },
  "reviewStatus": "approved",
  "contentVersion": "2026.07.02-exp4-content50",
  "editorial": {
    "shortHook": "A tourism-service export map.",
    "patternNote": "The darkest countries include Bahamas, The, Gambia, The, Jamaica, while the lightest include Papua New Guinea, Ireland, Mauritania; that contrast is the fastest way to read the travel service exports pattern.",
    "whyItMatters": "Travel services as a share of service exports makes tourism-dependent economies stand out without raw visitor totals.",
    "bestProbeCountries": [
      {
        "iso3": "BHS",
        "reason": "High anchor: this country sits near the darkest end of the map."
      },
      {
        "iso3": "PNG",
        "reason": "Low anchor: this country clarifies the lightest end of the scale."
      },
      {
        "iso3": "CAN",
        "reason": "Middle check: this country helps separate a true pattern from one-off outliers."
      }
    ],
    "commonConfusions": [
      {
        "confusedWithIndicatorCode": "BX.GSR.CMCP.ZS",
        "reason": "Communications service exports can tempt players because it shares a strong country ranking with this map, but its unit and definition point to a different story."
      },
      {
        "confusedWithIndicatorCode": "ST.INT.RCPT.XP.ZS",
        "reason": "Tourism receipts lives in the same category, so it can feel plausible until the high and low countries are checked."
      },
      {
        "confusedWithIndicatorCode": "BX.GSR.CCIS.ZS",
        "reason": "ICT service exports overlaps with part of the visible pattern, but the full country spread does not match."
      }
    ],
    "difficultyReason": "Expert difficulty: the map can be mistaken for adjacent indicators unless players probe a high, low, and middle country.",
    "regionalSignals": [
      "Economic-share maps are not the same as raw totals.",
      "Small open economies can dominate percentage maps."
    ]
  },