{
  "schemaVersion": "1.1.0",
  "id": "travel-service-imports-share",
  "providerCode": "BM.GSR.TRVL.ZS",
  "title": "Travel services (% of service imports, BoP)",
  "shortTitle": "Travel service imports",
  "category": "economy",
  "difficulty": "expert",
  "definition": "Travel services cover goods and services for own use or to give away acquired from an economy by nonresidents during visits to that economy, or acquired from other economies by residents during visits to these other economies. This indicator is expressed as a percentage of service imports which are services provided by non-residents to residents.",
  "unit": "percent of service imports",
  "year": 2024,
  "valuesByIso3": {
    "AGO": 17.8507567770842,
    "ALB": 76.4128684718288,
    "ARE": 26.6806722689076,
    "ARG": 34.0561550286772,
    "ARM": 48.8960852331242,
    "AUS": 41.9481329899215,
    "AUT": 18.4888810217293,
    "AZE": 15.6986760553078,
    "BDI": 9.62870630658631,
    "BEL": 16.3679745518579,
    "BFA": 6.97857513817267,
    "BGD": 13.351335235705,
    "BGR": 24.1765097571071,
    "BHS": 10.9522356730619,
    "BIH": 38.0943648025961,
    "BLZ": 23.0317446140776,
    "BOL": 28.1180835056657,
    "BRA": 19.199938056634,
    "BRN": 31.6623346876683,
    "BTN": 45.4829232940676,
    "BWA": 10.0062061166024,
    "CAN": 25.822210699283,
    "CHE": 10.5698586829109,
    "CHL": 16.0833746129799,
    "CHN": 41.8808349229072,
    "CIV": 6.72077536239451,
    "CMR": 7.66474619813311,
    "COD": 2.99477678464073,
    "COL": 32.5958563040016,
    "CRI": 24.6483837793968,
    "CYP": 8.7193289822028,
    "CZE": 23.0527108383709,
    "DEU": 22.248714477526,
    "DJI": 2.89920072743209,
    "DNK": 9.7813773355134,
    "DOM": 18.0099423972224,
    "DZA": 7.57330259726244,
    "ECU": 23.8393742474935,
    "EGY": 14.7808280959032,
    "ESP": 29.3781563824191,
    "EST": 14.4803857750511,
    "ETH": 4.54502329405497,
    "FIN": 13.0162175688705,
    "FJI": 29.0150429326102,
    "FRA": 17.5314991615746,
    "GBR": 25.0816984440767,
    "GEO": 12.737455216944,
    "GHA": 7.98056808187114,
    "GMB": 7.00990664763517,
    "GNB": 41.1918154333046,
    "GRC": 9.74611281772618,
    "GTM": 24.0052525606597,
    "HND": 15.6431389529591,
    "HRV": 30.9752665528753,
    "HTI": 2.57528914856681,
    "HUN": 14.9823691432545,
    "IDN": 23.3760027686757,
    "IND": 17.7815471467912,
    "IRL": 3.03420209774326,
    "IRQ": 38.0633119998941,
    "ISL": 34.4971456232535,
    "ISR": 19.5112181290366,
    "ITA": 22.2647965310634,
    "JAM": 8.67381316733437,
    "JOR": 29.7586027563491,
    "JPN": 5.70213716714193,
    "KAZ": 30.3447886940961,
    "KEN": 15.4061196841101,
    "KGZ": 17.0119330660974,
    "KHM": 26.1756436463212,
    "KOR": 18.8314172669926,
    "KWT": 44.2276433371153,
    "LAO": 64.2262237848955,
    "LBR": 2.99149886797473,
    "LKA": 21.7365535792255,
    "LSO": 73.9015102116472,
    "LTU": 13.9721711839534,
    "LUX": 4.76505184143972,
    "LVA": 22.8596766745849,
    "MAR": 20.737866894417,
    "MDA": 33.9595576383331,
    "MDG": 13.8821769863826,
    "MEX": 15.7231538753434,
    "MKD": 20.5615829423246,
    "MLI": 8.1451550023162,
    "MNE": 7.81083565290312,
    "MNG": 32.3049404598342,
    "MOZ": 7.37242323882788,
    "MRT": 3.71393087359126,
    "MWI": 13.5775177257601,
    "MYS": 22.7515537974815,
    "NAM": 4.6156578735887,
    "NER": 9.25282274250831,
    "NGA": 25.3464736463885,
    "NIC": 15.8882082695253,
    "NLD": 11.0097555757904,
    "NOR": 26.5424676321703,
    "NPL": 65.1804545066703,
    "NZL": 22.9334144609989,
    "OMN": 20.8903805654482,
    "PAK": 21.1835436434608,
    "PAN": 21.5989516706055,
    "PER": 23.5035899213951,
    "PHL": 34.7386772170006,
    "PNG": 3.20277599261519,
    "POL": 15.6264601828983,
    "PRT": 26.5866404858251,
    "PRY": 24.6951844173474,
    "PSE": 20.5323279198331,
    "QAT": 38.1983850655604,
    "ROU": 31.9894868515639,
    "RUS": 47.6948148450071,
    "RWA": 36.7163996942356,
    "SAU": 22.0358496535594,
    "SLB": 16.0754865495427,
    "SLE": 4.33098750012168,
    "SLV": 31.9596484684661,
    "SRB": 32.4668384046333,
    "SUR": 6.14211084893526,
    "SVK": 19.6642219873894,
    "SVN": 28.9951519813134,
    "SWE": 11.042892516722,
    "SWZ": 6.80953894112912,
    "THA": 21.5271930622015,
    "TJK": 2.02713036467502,
    "TLS": 33.0243473964864,
    "TTO": 19.9378253108724,
    "TUN": 22.0947154249268,
    "TUR": 13.1816553206736,
    "TZA": 18.6873989798742,
    "UGA": 8.33288961345946,
    "UKR": 56.5230569387313,
    "URY": 23.4539120929377,
    "USA": 21.2767576824279,
    "UZB": 41.7413287850134,
    "ZAF": 12.6897596264142,
    "ZMB": 12.0251078174214,
    "ZWE": 20.5778618719268
  },
  "stats": {
    "coverage": 138,
    "min": 2.02713036467502,
    "max": 76.4128684718288,
    "median": 20.235076615352753,
    "quantileBreaks": [
      2.02713036467502,
      7.625556083474251,
      13.039851533413799,
      17.710104865300742,
      21.822066743320896,
      25.754248263155215,
      34.000956519909145,
      76.4128684718288
    ]
  },
  "formatting": {
    "maximumFractionDigits": 1,
    "suffix": "%"
  },
  "source": {
    "provider": "World Bank",
    "dataset": "World Development Indicators",
    "attribution": "The World Bank",
    "sourceReference": "https://api.worldbank.org/v2/indicator/BM.GSR.TRVL.ZS?format=json&per_page=1",
    "valuesReference": "https://api.worldbank.org/v2/country/all/indicator/BM.GSR.TRVL.ZS?format=json&per_page=20000&page=1&date=2015%3A2025",
    "license": "Creative Commons Attribution 4.0 International unless specifically labeled otherwise by World Bank metadata",
    "licenseReference": "https://www.worldbank.org/en/about/legal/terms-of-use-for-datasets",
    "retrievedAt": "2026-07-02T22:49:54.123269+00:00",
    "checksum": "25ee474f604e86d8c0115bab1a256a2c575b944b1267c7822b651c90511dcf3c",
    "sourceOrganization": "Balance of Payments Statistics Yearbook and data files, International Monetary Fund (IMF)"
  },
  "reviewStatus": "approved",
  "contentVersion": "2026.07.02-exp4-content50",
  "editorial": {
    "shortHook": "An outbound-travel services map.",
    "patternNote": "The darkest countries include Albania, Lesotho, Nepal, while the lightest include Tajikistan, Haiti, Djibouti; that contrast is the fastest way to read the travel service imports pattern.",
    "whyItMatters": "Travel services as a share of service imports can reveal outbound tourism, business travel, and small-market service dependence.",
    "bestProbeCountries": [
      {
        "iso3": "ALB",
        "reason": "High anchor: this country sits near the darkest end of the map."
      },
      {
        "iso3": "TJK",
        "reason": "Low anchor: this country clarifies the lightest end of the scale."
      },
      {
        "iso3": "PSE",
        "reason": "Middle check: this country helps separate a true pattern from one-off outliers."
      }
    ],
    "commonConfusions": [
      {
        "confusedWithIndicatorCode": "ST.INT.XPND.MP.ZS",
        "reason": "Tourism expenditures lives in the same category, so it can feel plausible until the high and low countries are checked."
      },
      {
        "confusedWithIndicatorCode": "SL.IND.EMPL.ZS",
        "reason": "Employment in industry overlaps with part of the visible pattern, but the full country spread does not match."
      },
      {
        "confusedWithIndicatorCode": "EG.ELC.ACCS.UR.ZS",
        "reason": "Urban electricity access overlaps with part of the visible pattern, but the full country spread does not match."
      }
    ],
    "difficultyReason": "Expert difficulty: the map can be mistaken for adjacent indicators unless players probe a high, low, and middle country.",
    "regionalSignals": [
      "Economic-share maps are not the same as raw totals.",
      "Small open economies can dominate percentage maps."
    ]
  },
  "editorialReview": {
    "status": "practice_eligible",
    "reviewedAt": "2026-07-02",