{
  "schemaVersion": "1.1.0",
  "id": "urban-open-defecation",
  "providerCode": "SH.STA.ODFC.UR.ZS",
  "title": "People practicing open defecation, urban (% of urban population)",
  "shortTitle": "Urban open defecation",
  "category": "settlement",
  "difficulty": "expert",
  "definition": "People practicing open defecation refers to the percentage of the population defecating in the open, such as in fields, forest, bushes, open bodies of water, on beaches, in other open spaces or disposed of with solid waste.",
  "unit": "percent of urban population",
  "year": 2024,
  "valuesByIso3": {
    "AFG": 0.0,
    "ALB": 0.0,
    "ARE": 0.0,
    "ARG": 0.0,
    "ARM": 0.0,
    "AUT": 0.0,
    "AZE": 0.0,
    "BDI": 0.277611266942301,
    "BEL": 0.0,
    "BEN": 29.4146397610609,
    "BFA": 4.84395981099954,
    "BGD": 0.0,
    "BGR": 0.0,
    "BIH": 0.0,
    "BLR": 0.0,
    "BOL": 0.0,
    "BRA": 0.0,
    "BTN": 0.0,
    "BWA": 1.37509631191389,
    "CAF": 6.83891897309405,
    "CAN": 0.0,
    "CHE": 0.0,
    "CHL": 0.0,
    "CHN": 0.0,
    "CIV": 4.33396598479382,
    "CMR": 0.906469702330046,
    "COD": 3.90037922881513,
    "COL": 0.452406993425654,
    "CRI": 0.051516394463178,
    "CUB": 0.0877982056074842,
    "CYP": 0.0,
    "CZE": 0.0,
    "DEU": 0.0,
    "DNK": 0.0,
    "DOM": 1.07705741049716,
    "DZA": 0.0510607766990319,
    "ECU": 0.0,
    "EGY": 0.0,
    "ESP": 0.0,
    "EST": 0.0,
    "ETH": 2.6615349994197,
    "FIN": 0.0,
    "FJI": 0.0,
    "FRA": 0.0,
    "GAB": 1.21671663534344,
    "GBR": 0.0,
    "GEO": 0.0057653118712274,
    "GHA": 9.10194058357753,
    "GIN": 0.670691337845966,
    "GMB": 0.0743393559316416,
    "GNB": 0.168477815731308,
    "GRC": 0.0,
    "GTM": 0.635811330851567,
    "GUY": 0.048418674003365,
    "HND": 1.11778925074671,
    "HUN": 0.0,
    "IDN": 1.21641260564252,
    "IND": 0.0,
    "IRL": 0.0,
    "IRN": 0.0,
    "IRQ": 0.0062659446755458,
    "ISL": 0.0,
    "ISR": 0.0,
    "ITA": 0.0,
    "JAM": 0.730606277799767,
    "JOR": 0.0482887328897127,
    "KAZ": 0.0,
    "KEN": 0.750410945052579,
    "KGZ": 0.0,
    "KHM": 0.0,
    "KWT": 0.0,
    "LAO": 0.0,
    "LBR": 13.8881140203766,
    "LKA": 0.0,
    "LSO": 3.71123397536559,
    "LTU": 0.0,
    "LUX": 0.0,
    "LVA": 0.0,
    "MAR": 0.0831298883314275,
    "MDA": 0.0,
    "MDG": 13.437890693262,
    "MEX": 0.0,
    "MKD": 0.0,
    "MLI": 1.34066447254207,
    "MMR": 0.813072359078042,
    "MNE": 0.0,
    "MNG": 0.140033746552973,
    "MOZ": 4.48265979935195,
    "MRT": 1.86663786584063,
    "MWI": 0.839015515255625,
    "MYS": 0.0,
    "NAM": 19.7511993004847,
    "NER": 7.94403658397846,
    "NGA": 7.10607257209097,
    "NLD": 0.0,
    "NOR": 0.0,
    "NPL": 2.38396222230972,
    "NZL": 0.0,
    "OMN": 0.0,
    "PAK": 0.479157456000053,
    "PAN": 0.199542812343623,
    "PER": 0.521580796551802,
    "PHL": 1.0454375322571,
    "PNG": 5.32468729173854,
    "POL": 0.0,
    "PRT": 0.0,
    "PRY": 0.0,
    "PSE": 0.0,
    "ROU": 0.0,
    "RUS": 0.0,
    "RWA": 0.536379175887021,
    "SAU": 0.0446585525128621,
    "SDN": 3.04035700018039,
    "SEN": 1.02363524453372,
    "SLB": 7.71309267247823,
    "SLE": 3.65806813845114,
    "SLV": 0.80740871480039,
    "SOM": 1.75545020077493,
    "SRB": 0.0478709433962264,
    "SSD": 16.9488839748083,
    "SUR": 0.182120667859273,
    "SVK": 0.0,
    "SWE": 0.0,
    "SWZ": 1.43599736113712,
    "SYR": 0.0526695901639345,
    "TCD": 15.3513531945339,
    "TGO": 9.38871496001934,
    "THA": 0.0,
    "TKM": 0.0,
    "TLS": 0.0,
    "TTO": 0.159696758241761,
    "TUN": 0.35119478260883,
    "TUR": 0.0057628913738021,
    "TZA": 0.525648825367171,
    "UGA": 1.80376604200729,
    "UKR": 0.0,
    "URY": 0.0,
    "USA": 0.0,
    "UZB": 0.0,
    "VNM": 0.0,
    "VUT": 1.85792175302257,
    "YEM": 0.402048806217124,
    "ZAF": 0.399412230580793,
    "ZMB": 0.68275771189073,
    "ZWE": 0.0
  },
  "stats": {
    "coverage": 145,
    "min": 0.0,
    "max": 29.4146397610609,
    "median": 0.0,
    "quantileBreaks": [
      0.0,
      0.0,
      0.0,
      0.0,
      0.05184587894910842,
      0.6810339441700495,
      2.5029219839282795,
      29.4146397610609
    ]
  },
  "formatting": {
    "maximumFractionDigits": 1,
    "suffix": "%"
  },
  "source": {
    "provider": "World Bank",
    "dataset": "World Development Indicators",
    "attribution": "The World Bank",
    "sourceReference": "https://api.worldbank.org/v2/indicator/SH.STA.ODFC.UR.ZS?format=json&per_page=1",
    "valuesReference": "https://api.worldbank.org/v2/country/all/indicator/SH.STA.ODFC.UR.ZS?format=json&per_page=20000&page=1&date=2015%3A2025",
    "license": "Creative Commons Attribution 4.0 International unless specifically labeled otherwise by World Bank metadata",
    "licenseReference": "https://www.worldbank.org/en/about/legal/terms-of-use-for-datasets",
    "retrievedAt": "2026-07-02T22:48:21.119603+00:00",
    "checksum": "04f350d89501938f3d0c235537e47dfc742ea6be29f05172c7c5a8e26e58bb6d",
    "sourceOrganization": "WHO/UNICEF Joint Monitoring Programme (JMP) for Water Supply, Sanitation and Hygiene, World Health Organization (WHO), uri: washdata.org, publisher: WHO/UNICEF Joint Monitoring Programme (JMP) for Water Supply, Sanitation and Hygiene (washdata.org), date accessed: 2025-09-30, date published: 2025-08-25;\nUN Children's Fund (UNICEF), uri: washdata.org, note: WHO/UNICEF Joint Monitoring Programme (JMP) for Water Supply, Sanitation and Hygiene"
  },
  "reviewStatus": "approved",
  "contentVersion": "2026.07.02-exp4-content50",
  "editorial": {
    "shortHook": "A stark urban sanitation-risk map.",
    "patternNote": "The darkest countries include Benin, Namibia, South Sudan, while the lightest include Afghanistan, Albania, United Arab Emirates; that contrast is the fastest way to read the urban open defecation pattern.",
    "whyItMatters": "Urban open defecation is a harder settlement-infrastructure clue with a clear unit and strong pattern.",
    "bestProbeCountries": [
      {
        "iso3": "BEN",
        "reason": "High anchor: this country sits near the darkest end of the map."
      },
      {
        "iso3": "AFG",
        "reason": "Low anchor: this country clarifies the lightest end of the scale."
      },
      {
        "iso3": "VNM",
        "reason": "Middle check: this country helps separate a true pattern from one-off outliers."
      }
    ],
    "commonConfusions": [
      {
        "confusedWithIndicatorCode": "SH.STA.ODFC.RU.ZS",
        "reason": "Rural open defecation can tempt players because it shares a strong country ranking with this map, but its unit and definition point to a different story."
      },
      {
        "confusedWithIndicatorCode": "SH.STA.ODFC.ZS",
        "reason": "Open defecation can tempt players because it shares a strong country ranking with this map, but its unit and definition point to a different story."
      },
      {
        "confusedWithIndicatorCode": "EG.ELC.ACCS.ZS",
        "reason": "Electricity access can tempt players because it shares a strong country ranking with this map, but its unit and definition point to a different story."
      }
    ],
    "difficultyReason": "Expert difficulty: the map can be mistaken for adjacent indicators unless players probe a high, low, and middle country.",
    "regionalSignals": [
      "Settlement maps reward checking dense city-states and large rural countries.",
      "Urban and rural shares are mirror-image clues."
    ]
  },
  "editorialReview": {
    "status": "expert_only",
    "reviewedAt": "2026-07-02",
    "reviewedBy": "Codex editorial QA",
    "qualityScore": 3,
    "funScore": 4,
    "fairnessScore": 3,
    "ambiguityRisk": "medium",
    "dailyEligible": false,
    "practiceEligible": true,
    "challengeEligible": true,
    "expertOnly": true,
    "reviewNotes": [
      "Batch 3 QA: sharp urban sanitation-risk map, but close to national open-defecation.",
      "Expert-only until access variants are tested."
    ],