{
  "schemaVersion": "1.1.0",
  "id": "urban-population-growth",
  "providerCode": "SP.URB.GROW",
  "title": "Urban population growth (annual %)",
  "shortTitle": "Urban population growth",
  "category": "settlement",
  "difficulty": "standard",
  "definition": "Annual urban population growth rate for year t is the exponential rate of growth of midyear urban population from year t-1 to t, expressed as a percentage. Urban population refers to people living in urban areas as defined by national statistical offices. It is calculated using World Bank total population estimates and urban ratios from the United Nations World Urbanization Prospects.",
  "unit": "annual percent change",
  "year": 2024,
  "valuesByIso3": {
    "AFG": 3.72642057446598,
    "AGO": 4.18812173875964,
    "ALB": -0.967979811056382,
    "ARE": 4.85698550165299,
    "ARG": 0.432261342079918,
    "ARM": 2.4835668663192,
    "AUS": 2.12571289816265,
    "AUT": 0.849927327322192,
    "AZE": 0.593338193383289,
    "BDI": 7.86300205226695,
    "BEL": 0.735388565890222,
    "BEN": 3.99546291254476,
    "BFA": 4.19892549480939,
    "BGD": 2.82015881681108,
    "BGR": 0.214487368088234,
    "BHS": 0.464700693280409,
    "BIH": 0.418022707993025,
    "BLR": -0.0677739479304782,
    "BLZ": 0.980436784126819,
    "BOL": 1.82370068528301,
    "BRA": 0.724401697459186,
    "BRN": 0.923255175797745,
    "BTN": 2.61867173932571,
    "BWA": 2.29137163491074,
    "CAF": 4.37152557937021,
    "CAN": 3.17427570128175,
    "CHE": 1.62862712515389,
    "CHL": 0.739019575786262,
    "CHN": 0.431708792065523,
    "CIV": 3.48999214741196,
    "CMR": 3.10935129574733,
    "COD": 4.07315231217813,
    "COG": 2.74942325759454,
    "COL": 1.3876355674663,
    "CRI": 1.01864686580616,
    "CUB": -0.312492447292504,
    "CYP": 0.997076750311744,
    "CZE": 0.458401790567792,
    "DEU": 0.418567796491835,
    "DJI": 1.44765081379716,
    "DNK": 0.66568251862505,
    "DOM": 0.921337210722963,
    "DZA": 2.12697498648782,
    "ECU": 1.0297722100581,
    "EGY": 1.94520545988301,
    "ERI": 1.39983878920535,
    "ESP": 1.25395229298248,
    "EST": 0.179708470932798,
    "ETH": 4.99846973014755,
    "FIN": 0.989943309479656,
    "FJI": 1.2991007311599,
    "FRA": 0.28679881642264,
    "GAB": 2.40226904959266,
    "GBR": 1.16542701063795,
    "GEO": 0.106666251709168,
    "GHA": 2.83566522568304,
    "GIN": 3.52094495710575,
    "GMB": 3.05384012255444,
    "GNB": 3.34103397205513,
    "GNQ": 2.72523671413841,
    "GRC": 0.260310842407267,
    "GRL": 0.239344311158821,
    "GTM": 2.16241273582344,
    "GUY": 0.618578880870848,
    "HND": 2.49057240695025,
    "HRV": 0.643978002206276,
    "HTI": 2.22807307304193,
    "HUN": -0.03106123999073,
    "IDN": 1.89719567962498,
    "IND": 1.77423382325139,
    "IRL": 1.93467790605789,
    "IRN": 1.50072659043525,
    "IRQ": 2.15034163024692,
    "ISL": 0.250299940339599,
    "ISR": 1.29494868069402,
    "ITA": 0.0422886329405625,
    "JAM": 0.794840329919524,
    "JOR": 1.2773613443686,
    "JPN": -0.318996369716406,
    "KAZ": 1.79385431962336,
    "KEN": 2.77842851424254,
    "KGZ": 1.75024939001955,
    "KHM": 1.82378198623233,
    "KOR": 0.0788732751905413,
    "KWT": 0.899286654502241,
    "LAO": 3.26799060616451,
    "LBN": 0.838238456662815,
    "LBR": 3.1359902347996,
    "LBY": 1.04983639256465,
    "LKA": 0.211737820425389,
    "LSO": 3.43218071864029,
    "LTU": 0.948110579345301,
    "LUX": 1.61995551284329,
    "LVA": -0.754815284233007,
    "MAR": 1.17376582878803,
    "MDA": -1.09187561313693,
    "MDG": 3.84503639591798,
    "MEX": 1.2127000253117,
    "MKD": 0.311769338079317,
    "MLI": 4.87178721321357,
    "MMR": 0.897397924045793,
    "MNE": 0.104784344819076,
    "MNG": 1.96747462099192,
    "MOZ": 4.91106045654751,
    "MRT": 4.36769871464923,
    "MWI": 4.29142427265585,
    "MYS": 1.83816120540281,
    "NAM": 3.14230774103844,
    "NCL": 1.24582882655767,
    "NER": 4.95172159663678,
    "NGA": 3.3628832591496,
    "NIC": 1.57956475560401,
    "NLD": 0.98132856285037,
    "NOR": 1.25936531988579,
    "NPL": 0.196822600544043,
    "NZL": 1.72488696886557,
    "OMN": 4.3385913419059,
    "PAK": 2.41802539576733,
    "PAN": 1.47211283915818,
    "PER": 1.57651042813743,
    "PHL": 1.41854562717771,
    "PNG": 4.06785501758394,
    "POL": -0.208678244418305,
    "PRI": 0.0657005321918812,
    "PRK": 0.808256964907783,
    "PRT": 1.29665949378498,
    "PRY": 1.97522945625298,
    "PSE": 2.66135949386713,
    "QAT": 7.36140535067379,
    "ROU": -0.0430138512035487,
    "RUS": -0.0283196242809465,
    "RWA": 5.64716525959838,
    "SAU": 4.81983574967141,
    "SDN": 1.01305651386284,
    "SEN": 3.29859527765075,
    "SLB": 4.52267698306251,
    "SLE": 3.35005056369307,
    "SLV": 1.06563734540893,
    "SOM": 4.4872398619211,
    "SRB": -0.171021123625036,
    "SSD": 5.35572566859027,
    "SUR": 0.889793534914993,
    "SVK": -0.0839422836950296,
    "SVN": 0.721876350070118,
    "SWE": 0.566700979960288,
    "SWZ": 2.69288262130869,
    "SYR": 4.34158266136508,
    "TCD": 7.20534416894141,
    "TGO": 3.53965377622507,
    "THA": 1.47434839627653,
    "TJK": 1.87832586795537,
    "TKM": 1.79237618754365,
    "TLS": 1.41400509504705,
    "TTO": 0.0738387868710568,
    "TUN": 1.09931824049137,
    "TUR": 0.587160894947427,
    "TZA": 4.8107084931504,
    "UGA": 4.92509441786509,
    "UKR": 0.417771039442017,
    "URY": 0.0126648281212226,
    "USA": 1.04286346807884,
    "UZB": 1.97493793290612,
    "VEN": 0.409818406418075,
    "VNM": 1.57144510714158,
    "VUT": 2.37006474262017,
    "YEM": 3.62794053134124,
    "ZAF": 1.42147218614851,
    "ZMB": 3.78819140455858,
    "ZWE": 3.29957156564359
  },
  "stats": {
    "coverage": 169,
    "min": -1.09187561313693,
    "max": 7.86300205226695,
    "median": 1.47434839627653,
    "quantileBreaks": [
      -1.09187561313693,
      0.250299940339599,
      0.838238456662815,
      1.25936531988579,
      1.82370068528301,
      2.72523671413841,
      3.99546291254476,
      7.86300205226695
    ]
  },
  "formatting": {
    "maximumFractionDigits": 1,
    "suffix": "%"
  },
  "source": {
    "provider": "World Bank",
    "dataset": "World Development Indicators",
    "attribution": "The World Bank",
    "sourceReference": "https://api.worldbank.org/v2/indicator/SP.URB.GROW?format=json&per_page=1",
    "valuesReference": "https://api.worldbank.org/v2/country/all/indicator/SP.URB.GROW?format=json&per_page=20000&page=1&date=2015%3A2025",
    "license": "Creative Commons Attribution 4.0 International unless specifically labeled otherwise by World Bank metadata",
    "licenseReference": "https://www.worldbank.org/en/about/legal/terms-of-use-for-datasets",
    "retrievedAt": "2026-06-27T17:15:21.768584+00:00",
    "checksum": "fc37a7144a4e5f5bdfc62f4f372e029a6bb756c110d307da49c4084bcac6f04a",
    "sourceOrganization": "World Urbanization Prospects, United Nations (UN), uri: https://population.un.org/wup/, note: World Bank staff estimates based on the United Nations Population Division's World Urbanization Prospects, National definitions, publisher: UN Population Division;\nStaff estimates, World Bank (WB), note: World Bank staff estimates based on the United Nations Population Division's World Urbanization Prospects, National definitions"
  },
  "reviewStatus": "approved",
  "contentVersion": "2026.06.22-exp2-qa1",
  "editorial": {
    "shortHook": "A candidate map for urban population growth.",
    "patternNote": "The darkest countries include Burundi, Qatar, Chad, while the lightest include Moldova, Albania, Latvia; that contrast is the fastest way to read the urban population growth pattern.",
    "whyItMatters": "Urban population growth may add useful WORLDPRINT variety once source coverage, unit clarity, map interest, and distractor ambiguity are reviewed.",
    "bestProbeCountries": [
      {
        "iso3": "BDI",