{
  "schemaVersion": "1.1.0",
  "id": "urban-basic-sanitation",
  "providerCode": "SH.STA.BASS.UR.ZS",
  "title": "People using at least basic sanitation services, urban (% of urban population)",
  "shortTitle": "Urban basic sanitation",
  "category": "settlement",
  "difficulty": "standard",
  "definition": "The percentage of people using at least basic sanitation services, that is, improved sanitation facilities that are not shared with other households.  This indicator encompasses both people using basic sanitation services as well as those using safely managed sanitation services.   Improved sanitation facilities include flush/pour flush to piped sewer systems, septic tanks or pit latrines; ventilated improved pit latrines, composting toilets or pit latrines with slabs.",
  "unit": "percent of urban population",
  "year": 2024,
  "valuesByIso3": {
    "AFG": 72.9566926834905,
    "ALB": 99.3094763796725,
    "ARE": 98.972717889,
    "ARG": 98.4695992601004,
    "ARM": 100.0,
    "AUT": 99.9533680135601,
    "AZE": 99.6597369585788,
    "BDI": 42.0111468685324,
    "BEL": 99.486125385406,
    "BEN": 32.3900655821967,
    "BFA": 48.4490985216711,
    "BGD": 67.6154773736526,
    "BGR": 86.7803837953092,
    "BIH": 98.8671783667694,
    "BLR": 99.9770860713013,
    "BLZ": 93.3220001457918,
    "BOL": 78.8671234053775,
    "BRA": 95.8634009522858,
    "BTN": 83.9000509116115,
    "BWA": 77.2778275069525,
    "CAF": 24.5458877662278,
    "CAN": 98.550066117837,
    "CHE": 99.8998998998999,
    "CHL": 100.0,
    "CHN": 98.3583032490974,
    "CIV": 54.3210726849005,
    "CMR": 61.9305009156542,
    "COD": 21.79802716305,
    "COL": 98.5702352104264,
    "CRI": 98.9220219223664,
    "CUB": 95.0148519587763,
    "CYP": 99.7535527081102,
    "CZE": 98.9674956989247,
    "DEU": 99.2936427850656,
    "DNK": 99.5971802618328,
    "DOM": 91.709785341808,
    "DZA": 87.8992401659597,
    "ECU": 93.9711881364603,
    "EGY": 99.9456834684143,
    "ESP": 99.8998998998999,
    "EST": 98.9430501907453,
    "ETH": 24.0617676497997,
    "FIN": 99.4470046082949,
    "FJI": 92.7610974771031,
    "FRA": 98.5901309164149,
    "GAB": 60.5244126093321,
    "GBR": 99.0363966900702,
    "GEO": 97.6778921796354,
    "GHA": 37.0420196998689,
    "GIN": 48.4161167164449,
    "GMB": 61.1140989320078,
    "GNB": 42.8330823188195,
    "GRC": 99.2097984986171,
    "GTM": 80.9465949241948,
    "GUY": 93.218462705749,
    "HND": 90.9153933645441,
    "HTI": 32.4092831794399,
    "HUN": 97.7551020408163,
    "IDN": 90.0774466827668,
    "IND": 87.3801818139873,
    "IRL": 87.8128506156305,
    "IRN": 92.8,
    "IRQ": 98.8413604280945,
    "ISL": 98.7012987012987,
    "ISR": 100.0,
    "ITA": 99.8793152064451,
    "JAM": 89.9836724174635,
    "JOR": 96.5625494153005,
    "KAZ": 97.1169414238313,
    "KEN": 39.7003512406866,
    "KGZ": 96.6484861976449,
    "KHM": 93.1157799598997,
    "KWT": 100.0,
    "LAO": 98.5668958349244,
    "LBR": 34.6088842114741,
    "LKA": 96.8555405765277,
    "LSO": 45.042157881109,
    "LTU": 97.9015041169499,
    "LUX": 97.4952352752881,
    "LVA": 95.9842218299362,
    "MAR": 96.3645933046175,
    "MDA": 90.9295642975146,
    "MDG": 22.2241789792749,
    "MEX": 93.8222609029076,
    "MKD": 99.8421484908734,
    "MLI": 57.9573636989359,
    "MMR": 79.3393282444116,
    "MNE": 99.6319949975223,
    "MNG": 83.7627831420951,
    "MOZ": 63.4053708173102,
    "MRT": 81.4502564168303,
    "MWI": 48.0363192647653,
    "MYS": 96.056622851365,
    "NAM": 50.1880967971027,
    "NER": 53.0552530322693,
    "NGA": 59.1206988327009,
    "NLD": 97.5,
    "NOR": 98.0,
    "NPL": 82.742135530695,
    "NZL": 100.0,
    "OMN": 99.3236975388366,
    "PAK": 82.9837739229137,
    "PAN": 96.9339725439645,
    "PER": 83.4540870954899,
    "PHL": 86.8135468544432,
    "PNG": 48.5440815387055,
    "POL": 98.7717502558854,
    "PRT": 99.5963673057518,
    "PRY": 95.7496277109764,
    "PSE": 99.5804492546583,
    "ROU": 98.3131121282786,
    "RUS": 99.2674418604649,
    "RWA": 56.4355687975904,
    "SAU": 97.9490123626238,
    "SDN": 81.1183961122647,
    "SEN": 70.9945935999935,
    "SLB": 74.8286668812993,
    "SLE": 36.7339897534179,
    "SLV": 91.490193874904,
    "SOM": 54.0285637369663,
    "SRB": 99.7493533895542,
    "SSD": 37.6610929844792,
    "SUR": 93.838375571907,
    "SVK": 98.6924463625665,
    "SWE": 98.7202437378664,
    "SWZ": 47.5464875740683,
    "SYR": 96.4553907565153,
    "TCD": 39.4591670420644,
    "TGO": 38.4101608439072,
    "THA": 99.7179685918685,
    "TKM": 99.572126491561,
    "TLS": 80.1234001284807,
    "TTO": 95.1243226711766,
    "TUN": 98.1855117181526,
    "TUR": 99.8583647109208,
    "TZA": 55.7862199650571,
    "UGA": 32.5544602012801,
    "UKR": 97.9948532814959,
    "URY": 99.1307905468397,
    "USA": 99.8582075339702,
    "UZB": 95.2990891157787,
    "VNM": 98.4068017735999,
    "VUT": 50.7624219896683,
    "YEM": 86.2028438692929,
    "ZAF": 76.5561579430314,
    "ZMB": 43.3021482587645,
    "ZWE": 40.4295060198199
  },
  "stats": {
    "coverage": 147,
    "min": 21.79802716305,
    "max": 100.0,
    "median": 93.9711881364603,
    "quantileBreaks": [
      21.79802716305,
      48.361859937633525,
      77.07163620297504,
      90.92349104052724,
      96.59937946487666,
      98.61936390102966,
      99.58272326195738,
      100.0
    ]
  },
  "formatting": {
    "maximumFractionDigits": 1,
    "suffix": "%"
  },
  "source": {
    "provider": "World Bank",
    "dataset": "World Development Indicators",
    "attribution": "The World Bank",
    "sourceReference": "https://api.worldbank.org/v2/indicator/SH.STA.BASS.UR.ZS?format=json&per_page=1",
    "valuesReference": "https://api.worldbank.org/v2/country/all/indicator/SH.STA.BASS.UR.ZS?format=json&per_page=20000&page=1&date=2015%3A2025",
    "license": "Creative Commons Attribution 4.0 International unless specifically labeled otherwise by World Bank metadata",
    "licenseReference": "https://www.worldbank.org/en/about/legal/terms-of-use-for-datasets",
    "retrievedAt": "2026-07-02T22:48:16.713442+00:00",
    "checksum": "af0154bbf219ebfeb9d8c16a4bded2cd6651413a2854421919fae25534d304ab",
    "sourceOrganization": "WHO/UNICEF Joint Monitoring Programme (JMP) for Water Supply, Sanitation and Hygiene, World Health Organization (WHO), uri: washdata.org, publisher: WHO/UNICEF Joint Monitoring Programme (JMP) for Water Supply, Sanitation and Hygiene (washdata.org), date accessed: 2025-09-30, date published: 2025-08-25;\nUN Children's Fund (UNICEF), uri: washdata.org, note: WHO/UNICEF Joint Monitoring Programme (JMP) for Water Supply, Sanitation and Hygiene"
  },
  "reviewStatus": "approved",
  "contentVersion": "2026.07.02-exp4-content50",
  "editorial": {
    "shortHook": "An urban sanitation-access map.",
    "patternNote": "The darkest countries include New Zealand, Kuwait, Israel, while the lightest include Congo, Dem. Rep., Madagascar, Ethiopia; that contrast is the fastest way to read the urban basic sanitation pattern.",
    "whyItMatters": "Urban sanitation access gives a readable infrastructure signal that can differ from drinking water.",
    "bestProbeCountries": [
      {
        "iso3": "NZL",
        "reason": "High anchor: this country sits near the darkest end of the map."
      },
      {
        "iso3": "COD",
        "reason": "Low anchor: this country clarifies the lightest end of the scale."
      },
      {
        "iso3": "ECU",
        "reason": "Middle check: this country helps separate a true pattern from one-off outliers."
      }
    ],
    "commonConfusions": [
      {
        "confusedWithIndicatorCode": "SH.STA.BASS.ZS",
        "reason": "Basic sanitation access can tempt players because it shares a strong country ranking with this map, but its unit and definition point to a different story."
      },
      {
        "confusedWithIndicatorCode": "SH.STA.BASS.RU.ZS",