{
  "schemaVersion": "1.1.0",
  "id": "urban-low-elevation-population",
  "providerCode": "EN.POP.EL5M.UR.ZS",
  "title": "Urban population living in areas where elevation is below 5 meters (% of total population)",
  "shortTitle": "Urban low-elevation population",
  "category": "settlement",
  "difficulty": "expert",
  "definition": "Urban population below 5m is the percentage of the total population, living in areas where the elevation is 5 meters or less.",
  "unit": "percent of total population",
  "year": 2015,
  "valuesByIso3": {
    "AFG": 0.0,
    "AGO": 1.22031473386113,
    "ALB": 6.36725889482294,
    "ARE": 25.5033134260537,
    "ARG": 0.89620461763734,
    "ARM": 0.0,
    "AUS": 2.70967706129351,
    "AUT": 0.0,
    "AZE": 0.0,
    "BDI": 0.0,
    "BEL": 4.23288079140423,
    "BEN": 6.00319532160345,
    "BFA": 0.0,
    "BGD": 6.06483592943179,
    "BGR": 1.18593949787323,
    "BHS": 4.03767804406236,
    "BIH": 0.0,
    "BLR": 0.0,
    "BLZ": 28.4691862160133,
    "BOL": 0.0,
    "BRA": 1.74176208411886,
    "BRN": 13.9375149423179,
    "BTN": 0.0,
    "BWA": 0.0,
    "CAF": 0.0,
    "CAN": 0.892721442026911,
    "CHE": 0.0,
    "CHL": 0.659960079777597,
    "CHN": 4.35330882386637,
    "CIV": 2.71979650450791,
    "CMR": 1.9166220998732,
    "COD": 0.00363549868666974,
    "COG": 0.711294533798085,
    "COL": 1.78023640731073,
    "CRI": 0.964491150023063,
    "CUB": 1.54681570855616,
    "CYP": 2.56514952874727,
    "CZE": 0.0,
    "DEU": 1.1777360602208,
    "DJI": 8.60943946807135,
    "DNK": 8.64748991042615,
    "DOM": 1.38305469047619,
    "DZA": 1.12475465185959,
    "ECU": 6.3540356245696,
    "EGY": 13.750899401334,
    "ERI": 14.9037642302631,
    "ESP": 3.37222130235961,
    "EST": 1.31773108371416,
    "ETH": 0.0,
    "FIN": 2.90262734152158,
    "FJI": 3.48603244264395,
    "FRA": 1.26393145663351,
    "GAB": 7.88184195432294,
    "GBR": 2.07611725998585,
    "GEO": 3.03959394630412,
    "GHA": 1.41563285205837,
    "GIN": 1.46906306056809,
    "GMB": 1.92957740511932,
    "GNB": 1.24085460897296,
    "GNQ": 4.902126725101,
    "GRC": 2.86727074948023,
    "GRL": 16.3987751449156,
    "GTM": 0.121005271112111,
    "GUY": 51.9873527522393,
    "HND": 0.58797234131847,
    "HRV": 2.44112588767236,
    "HTI": 2.93591746648115,
    "HUN": 0.0,
    "IDN": 6.37354752480886,
    "IND": 1.44686399041262,
    "IRL": 1.63531715705878,
    "IRN": 0.759192443368756,
    "IRQ": 3.46737600013636,
    "ISL": 6.3211319788336,
    "ISR": 1.60445465429096,
    "ITA": 2.68299791728065,
    "JAM": 7.32869431072499,
    "JOR": 0.0385479374273266,
    "JPN": 11.5747621193697,
    "KAZ": 0.0,
    "KEN": 0.210684284716531,
    "KGZ": 0.0,
    "KHM": 0.687841466704933,
    "KOR": 1.56865507207618,
    "KWT": 3.91300721715116,
    "LAO": 0.0,
    "LBN": 2.79063763069214,
    "LBR": 9.52124734737582,
    "LBY": 5.79539279534935,
    "LKA": 2.37042769644117,
    "LSO": 0.0,
    "LTU": 1.14657047661251,
    "LUX": 0.0,
    "LVA": 7.95543952526067,
    "MAR": 1.16911789825743,
    "MDA": 0.0,
    "MDG": 2.09909340572349,
    "MEX": 0.630815234721685,
    "MKD": 0.0,
    "MLI": 0.0,
    "MMR": 3.35060658309159,
    "MNE": 2.76104587228252,
    "MNG": 0.0,
    "MOZ": 1.31107666129378,
    "MRT": 19.5397951254318,
    "MWI": 0.0,
    "MYS": 6.51856811135229,
    "NAM": 0.112413477611878,
    "NCL": 5.32349427952687,
    "NER": 0.0,
    "NGA": 2.7177531284189,
    "NIC": 0.938935966496589,
    "NLD": 43.8096052939172,
    "NOR": 2.89410631274489,
    "NPL": 0.0,
    "NZL": 2.22377953049516,
    "OMN": 5.06208024525937,
    "PAK": 0.209824035021691,
    "PAN": 3.26427150331578,
    "PER": 0.391034576325934,
    "PHL": 5.93585399053803,
    "PNG": 4.76855175880511,
    "POL": 1.05831371673109,
    "PRI": 6.98888109200407,
    "PRK": 3.38560692741785,
    "PRT": 0.806067778258464,
    "PRY": 0.0,
    "PSE": 0.19212012350603,
    "QAT": 5.86988562808671,
    "ROU": 0.246959427721656,
    "RUS": 0.697415571406096,
    "RWA": 0.0,
    "SAU": 2.52384468700662,
    "SDN": 0.416263007556351,
    "SEN": 4.81548199492644,
    "SLB": 1.79785728945013,
    "SLE": 1.18716742336241,
    "SLV": 0.26080756905024,
    "SOM": 2.67831520105903,
    "SRB": 0.0,
    "SSD": 0.0,
    "SUR": 53.4839716243081,
    "SVK": 0.0,
    "SVN": 1.26875242564278,
    "SWE": 3.39593161966559,
    "SWZ": 0.0,
    "SYR": 0.31380140190585,
    "TCD": 0.0,
    "TGO": 0.981711709759226,
    "THA": 14.6506060086,
    "TJK": 0.0,
    "TKM": 0.0,
    "TLS": 1.06192875757289,
    "TTO": 2.95534411062824,
    "TUN": 7.95926997478388,
    "TUR": 2.05455428899421,
    "TZA": 0.0995070214673028,
    "UGA": 0.0,
    "UKR": 0.752524496924324,
    "URY": 1.90377489993985,
    "USA": 1.4767857785902,
    "UZB": 0.0,
    "VEN": 3.24682044448465,
    "VNM": 22.504797464959,
    "VUT": 1.7917274157673,
    "YEM": 1.00996020680856,
    "ZAF": 0.114056751812103,
    "ZMB": 0.0,
    "ZWE": 0.0
  },
  "stats": {
    "coverage": 169,
    "min": 0.0,
    "max": 53.4839716243081,
    "median": 1.38305469047619,
    "quantileBreaks": [
      0.0,
      0.0,
      0.209824035021691,
      1.12475465185959,
      1.79785728945013,
      3.03959394630412,
      6.3540356245696,
      53.4839716243081
    ]
  },
  "formatting": {
    "maximumFractionDigits": 1,
    "suffix": "%"
  },
  "source": {
    "provider": "World Bank",
    "dataset": "World Development Indicators",
    "attribution": "The World Bank",
    "sourceReference": "https://api.worldbank.org/v2/indicator/EN.POP.EL5M.UR.ZS?format=json&per_page=1",
    "valuesReference": "https://api.worldbank.org/v2/country/all/indicator/EN.POP.EL5M.UR.ZS?format=json&per_page=20000&page=1&date=2015%3A2025",
    "license": "Creative Commons Attribution 4.0 International unless specifically labeled otherwise by World Bank metadata",
    "licenseReference": "https://www.worldbank.org/en/about/legal/terms-of-use-for-datasets",
    "retrievedAt": "2026-06-27T17:15:34.548045+00:00",
    "checksum": "595d293d3d052a8af6e83f4d1dcc0228e3606c01aa87686a2fe2428b37e2aba3",
    "sourceOrganization": "Low Elevation Coastal Zone (LECZ) Urban-Rural Population and Land Area Estimates, Version 3, Center For International Earth Science Information Network (CIESIN) - Columbia University, uri: https://doi.org/10.7927/d1x1-d702, publisher: NASA Earthdata GIS, date accessed: 202112, date published: 202112;\nCUNY Institute for Demographic Research (CIDR) - City University of New York, uri: https://doi.org/10.7927/d1x1-d702, publisher: NASA Earthdata GIS, date accessed: 202112"
  },
  "reviewStatus": "approved",
  "contentVersion": "2026.06.22-exp2-qa1",
  "editorial": {
    "shortHook": "A coastal city exposure map.",
    "patternNote": "The darkest countries include Suriname, Guyana, Netherlands, while the lightest include Afghanistan, Armenia, Austria; that contrast is the fastest way to read the urban low-elevation population pattern.",
    "whyItMatters": "Urban low-elevation population shows where people live in cities close to sea level.",
    "bestProbeCountries": [
      {
        "iso3": "SUR",
        "reason": "High anchor: this country sits near the darkest end of the map."
      },
      {
        "iso3": "AFG",
        "reason": "Low anchor: this country clarifies the lightest end of the scale."
      },
      {
        "iso3": "DOM",
        "reason": "Middle check: this country helps separate a true pattern from one-off outliers."
      }
    ],
    "commonConfusions": [
      {
        "confusedWithIndicatorCode": "EN.POP.EL5M.ZS",
        "reason": "Low-elevation coastal population can tempt players because it shares a strong country ranking with this map, but its unit and definition point to a different story."
      },
      {
        "confusedWithIndicatorCode": "EN.POP.EL5M.RU.ZS",