{
  "schemaVersion": "1.1.0",
  "id": "urban-basic-drinking-water",
  "providerCode": "SH.H2O.BASW.UR.ZS",
  "title": "People using at least basic drinking water services, urban (% of urban population)",
  "shortTitle": "Urban basic drinking water",
  "category": "settlement",
  "difficulty": "standard",
  "definition": "The percentage of people using at least basic water services.  This indicator encompasses both people using basic water services as well as those using safely managed water services.  Basic drinking water services is defined as drinking water from an improved source, provided collection time is not more than 30 minutes for a round trip.  Improved water sources include piped water, boreholes or tubewells, protected dug wells, protected springs, and packaged or delivered water.",
  "unit": "percent of urban population",
  "year": 2024,
  "valuesByIso3": {
    "AFG": 96.8908828888889,
    "AGO": 81.7269712752887,
    "ALB": 95.6638091167437,
    "ARE": 100.0,
    "ARG": 99.8173132584821,
    "ARM": 99.892964536074,
    "AUS": 99.965,
    "AUT": 100.0,
    "AZE": 99.8266554607509,
    "BDI": 91.2165479096286,
    "BEL": 100.0,
    "BEN": 75.8969300384567,
    "BFA": 81.4902629036794,
    "BGD": 98.7642196349346,
    "BGR": 99.68596177618,
    "BIH": 94.8760910019556,
    "BLR": 99.8948360590017,
    "BLZ": 98.87896,
    "BOL": 99.2143561459865,
    "BRA": 100.0,
    "BTN": 99.8458659786034,
    "BWA": 96.7797704668313,
    "CAF": 48.0642368390066,
    "CAN": 98.2532478606719,
    "CHE": 100.0,
    "CHL": 99.8196489618056,
    "CHN": 97.3278208489958,
    "CIV": 88.7378164354012,
    "CMR": 81.562775658379,
    "COD": 59.30889560734,
    "COL": 99.9146394731801,
    "CRI": 99.8496528571429,
    "CUB": 96.0828426146925,
    "CYP": 99.7322520261767,
    "CZE": 98.8076459666153,
    "DEU": 100.0,
    "DJI": 84.3001679781033,
    "DNK": 100.0,
    "DOM": 97.922869327823,
    "DZA": 94.8142149023125,
    "ECU": 97.8176453614458,
    "EGY": 98.6498842153275,
    "ESP": 99.9079452054795,
    "EST": 100.0,
    "ETH": 83.4762622939379,
    "FIN": 100.0,
    "FJI": 98.6786289072651,
    "FRA": 100.0,
    "GAB": 92.3594178754568,
    "GBR": 100.0,
    "GEO": 99.577340811448,
    "GHA": 99.0754116388805,
    "GIN": 93.2594907170825,
    "GMB": 91.773954119589,
    "GNB": 72.6893247351766,
    "GRC": 100.0,
    "GTM": 96.6777935468487,
    "GUY": 95.4791569543217,
    "HND": 99.2164936563071,
    "HRV": 99.9387,
    "HTI": 85.4523037961085,
    "HUN": 100.0,
    "IDN": 94.9595852076774,
    "IND": 97.117812802765,
    "IRL": 96.6200897109789,
    "IRN": 98.7306688805076,
    "IRQ": 99.8087310300429,
    "ISL": 100.0,
    "ISR": 100.0,
    "JAM": 90.0899337654479,
    "JOR": 99.4096876315337,
    "KAZ": 98.0007313274336,
    "KEN": 88.8872770637778,
    "KGZ": 99.4852037254902,
    "KHM": 94.0558590924582,
    "KWT": 100.0,
    "LAO": 100.0,
    "LBR": 86.0421221041642,
    "LKA": 97.6082655590298,
    "LSO": 94.7153929373126,
    "LTU": 100.0,
    "LUX": 100.0,
    "LVA": 98.8741766020018,
    "MAR": 98.2722681241138,
    "MDA": 97.8917984673988,
    "MDG": 78.20707072496,
    "MEX": 100.0,
    "MKD": 98.2540960117844,
    "MLI": 93.5186745936745,
    "MMR": 96.0019853343513,
    "MNE": 99.191739587156,
    "MNG": 96.1135267667351,
    "MOZ": 89.3966538094612,
    "MRT": 90.4119216743153,
    "MWI": 85.9872781259434,
    "MYS": 98.6632628304387,
    "NAM": 96.1640861880036,
    "NER": 87.2832762432073,
    "NGA": 95.0773140798401,
    "NLD": 100.0,
    "NOR": 100.0,
    "NPL": 92.3207313141639,
    "NZL": 100.0,
    "OMN": 94.7,
    "PAK": 92.9142427063474,
    "PAN": 98.484379,
    "PER": 97.8234063485407,
    "PHL": 98.2567784772956,
    "PNG": 84.3573319382379,
    "POL": 95.6407010618184,
    "PRT": 99.9833699261737,
    "PRY": 99.8867485356581,
    "PSE": 98.4227733333333,
    "ROU": 100.0,
    "RUS": 99.041069035533,
    "RWA": 87.8323867986294,
    "SAU": 98.9349974490729,
    "SDN": 73.9240456456018,
    "SEN": 95.4451097734164,
    "SLB": 91.259452131027,
    "SLE": 81.7072911369416,
    "SLV": 95.1709376521583,
    "SOM": 83.5652621293615,
    "SRB": 95.4793895358925,
    "SSD": 66.1388795848335,
    "SUR": 98.7138538704763,
    "SVK": 99.6050940626174,
    "SWE": 99.7866835669156,
    "SWZ": 98.1427801601403,
    "SYR": 95.6029194495924,
    "TCD": 77.8596065390402,
    "TGO": 73.6370200664598,
    "THA": 100.0,
    "TJK": 94.8889265458966,
    "TKM": 99.856860523412,
    "TLS": 97.6643666229013,
    "TTO": 99.4770802165643,
    "TUN": 98.3128798811121,
    "TUR": 96.4076752976625,
    "TZA": 86.2037008968076,
    "UGA": 79.987087149147,
    "UKR": 90.8468011938619,
    "URY": 99.8201530121231,
    "USA": 99.9765845004589,
    "UZB": 98.1211340943482,
    "VNM": 99.1759832139475,
    "VUT": 97.2257855277702,
    "YEM": 88.524426211738,
    "ZAF": 97.8202749646368,
    "ZMB": 90.3327344404554,
    "ZWE": 93.6642661277246
  },
  "stats": {
    "coverage": 151,
    "min": 48.0642368390066,
    "max": 100.0,
    "median": 98.0007313274336,
    "quantileBreaks": [
      48.0642368390066,
      86.66637604526461,
      94.71319394626795,
      96.95572000713922,
      98.65944036897835,
      99.74002796056797,
      100.0,
      100.0
    ]
  },
  "formatting": {
    "maximumFractionDigits": 1,
    "suffix": "%"
  },
  "source": {
    "provider": "World Bank",
    "dataset": "World Development Indicators",
    "attribution": "The World Bank",
    "sourceReference": "https://api.worldbank.org/v2/indicator/SH.H2O.BASW.UR.ZS?format=json&per_page=1",
    "valuesReference": "https://api.worldbank.org/v2/country/all/indicator/SH.H2O.BASW.UR.ZS?format=json&per_page=20000&page=1&date=2015%3A2025",
    "license": "Creative Commons Attribution 4.0 International unless specifically labeled otherwise by World Bank metadata",
    "licenseReference": "https://www.worldbank.org/en/about/legal/terms-of-use-for-datasets",
    "retrievedAt": "2026-06-27T17:16:01.414465+00:00",
    "checksum": "7354cb6780340e273082632a9a27542735ca65ec0c3ed97fce8dd9ef3594ddf6",
    "sourceOrganization": "WHO/UNICEF Joint Monitoring Programme (JMP) for Water Supply, Sanitation and Hygiene, World Health Organization (WHO), uri: washdata.org, publisher: WHO/UNICEF Joint Monitoring Programme (JMP) for Water Supply, Sanitation and Hygiene (washdata.org), date accessed: 2025-09-30, date published: 2025-08-25;\nUN Children's Fund (UNICEF), uri: washdata.org, note: WHO/UNICEF Joint Monitoring Programme (JMP) for Water Supply, Sanitation and Hygiene"
  },
  "reviewStatus": "approved",
  "contentVersion": "2026.06.22-exp2-qa1",
  "editorial": {
    "shortHook": "An urban water-access map.",
    "patternNote": "The darkest countries include Thailand, Romania, New Zealand, while the lightest include Central African Republic, Congo, Dem. Rep., South Sudan; that contrast is the fastest way to read the urban basic drinking water pattern.",
    "whyItMatters": "Urban basic drinking water gives a city-infrastructure puzzle that is easier to read than raw water resources.",
    "bestProbeCountries": [
      {
        "iso3": "THA",
        "reason": "High anchor: this country sits near the darkest end of the map."
      },
      {
        "iso3": "CAF",
        "reason": "Low anchor: this country clarifies the lightest end of the scale."
      },
      {
        "iso3": "KAZ",
        "reason": "Middle check: this country helps separate a true pattern from one-off outliers."
      }
    ],
    "commonConfusions": [
      {
        "confusedWithIndicatorCode": "SH.H2O.BASW.ZS",
        "reason": "Basic drinking water access can tempt players because it shares a strong country ranking with this map, but its unit and definition point to a different story."
      },
      {
        "confusedWithIndicatorCode": "SH.H2O.BASW.RU.ZS",