{
  "schemaVersion": "1.1.0",
  "id": "urban-low-elevation-land",
  "providerCode": "AG.LND.EL5M.UR.ZS",
  "title": "Urban land area where elevation is below 5 meters (% of total land area)",
  "shortTitle": "Urban low-elevation land",
  "category": "settlement",
  "difficulty": "expert",
  "definition": "Urban land area below 5m is the percentage of total land where the urban land elevation is 5 meters or less.",
  "unit": "percent of land area",
  "year": 2015,
  "valuesByIso3": {
    "AFG": 0.0,
    "AGO": 0.00718678972646164,
    "ALB": 0.235674405567861,
    "ARE": 0.66542870603058,
    "ARG": 0.00885170703133937,
    "ARM": 0.0,
    "AUS": 0.00981342733687323,
    "AUT": 0.0,
    "AZE": 0.0,
    "BDI": 0.0,
    "BEL": 1.70769114050844,
    "BEN": 0.213489121239495,
    "BFA": 0.0,
    "BGD": 5.15376299414032,
    "BGR": 0.0338133429329448,
    "BHS": 0.195125413465585,
    "BIH": 0.0,
    "BLR": 0.0,
    "BLZ": 0.189990279043499,
    "BOL": 0.0,
    "BRA": 0.0178351526776787,
    "BRN": 0.589725537419448,
    "BTN": 0.0,
    "BWA": 0.0,
    "CAF": 0.0,
    "CAN": 0.00315521286062174,
    "CHE": 0.0,
    "CHL": 0.00915057227654696,
    "CHN": 0.3567981485348,
    "CIV": 0.0351119233077257,
    "CMR": 0.010786180369566,
    "COD": 0.000119920245287276,
    "COG": 0.002119186964186,
    "COL": 0.011513278779794,
    "CRI": 0.0526567180701367,
    "CUB": 0.0956446872801996,
    "CYP": 0.330672938754345,
    "CZE": 0.0,
    "DEU": 0.241155196324363,
    "DJI": 0.0388091220968094,
    "DNK": 0.834868724375106,
    "DOM": 0.145836969556819,
    "DZA": 0.00710774380396344,
    "ECU": 0.0585432544731608,
    "EGY": 0.486798597810249,
    "ERI": 0.00697253687538946,
    "ESP": 0.167323425966738,
    "EST": 0.0485712864420752,
    "ETH": 0.0,
    "FIN": 0.0412413345629438,
    "FJI": 0.115157925596839,
    "FRA": 0.134760737863284,
    "GAB": 0.0140030843095653,
    "GBR": 0.341832644971562,
    "GEO": 0.0811549934686211,
    "GHA": 0.122784485962052,
    "GIN": 0.0354769164542542,
    "GMB": 0.233976507692117,
    "GNB": 0.0750560535488457,
    "GNQ": 0.061935562546771,
    "GRC": 0.159129943996442,
    "GRL": 0.000735832051513541,
    "GTM": 0.012566817914285,
    "GUY": 0.0704036587146613,
    "HND": 0.0361378588854387,
    "HRV": 0.116456932463263,
    "HTI": 0.235940470122452,
    "HUN": 0.0,
    "IDN": 0.266291440717653,
    "IND": 0.224064948861236,
    "IRL": 0.0829405588787072,
    "IRN": 0.0160591681876575,
    "IRQ": 0.056995858438687,
    "ISL": 0.0135446215272438,
    "ISR": 0.324689057516393,
    "ITA": 0.362786953648732,
    "JAM": 1.05809470301783,
    "JOR": 0.00132906417056332,
    "JPN": 1.77174670864157,
    "KAZ": 0.0,
    "KEN": 0.00494242724713268,
    "KGZ": 0.0,
    "KHM": 0.0185798374376593,
    "KOR": 0.441188310989097,
    "KWT": 0.455354489248976,
    "LAO": 0.0,
    "LBN": 0.393958338166118,
    "LBR": 0.129347567366937,
    "LBY": 0.0146588171535494,
    "LKA": 0.425952534255569,
    "LSO": 0.0,
    "LTU": 0.0276904378923857,
    "LUX": 0.0,
    "LVA": 0.143981452837119,
    "MAR": 0.0377489705098307,
    "MDA": 0.0,
    "MDG": 0.017962140057161,
    "MEX": 0.0218392551383301,
    "MKD": 0.0,
    "MLI": 0.0,
    "MMR": 0.0548843042410738,
    "MNE": 0.109718249234213,
    "MNG": 0.0,
    "MOZ": 0.0163008361620869,
    "MRT": 0.011008194160562,
    "MWI": 0.0,
    "MYS": 0.52508304753466,
    "NAM": 0.000416811490079811,
    "NCL": 0.0644352894267465,
    "NER": 0.0,
    "NGA": 0.109048862233708,
    "NIC": 0.0122778434423933,
    "NLD": 12.3264209732598,
    "NOR": 0.0425127162788548,
    "NPL": 0.0,
    "NZL": 0.0434340197326622,
    "OMN": 0.0456779561602288,
    "PAK": 0.00813024550618311,
    "PAN": 0.0702848202905008,
    "PER": 0.00455895171875887,
    "PHL": 0.513625825260924,
    "PNG": 0.0102594494919927,
    "POL": 0.0720976544338071,
    "PRI": 1.99853897555268,
    "PRK": 0.137089038771732,
    "PRT": 0.132672738916935,
    "PRY": 0.0,
    "PSE": 0.12318577115228,
    "QAT": 0.907134125054895,
    "ROU": 0.0113636297051961,
    "RUS": 0.00356941584020928,
    "RWA": 0.0,
    "SAU": 0.0197986700402435,
    "SDN": 0.00121880659268743,
    "SEN": 0.0843632598287063,
    "SLB": 0.0265876055564944,
    "SLE": 0.0533404237518951,
    "SLV": 0.0733201425025531,
    "SOM": 0.0043821899536738,
    "SRB": 0.0,
    "SSD": 0.0,
    "SUR": 0.142556154824311,
    "SVK": 0.0,
    "SVN": 0.0614799473716472,
    "SWE": 0.0660883704048796,
    "SWZ": 0.0,
    "SYR": 0.014255289838786,
    "TCD": 0.0,
    "TGO": 0.0630015319992872,
    "THA": 0.783546176117354,
    "TJK": 0.0,
    "TKM": 0.0,
    "TLS": 0.0433261911182652,
    "TTO": 0.995321934003008,
    "TUN": 0.2130262649066,
    "TUR": 0.0835223988957505,
    "TZA": 0.00432650244209202,
    "UGA": 0.0,
    "UKR": 0.0380185306530379,
    "URY": 0.0296270582633509,
    "USA": 0.0550514086317826,
    "UZB": 0.0,
    "VEN": 0.0362701349801498,
    "VNM": 3.69001716480874,
    "VUT": 0.0365078588679,
    "YEM": 0.011927489732093,
    "ZAF": 0.00813369375793714,
    "ZMB": 0.0,
    "ZWE": 0.0
  },
  "stats": {
    "coverage": 169,
    "min": 0.0,
    "max": 12.3264209732598,
    "median": 0.0351119233077257,
    "quantileBreaks": [
      0.0,
      0.0,
      0.00356941584020928,
      0.0146588171535494,
      0.0456779561602288,
      0.109718249234213,
      0.324689057516393,
      12.3264209732598
    ]
  },
  "formatting": {
    "maximumFractionDigits": 1,
    "suffix": "%"
  },
  "source": {
    "provider": "World Bank",
    "dataset": "World Development Indicators",
    "attribution": "The World Bank",
    "sourceReference": "https://api.worldbank.org/v2/indicator/AG.LND.EL5M.UR.ZS?format=json&per_page=1",
    "valuesReference": "https://api.worldbank.org/v2/country/all/indicator/AG.LND.EL5M.UR.ZS?format=json&per_page=20000&page=1&date=2015%3A2025",
    "license": "Creative Commons Attribution 4.0 International unless specifically labeled otherwise by World Bank metadata",
    "licenseReference": "https://www.worldbank.org/en/about/legal/terms-of-use-for-datasets",
    "retrievedAt": "2026-06-27T17:15:35.492426+00:00",
    "checksum": "25c4ea1c8bb12f7621d8439ff82c6e6fd82795234d28f00f322ad991ec7f2a1d",
    "sourceOrganization": "Low Elevation Coastal Zone (LECZ) Urban-Rural Population and Land Area Estimates, Version 3, Center For International Earth Science Information Network (CIESIN) - Columbia University, uri: https://www.earthdata.nasa.gov/data/catalog/sedac-ciesin-sedac-lecz-urplaev3-3.00, publisher: NASA Socioeconomic Data and Applications Center (SEDAC), date published: 2021"
  },
  "reviewStatus": "approved",
  "contentVersion": "2026.06.22-exp2-qa1",
  "editorial": {
    "shortHook": "A low-lying urban land map.",
    "patternNote": "The darkest countries include Netherlands, Bangladesh, Viet Nam, while the lightest include Afghanistan, Armenia, Austria; that contrast is the fastest way to read the urban low-elevation land pattern.",
    "whyItMatters": "Urban low-elevation land can reveal coastal urban geography, deltas, and island exposure.",
    "bestProbeCountries": [
      {
        "iso3": "NLD",
        "reason": "High anchor: this country sits near the darkest end of the map."
      },
      {
        "iso3": "AFG",
        "reason": "Low anchor: this country clarifies the lightest end of the scale."
      },
      {
        "iso3": "CIV",
        "reason": "Middle check: this country helps separate a true pattern from one-off outliers."
      }
    ],
    "commonConfusions": [
      {
        "confusedWithIndicatorCode": "AG.LND.EL5M.ZS",
        "reason": "Low-elevation land can tempt players because it shares a strong country ranking with this map, but its unit and definition point to a different story."
      },
      {
        "confusedWithIndicatorCode": "EN.POP.EL5M.UR.ZS",