{
  "schemaVersion": "1.1.0",
  "id": "urban-population",
  "providerCode": "SP.URB.TOTL.IN.ZS",
  "title": "Urban population (% of total population)",
  "shortTitle": "Urban population",
  "category": "settlement",
  "difficulty": "intro",
  "definition": "Urban population refers to people living in urban areas as defined by national statistical offices. The data are collected and smoothed by United Nations Population Division.",
  "unit": "percent of population",
  "year": 2024,
  "valuesByIso3": {
    "AFG": 25.7007352636188,
    "AGO": 70.6551379036435,
    "ALB": 58.5463634043555,
    "ARE": 85.8171088279791,
    "ARG": 92.2742315972952,
    "ARM": 65.8113671449901,
    "AUS": 87.6021469990446,
    "AUT": 69.4658181096788,
    "AZE": 58.573795837717,
    "BDI": 24.8302838651025,
    "BEL": 87.6126557010527,
    "BEN": 52.5455354818423,
    "BFA": 28.3352514896662,
    "BGD": 32.6783196323307,
    "BGR": 73.9499356882481,
    "BHS": 81.3249262966481,
    "BIH": 52.1224302754935,
    "BLR": 79.1551015210848,
    "BLZ": 41.7532107338224,
    "BOL": 71.2361453773988,
    "BRA": 87.8958549533146,
    "BRN": 74.8983133873697,
    "BTN": 42.5645249803412,
    "BWA": 67.4623537838418,
    "CAF": 44.1243555638904,
    "CAN": 82.7002565766633,
    "CHE": 85.4615370020764,
    "CHL": 88.9950908479196,
    "CHN": 65.8946980998325,
    "CIV": 53.9733113940142,
    "CMR": 55.4031748609078,
    "COD": 44.7455804408753,
    "COG": 63.8866111699904,
    "COL": 78.5210811866115,
    "CRI": 79.3107672397967,
    "CUB": 77.1664929228275,
    "CYP": 66.6824259192483,
    "CZE": 72.7947984592185,
    "DEU": 82.0211432579125,
    "DJI": 72.9052635052978,
    "DNK": 88.6960552688405,
    "DOM": 72.4121874752151,
    "DZA": 75.2792907190618,
    "ECU": 63.2376932397602,
    "EGY": 42.8004363938404,
    "ERI": 34.5365524291992,
    "ESP": 80.315199821207,
    "EST": 70.6981161541961,
    "ETH": 23.6222839355469,
    "FIN": 74.2637190463636,
    "FJI": 59.0766602292457,
    "FRA": 78.7999750964116,
    "GAB": 91.8632094677575,
    "GBR": 83.2429544416085,
    "GEO": 61.0789605093733,
    "GHA": 58.3654868038581,
    "GIN": 38.0713036688655,
    "GMB": 64.2994103409645,
    "GNB": 46.113204421822,
    "GNQ": 71.3574028749806,
    "GRC": 78.9967856500534,
    "GRL": 88.3195347935238,
    "GTM": 55.9547027274763,
    "GUY": 26.477717988557,
    "HND": 58.7850728104829,
    "HRV": 57.5158981711443,
    "HTI": 55.0372652481002,
    "HUN": 70.491825943218,
    "IDN": 58.7509635387997,
    "IND": 35.3788972368389,
    "IRL": 64.3470379255585,
    "IRN": 77.0201263427734,
    "IRQ": 69.8861494108913,
    "ISL": 94.1819039916522,
    "ISR": 91.536188843818,
    "ITA": 69.6047535143071,
    "JAM": 58.9301585439922,
    "JOR": 92.9501393764286,
    "JPN": 92.1901718034531,
    "KAZ": 62.072531584162,
    "KEN": 31.8937831721599,
    "KGZ": 34.7219977865937,
    "KHM": 40.8727033252729,
    "KOR": 81.1682528469686,
    "KWT": 100.0,
    "LAO": 39.5552154401406,
    "LBN": 90.703695784554,
    "LBR": 55.5387986654968,
    "LBY": 87.8854066107749,
    "LKA": 20.2996997058686,
    "LSO": 43.6780334209246,
    "LTU": 68.8285833315315,
    "LUX": 94.8438702866393,
    "LVA": 68.4839492628509,
    "MAR": 62.7998124018197,
    "MDA": 43.516471862793,
    "MDG": 32.4339893339844,
    "MEX": 79.7538805976118,
    "MKD": 62.5645376928533,
    "MLI": 31.6075621182225,
    "MMR": 30.4499084074136,
    "MNE": 65.5422314706266,
    "MNG": 70.9566040039062,
    "MOZ": 36.4332337447237,
    "MRT": 60.6068586411829,
    "MWI": 17.268503531213,
    "MYS": 76.9170296648992,
    "NAM": 50.4088030252155,
    "NCL": 67.9514695585577,
    "NER": 18.0497398450803,
    "NGA": 62.9755675573659,
    "NIC": 59.2628402709961,
    "NLD": 95.6396517079336,
    "NOR": 83.3293737928469,
    "NPL": 66.772343163029,
    "NZL": 83.9370658833132,
    "OMN": 79.4440302814714,
    "PAK": 39.1734368360905,
    "PAN": 65.9958447685488,
    "PER": 85.1912729600355,
    "PHL": 55.4520983215477,
    "PNG": 15.4061816403333,
    "POL": 59.9705468695101,
    "PRI": 94.2539505199436,
    "PRK": 63.8589748211522,
    "PRT": 61.3281907341332,
    "PRY": 69.8622585886961,
    "PSE": 87.1196014117004,
    "QAT": 99.3219891728394,
    "ROU": 52.1674778928768,
    "RUS": 75.1119136177067,
    "RWA": 29.8849714294083,
    "SAU": 84.4554020211443,
    "SDN": 34.8673015510839,
    "SEN": 55.2368169057304,
    "SLB": 30.6617188562194,
    "SLE": 45.3626823156371,
    "SLV": 75.0674905102199,
    "SOM": 54.6176465524521,
    "SRB": 62.3830029804177,
    "SSD": 21.3768190444906,
    "SUR": 65.7641857200885,
    "SVK": 53.1919702985684,
    "SVN": 55.7577708405917,
    "SWE": 88.8559748346228,
    "SWZ": 26.2498461258639,
    "SYR": 72.0761345758254,
    "TCD": 26.9315292389497,
    "TGO": 43.8148491605996,
    "THA": 61.8689338391321,
    "TJK": 26.1788063651548,
    "TKM": 47.0875253910294,
    "TLS": 28.6641074179574,
    "TTO": 53.961056681951,
    "TUN": 70.3585355691955,
    "TUR": 89.3443122873887,
    "TZA": 36.1684458862992,
    "UGA": 31.2777698213557,
    "UKR": 69.5315643200148,
    "URY": 95.5981951588181,
    "USA": 80.1247798047184,
    "UZB": 50.9986686706543,
    "VEN": 89.285859883201,
    "VNM": 38.4900703430176,
    "VUT": 22.2866933360645,
    "YEM": 36.8077517596594,
    "ZAF": 63.6917984858172,
    "ZMB": 45.4703838491279,
    "ZWE": 39.8933716820696
  },
  "stats": {
    "coverage": 169,
    "min": 15.4061816403333,
    "max": 100.0,
    "median": 63.6917984858172,
    "quantileBreaks": [
      15.4061816403333,
      34.7219977865937,
      50.4088030252155,
      59.2628402709961,
      67.4623537838418,
      75.1119136177067,
      85.8171088279791,
      100.0
    ]
  },
  "formatting": {
    "maximumFractionDigits": 1,
    "suffix": "%"
  },
  "source": {
    "provider": "World Bank",
    "dataset": "World Development Indicators",
    "attribution": "The World Bank",
    "sourceReference": "https://api.worldbank.org/v2/indicator/SP.URB.TOTL.IN.ZS?format=json&per_page=1",
    "valuesReference": "https://api.worldbank.org/v2/country/all/indicator/SP.URB.TOTL.IN.ZS?format=json&per_page=20000&page=1&date=2015%3A2025",
    "license": "Creative Commons Attribution 4.0 International unless specifically labeled otherwise by World Bank metadata",
    "licenseReference": "https://www.worldbank.org/en/about/legal/terms-of-use-for-datasets",
    "retrievedAt": "2026-06-19T17:09:00.352946+00:00",
    "checksum": "d87b10af83bd2292c8d544c18499ff5ce9c5a131a358157221df9378c18d05c9",
    "sourceOrganization": "World Urbanization Prospects, United Nations (UN), uri: https://population.un.org/wup/, note: United Nations Population Division's World Urbanization Prospects, National definitions, publisher: UN Population Division"
  },
  "reviewStatus": "approved",
  "contentVersion": "2026.06.19-ed1",
  "editorial": {
    "shortHook": "The city-share map.",
    "patternNote": "The darkest countries include Kuwait, Qatar, Netherlands, while the lightest include Papua New Guinea, Malawi, Niger; that contrast is the fastest way to read the urban population pattern.",
    "whyItMatters": "Urbanization is a core geographic signal of settlement, infrastructure, and economic structure.",
    "bestProbeCountries": [
      {
        "iso3": "KWT",
        "reason": "High anchor: this country sits near the darkest end of the map."
      },
      {
        "iso3": "PNG",
        "reason": "Low anchor: this country clarifies the lightest end of the scale."
      },
      {
        "iso3": "ZAF",
        "reason": "Middle check: this country helps separate a true pattern from one-off outliers."
      }
    ],
    "commonConfusions": [
      {
        "confusedWithIndicatorCode": "SP.RUR.TOTL.ZS",
        "reason": "Rural population can tempt players because it shares a strong country ranking with this map, but its unit and definition point to a different story."
      },
      {
        "confusedWithIndicatorCode": "SL.SRV.EMPL.ZS",