{
  "schemaVersion": "1.1.0",
  "id": "urban-population",
  "providerCode": "SP.URB.TOTL.IN.ZS",
  "title": "Urban population (% of total population)",
  "shortTitle": "Urban population",
  "category": "settlement",
  "difficulty": "intro",
  "definition": "Urban population refers to people living in urban areas as defined by national statistical offices. The data are collected and smoothed by United Nations Population Division.",
  "unit": "percent of population",
  "year": 2025,
  "valuesByIso3": {
    "AFG": 25.9401644699898,
    "AGO": 71.4615915176085,
    "ALB": 58.871474331067,
    "ARE": 85.9617641324017,
    "ARG": 92.3519221615173,
    "ARM": 65.9287015589872,
    "AUS": 87.7192672666333,
    "AUT": 69.7152152366353,
    "AZE": 58.6371024281175,
    "BDI": 25.6870184681663,
    "BEL": 87.6726083114649,
    "BEN": 53.3620073968188,
    "BFA": 28.9226360719085,
    "BGD": 33.2395847043975,
    "BGR": 74.1727501848475,
    "BHS": 81.3309172016028,
    "BIH": 52.6915440779561,
    "BLR": 79.4945820380127,
    "BLZ": 41.5621435428272,
    "BOL": 71.5631037265869,
    "BRA": 88.1772996487898,
    "BRN": 75.0109886586819,
    "BTN": 43.4301832473753,
    "BWA": 67.9559561532102,
    "CAF": 44.5532156681816,
    "CAN": 82.8757020253886,
    "CHE": 85.7272157802756,
    "CHL": 89.1772830019223,
    "CHN": 66.3429910348272,
    "CIV": 54.5489501450761,
    "CMR": 55.6692041661323,
    "COD": 45.1135633042151,
    "COG": 64.1236534817412,
    "COL": 78.7827914751151,
    "CRI": 79.7268137993004,
    "CUB": 77.2270774821152,
    "CYP": 66.6950270703775,
    "CZE": 72.8754367116112,
    "DEU": 82.13822205362,
    "DJI": 72.9758660686475,
    "DNK": 88.8458435892689,
    "DOM": 72.517694062591,
    "DZA": 75.8187358069877,
    "ECU": 63.3918189058262,
    "EGY": 42.9043204925248,
    "ERI": 34.5404504255216,
    "ESP": 80.5149251039138,
    "EST": 70.7208526598129,
    "ETH": 24.1096952088946,
    "FIN": 74.5247844319848,
    "FJI": 59.5444551836369,
    "FRA": 78.8449650563584,
    "GAB": 92.0876666682068,
    "GBR": 83.323608078271,
    "GEO": 61.1781364090406,
    "GHA": 58.9246861473125,
    "GIN": 38.5165334466562,
    "GMB": 64.9884861325581,
    "GNB": 46.6510315281292,
    "GNQ": 71.5761028458697,
    "GRC": 79.2246082848537,
    "GRL": 88.5740108655152,
    "GTM": 56.2972033013999,
    "GUY": 26.4913876548981,
    "HND": 59.2517075900659,
    "HRV": 57.8144543604143,
    "HTI": 55.6148855859942,
    "HUN": 70.6936831786278,
    "IDN": 59.3929063969984,
    "IND": 35.689155772396,
    "IRL": 64.5875793756168,
    "IRN": 77.3761530941751,
    "IRQ": 69.9396739468105,
    "ISL": 94.2179320191117,
    "ISR": 91.5783060866328,
    "ITA": 69.680861801678,
    "JAM": 59.4254051751628,
    "JOR": 93.2085150119551,
    "JPN": 92.3001449420786,
    "KAZ": 62.3855569507987,
    "KEN": 32.2121192871745,
    "KGZ": 34.7463537261057,
    "KHM": 41.10561939401,
    "KOR": 81.1740263306674,
    "KWT": 100.0,
    "LAO": 40.3129835040701,
    "LBN": 90.9602314263044,
    "LBR": 56.0819747159338,
    "LBY": 87.9112413015221,
    "LKA": 20.4501355167937,
    "LSO": 44.6695855817109,
    "LTU": 69.0816381352764,
    "LUX": 94.8841729598587,
    "LVA": 68.6325719753517,
    "MAR": 63.1278612260269,
    "MDA": 43.7336240404545,
    "MDG": 32.9017070836898,
    "MEX": 80.0408930629723,
    "MKD": 62.8909857826036,
    "MLI": 32.2127137183989,
    "MMR": 30.5836915476767,
    "MNE": 65.6085083521036,
    "MNG": 71.1450719126123,
    "MOZ": 37.2077944927189,
    "MRT": 61.4888190537696,
    "MWI": 17.5949868386317,
    "MYS": 77.3948812296229,
    "NAM": 50.8666984399326,
    "NCL": 68.1717888335577,
    "NER": 18.3740697195469,
    "NGA": 63.7754180467872,
    "NIC": 59.4435892957332,
    "NLD": 95.9385903481191,
    "NOR": 83.5705787708326,
    "NPL": 66.999424884859,
    "NZL": 83.9978515774731,
    "OMN": 79.4781383307689,
    "PAK": 39.5256010979606,
    "PAN": 66.1500999418126,
    "PER": 85.5963484845463,
    "PHL": 55.7732907605332,
    "PNG": 15.7797448680276,
    "POL": 60.0853330309371,
    "PRI": 94.3404836598892,
    "PRK": 64.1897858311258,
    "PRT": 61.4953199318985,
    "PRY": 70.3897639855864,
    "PSE": 87.3818962963393,
    "QAT": 99.3593427696312,
    "ROU": 52.1728885041698,
    "RUS": 75.2506636608215,
    "RWA": 30.9133840928162,
    "SAU": 84.6123121062185,
    "SDN": 34.9349444966605,
    "SEN": 55.7672494455246,
    "SLB": 31.3093190325418,
    "SLE": 45.9267781356681,
    "SLV": 75.5237123209951,
    "SOM": 55.1399062872976,
    "SRB": 62.6379872799333,
    "SSD": 21.6843599017401,
    "SUR": 65.7886836406706,
    "SVK": 53.1940341971169,
    "SVN": 55.9906997845822,
    "SWE": 89.0778677789555,
    "SWZ": 26.7213709706525,
    "SYR": 72.0836286208518,
    "TCD": 27.5658786336865,
    "TGO": 44.3949892074399,
    "THA": 62.7993377136296,
    "TJK": 26.16476270853,
    "TKM": 47.1053608253747,
    "TLS": 28.7864318960935,
    "TTO": 53.9696087417106,
    "TUN": 70.7029326009864,
    "TUR": 89.494060002186,
    "TZA": 36.8833115936643,
    "UGA": 31.9399557536617,
    "UKR": 69.5954924645764,
    "URY": 95.6537192104085,
    "USA": 80.1921733027869,
    "UZB": 51.0173495084299,
    "VEN": 89.3219112298988,
    "VNM": 38.8299160351294,
    "VUT": 22.3219888836722,
    "YEM": 37.0336664607078,
    "ZAF": 63.8154011002522,
    "ZMB": 45.9171510161461,
    "ZWE": 40.4951287431452
  },
  "stats": {
    "coverage": 169,
    "min": 15.7797448680276,
    "max": 100.0,
    "median": 63.8154011002522,
    "quantileBreaks": [
      15.7797448680276,
      34.7463537261057,
      50.8666984399326,
      59.5444551836369,
      67.9559561532102,
      75.5237123209951,
      85.9617641324017,
      100.0
    ]
  },
  "formatting": {
    "maximumFractionDigits": 1,
    "suffix": "%"
  },
  "source": {
    "provider": "World Bank",
    "dataset": "World Development Indicators",
    "attribution": "The World Bank",
    "sourceReference": "https://api.worldbank.org/v2/indicator/SP.URB.TOTL.IN.ZS?format=json&per_page=1",
    "valuesReference": "https://api.worldbank.org/v2/country/all/indicator/SP.URB.TOTL.IN.ZS?format=json&per_page=20000&page=1&date=2015%3A2025",
    "license": "Creative Commons Attribution 4.0 International unless specifically labeled otherwise by World Bank metadata",
    "licenseReference": "https://www.worldbank.org/en/about/legal/terms-of-use-for-datasets",
    "retrievedAt": "2026-07-02T22:06:19.705244+00:00",
    "checksum": "8968ac385ba3e5e3ff34245f7fb566273b87edc5fea4b0cb1ff2648d6bc5122c",
    "sourceOrganization": "World Urbanization Prospects, United Nations (UN), uri: https://population.un.org/wup/, note: United Nations Population Division's World Urbanization Prospects, National definitions, publisher: UN Population Division"
  },
  "reviewStatus": "approved",
  "contentVersion": "2026.07.02-exp4-content50",
  "editorial": {
    "shortHook": "The city-share map.",
    "patternNote": "The darkest countries include Kuwait, Qatar, Netherlands, while the lightest include Papua New Guinea, Malawi, Niger; that contrast is the fastest way to read the urban population pattern.",
    "whyItMatters": "Urbanization is a core geographic signal of settlement, infrastructure, and economic structure.",
    "bestProbeCountries": [
      {
        "iso3": "KWT",
        "reason": "High anchor: this country sits near the darkest end of the map."
      },
      {
        "iso3": "PNG",
        "reason": "Low anchor: this country clarifies the lightest end of the scale."
      },
      {
        "iso3": "ZAF",
        "reason": "Middle check: this country helps separate a true pattern from one-off outliers."
      }
    ],
    "commonConfusions": [
      {
        "confusedWithIndicatorCode": "SP.RUR.TOTL.ZS",
        "reason": "Rural population can tempt players because it shares a strong country ranking with this map, but its unit and definition point to a different story."
      },
      {
        "confusedWithIndicatorCode": "SL.SRV.EMPL.FE.ZS",