{
  "schemaVersion": "1.1.0",
  "id": "vulnerable-employment",
  "providerCode": "SL.EMP.VULN.ZS",
  "title": "Vulnerable employment, total (% of total employment) (modeled ILO estimate)",
  "shortTitle": "Vulnerable employment",
  "category": "labor",
  "difficulty": "expert",
  "definition": "Vulnerable employment is contributing family workers and own-account workers as a percentage of total employment.",
  "unit": "percent of total employment",
  "year": 2025,
  "valuesByIso3": {
    "AFG": 81.7701622315736,
    "AGO": 66.2665952765539,
    "ALB": 46.0319331948614,
    "ARE": 1.5011293226179,
    "ARG": 22.2688789059329,
    "ARM": 32.8482859315245,
    "AUS": 9.12485255309411,
    "AUT": 7.85178894509471,
    "AZE": 53.8408284029704,
    "BDI": 83.6641234809086,
    "BEL": 11.0362582831499,
    "BEN": 78.528875257225,
    "BFA": 80.555170674894,
    "BGD": 57.3482885655112,
    "BGR": 6.92183677221366,
    "BHS": 15.9432856071055,
    "BIH": 18.1102329196322,
    "BLR": 6.32684997907658,
    "BLZ": 29.8421713789018,
    "BOL": 62.6904087284942,
    "BRA": 26.0849820869874,
    "BRN": 4.47832766475148,
    "BTN": 69.0286788243039,
    "BWA": 25.6101169119352,
    "CAF": 79.4222113085728,
    "CAN": 9.55544068133772,
    "CHE": 9.59714292729862,
    "CHL": 20.9258881377996,
    "CHN": 33.3992901433807,
    "CIV": 69.4313812267754,
    "CMR": 67.5591860693509,
    "COD": 81.5143422309767,
    "COG": 75.8941573936258,
    "COL": 42.9606092259457,
    "CRI": 23.3622605894367,
    "CUB": 19.3219364190685,
    "CYP": 8.38288929823292,
    "CZE": 13.4986196690954,
    "DEU": 4.34422405251041,
    "DJI": 30.2894085559876,
    "DNK": 5.39519511541674,
    "DOM": 37.994084914391,
    "DZA": 25.556464235924,
    "ECU": 50.1184585015072,
    "EGY": 23.9436161508244,
    "ERI": 47.8930324557066,
    "ESP": 10.0734513788099,
    "EST": 7.09280223681483,
    "ETH": 84.1466153506296,
    "FIN": 9.46220771657439,
    "FJI": 32.7870716257918,
    "FRA": 8.49939368550531,
    "GAB": 29.8054354631479,
    "GBR": 11.5317743806429,
    "GEO": 42.4057268691573,
    "GHA": 59.9596711870833,
    "GIN": 79.1687923266818,
    "GMB": 63.5087142735985,
    "GNB": 74.9439831440967,
    "GNQ": 23.0816990855308,
    "GRC": 23.0616880829343,
    "GTM": 36.1609665302842,
    "GUY": 25.3394436080291,
    "HND": 33.8683943299962,
    "HRV": 6.3459767354916,
    "HTI": 76.0358540841877,
    "HUN": 7.82939017142129,
    "IDN": 49.9563947518921,
    "IND": 71.583962506186,
    "IRL": 9.63765167278032,
    "IRN": 39.5225758630272,
    "IRQ": 27.1405660418458,
    "ISL": 8.39730699346984,
    "ISR": 7.70085632782854,
    "ITA": 14.3497072588508,
    "JAM": 31.5564981404393,
    "JOR": 7.85707165090494,
    "JPN": 7.48734248817046,
    "KAZ": 24.7894583458084,
    "KEN": 63.8262089064923,
    "KGZ": 28.9669913465187,
    "KHM": 52.3206915499896,
    "KOR": 17.6868314198239,
    "KWT": 2.40281042159704,
    "LAO": 76.3797861737916,
    "LBR": 76.8506441116858,
    "LBY": 21.594473115326,
    "LKA": 39.24384542504,
    "LSO": 32.6385884970137,
    "LTU": 10.3560230662832,
    "LUX": 6.94753991133506,
    "LVA": 8.61513850639883,
    "MAR": 35.5370263719705,
    "MDA": 58.6193979855176,
    "MDG": 84.4152122615466,
    "MEX": 25.3099549208398,
    "MKD": 12.3359230055659,
    "MLI": 75.7600007193145,
    "MMR": 62.8911874336601,
    "MNE": 14.2814885386214,
    "MNG": 38.3696539892008,
    "MOZ": 83.6848642618582,
    "MRT": 53.3486289331543,
    "MWI": 59.9074408982748,
    "MYS": 21.8865203708855,
    "NAM": 29.9362112605666,
    "NCL": 14.1605876913593,
    "NER": 83.7301943727191,
    "NGA": 66.479100046922,
    "NIC": 38.8648383001986,
    "NLD": 13.4240422283934,
    "NOR": 4.16604824343573,
    "NPL": 76.9782128968763,
    "NZL": 12.5741952059551,
    "OMN": 3.81331441113754,
    "PAK": 55.5130260022914,
    "PAN": 37.8732376561393,
    "PER": 47.5135268599392,
    "PHL": 33.6220638491652,
    "PNG": 71.1551094720543,
    "POL": 14.978771000446,
    "PRI": 10.3114038239901,
    "PRK": 56.765621444692,
    "PRT": 9.6569612303387,
    "PRY": 36.0858156250046,
    "QAT": 0.455955577569801,
    "ROU": 13.0457748763805,
    "RUS": 4.93107623266865,
    "RWA": 39.3559318826905,
    "SAU": 1.66172984324461,
    "SEN": 62.98155937176,
    "SLB": 68.6533267583842,
    "SLE": 86.0383924506902,
    "SLV": 30.8230989807564,
    "SOM": 45.9730220795318,
    "SRB": 23.894407855894,
    "SUR": 18.376346082436,
    "SVK": 11.7598145050877,
    "SVN": 10.6054014521866,
    "SWE": 6.8744609748154,
    "SWZ": 28.3769245692316,
    "SYR": 38.864117664967,
    "TCD": 90.224285798179,
    "TGO": 75.0281718322232,
    "THA": 47.9825312969094,
    "TJK": 27.9775370719876,
    "TKM": 28.2736092398179,
    "TLS": 58.6305321515206,
    "TTO": 21.2482939934202,
    "TUN": 17.9408256523733,
    "TUR": 23.9069908746299,
    "TZA": 83.6544962782452,
    "UGA": 74.3929848931282,
    "URY": 24.3650488598959,
    "USA": 3.80976956797991,
    "UZB": 33.3153752367206,
    "VEN": 37.2977434036572,
    "VNM": 51.3971215315183,
    "VUT": 57.9911422643023,
    "YEM": 45.5903738313045,
    "ZAF": 11.6616912240674,
    "ZMB": 70.1693727926212,
    "ZWE": 68.2138898342322
  },
  "stats": {
    "coverage": 163,
    "min": 0.455955577569801,
    "max": 90.224285798179,
    "median": 30.2894085559876,
    "quantileBreaks": [
      0.455955577569801,
      8.411890806617764,
      14.300979601544086,
      25.432452448555487,
      36.128758999450085,
      53.70019998302295,
      71.52269778702433,
      90.224285798179
    ]
  },
  "formatting": {
    "maximumFractionDigits": 1,
    "suffix": "%"
  },
  "source": {
    "provider": "World Bank",
    "dataset": "World Development Indicators",
    "attribution": "The World Bank",
    "sourceReference": "https://api.worldbank.org/v2/indicator/SL.EMP.VULN.ZS?format=json&per_page=1",
    "valuesReference": "https://api.worldbank.org/v2/country/all/indicator/SL.EMP.VULN.ZS?format=json&per_page=20000&page=1&date=2015%3A2025",
    "license": "Creative Commons Attribution 4.0 International unless specifically labeled otherwise by World Bank metadata",
    "licenseReference": "https://www.worldbank.org/en/about/legal/terms-of-use-for-datasets",
    "retrievedAt": "2026-06-22T18:06:02.341865+00:00",
    "checksum": "ba1ef1d17ab39a7e8fc0b1ee118d7b084bf1bd980dc65c471e5b353a5253a752",
    "sourceOrganization": "ILO Modelled Estimates database (ILOEST), International Labour Organization (ILO), uri: https://ilostat.ilo.org/data/bulk/, publisher: ILOSTAT, type: estimates based on external database;\nStaff estimates, World Bank (WB)"
  },
  "reviewStatus": "approved",
  "contentVersion": "2026.06.22-exp2-qa1",
  "editorial": {
    "shortHook": "A labor-security map.",
    "patternNote": "The darkest countries include Chad, Sierra Leone, Madagascar, while the lightest include Qatar, United Arab Emirates, Saudi Arabia; that contrast is the fastest way to read the vulnerable employment pattern.",
    "whyItMatters": "Vulnerable employment captures own-account and unpaid family work that formal job measures miss.",
    "bestProbeCountries": [
      {
        "iso3": "TCD",
        "reason": "High anchor: this country sits near the darkest end of the map."
      },
      {
        "iso3": "QAT",
        "reason": "Low anchor: this country clarifies the lightest end of the scale."
      },
      {
        "iso3": "DJI",
        "reason": "Middle check: this country helps separate a true pattern from one-off outliers."
      }
    ],
    "commonConfusions": [
      {
        "confusedWithIndicatorCode": "SL.EMP.WORK.ZS",
        "reason": "Wage and salaried workers can tempt players because it shares a strong country ranking with this map, but its unit and definition point to a different story."
      },
      {
        "confusedWithIndicatorCode": "SL.EMP.SELF.ZS",