{
  "schemaVersion": "1.1.0",
  "id": "wage-salaried-workers",
  "providerCode": "SL.EMP.WORK.ZS",
  "title": "Wage and salaried workers, total (% of total employment) (modeled ILO estimate)",
  "shortTitle": "Wage and salaried workers",
  "category": "labor",
  "difficulty": "standard",
  "definition": "Wage and salaried workers (employees) are those workers who hold the type of jobs defined as \"paid employment jobs,\" where the incumbents hold explicit (written or oral) or implicit employment contracts that give them a basic remuneration that is not directly dependent upon the revenue of the unit for which they work.",
  "unit": "percent of total employment",
  "year": 2025,
  "valuesByIso3": {
    "AFG": 16.5998388988748,
    "AGO": 24.0950404415573,
    "ALB": 49.7202595290141,
    "ARE": 94.9336902415748,
    "ARG": 74.4242607924234,
    "ARM": 66.3356256529717,
    "AUS": 83.8951035453946,
    "AUT": 87.804450276161,
    "AZE": 33.0167294074691,
    "BDI": 15.1498831606543,
    "BEL": 85.4085385958289,
    "BEN": 20.1651653213079,
    "BFA": 17.4015100836295,
    "BGD": 38.9584384105845,
    "BGR": 88.2044519240288,
    "BHS": 82.9452488667454,
    "BIH": 77.9368993291854,
    "BLR": 93.1665635025806,
    "BLZ": 64.8198753326546,
    "BOL": 33.7326171500992,
    "BRA": 69.7061386217159,
    "BRN": 92.7288227406335,
    "BTN": 30.4894043628798,
    "BWA": 71.8923394530862,
    "CAF": 14.6001682939534,
    "CAN": 87.090096048598,
    "CHE": 83.1392391690339,
    "CHL": 76.082469642166,
    "CHN": 62.3319816865219,
    "CIV": 29.034720594951,
    "CMR": 30.7239467796063,
    "COD": 14.9215335392744,
    "COG": 23.2437451272238,
    "COL": 54.3593647646194,
    "CRI": 73.4125464270519,
    "CUB": 75.1029738115778,
    "CYP": 89.8317304738119,
    "CZE": 84.2769491080713,
    "DEU": 91.850793739432,
    "DJI": 48.8827718571645,
    "DNK": 92.0893114040829,
    "DOM": 57.8991469111701,
    "DZA": 69.8015721997566,
    "ECU": 47.6654314878998,
    "EGY": 73.0152277809106,
    "ERI": 47.6345084606756,
    "ESP": 85.458326850508,
    "EST": 87.93184300547,
    "ETH": 15.6883033517136,
    "FIN": 87.4562640888409,
    "FJI": 65.924422067024,
    "FRA": 86.7151797757483,
    "GAB": 67.607096546383,
    "GBR": 86.8513511315959,
    "GEO": 53.9265568420634,
    "GHA": 32.5402788355563,
    "GIN": 18.0509448423878,
    "GMB": 31.3915274361801,
    "GNB": 24.5313265911244,
    "GNQ": 72.5014708969367,
    "GRC": 69.5446826189313,
    "GTM": 60.91856504574,
    "GUY": 68.8855818611071,
    "HND": 55.8944057135201,
    "HRV": 87.2630007993945,
    "HTI": 23.1660990774257,
    "HUN": 88.3689577327357,
    "IDN": 46.6629982496219,
    "IND": 25.0968991206297,
    "IRL": 86.6333050401745,
    "IRN": 57.0569170746865,
    "IRQ": 68.3440721759325,
    "ISL": 86.7035964368674,
    "ISR": 88.657753261272,
    "ITA": 78.8758479449566,
    "JAM": 64.2504024613775,
    "JOR": 88.7923453931902,
    "JPN": 90.949180937821,
    "KAZ": 73.8741720534292,
    "KEN": 35.2045139858991,
    "KGZ": 69.4971421213088,
    "KHM": 44.4817040325265,
    "KOR": 77.3303973588207,
    "KWT": 96.8391544670602,
    "LAO": 22.859277515258,
    "LBR": 21.658565928685,
    "LBY": 74.120620269383,
    "LKA": 57.9296881732387,
    "LSO": 61.4816267641772,
    "LTU": 88.5012268400488,
    "LUX": 89.6624191477507,
    "LVA": 86.3426300916176,
    "MAR": 59.9359013395646,
    "MDA": 41.2176025446093,
    "MDG": 11.6801868345236,
    "MEX": 69.1547634578322,
    "MKD": 83.4134392393321,
    "MLI": 23.6455757662947,
    "MMR": 34.5271985106049,
    "MNE": 82.6448566895497,
    "MNG": 58.8219827611532,
    "MOZ": 14.6904708001064,
    "MRT": 42.5517454488297,
    "MWI": 38.741469074533,
    "MYS": 74.6297938564831,
    "NAM": 63.4596389783054,
    "NCL": 82.8564334395013,
    "NER": 10.522136671691,
    "NGA": 13.8479518527184,
    "NIC": 55.7321074988872,
    "NLD": 83.2123521262332,
    "NOR": 95.1258895574434,
    "NPL": 21.4172334889215,
    "NZL": 81.5942074271588,
    "OMN": 95.0385217422282,
    "PAK": 42.9975244438603,
    "PAN": 59.4160622243636,
    "PER": 48.6525775248952,
    "PHL": 63.851555566824,
    "PNG": 21.3316136752268,
    "POL": 81.1103375430162,
    "PRI": 87.3854738251245,
    "PRK": 37.9463650707095,
    "PRT": 85.5672302157185,
    "PRY": 58.7472669116585,
    "QAT": 99.1678180696403,
    "ROU": 85.5360475529195,
    "RUS": 93.6770253703069,
    "RWA": 59.5514811774971,
    "SAU": 94.4531035379148,
    "SEN": 35.678996136005,
    "SLB": 30.0559624685013,
    "SLE": 11.1922866114719,
    "SLV": 64.335052771448,
    "SOM": 47.8208486191097,
    "SRB": 72.9801913947285,
    "SUR": 77.52506498329,
    "SVK": 85.127191052723,
    "SVN": 86.044283068361,
    "SWE": 89.7628814483648,
    "SWZ": 69.7843071550766,
    "SYR": 57.5633530465527,
    "TCD": 8.43893405146016,
    "TGO": 23.3777452813113,
    "THA": 49.3021361816281,
    "TJK": 68.738726638145,
    "TKM": 67.9734024214021,
    "TLS": 25.1407573472857,
    "TTO": 74.2798856436852,
    "TUN": 75.057003495552,
    "TUR": 71.4511711990274,
    "TZA": 14.65793110617,
    "UGA": 19.4738687427255,
    "URY": 72.0324543221939,
    "USA": 93.9262465772762,
    "UZB": 54.5641701020897,
    "VEN": 59.5794548311252,
    "VNM": 46.6532145494782,
    "VUT": 39.3837945284302,
    "YEM": 47.3555144870345,
    "ZAF": 82.7266148434201,
    "ZMB": 28.2736738479174,
    "ZWE": 29.2236311947416
  },
  "stats": {
    "coverage": 163,
    "min": 8.43893405146016,
    "max": 99.1678180696403,
    "median": 64.8198753326546,
    "quantileBreaks": [
      8.43893405146016,
      23.709785005617928,
      42.679110875981294,
      59.076588245386226,
      69.75080635506487,
      82.34467118600945,
      87.44615119402427,
      99.1678180696403
    ]
  },
  "formatting": {
    "maximumFractionDigits": 1,
    "suffix": "%"
  },
  "source": {
    "provider": "World Bank",
    "dataset": "World Development Indicators",
    "attribution": "The World Bank",
    "sourceReference": "https://api.worldbank.org/v2/indicator/SL.EMP.WORK.ZS?format=json&per_page=1",
    "valuesReference": "https://api.worldbank.org/v2/country/all/indicator/SL.EMP.WORK.ZS?format=json&per_page=20000&page=1&date=2015%3A2025",
    "license": "Creative Commons Attribution 4.0 International unless specifically labeled otherwise by World Bank metadata",
    "licenseReference": "https://www.worldbank.org/en/about/legal/terms-of-use-for-datasets",
    "retrievedAt": "2026-06-27T17:15:15.643449+00:00",
    "checksum": "b16a0253ee2f0b777ce33398cea656080d6951b884a3ef9478b82198b84ab2dc",
    "sourceOrganization": "ILO Modelled Estimates database (ILOEST), International Labour Organization (ILO), uri: https://ilostat.ilo.org/data/bulk/, publisher: ILOSTAT, type: external database, date accessed: January 17, 2026"
  },
  "reviewStatus": "approved",
  "contentVersion": "2026.06.22-exp2-qa1",
  "editorial": {
    "shortHook": "A candidate map for wage and salaried workers.",
    "patternNote": "The darkest countries include Qatar, Kuwait, Norway, while the lightest include Chad, Niger, Sierra Leone; that contrast is the fastest way to read the wage and salaried workers pattern.",
    "whyItMatters": "Wage and salaried workers may add useful WORLDPRINT variety once source coverage, unit clarity, map interest, and distractor ambiguity are reviewed.",
    "bestProbeCountries": [
      {
        "iso3": "QAT",
        "reason": "High anchor: this country sits near the darkest end of the map."
      },
      {
        "iso3": "TCD",
        "reason": "Low anchor: this country clarifies the lightest end of the scale."
      },
      {
        "iso3": "BLZ",
        "reason": "Middle check: this country helps separate a true pattern from one-off outliers."
      }
    ],
    "commonConfusions": [
      {
        "confusedWithIndicatorCode": "SL.EMP.SELF.ZS",