{
  "schemaVersion": "1.1.0",
  "id": "water-productivity",
  "providerCode": "ER.GDP.FWTL.M3.KD",
  "title": "Water productivity, total (constant 2015 US$ GDP per cubic meter of total freshwater withdrawal)",
  "shortTitle": "Water productivity",
  "category": "environment",
  "difficulty": "expert",
  "definition": "Water productivity is calculated as GDP in constant prices divided by annual total water withdrawal.",
  "unit": "constant 2015 US dollars per cubic meter",
  "year": 2022,
  "valuesByIso3": {
    "AFG": 0.755607623022327,
    "AGO": 141.288682313527,
    "ALB": 18.0493655390501,
    "ARE": 186.06643450854,
    "ARG": 15.9955615227094,
    "ARM": 4.63068082779887,
    "AUS": 137.035943640226,
    "AUT": 136.297046369585,
    "AZE": 4.35937877514089,
    "BDI": 12.5357919392955,
    "BEL": 120.919625381141,
    "BEN": 128.968510883038,
    "BFA": 20.3711284681545,
    "BGD": 8.52047750639283,
    "BGR": 11.3998477672523,
    "BIH": 64.9840615681781,
    "BLR": 40.5057437734981,
    "BLZ": 24.9716824949229,
    "BOL": 103.578553331809,
    "BRA": 27.9585719393291,
    "BRN": 141.309109736146,
    "BTN": 7.74150183837192,
    "BWA": 81.9138966486292,
    "CAF": 28.0508449169979,
    "CAN": 49.4671483651309,
    "CHE": 480.887792597316,
    "CHL": 7.89209441236362,
    "CHN": 29.3879330187589,
    "CIV": 58.2548719292001,
    "CMR": 37.0331381892102,
    "COD": 76.9194616108692,
    "COG": 221.19998890791,
    "COL": 14.6207618023932,
    "CRI": 20.5401392609369,
    "CUB": 12.0045167024619,
    "CYP": 132.720858489863,
    "CZE": 152.344289848256,
    "DEU": 144.529650930763,
    "DJI": 177.1348237718,
    "DNK": 373.437264824825,
    "DOM": 13.6873267232684,
    "DZA": 20.080692589082,
    "ECU": 10.9783740008861,
    "EGY": 5.85583360290141,
    "ESP": 46.4409600183132,
    "EST": 23.5235289623532,
    "ETH": 9.64239448082963,
    "FIN": 85.2235342415864,
    "FJI": 57.3043236002432,
    "FRA": 108.492423820088,
    "GAB": 114.066552704013,
    "GBR": 388.913789872573,
    "GEO": 16.4654176755589,
    "GHA": 47.305138742861,
    "GIN": 15.5949246583573,
    "GMB": 18.4419773631343,
    "GNB": 9.04955468107611,
    "GNQ": 503.192983101498,
    "GRC": 21.3498718983749,
    "GTM": 23.5382107015497,
    "GUY": 9.87609928588774,
    "HND": 16.1628330004832,
    "HRV": 94.3657253700576,
    "HTI": 9.97022637974444,
    "HUN": 33.7321801607904,
    "IDN": 5.04084448828891,
    "IND": 4.61905638913059,
    "IRL": 304.71109892764,
    "IRN": 5.26388550363147,
    "IRQ": 4.58430603552253,
    "ISL": 75.9082816095581,
    "ITA": 59.2038751123215,
    "JAM": 12.637590308437,
    "JOR": 51.0703067903295,
    "JPN": 58.7920256234513,
    "KAZ": 8.87405604426414,
    "KEN": 23.5138668223276,
    "KGZ": 1.0970817589894,
    "KHM": 15.8412939408569,
    "KOR": 63.3744472701223,
    "KWT": 158.410518940181,
    "LAO": 2.6626732274403,
    "LBN": 18.7331099691925,
    "LBR": 23.4968432240894,
    "LBY": 8.84370777479017,
    "LKA": 6.91018095331677,
    "LSO": 50.4989843579718,
    "LTU": 177.932844648056,
    "LUX": 1470.19482746363,
    "LVA": 179.082785450112,
    "MAR": 11.9536392907022,
    "MDA": 10.790547193306,
    "MDG": 0.991629593193789,
    "MEX": 14.3405085144653,
    "MKD": 5.27255301275867,
    "MLI": 3.90543290861381,
    "MMR": 1.90038513103225,
    "MNE": 2.19640185072534,
    "MNG": 31.2325931635769,
    "MOZ": 13.2151742407338,
    "MRT": 5.7164652836526,
    "MWI": 8.4990893636866,
    "MYS": 57.8947152265904,
    "NAM": 109.613254279572,
    "NER": 5.54458584557573,
    "NGA": 40.3341094282983,
    "NIC": 11.5034663725706,
    "NLD": 111.304318859158,
    "NOR": 170.049577713281,
    "NPL": 3.48419634883389,
    "NZL": 21.9818063466465,
    "OMN": 54.4017851531203,
    "PAK": 2.23215222877221,
    "PAN": 57.9651884749373,
    "PER": 8.61623990058244,
    "PHL": 4.47873775834073,
    "PNG": 64.2021616016033,
    "POL": 67.8903005737595,
    "PRI": 109.093607840941,
    "PRT": 37.52369320978,
    "PRY": 17.3822319155088,
    "QAT": 683.632145414841,
    "ROU": 28.2217505961474,
    "RUS": 22.9036294580123,
    "RWA": 20.9441449768599,
    "SAU": 36.7536812070482,
    "SDN": 1.78433710592101,
    "SEN": 8.26285160650727,
    "SLE": 42.0115763200051,
    "SLV": 14.1122006914779,
    "SOM": 2.48323091045763,
    "SRB": 10.2931162994073,
    "SUR": 7.16485168833519,
    "SVK": 182.76783838513,
    "SVN": 64.551672404252,
    "SWE": 229.35352919382,
    "SWZ": 4.21787461526613,
    "SYR": 1.15322653703183,
    "TCD": 18.0986753725519,
    "TGO": 35.1160632426051,
    "THA": 7.8609093722844,
    "TJK": 1.27326318989104,
    "TKM": 2.07973161879967,
    "TLS": 1.84564007165593,
    "TTO": 63.8305858843743,
    "TUN": 12.5036949869856,
    "TUR": 18.8145480844954,
    "TZA": 12.955056742178,
    "UGA": 69.3048930763328,
    "UKR": 14.8757257729379,
    "URY": 13.7287629354821,
    "USA": 48.3544265708997,
    "UZB": 3.34655264138603,
    "VEN": 1.71731593725128,
    "VNM": 4.40510894741978,
    "ZAF": 17.0997366612322,
    "ZMB": 16.6511477189501,
    "ZWE": 4.48129325352612
  },
  "stats": {
    "coverage": 158,
    "min": 0.755607623022327,
    "max": 1470.19482746363,
    "median": 20.4556338645457,
    "quantileBreaks": [
      0.755607623022327,
      4.599199044211698,
      9.956779652050626,
      16.24928576479054,
      28.024481209092528,
      58.331608171235985,
      131.11270951550938,
      1470.19482746363
    ]
  },
  "formatting": {
    "maximumFractionDigits": 1,
    "prefix": "$"
  },
  "source": {
    "provider": "World Bank",
    "dataset": "World Development Indicators",
    "attribution": "The World Bank",
    "sourceReference": "https://api.worldbank.org/v2/indicator/ER.GDP.FWTL.M3.KD?format=json&per_page=1",
    "valuesReference": "https://api.worldbank.org/v2/country/all/indicator/ER.GDP.FWTL.M3.KD?format=json&per_page=20000&page=1&date=2015%3A2025",
    "license": "Creative Commons Attribution 4.0 International unless specifically labeled otherwise by World Bank metadata",
    "licenseReference": "https://www.worldbank.org/en/about/legal/terms-of-use-for-datasets",
    "retrievedAt": "2026-07-02T22:31:32.209668+00:00",
    "checksum": "be4891ebea274f4dcb62c02dc10dc98c14ea0b803af24a4fdadf536774d93a53",
    "sourceOrganization": "AQUASTAT - FAO's Global Information System on Water and Agriculture, Food and Agriculture Organization of the United Nations (FAO), publisher: Food and Agriculture Organization of the United Nations (FAO);\nWorld Bank GDP estimates, World Bank (WB), publisher: World Bank (WB);\nOECD GDP estimates, Organisation for Economic Co-operation and Development (OECD), publisher: Organisation for Economic Co-operation and Development (OECD)"
  },
  "reviewStatus": "approved",
  "contentVersion": "2026.07.02-exp4-content50",
  "editorial": {
    "shortHook": "A candidate map for water productivity.",
    "patternNote": "The darkest countries include Luxembourg, Qatar, Equatorial Guinea, while the lightest include Afghanistan, Madagascar, Kyrgyz Republic; that contrast is the fastest way to read the water productivity pattern.",
    "whyItMatters": "Water productivity may add useful WORLDPRINT variety once source coverage, unit clarity, map interest, and distractor ambiguity are reviewed.",
    "bestProbeCountries": [
      {
        "iso3": "LUX",
        "reason": "High anchor: this country sits near the darkest end of the map."
      },
      {
        "iso3": "AFG",
        "reason": "Low anchor: this country clarifies the lightest end of the scale."
      },
      {
        "iso3": "CRI",
        "reason": "Middle check: this country helps separate a true pattern from one-off outliers."
      }
    ],
    "commonConfusions": [
      {
        "confusedWithIndicatorCode": "ER.H2O.FWDM.ZS",