{
  "schemaVersion": "1.1.0",
  "id": "water-stress",
  "providerCode": "ER.H2O.FWST.ZS",
  "title": "Level of water stress: freshwater withdrawal as a proportion of available freshwater resources",
  "shortTitle": "Water stress",
  "category": "environment",
  "difficulty": "expert",
  "definition": "The level of water stress: freshwater withdrawal as a proportion of available freshwater resources is the ratio between total freshwater withdrawn by all major sectors and total renewable freshwater resources, after taking into account environmental water requirements. Main sectors, as defined by ISIC standards, include agriculture; forestry and fishing; manufacturing; electricity industry; and services. This indicator is also known as water withdrawal intensity.",
  "unit": "percent of available freshwater resources",
  "year": 2022,
  "valuesByIso3": {
    "AFG": 54.75701944,
    "AGO": 1.871883289,
    "ALB": 4.789663462,
    "ARE": 1509.933333,
    "ARG": 10.45666408,
    "ARM": 61.97296752,
    "AUS": 4.672295939,
    "AUT": 8.676429953,
    "AZE": 57.52704791,
    "BDI": 10.19286754,
    "BEL": 52.82574225,
    "BEN": 0.975243811,
    "BFA": 7.820267686,
    "BGD": 5.723339482,
    "BGR": 40.23530092,
    "BIH": 2.071713147,
    "BLR": 4.660514173,
    "BLZ": 1.260294485,
    "BOL": 0.202979589,
    "BRA": 1.495816821,
    "BRN": 3.466465712,
    "BTN": 1.413807531,
    "BWA": 2.230009819,
    "CAF": 0.335648148,
    "CAN": 3.720700309,
    "CHE": 6.498855835,
    "CHL": 8.982121089,
    "CHN": 41.5185288,
    "CIV": 5.087565674,
    "CMR": 1.560430108,
    "COD": 0.226883505,
    "COG": 0.027446301,
    "COL": 3.632281437,
    "CRI": 5.881962457,
    "CUB": 23.93944607,
    "CYP": 30.48113723,
    "CZE": 21.97384428,
    "DEU": 35.35165707,
    "DJI": 6.333333333,
    "DNK": 25.26636019,
    "DOM": 39.55331412,
    "DZA": 144.8149712,
    "ECU": 6.782352941,
    "EGY": 141.1657559,
    "ERI": 11.17511521,
    "ESP": 43.25403923,
    "EST": 13.04628519,
    "ETH": 32.25718654,
    "FIN": 7.11406213,
    "FJI": 0.29737303,
    "FRA": 21.38462716,
    "GAB": 0.502166065,
    "GBR": 14.35464621,
    "GEO": 4.212964169,
    "GHA": 6.314734089,
    "GIN": 1.369230769,
    "GMB": 2.209656372,
    "GNB": 1.495726496,
    "GNQ": 0.183503244,
    "GRC": 20.32571313,
    "GTM": 5.742097081,
    "GUY": 3.298401827,
    "HND": 4.621268764,
    "HRV": 1.509559804,
    "HTI": 13.38379177,
    "HUN": 8.108497409,
    "IDN": 29.69654528,
    "IND": 66.49209283,
    "IRL": 8.051010587,
    "IRN": 81.28908129,
    "IRQ": 59.58384831,
    "ISL": 0.394075282,
    "ITA": 29.76738039,
    "JAM": 12.38281888,
    "JOR": 105.2021265,
    "JPN": 36.64367816,
    "KAZ": 34.62690707,
    "KEN": 33.23990107,
    "KGZ": 50.03895598,
    "KHM": 1.036544851,
    "KOR": 85.22183304,
    "KWT": 3850.5,
    "LAO": 4.791395046,
    "LBN": 58.79299156,
    "LBR": 0.264311594,
    "LBY": 817.1428571,
    "LKA": 90.78541374,
    "LSO": 2.565905097,
    "LTU": 2.165537131,
    "LUX": 3.95854063,
    "LVA": 1.015521509,
    "MAR": 50.75121202,
    "MDA": 12.56311256,
    "MDG": 11.26150628,
    "MEX": 44.94514734,
    "MKD": 52.55324298,
    "MLI": 8.00308642,
    "MMR": 5.801501397,
    "MNG": 3.395007342,
    "MOZ": 1.751486326,
    "MRT": 13.24621733,
    "MWI": 17.50483809,
    "MYS": 3.43948718,
    "NAM": 0.314668328,
    "NER": 11.02093771,
    "NGA": 9.668217054,
    "NIC": 2.220900209,
    "NLD": 16.65850698,
    "NOR": 2.044007605,
    "NPL": 8.311832662,
    "NZL": 8.04808476,
    "OMN": 116.7142857,
    "PAK": 109.9932519,
    "PAN": 0.90107111,
    "PER": 4.82842772,
    "PHL": 27.83151711,
    "PNG": 0.132242833,
    "POL": 32.48528903,
    "PRI": 19.53561063,
    "PRK": 27.7404678,
    "PRT": 12.31571228,
    "PRY": 1.835399711,
    "QAT": 431.0344828,
    "ROU": 7.63130793,
    "RUS": 4.122242749,
    "RWA": 20.1986755,
    "SAU": 974.1666667,
    "SDN": 118.6563877,
    "SEN": 16.2764487,
    "SLE": 0.495794393,
    "SLV": 12.09309202,
    "SOM": 24.52774059,
    "SRB": 5.737631015,
    "SSD": 4.226075787,
    "SUR": 3.950609365,
    "SVK": 2.425230293,
    "SVN": 5.591615957,
    "SWE": 3.582972583,
    "SWZ": 77.55991285,
    "SYR": 124.3601389,
    "TCD": 4.294921875,
    "TGO": 3.391634981,
    "THA": 23.01393518,
    "TJK": 69.94326428,
    "TKM": 135.2138073,
    "TLS": 28.26821032,
    "TTO": 20.32648126,
    "TUN": 98.11339918,
    "TUR": 47.88653346,
    "TZA": 12.96324081,
    "UGA": 5.82799634,
    "UKR": 6.298134232,
    "URY": 12.05201437,
    "USA": 28.15525982,
    "UZB": 123.0283912,
    "VEN": 7.540366667,
    "VNM": 18.13031538,
    "YEM": 169.7619048,
    "ZAF": 67.59526097,
    "ZMB": 2.835497836,
    "ZWE": 46.09162031
  },
  "stats": {
    "coverage": 161,
    "min": 0.027446301,
    "max": 3850.5,
    "median": 10.19286754,
    "quantileBreaks": [
      0.027446301,
      1.7241925805714278,
      4.187043763285714,
      7.357664722571428,
      13.131970392857141,
      29.97131091571429,
      62.618556849999976,
      3850.5
    ]
  },
  "formatting": {
    "maximumFractionDigits": 1,
    "suffix": "%"
  },
  "source": {
    "provider": "World Bank",
    "dataset": "World Development Indicators",
    "attribution": "The World Bank",
    "sourceReference": "https://api.worldbank.org/v2/indicator/ER.H2O.FWST.ZS?format=json&per_page=1",
    "valuesReference": "https://api.worldbank.org/v2/country/all/indicator/ER.H2O.FWST.ZS?format=json&per_page=20000&page=1&date=2015%3A2025",
    "license": "Creative Commons Attribution 4.0 International unless specifically labeled otherwise by World Bank metadata",
    "licenseReference": "https://www.worldbank.org/en/about/legal/terms-of-use-for-datasets",
    "retrievedAt": "2026-06-22T18:06:51.788741+00:00",
    "checksum": "6d44ddb799f21d2f9836ad40188f0a9927c58659cbeadd24f7f36cb3630f3273",
    "sourceOrganization": "AQUASTAT - FAO's Global Information System on Water and Agriculture, Food and Agriculture Organization of the United Nations (FAO), uri: https://data.apps.fao.org/aquastat/, publisher: Food and Agriculture Organization of the United Nations (FAO), date accessed: 20240529"
  },
  "reviewStatus": "approved",
  "contentVersion": "2026.06.22-exp2-qa1",
  "editorial": {
    "shortHook": "A candidate map for water stress.",
    "patternNote": "The darkest countries include Kuwait, United Arab Emirates, Saudi Arabia, while the lightest include Congo, Rep., Papua New Guinea, Equatorial Guinea; that contrast is the fastest way to read the water stress pattern.",
    "whyItMatters": "Water stress may add useful WORLDPRINT variety once source coverage, unit clarity, map interest, and distractor ambiguity are reviewed.",
    "bestProbeCountries": [
      {
        "iso3": "KWT",
        "reason": "High anchor: this country sits near the darkest end of the map."
      },
      {
        "iso3": "COG",
        "reason": "Low anchor: this country clarifies the lightest end of the scale."
      },
      {
        "iso3": "BDI",
        "reason": "Middle check: this country helps separate a true pattern from one-off outliers."
      }
    ],
    "commonConfusions": [
      {
        "confusedWithIndicatorCode": "ER.H2O.FWTL.ZS",
        "reason": "Freshwater withdrawal can tempt players because it shares a strong country ranking with this map, but its unit and definition point to a different story."
      },
      {
        "confusedWithIndicatorCode": "ER.H2O.INTR.PC",
        "reason": "Freshwater per person can tempt players because it shares a strong country ranking with this map, but its unit and definition point to a different story."
      },
      {
        "confusedWithIndicatorCode": "AG.LND.PRCP.MM",
        "reason": "Average precipitation lives in the same category, so it can feel plausible until the high and low countries are checked."
      }
    ],
    "difficultyReason": "Expert difficulty: the map can be mistaken for adjacent indicators unless players probe a high, low, and middle country.",