{
  "schemaVersion": "1.1.0",
  "id": "water-productivity",
  "providerCode": "ER.GDP.FWTL.M3.KD",
  "title": "Water productivity, total (constant 2015 US$ GDP per cubic meter of total freshwater withdrawal)",
  "shortTitle": "Water productivity",
  "category": "environment",
  "difficulty": "expert",
  "definition": "Water productivity is calculated as GDP in constant prices divided by annual total water withdrawal.",
  "unit": "constant 2015 US dollars per cubic meter",
  "year": 2022,
  "valuesByIso3": {
    "AFG": 0.755607623022327,
    "AGO": 144.464140907844,
    "ALB": 18.0493655390501,
    "ARE": 186.066375067803,
    "ARG": 15.9955615227094,
    "ARM": 4.63068082779887,
    "AUS": 137.035943640226,
    "AUT": 136.297046369585,
    "AZE": 4.35937877514089,
    "BDI": 12.5357919394153,
    "BEL": 120.840150517257,
    "BEN": 128.968510883038,
    "BFA": 20.3711284681545,
    "BGD": 8.52047750639283,
    "BGR": 11.3992654184793,
    "BIH": 64.9840615681781,
    "BLR": 40.5057437734981,
    "BLZ": 24.9716824949229,
    "BOL": 103.578553325706,
    "BRA": 27.9585687228691,
    "BRN": 141.309109736146,
    "BTN": 7.74150183837192,
    "BWA": 81.9138966486292,
    "CAF": 28.0508449169979,
    "CAN": 49.2278396231455,
    "CHE": 466.69496992655,
    "CHL": 7.89637315131452,
    "CHN": 29.3886772685908,
    "CIV": 58.2553028545764,
    "CMR": 37.0331381892102,
    "COD": 76.9194616108692,
    "COG": 221.19998890791,
    "COL": 14.6207618023932,
    "CRI": 20.1779188509514,
    "CUB": 12.0045167024619,
    "CYP": 132.15358333904,
    "CZE": 152.344289848256,
    "DEU": 144.529650930763,
    "DJI": 177.1348237718,
    "DNK": 373.437264824825,
    "DOM": 13.6873267232684,
    "DZA": 20.080692589082,
    "ECU": 10.9783740008861,
    "EGY": 5.85583360289813,
    "ESP": 46.4409600183132,
    "EST": 23.5235289623532,
    "ETH": 9.64239448069744,
    "FIN": 85.2235342415864,
    "FJI": 57.3043236743299,
    "FRA": 108.492423820088,
    "GAB": 114.066552703759,
    "GBR": 388.913789872573,
    "GEO": 16.4654176755589,
    "GHA": 47.305138755503,
    "GIN": 15.5949246583573,
    "GMB": 18.4419773631343,
    "GNB": 9.05860085236096,
    "GNQ": 503.192983101498,
    "GRC": 21.3498718983749,
    "GTM": 23.5448988911711,
    "GUY": 9.87609928588774,
    "HND": 16.1628330004832,
    "HRV": 94.3644636774332,
    "HTI": 9.97022637974444,
    "HUN": 33.7321801607904,
    "IDN": 5.04084448828891,
    "IND": 4.61905638913121,
    "IRL": 304.71109892764,
    "IRN": 5.26388550363147,
    "IRQ": 4.58430603552253,
    "ISL": 75.8827562187976,
    "ITA": 59.2038751123215,
    "JAM": 12.637590308437,
    "JOR": 46.3324063708735,
    "JPN": 56.8923535602992,
    "KAZ": 8.87405604426414,
    "KEN": 23.5138668223276,
    "KGZ": 1.0970817589894,
    "KHM": 15.8412939408569,
    "KOR": 63.3744472701223,
    "KWT": 158.410518940181,
    "LAO": 2.6626732274403,
    "LBN": 18.7331099691925,
    "LBR": 23.4968432240894,
    "LBY": 8.84370777479017,
    "LKA": 6.91018097335529,
    "LSO": 50.4989843579718,
    "LTU": 178.033459471869,
    "LUX": 1470.19569093489,
    "LVA": 179.082785450112,
    "MAR": 11.9536392907022,
    "MDA": 10.795962260671,
    "MDG": 0.991806350393887,
    "MEX": 14.3405085157656,
    "MKD": 5.27255301275867,
    "MLI": 3.90543290860621,
    "MMR": 1.90038513105829,
    "MNE": 2.19640288244441,
    "MNG": 31.2325931635769,
    "MOZ": 13.2145592157097,
    "MRT": 5.70218889553244,
    "MWI": 8.4990893636866,
    "MYS": 57.8947152265904,
    "NAM": 109.613254279572,
    "NER": 5.55364511170625,
    "NGA": 40.3341094287088,
    "NIC": 11.5034691880087,
    "NLD": 111.304343958767,
    "NOR": 161.651175179085,
    "NPL": 3.48419634883389,
    "NZL": 22.1100392752267,
    "OMN": 54.4017851531203,
    "PAK": 2.23215222877221,
    "PAN": 57.9651822425746,
    "PER": 8.61136812705933,
    "PHL": 4.47873775834073,
    "PNG": 64.2020263300924,
    "POL": 67.8903005737595,
    "PRI": 109.093607840941,
    "PRT": 37.52369320978,
    "PRY": 17.4214268938061,
    "QAT": 683.63224321453,
    "ROU": 28.2217505961474,
    "RUS": 22.903510597926,
    "RWA": 21.2243011359641,
    "SAU": 36.7536812070482,
    "SDN": 1.78433710592101,
    "SEN": 8.2628516065143,
    "SLE": 42.0115763200051,
    "SLV": 14.1122022070243,
    "SOM": 2.4832309104574,
    "SRB": 10.2931162994073,
    "SUR": 7.16485168833519,
    "SVK": 182.76783838513,
    "SVN": 64.551672404252,
    "SWE": 229.35352919382,
    "SWZ": 4.21787461526613,
    "SYR": 1.145712177826,
    "TCD": 18.0986753725516,
    "TGO": 35.1160632426051,
    "THA": 7.85961129626149,
    "TJK": 1.27326318989104,
    "TKM": 2.08022294743361,
    "TLS": 1.84564007861392,
    "TTO": 63.8305858843743,
    "TUN": 12.5036949869856,
    "TUR": 18.8145480844954,
    "TZA": 12.955056742178,
    "UGA": 69.3048930763328,
    "UKR": 14.8757257729379,
    "URY": 13.7130134599165,
    "USA": 48.0296080528934,
    "UZB": 2.9129767564397,
    "VEN": 1.72110714328443,
    "VNM": 4.40510894966729,
    "ZAF": 17.0997366612322,
    "ZMB": 16.6511477189501,
    "ZWE": 4.48129325352612
  },
  "stats": {
    "coverage": 158,
    "min": 0.755607623022327,
    "max": 1470.19569093489,
    "median": 20.274523659552948,
    "quantileBreaks": [
      0.755607623022327,
      4.599199044211964,
      9.956779652050626,
      16.24928576479054,
      28.024480290103956,
      58.006628044289144,
      130.78855228646768,
      1470.19569093489
    ]
  },
  "formatting": {
    "maximumFractionDigits": 1,
    "prefix": "$"
  },
  "source": {
    "provider": "World Bank",
    "dataset": "World Development Indicators",
    "attribution": "The World Bank",
    "sourceReference": "https://api.worldbank.org/v2/indicator/ER.GDP.FWTL.M3.KD?format=json&per_page=1",
    "valuesReference": "https://api.worldbank.org/v2/country/all/indicator/ER.GDP.FWTL.M3.KD?format=json&per_page=20000&page=1&date=2015%3A2025",
    "license": "Creative Commons Attribution 4.0 International unless specifically labeled otherwise by World Bank metadata",
    "licenseReference": "https://www.worldbank.org/en/about/legal/terms-of-use-for-datasets",
    "retrievedAt": "2026-06-27T17:14:56.184977+00:00",
    "checksum": "03c0fbae0af5c20c89f7c8e12de1e626f846bee20c6a5fc3b72185b18e2e3a04",
    "sourceOrganization": "AQUASTAT - FAO's Global Information System on Water and Agriculture, Food and Agriculture Organization of the United Nations (FAO), publisher: Food and Agriculture Organization of the United Nations (FAO);\nWorld Bank GDP estimates, World Bank (WB), publisher: World Bank (WB);\nOECD GDP estimates, Organisation for Economic Co-operation and Development (OECD), publisher: Organisation for Economic Co-operation and Development (OECD)"
  },
  "reviewStatus": "approved",
  "contentVersion": "2026.06.22-exp2-qa1",
  "editorial": {
    "shortHook": "A candidate map for water productivity.",
    "patternNote": "The darkest countries include Luxembourg, Qatar, Equatorial Guinea, while the lightest include Afghanistan, Madagascar, Kyrgyz Republic; that contrast is the fastest way to read the water productivity pattern.",
    "whyItMatters": "Water productivity may add useful WORLDPRINT variety once source coverage, unit clarity, map interest, and distractor ambiguity are reviewed.",
    "bestProbeCountries": [
      {
        "iso3": "LUX",
        "reason": "High anchor: this country sits near the darkest end of the map."
      },
      {
        "iso3": "AFG",
        "reason": "Low anchor: this country clarifies the lightest end of the scale."
      },
      {
        "iso3": "BFA",
        "reason": "Middle check: this country helps separate a true pattern from one-off outliers."
      }
    ],
    "commonConfusions": [
      {
        "confusedWithIndicatorCode": "ER.H2O.FWDM.ZS",