{
  "schemaVersion": "1.1.0",
  "id": "women-parliament",
  "providerCode": "SG.GEN.PARL.ZS",
  "title": "Proportion of seats held by women in national parliaments (%)",
  "shortTitle": "Women in parliament",
  "category": "development",
  "difficulty": "standard",
  "definition": "Women in parliaments are the percentage of parliamentary seats in a single or lower chamber held by women.",
  "unit": "percent of parliamentary seats",
  "year": 2025,
  "valuesByIso3": {
    "AGO": 39.0909090909091,
    "ALB": 35.0,
    "ARE": 50.0,
    "ARG": 41.2451361867704,
    "ARM": 38.3177570093458,
    "AUS": 46.0,
    "AUT": 35.5191256830601,
    "AZE": 20.8,
    "BDI": 39.6396396396396,
    "BEL": 41.3333333333333,
    "BEN": 26.605504587156,
    "BFA": 18.3098591549296,
    "BGR": 25.0,
    "BHS": 18.4210526315789,
    "BIH": 19.047619047619,
    "BLR": 33.9449541284404,
    "BLZ": 12.5,
    "BOL": 50.7692307692308,
    "BRA": 18.1286549707602,
    "BRN": 11.4285714285714,
    "BTN": 4.25531914893617,
    "BWA": 8.95522388059701,
    "CAF": 11.4285714285714,
    "CAN": 30.3206997084548,
    "CHE": 39.0,
    "CHL": 33.5483870967742,
    "CHN": 26.5367819952973,
    "CIV": 13.3858267716535,
    "CMR": 33.8888888888889,
    "COD": 12.8,
    "COG": 14.5695364238411,
    "COL": 29.4117647058824,
    "CRI": 49.1228070175439,
    "CUB": 55.7446808510638,
    "CYP": 14.2857142857143,
    "CZE": 33.5,
    "DEU": 32.3809523809524,
    "DJI": 26.1538461538462,
    "DNK": 43.5754189944134,
    "DOM": 37.3684210526316,
    "DZA": 7.86240786240786,
    "ECU": 45.0331125827815,
    "EGY": 26.8456375838926,
    "ESP": 44.2857142857143,
    "EST": 28.7128712871287,
    "ETH": 41.9087136929461,
    "FIN": 45.5,
    "FJI": 9.09090909090909,
    "FRA": 36.1739130434783,
    "GAB": 21.5827338129496,
    "GBR": 40.4615384615385,
    "GEO": 16.8316831683168,
    "GHA": 14.5454545454545,
    "GIN": 29.6296296296296,
    "GMB": 8.62068965517241,
    "GNQ": 31.0,
    "GRC": 22.8956228956229,
    "GTM": 20.0,
    "GUY": 36.1111111111111,
    "HND": 29.6875,
    "HRV": 33.112582781457,
    "HUN": 15.5778894472362,
    "IDN": 21.8965517241379,
    "IND": 13.7867647058824,
    "IRL": 25.2873563218391,
    "IRN": 4.91228070175439,
    "IRQ": 25.531914893617,
    "ISL": 46.031746031746,
    "ISR": 24.1666666666667,
    "ITA": 32.75,
    "JAM": 30.1587301587302,
    "JOR": 19.5652173913043,
    "JPN": 15.6989247311828,
    "KAZ": 18.3673469387755,
    "KEN": 23.3918128654971,
    "KGZ": 33.3333333333333,
    "KHM": 13.6,
    "KOR": 20.3333333333333,
    "LAO": 21.9512195121951,
    "LBN": 6.25,
    "LBR": 10.958904109589,
    "LBY": 16.4705882352941,
    "LKA": 9.77777777777778,
    "LSO": 25.0,
    "LTU": 28.3687943262411,
    "LUX": 35.0,
    "LVA": 31.0,
    "MAR": 24.3037974683544,
    "MDA": 39.6039603960396,
    "MDG": 14.1104294478528,
    "MEX": 50.2,
    "MKD": 39.1666666666667,
    "MLI": 30.0751879699248,
    "MNE": 27.1604938271605,
    "MNG": 25.3968253968254,
    "MOZ": 38.3064516129032,
    "MRT": 23.2954545454545,
    "MWI": 21.4285714285714,
    "MYS": 13.5135135135135,
    "NAM": 42.3076923076923,
    "NER": 19.5876288659794,
    "NGA": 4.21348314606742,
    "NIC": 54.9450549450549,
    "NLD": 43.3333333333333,
    "NOR": 40.2366863905325,
    "NZL": 45.5284552845528,
    "OMN": 0.0,
    "PAK": 17.0418006430868,
    "PAN": 21.7391304347826,
    "PER": 41.5384615384615,
    "PHL": 28.343949044586,
    "PNG": 2.7027027027027,
    "POL": 31.304347826087,
    "PRK": 17.6128093158661,
    "PRT": 35.6521739130435,
    "PRY": 23.75,
    "QAT": 6.12244897959184,
    "ROU": 22.3564954682779,
    "RUS": 16.4444444444444,
    "RWA": 63.75,
    "SAU": 19.8675496688742,
    "SEN": 41.2121212121212,
    "SLB": 6.0,
    "SLE": 29.5302013422819,
    "SLV": 31.6666666666667,
    "SOM": 18.978102189781,
    "SRB": 37.2,
    "SSD": 32.3636363636364,
    "SUR": 31.3725490196078,
    "SVK": 23.3333333333333,
    "SVN": 35.5555555555556,
    "SWE": 44.9856733524355,
    "SWZ": 21.6216216216216,
    "SYR": 4.91803278688525,
    "TCD": 33.5106382978723,
    "TGO": 15.0442477876106,
    "THA": 19.5959595959596,
    "TJK": 28.5714285714286,
    "TKM": 25.6,
    "TLS": 35.3846153846154,
    "TTO": 23.8095238095238,
    "TUN": 15.7894736842105,
    "TUR": 19.8988195615514,
    "TZA": 39.5348837209302,
    "UGA": 34.0540540540541,
    "UKR": 21.1970074812968,
    "URY": 31.3131313131313,
    "USA": 28.9351851851852,
    "UZB": 38.0,
    "VEN": 32.129963898917,
    "VNM": 31.3807531380753,
    "VUT": 1.92307692307692,
    "YEM": 0.0,
    "ZAF": 44.8621553884712,
    "ZMB": 14.9700598802395,
    "ZWE": 30.1075268817204
  },
  "stats": {
    "coverage": 156,
    "min": 0.0,
    "max": 63.75,
    "median": 26.7255710855243,
    "quantileBreaks": [
      0.0,
      13.525868725868714,
      19.195504288671945,
      23.962585034013614,
      29.90903598281417,
      34.0228826467359,
      41.10489510489511,
      63.75
    ]
  },
  "formatting": {
    "maximumFractionDigits": 1,
    "suffix": "%"
  },
  "source": {
    "provider": "World Bank",
    "dataset": "World Development Indicators",
    "attribution": "The World Bank",
    "sourceReference": "https://api.worldbank.org/v2/indicator/SG.GEN.PARL.ZS?format=json&per_page=1",
    "valuesReference": "https://api.worldbank.org/v2/country/all/indicator/SG.GEN.PARL.ZS?format=json&per_page=20000&page=1&date=2015%3A2025",
    "license": "Creative Commons Attribution 4.0 International unless specifically labeled otherwise by World Bank metadata",
    "licenseReference": "https://www.worldbank.org/en/about/legal/terms-of-use-for-datasets",
    "retrievedAt": "2026-06-22T18:06:22.218956+00:00",
    "checksum": "c82ccd1f16b236341748fb07710267bf0412be9c39b85faa67b4364c5e6b66e5",
    "sourceOrganization": "Monthly ranking of women in national parliaments, Inter-Parliamentary Union (IPU), uri: https://data.ipu.org/women-ranking/, note: For the year of 1998, the data is as of August 10, 1998., type: Excel, date accessed: 2026-03-29"
  },
  "reviewStatus": "approved",
  "contentVersion": "2026.06.22-exp2-qa1",
  "editorial": {
    "shortHook": "A political-representation map with non-obvious leaders.",
    "patternNote": "The darkest countries include Rwanda, Cuba, Nicaragua, while the lightest include Oman, Yemen, Rep., Vanuatu; that contrast is the fastest way to read the women in parliament pattern.",
    "whyItMatters": "Women's parliamentary representation adds a governance and society signal that is not just income.",
    "bestProbeCountries": [
      {
        "iso3": "RWA",
        "reason": "High anchor: this country sits near the darkest end of the map."
      },
      {
        "iso3": "OMN",
        "reason": "Low anchor: this country clarifies the lightest end of the scale."
      },
      {
        "iso3": "EGY",
        "reason": "Middle check: this country helps separate a true pattern from one-off outliers."
      }
    ],
    "commonConfusions": [
      {
        "confusedWithIndicatorCode": "GD_WBL_OVL_LAW",
        "reason": "Women, Business and the Law index lives in the same category, so it can feel plausible until the high and low countries are checked."
      },
      {
        "confusedWithIndicatorCode": "ER.MRN.PTMR.ZS",
        "reason": "Protected seas overlaps with part of the visible pattern, but the full country spread does not match."
      },
      {
        "confusedWithIndicatorCode": "IQ.SPI.PIL5",
        "reason": "Statistical data infrastructure lives in the same category, so it can feel plausible until the high and low countries are checked."
      }
    ],
    "difficultyReason": "Standard difficulty: the map has readable regional structure, but the best answer still depends on checking the unit and country anchors.",
    "regionalSignals": [
      "Per-person development maps are shaped by income, resource rents, and city-state scale.",
      "Check high-income small states and large emerging economies."
    ]
  },