{
  "schemaVersion": "1.1.0",
  "id": "working-age-share",
  "providerCode": "SP.POP.1564.TO.ZS",
  "title": "Population ages 15-64 (% of total population)",
  "shortTitle": "Working-age population share",
  "category": "demography",
  "difficulty": "standard",
  "definition": "Total population between the ages 15 to 64 as a percentage of the total population. Population is based on the de facto definition of population, which counts all residents regardless of legal status or citizenship.",
  "unit": "percent of total population",
  "year": 2025,
  "valuesByIso3": {
    "AFG": 55.013497080446,
    "AGO": 53.0065921938064,
    "ALB": 65.7716964503975,
    "ARE": 82.2302882072977,
    "ARG": 66.3498539384122,
    "ARM": 66.5695749965832,
    "AUS": 64.2273793315095,
    "AUT": 64.7580356509971,
    "AZE": 69.6311486958719,
    "BDI": 53.4706369925926,
    "BEL": 63.3352703548202,
    "BEN": 55.5874076944893,
    "BFA": 56.145860073156,
    "BGD": 65.6858333367082,
    "BGR": 63.3646779062722,
    "BHS": 70.3571051962311,
    "BIH": 64.2915796669242,
    "BLR": 65.8266040410985,
    "BLZ": 68.5019057797619,
    "BOL": 64.8196359158049,
    "BRA": 69.1330392605638,
    "BRN": 72.1355347763014,
    "BTN": 73.0116112900827,
    "BWA": 63.9604203078542,
    "CAF": 49.1193811598971,
    "CAN": 64.7593251011302,
    "CHE": 64.6844363881088,
    "CHL": 68.8632522757769,
    "CHN": 69.6812776464024,
    "CIV": 56.8911439268089,
    "CMR": 56.0650107463897,
    "COD": 50.9663259795786,
    "COG": 56.9955726302839,
    "COL": 69.8069749680376,
    "CRI": 68.9394521584723,
    "CUB": 67.9412246466841,
    "CYP": 68.9867036682001,
    "CZE": 63.734238443764,
    "DEU": 62.4109003911736,
    "DJI": 66.2248173998893,
    "DNK": 63.319051522972,
    "DOM": 65.6130595868039,
    "DZA": 63.2685694495755,
    "ECU": 67.5045937932069,
    "EGY": 63.1725431918709,
    "ERI": 58.1513378281083,
    "ESP": 65.7387870333902,
    "EST": 62.9446033125234,
    "ETH": 57.9245410476754,
    "FIN": 61.4679968513316,
    "FJI": 66.5366238923994,
    "FRA": 61.2332346265978,
    "GAB": 59.6270645179888,
    "GBR": 63.3325337560216,
    "GEO": 63.5205931902179,
    "GHA": 60.7826271028438,
    "GIN": 55.9786047787486,
    "GMB": 57.0917755013743,
    "GNB": 58.4375965485894,
    "GNQ": 59.1493584244165,
    "GRC": 62.7486827065259,
    "GRL": 67.7286548448726,
    "GTM": 64.0107601281611,
    "GUY": 64.0859416306015,
    "HND": 65.1952445833463,
    "HRV": 62.687998939753,
    "HTI": 64.4212244055996,
    "HUN": 64.4900842344087,
    "IDN": 68.2099803183862,
    "IND": 68.4281617563294,
    "IRL": 65.6959754817175,
    "IRN": 69.397121098505,
    "IRQ": 60.5238144314681,
    "ISL": 66.5050493891018,
    "ISR": 60.1444408877188,
    "ITA": 63.2446962834167,
    "JAM": 73.1359294908229,
    "JOR": 65.0502016611947,
    "JPN": 58.7675052627879,
    "KAZ": 61.8599038863176,
    "KEN": 60.7212559059561,
    "KGZ": 62.1262174976691,
    "KHM": 64.12560434355,
    "KOR": 69.465114111118,
    "KWT": 78.8520272518679,
    "LAO": 65.3522769555949,
    "LBN": 63.9693196958571,
    "LBR": 57.5847038127752,
    "LBY": 67.961224926358,
    "LKA": 65.8244706869233,
    "LSO": 62.0174673431431,
    "LTU": 64.7728411040496,
    "LUX": 68.4417083606742,
    "LVA": 62.6176992477714,
    "MAR": 66.3502201491149,
    "MDA": 63.607990439589,
    "MDG": 57.5894396566864,
    "MEX": 67.3875047462275,
    "MKD": 64.9465125805564,
    "MLI": 51.8430177379526,
    "MMR": 68.3991436163161,
    "MNE": 63.8255082349631,
    "MNG": 63.0087145659776,
    "MOZ": 53.0975927499069,
    "MRT": 54.368691104313,
    "MWI": 57.284943484392,
    "MYS": 70.6576531919455,
    "NAM": 59.5563138000589,
    "NCL": 67.1328635811101,
    "NER": 51.1556359804599,
    "NGA": 56.4107403158649,
    "NIC": 65.989799218038,
    "NLD": 64.1971668222159,
    "NOR": 64.9958625811412,
    "NPL": 65.3238393696021,
    "NZL": 64.5131503861746,
    "OMN": 72.9926305228083,
    "PAK": 59.3940359691365,
    "PAN": 65.8167820232329,
    "PER": 66.9193717786258,
    "PHL": 67.1371327086275,
    "PNG": 63.2663270220055,
    "POL": 64.7857886031795,
    "PRI": 63.487486977595,
    "PRK": 68.3616500997242,
    "PRT": 62.3433903356215,
    "PRY": 64.9102123853615,
    "PSE": 58.5574375946285,
    "QAT": 83.2988889044008,
    "ROU": 64.3063104900056,
    "RUS": 65.1807279594291,
    "RWA": 58.9563885887628,
    "SAU": 73.322138816712,
    "SDN": 56.3996454076943,
    "SEN": 58.6110270161317,
    "SLB": 59.7737065303516,
    "SLE": 59.0656312380992,
    "SLV": 67.3065820564376,
    "SOM": 50.8286500268459,
    "SRB": 62.6916885968224,
    "SSD": 58.9383948592756,
    "SUR": 66.4713604751114,
    "SVK": 65.3936222540727,
    "SVN": 63.3065856994944,
    "SWE": 62.3807116187636,
    "SWZ": 62.6582782321557,
    "SYR": 66.720081728538,
    "TCD": 51.9194327857871,
    "TGO": 56.0978678541175,
    "THA": 69.5683912436415,
    "TJK": 60.0650743804879,
    "TKM": 63.97368499632,
    "TLS": 61.6556369590083,
    "TTO": 69.5822400746449,
    "TUN": 66.5014815881965,
    "TUR": 68.4061556592084,
    "TZA": 54.6177440733061,
    "UGA": 54.6603355842283,
    "UKR": 67.3338750332491,
    "URY": 65.8210446575874,
    "USA": 64.5137336553454,
    "UZB": 62.6402164463704,
    "VEN": 65.0657490913457,
    "VNM": 67.6494468271179,
    "VUT": 57.6594195763928,
    "YEM": 56.4342536792281,
    "ZAF": 67.3915844500713,
    "ZMB": 57.0289283401009,
    "ZWE": 56.154938455689
  },
  "stats": {
    "coverage": 169,
    "min": 49.1193811598971,
    "max": 83.2988889044008,
    "median": 64.0859416306015,
    "quantileBreaks": [
      49.1193811598971,
      57.0289283401009,
      60.7826271028438,
      63.3325337560216,
      64.7593251011302,
      66.2248173998893,
      68.4061556592084,
      83.2988889044008
    ]
  },
  "formatting": {
    "maximumFractionDigits": 1,
    "suffix": "%"
  },
  "source": {
    "provider": "World Bank",
    "dataset": "World Development Indicators",
    "attribution": "The World Bank",
    "sourceReference": "https://api.worldbank.org/v2/indicator/SP.POP.1564.TO.ZS?format=json&per_page=1",
    "valuesReference": "https://api.worldbank.org/v2/country/all/indicator/SP.POP.1564.TO.ZS?format=json&per_page=20000&page=1&date=2015%3A2025",
    "license": "Creative Commons Attribution 4.0 International unless specifically labeled otherwise by World Bank metadata",
    "licenseReference": "https://www.worldbank.org/en/about/legal/terms-of-use-for-datasets",
    "retrievedAt": "2026-07-02T22:54:02.769501+00:00",
    "checksum": "4fc072869acbe726c635630e13c35df4f0ac2121f369b56916e89d789f3db08f",
    "sourceOrganization": "World Population Prospects, United Nations (UN), publisher: UN Population Division"
  },
  "reviewStatus": "approved",
  "contentVersion": "2026.07.02-exp4-content50",
  "editorial": {
    "shortHook": "An age-structure map.",
    "patternNote": "The darkest countries include Qatar, United Arab Emirates, Kuwait, while the lightest include Central African Republic, Somalia, Fed. Rep., Congo, Dem. Rep.; that contrast is the fastest way to read the working-age population share pattern.",
    "whyItMatters": "Working-age population share gives a readable demographic clue distinct from fertility, youth, and elderly-share maps.",
    "bestProbeCountries": [
      {
        "iso3": "QAT",
        "reason": "High anchor: this country sits near the darkest end of the map."
      },
      {
        "iso3": "CAF",
        "reason": "Low anchor: this country clarifies the lightest end of the scale."
      },
      {
        "iso3": "GUY",
        "reason": "Middle check: this country helps separate a true pattern from one-off outliers."
      }
    ],
    "commonConfusions": [
      {
        "confusedWithIndicatorCode": "SP.POP.DPND",