{
  "schemaVersion": "1.1.0",
  "id": "young-adult-account-ownership",
  "providerCode": "FX.OWN.TOTL.YG.ZS",
  "title": "Account ownership at a financial institution or with a mobile-money-service provider, young adults (% of population ages 15-24)",
  "shortTitle": "Young-adult account ownership",
  "category": "development",
  "difficulty": "expert",
  "definition": "Account denotes the percentage of respondents who report having an account (by themselves or together with someone else) at a bank or another type of financial institution or report personally using a mobile money service in the past 12 months (young adults, % of population ages 15-24).",
  "unit": "percent of population ages 15-24",
  "year": 2024,
  "valuesByIso3": {
    "ALB": 29.35566021935,
    "ARG": 84.3725875762201,
    "ARM": 63.6788281951967,
    "AUS": 98.7486383229919,
    "AUT": 100.0,
    "AZE": 31.7424862215137,
    "BEL": 98.0009404548099,
    "BEN": 42.0188871349428,
    "BFA": 47.2708871806653,
    "BGD": 38.7281503087572,
    "BGR": 79.1669804169464,
    "BIH": 58.4042469789743,
    "BLZ": 58.0107066081771,
    "BOL": 53.8238460093009,
    "BRA": 84.3933437415226,
    "BWA": 52.2769664732798,
    "CAN": 100.0,
    "CHE": 98.0895176021602,
    "CHL": 85.3691665450779,
    "CHN": 88.558719237412,
    "CIV": 48.6274745623548,
    "CMR": 57.1746315950979,
    "COD": 31.644089722502,
    "COG": 55.3898016426087,
    "COL": 62.2389271536834,
    "CRI": 67.1332161099254,
    "CYP": 95.3214058164952,
    "CZE": 91.3542044051233,
    "DEU": 90.8792278031291,
    "DNK": 97.9357075022428,
    "DOM": 47.4303767289747,
    "DZA": 18.5253329498679,
    "ECU": 60.5153389095443,
    "EGY": 32.5398576308392,
    "ESP": 100.0,
    "EST": 98.233313148414,
    "ETH": 37.9447401209686,
    "FIN": 98.6449515158456,
    "FRA": 100.0,
    "GAB": 62.0035952508967,
    "GBR": 100.0,
    "GEO": 68.7329152202524,
    "GHA": 79.9671595325983,
    "GIN": 33.6901211107583,
    "GMB": 34.795004689942,
    "GRC": 69.9156625847098,
    "GTM": 34.7905461046703,
    "HND": 41.1686514492311,
    "HRV": 55.2353177810983,
    "HUN": 96.4328904193122,
    "IDN": 61.9926628375153,
    "IND": 83.3298881784499,
    "IRL": 98.5196119369697,
    "IRN": 91.7657599632166,
    "IRQ": 29.9052578296779,
    "ISL": 100.0,
    "ISR": 57.4471602104485,
    "ITA": 57.3500603966495,
    "JOR": 29.2483474339461,
    "JPN": 97.3861999475278,
    "KAZ": 68.2685953956478,
    "KEN": 89.8479263836567,
    "KGZ": 55.2359147507581,
    "KHM": 40.5397345460068,
    "KOR": 98.3620851900303,
    "KWT": 77.7451281078115,
    "LAO": 30.239925568922,
    "LBN": 5.95816210399557,
    "LBR": 49.764948329605,
    "LBY": 19.3875296371763,
    "LKA": 75.0641243872534,
    "LSO": 53.1560954312996,
    "LTU": 100.0,
    "LVA": 89.6607631341789,
    "MAR": 30.2073749271661,
    "MDA": 58.9612387740146,
    "MDG": 25.4271302190902,
    "MEX": 44.6702387701333,
    "MKD": 57.374776400283,
    "MLI": 45.8003632624057,
    "MNE": 33.0973747292986,
    "MNG": 95.862287532359,
    "MOZ": 49.9572794656422,
    "MRT": 20.9447581646237,
    "MWI": 47.7891538237362,
    "MYS": 87.0831218872377,
    "NAM": 59.1272853414265,
    "NER": 15.7389266018374,
    "NGA": 44.4306588774756,
    "NIC": 28.3490750480852,
    "NLD": 100.0,
    "NOR": 94.4300567148872,
    "NPL": 39.1164572624061,
    "NZL": 95.3846736959617,
    "OMN": 71.4165173105373,
    "PAK": 24.3424901722908,
    "PAN": 57.5227277998642,
    "PER": 52.9856890005398,
    "PHL": 55.1122806971337,
    "POL": 73.6306261910361,
    "PRT": 93.0082215711419,
    "PRY": 47.2972592720046,
    "PSE": 23.4405094632974,
    "ROU": 85.6315207171153,
    "RUS": 88.4517352052366,
    "SAU": 64.8997344303063,
    "SEN": 63.2600737309056,
    "SLE": 36.4963361773313,
    "SLV": 36.8398421212375,
    "SRB": 37.8955351327888,
    "SVK": 81.0967509510098,
    "SVN": 98.6279613931479,
    "SWE": 100.0,
    "SWZ": 44.0752170791744,
    "TCD": 20.7374442412509,
    "TGO": 49.0469009088821,
    "THA": 88.1285982399774,
    "TJK": 29.7660846051287,
    "TTO": 76.9727618121562,
    "TUN": 11.6592580347266,
    "TUR": 65.2395251221829,
    "TZA": 53.1513813279097,
    "UGA": 66.7441953214858,
    "UKR": 92.9277148887562,
    "URY": 62.432302710555,
    "USA": 87.6628290445134,
    "UZB": 35.414358743409,
    "VEN": 76.3922099595066,
    "VNM": 72.1566679336018,
    "ZAF": 66.6012889257954,
    "ZMB": 61.515767600297,
    "ZWE": 38.23407208412
  },
  "stats": {
    "coverage": 132,
    "min": 5.95816210399557,
    "max": 100.0,
    "median": 61.01555325492065,
    "quantileBreaks": [
      5.95816210399557,
      32.31203722817477,
      45.15457783825004,
      57.19969285246241,
      66.40675123956504,
      84.95095677212564,
      96.70526457023094,
      100.0
    ]
  },
  "formatting": {
    "maximumFractionDigits": 1,
    "suffix": "%"
  },
  "source": {
    "provider": "World Bank",
    "dataset": "World Development Indicators",
    "attribution": "The World Bank",
    "sourceReference": "https://api.worldbank.org/v2/indicator/FX.OWN.TOTL.YG.ZS?format=json&per_page=1",
    "valuesReference": "https://api.worldbank.org/v2/country/all/indicator/FX.OWN.TOTL.YG.ZS?format=json&per_page=20000&page=1&date=2015%3A2025",
    "license": "Creative Commons Attribution 4.0 International unless specifically labeled otherwise by World Bank metadata",
    "licenseReference": "https://www.worldbank.org/en/about/legal/terms-of-use-for-datasets",
    "retrievedAt": "2026-07-02T22:55:04.659109+00:00",
    "checksum": "d6b96ae4bd1dfbaea47483a6073580b1d14fd694d2c33a8bb46557f429437baa",
    "sourceOrganization": "Global Findex Database, World Bank (WB), uri: https://www.worldbank.org/en/publication/globalfindex"
  },
  "reviewStatus": "approved",
  "contentVersion": "2026.07.02-exp4-content50",
  "editorial": {
    "shortHook": "A youth financial-inclusion map.",
    "patternNote": "The darkest countries include Sweden, Netherlands, Lithuania, while the lightest include Lebanon, Tunisia, Niger; that contrast is the fastest way to read the young-adult account ownership pattern.",
    "whyItMatters": "Young-adult account ownership adds a generational financial-inclusion puzzle with a clear unit.",
    "bestProbeCountries": [
      {
        "iso3": "SWE",
        "reason": "High anchor: this country sits near the darkest end of the map."
      },
      {
        "iso3": "LBN",
        "reason": "Low anchor: this country clarifies the lightest end of the scale."
      },
      {
        "iso3": "ZMB",
        "reason": "Middle check: this country helps separate a true pattern from one-off outliers."
      }
    ],
    "commonConfusions": [
      {
        "confusedWithIndicatorCode": "FX.OWN.TOTL.ZS",
        "reason": "Account ownership can tempt players because it shares a strong country ranking with this map, but its unit and definition point to a different story."
      },
      {
        "confusedWithIndicatorCode": "FX.OWN.TOTL.40.ZS",
        "reason": "Account ownership, poorest 40% can tempt players because it shares a strong country ranking with this map, but its unit and definition point to a different story."
      },
      {
        "confusedWithIndicatorCode": "HD_HCIP_OVRL_TO",
        "reason": "Human Capital Index can tempt players because it shares a strong country ranking with this map, but its unit and definition point to a different story."
      }
    ],
    "difficultyReason": "Expert difficulty: the map can be mistaken for adjacent indicators unless players probe a high, low, and middle country.",
    "dataCaveat": "Survey waves can make this less current than modeled annual indicators.",
    "regionalSignals": [
      "Per-person development maps are shaped by income, resource rents, and city-state scale.",
      "Check high-income small states and large emerging economies."
    ]
  },
  "editorialReview": {
    "status": "expert_only",
    "reviewedAt": "2026-07-02",
    "reviewedBy": "Codex editorial QA",